seed,test_index,horizon,sigma1_phi,Gmax,log_Gmax,spectral_radius_J,sigma1_J,fro_J,one_step_error,rollout_error,relative_rollout_error,linear_predicted_error,linear_to_actual_ratio,linear_vector_error,defect_amplification_bound,bound_to_actual_ratio,defect_l2_rms,defect_l2_sum,propagated_defect_norm_sum,effective_defect_gain,defect_cancellation_ratio,tg_alignment_mean,tg_alignment_weighted,gain_efficiency_mean
1,0,1,1.0523219828736663,1.1073815556391648,0.10199826971372146,1.0201122777384808,1.0523219828736667,4.441736976129264,0.16739265303246337,0.1673926530324634,0.0362706310089548,0.16739265303246334,0.9999999999999937,4.0125770192081414e-16,0.16739265303246334,0.9999999999999937,0.16739265303246334,0.16739265303246334,0.16739265303246334,0.999999999999994,0.999999999999994,nan,nan,nan
1,0,2,1.1072418490651799,1.2259845123212785,0.2037442047435891,1.0201122777384808,1.0523219828736667,4.441736976129264,0.16739265303246337,0.34461233776583006,0.07508487184435798,0.34468316454220416,1.0002055259449858,0.0003707460118393116,0.3549579359404982,1.0300209744135658,0.17323483005481805,0.3462789644120564,0.3448440056657053,0.9958560614596138,0.9995335829509588,0.1215646301626343,0.12156463016263358,0.942557863596616
1,0,5,1.285085464024218,1.6514446498463395,0.5016504502076454,1.0201122777384808,1.0523219828736667,4.441736976129264,0.16739265303246337,0.9361295497227166,0.2068955254593682,0.9388824190547633,1.0029406926988482,0.01277995885753951,1.0447111432052094,1.1159899220301868,0.19076268387122172,0.9504811893573237,0.9419800342424749,0.991055945967118,0.9967115914614861,0.10529713745860975,0.10440559374845512,0.8758440052529708
1,0,10,1.603528692566473,2.571304267883942,0.9444132674050671,1.0201122777384808,1.0523219828736667,4.441736976129264,0.16739265303246337,2.112807175105246,0.4729198417321785,2.146716211299878,1.01604928106747,0.1354269277387995,2.6237689737337826,1.241840242048157,0.21766102597550432,2.1567967924512192,2.1770240840758706,1.0093783947080437,0.9860783015687864,0.22252123934305854,0.23033721460707018,0.8101750564577178
1,0,20,2.220890516607876,4.9323546867587975,1.5958164981175254,1.0201122777384808,1.0523219828736667,4.441736976129264,0.16739265303246337,4.7081964842154465,1.0180899266762946,5.101898148523045,1.0836204830506775,0.9053044922319439,7.3256020918435985,1.5559253137381126,0.24105021294661474,4.77854688644431,5.505222264104915,1.1520703667723806,0.9267379051684035,0.5267042535164166,0.5288982866618532,0.7498122259216057
1,0,40,4.832201781818408,23.350174060208996,3.1506044384857947,1.0201122777384808,1.0523219828736667,4.441736976129264,0.16739265303246337,5.863824539687987,1.2611729955965367,7.682193506410735,1.3100994844602738,4.874732115830643,22.55499456937631,3.846464780233082,0.25994141524060066,10.298280616286487,14.585311203183199,1.4162860526559038,0.5267075483952731,0.3444389739843596,0.33533731455812565,0.6572419411020325
1,0,80,22.61848732592587,511.5959689130692,6.237535190301224,1.0201122777384808,1.0523219828736667,4.441736976129264,0.16739265303246337,7.319002745280227,1.365302863537217,26.419906602966584,3.6097686423200033,23.326990596743215,110.10398091888382,15.043576939479367,0.2313604091283187,18.210333541855167,49.26930641197713,2.7055685882268494,0.5362345956740328,0.25743901000429675,0.2650724050668383,0.4667077444535116
1,0,160,321.97657350463766,103668.91388578733,11.548957579613173,1.0201122777384808,1.0523219828736667,4.441736976129264,0.16739265303246337,18.55677376422887,3.644273121729639,209.82129491148115,11.306992130062234,205.85111462803496,1460.3300375136114,78.69525468530686,0.20206549085238318,31.29921764100385,501.4953267231909,16.022615404488644,0.418391326360845,0.19270526516260358,0.18667171258738569,0.3775133726342127
1,58,1,1.0656551852961322,1.135620973948534,0.12717961493232477,1.0244332591468388,1.065655185296133,4.457506831349935,0.23121520596193998,0.2312152059619403,0.049889296030695626,0.2312152059619401,0.9999999999999947,6.268091485093338e-16,0.2312152059619401,0.9999999999999947,0.2312152059619401,0.2312152059619401,0.2312152059619401,0.9999999999999957,0.9999999999999957,nan,nan,nan
1,58,2,1.1345287943313527,1.2871555851669527,0.2524348111030192,1.0244332591468388,1.065655185296133,4.457506831349935,0.23121520596193998,0.46806645890507964,0.10029635867803914,0.46815601098443815,1.0001913234278035,0.0005662420562971145,0.4774067485033844,1.0199550500160872,0.23130106508971449,0.46260209832028065,0.468563704125053,1.0128871136261985,0.9991299088319759,0.4049125690156869,0.4049125690156851,0.9640555664209566
1,58,5,1.3595497452746748,1.848375509876433,0.6143071505626608,1.0244332591468388,1.065655185296133,4.457506831349935,0.23121520596193998,1.1933824246103477,0.24954392640217085,1.1949434269742396,1.001308048729141,0.01661928360344966,1.2843214603166495,1.0762027610185336,0.2283469531309382,1.1416084549036376,1.204337077514921,1.054947580619116,0.9922001483504389,0.4056655262709913,0.405803837145577,0.9269905498708771
1,58,10,1.7888454387129016,3.1999680036039533,1.1631408108819272,1.0244332591468388,1.065655185296133,4.457506831349935,0.23121520596193998,2.3321183683720292,0.46581083818903013,2.3219877126015085,0.9956560284812672,0.16589596112652516,2.7777640255561162,1.1910904966179636,0.21821252238722935,2.179038067793026,2.4255685249735834,1.1131372878814583,0.9572962745411598,0.16995034183653634,0.16685089667563735,0.8697633977203938
1,58,20,2.855101541405944,8.151604811738597,2.0982148172844357,1.0244332591468388,1.065655185296133,4.457506831349935,0.23121520596193998,3.8451384102224786,0.721617085267726,3.803179960251659,0.9890879220734234,1.0908717084648432,7.42268476980944,1.9304076935373475,0.20322295534947135,4.048152781944642,4.671492431236593,1.153981255863696,0.8141252535958657,0.24331303711109897,0.25084545340725445,0.6423219205818944
1,58,40,7.3334985944236815,53.78020163441411,3.984905400079025,1.0244332591468388,1.065655185296133,4.457506831349935,0.23121520596193998,6.474093307840689,1.2866521835398312,8.475781825032376,1.3091843787248891,4.409802522655023,30.345559820802027,4.687229296502557,0.20953314069648704,8.344976995354571,14.572666561650788,1.7462800160818903,0.5816218870564922,0.2353327415702588,0.24076272077671781,0.5161453154714868
1,58,80,22.724004329024712,516.3803727455339,6.246843650398764,1.0244332591468388,1.065655185296133,4.457506831349935,0.23121520596193998,13.632066936546432,3.167821705962816,23.306754395389394,1.709700700845734,22.617771328272415,139.5828060555125,10.239298758231786,0.17991191020791855,14.018343892576777,60.19392187589449,4.293939593518557,0.3871944819186622,0.2444638365060163,0.2537119770999442,0.47557552698808
1,58,160,102.59877400348208,10526.50842701759,9.261651966762951,1.0244332591468388,1.065655185296133,4.457506831349935,0.23121520596193998,22.057102930783255,4.515623830702058,166.35403769692732,7.541971319577101,167.73240606434058,968.360085112429,43.90241493414667,0.17230126955019595,27.111322931580908,349.45613673477646,12.889674827623733,0.4760369620384819,0.2700437859476221,0.2779161750783663,0.422801227424205
1,117,1,1.0603823648936126,1.1244107597773705,0.1172591293546588,1.0325118355723208,1.060382364893613,4.455546799034066,0.11721863982181766,0.11721863982181764,0.02733842938805103,0.11721863982181764,0.9999999999999915,0.0,0.11721863982181764,0.9999999999999915,0.11721863982181764,0.11721863982181764,0.11721863982181764,0.9999999999999915,0.9999999999999915,nan,nan,nan
1,117,2,1.1237949214332204,1.262915025439098,0.23342256116758459,1.0325118355723208,1.060382364893613,4.455546799034066,0.11721863982181766,0.23369460189418598,0.054829929842294386,0.23370629590185504,1.0000500396995622,6.96170095437494e-05,0.24200858599129993,1.035576277884576,0.11747796169357322,0.2349553522172141,0.2339588277081874,0.9957586643605957,0.9989206143285675,0.11689840548926075,0.11689840548925975,0.9352246163980109
1,117,5,1.3339135401806932,1.7793253326773897,0.5762342658695256,1.0325118355723208,1.060382364893613,4.455546799034066,0.11721863982181766,0.5804958538691154,0.13823936619450938,0.5808747672268069,1.0006527408510586,0.0022959256717834504,0.6692063887509447,1.152818550366132,0.11887999863940299,0.594359369786643,0.5854693881909544,0.9850427501481452,0.9921522438972505,0.08568551618811923,0.085583776354818,0.850666446564454
1,117,10,1.7585352827744904,3.092446340762757,1.1289624737233805,1.0325118355723208,1.060382364893613,4.455546799034066,0.11721863982181766,1.1627540472945685,0.2803929072168584,1.168118953709863,1.0046139649462207,0.027468448860309955,1.5982186377915037,1.3745113521730141,0.12233901896472404,1.2227742874594971,1.2000617734257566,0.9814254239178267,0.9733823537894145,0.06847348368550249,0.06971033556663178,0.7430057513024817
1,117,20,2.873947059729101,8.259571702125545,2.1113727341456108,1.0325118355723208,1.060382364893613,4.455546799034066,0.11721863982181766,2.516315088566268,0.5887752126912144,2.650996847089305,1.053523407754064,0.34198507128725353,4.673072079484465,1.8571092709009902,0.12948407023495867,2.5848909734743746,2.838153332778348,1.097977965764475,0.9340569505080858,0.33320973260110864,0.34043017171263845,0.6368443070860066
1,117,40,6.16401903343697,37.99513064457324,3.637458010583352,1.0325118355723208,1.060382364893613,4.455546799034066,0.11721863982181766,6.221209271295556,1.2399366151725477,8.053332234477937,1.2944962760914878,3.472706025979301,20.073797315819352,3.226671285346268,0.14297750061240475,5.68649164545926,9.75550654151326,1.7155580540249566,0.8255165634104238,0.2931481411965194,0.28492752775122293,0.5441167252847998
1,117,80,15.17322934552543,230.22688877191405,5.4390652955999,1.0325118355723208,1.060382364893613,4.455546799034066,0.11721863982181766,10.06696788728901,1.964945874428743,30.08397797764481,2.988385213350103,28.359911366001345,109.34334258953913,10.861596442321105,0.15316969386142051,12.169248070005526,45.93672141333103,3.7748200339965754,0.6549004163130004,0.3091403312118858,0.3082862660548219,0.4896366024084553
1,117,160,145.74860519504506,21242.655916301115,9.963766510678987,1.0325118355723208,1.060382364893613,4.455546799034066,0.11721863982181766,17.398358494569944,3.8930766097085296,104.49683675453144,6.006131945559408,108.83879824057226,474.88369569966505,27.29474138884292,0.16171581190068707,25.63257530923403,157.3271023997893,6.137779778339826,0.6642011144970492,0.2558197742712878,0.25233936817381014,0.4132855422942682
1,176,1,1.0574579034836984,1.1182172176401388,0.11173564713105237,1.022375383714721,1.0574579034836982,4.448387458327203,0.15130003933223635,0.15130003933223649,0.029249863154849638,0.15130003933223649,0.9999999999999934,0.0,0.15130003933223649,0.9999999999999934,0.15130003933223649,0.15130003933223649,0.15130003933223649,0.9999999999999934,0.9999999999999934,nan,nan,nan
1,176,2,1.1184327471170699,1.2508918098238355,0.22385674479033982,1.022375383714721,1.0574579034836982,4.448387458327203,0.15130003933223635,0.3058004951033539,0.059174308382908686,0.3058110014201687,1.0000343567684882,0.00016025289152174707,0.31712858187426296,1.03704404326448,0.1542137465281136,0.30837345316964637,0.30643415645548017,0.9937112073226994,0.9979664308883824,0.021661554570053823,0.02166155457005368,0.9331828796910803
1,176,5,1.3238845152771945,1.7526702097907323,0.5611404591993845,1.022375383714721,1.0574579034836982,4.448387458327203,0.15130003933223635,0.7883015075232227,0.1528191840141135,0.7894022364894638,1.0013963299013577,0.005616930925115543,0.9078374463826191,1.1516373338355868,0.1624374636161828,0.8113390475435636,0.7983283761603288,0.9839639526500947,0.9888189622999529,0.13363484335032774,0.13574557748122001,0.8526281284401109
1,176,10,1.754061624317157,3.076732181902143,1.1238680538459809,1.022375383714721,1.0574579034836982,4.448387458327203,0.15130003933223635,1.6177159140266226,0.3131887584498373,1.6311505771081565,1.0083047109600924,0.061815613203945026,2.177570570273767,1.3460772385267699,0.16686287617286044,1.6670240343895806,1.6891891430882187,1.0132962142364992,0.9656411680020891,0.10534110045739958,0.10762723830900331,0.7683899855245053
1,176,20,3.0661647451139205,9.401366244179513,2.240855023839859,1.022375383714721,1.0574579034836982,4.448387458327203,0.15130003933223635,3.0035257923995826,0.5844082886849502,2.8383260658328027,0.9449980662776999,0.4860960663868283,5.561480381724642,1.8516506153527823,0.157865744538945,3.149441826674029,3.420256891577123,1.0859882734170352,0.8298575679571293,0.1801395407318295,0.17250387940229092,0.6431683561669411
1,176,40,7.046432592369597,49.65221227880852,3.9050429469770465,1.022375383714721,1.0574579034836982,4.448387458327203,0.15130003933223635,6.8290918836858925,1.4016572170877073,4.847070512285112,0.7097679449685458,4.939532652315922,14.769657235981825,2.162755676382866,0.16566460713333894,6.596501596436853,7.651469116124975,1.1599283353858307,0.633482333748198,0.2027244468225252,0.2191519632936037,0.5691541615494992
1,176,80,19.63985179743649,385.7237786252693,5.955121513884953,1.022375383714721,1.0574579034836982,4.448387458327203,0.15130003933223635,8.739891736387772,1.9211559371136004,9.543145016767124,1.0919065481137569,12.504117637318744,55.17963906916967,6.31353805441709,0.17169317293812109,13.62438921694683,23.12006062346814,1.6969612549463888,0.4127647056029041,0.10836458518484188,0.10330468293110306,0.46707709154310123
1,176,160,137.35485451480193,18866.356058782403,9.845135512072222,1.022375383714721,1.0574579034836982,4.448387458327203,0.15130003933223635,24.535067934132833,5.226621769974885,22.39568555315477,0.9128030789757144,38.32068852836899,319.35463868677783,13.01625247356647,0.1591832351876816,25.120769017789456,83.5243793710383,3.3249133142337275,0.26813351648704825,0.215396067171987,0.21081610377166488,0.36226922761370856
1,235,1,1.0640189246400535,1.132136271992176,0.12410635415423558,1.0319365275800685,1.0640189246400535,4.457625766350164,0.2094203003349052,0.20942030033490527,0.0431123523570391,0.20942030033490527,0.9999999999999952,0.0,0.20942030033490527,0.9999999999999952,0.20942030033490527,0.20942030033490527,0.20942030033490527,0.9999999999999952,0.9999999999999952,nan,nan,nan
1,235,2,1.1322339086303583,1.2819536238523785,0.24838518300201448,1.0319365275800685,1.0640189246400535,4.457625766350164,0.2094203003349052,0.41915238714105296,0.0864293132723715,0.4192015603069135,1.0001173157242285,0.00040695561726295225,0.4339490012447924,1.035301275998123,0.21018547513575378,0.42036817475824045,0.41960137049869656,0.998175874612806,0.9990471666207648,0.4121291569322064,0.4121291569322045,0.9356611737770136
1,235,5,1.3615522443868684,1.8538245141949186,0.6172508101260291,1.0319365275800685,1.0640189246400535,4.457625766350164,0.2094203003349052,1.0494599247728646,0.2175707969294742,1.0514283894472591,1.0018756930378445,0.011491097015657049,1.1972292149472594,1.1408050814387938,0.2104314054490241,1.052146939844848,1.0599656665932484,1.0074312117940032,0.9919457040779166,0.4166921857150358,0.4166654380655959,0.8645496031097035
1,235,10,1.8086415233027102,3.271184159814748,1.185152047740219,1.0319365275800685,1.0640189246400535,4.457625766350164,0.2094203003349052,2.074584281928369,0.43529643208353075,2.0846644012460493,1.004858862281705,0.10772860089048389,2.675113593777213,1.289469710669281,0.2028582558487802,2.026086996904048,2.150378432324516,1.0613455570320478,0.96944071327602,0.3068143559670033,0.31011403685394595,0.8029681617554073
1,235,20,2.6770801376082565,7.166758063176641,1.9694533993855805,1.0319365275800685,1.0640189246400535,4.457625766350164,0.2094203003349052,3.6582808108325597,0.8003891520585251,3.523139093743883,0.9630586813651624,0.890607510797603,6.081061656929952,1.662273065239628,0.17658350483310245,3.47560261397324,4.066300338770391,1.1699554841000295,0.8664237267848356,0.08010652794421842,0.073564028920872,0.6937029575923147
1,235,40,4.878904520800778,23.80370932309027,3.1698414224448257,1.0319365275800685,1.0640189246400535,4.457625766350164,0.2094203003349052,4.593013977809044,1.033335757390881,5.5621042796372056,1.2109922387587495,3.930795594430908,15.543960854006732,3.3842616044947236,0.16285815753744018,6.428970624060688,9.741060819918403,1.5151820391684598,0.5709957449669015,0.3792893281806161,0.3761580902685231,0.6605195526146741
1,235,80,11.283798798156191,127.3241153172711,4.84673592452168,1.0319365275800685,1.0640189246400535,4.457625766350164,0.2094203003349052,5.684818368599626,1.2416245548937708,9.134457716805821,1.606816106431904,9.732446020801973,52.25703305763642,9.192383937238999,0.15017157799649325,11.790985928577832,24.104806435844473,2.044341888104676,0.37894756554537795,0.25575739091141797,0.27162035079758173,0.49717306675534023
1,235,160,76.06300708317286,5785.581046534805,8.663124074780162,1.0319365275800685,1.0640189246400535,4.457625766350164,0.2094203003349052,9.24212828732065,2.5672240392081798,34.463845101185704,3.7289944512528486,36.83542265096917,553.3481885665681,59.87237694219315,0.15118726492626727,23.82447238174423,158.54966191390463,6.654907582985766,0.21736940139235494,0.1978456205696753,0.19478919637858397,0.33638428366881934
1,294,1,1.0550152872101421,1.1130572562470988,0.10711051413925499,1.0397113716229267,1.0550152872101421,4.4464985964893025,0.10856732414317646,0.10856732414317641,0.02407249576931063,0.10856732414317641,0.9999999999999908,0.0,0.10856732414317641,0.9999999999999908,0.10856732414317641,0.10856732414317641,0.10856732414317641,0.9999999999999908,0.9999999999999908,nan,nan,nan
1,294,2,1.1122998397396469,1.237210933484844,0.21285959907136814,1.0397113716229267,1.0550152872101421,4.4464985964893025,0.10856732414317646,0.20911872337999116,0.04647287638445006,0.20910596950903076,0.999939011338845,0.00011246549519086192,0.21492796990680524,1.0277796575692413,0.10461729398823058,0.20907947530526327,0.20977997284620825,1.0033503888409956,0.9967870939821667,0.5133639466474593,0.5133639466474547,0.9550062472385655
1,294,5,1.2968268279735413,1.681759821751917,0.5198407581038883,1.0397113716229267,1.0550152872101421,4.4464985964893025,0.10856732414317646,0.47204057719574155,0.10537924824720325,0.47180970069842365,0.9995108969260853,0.0026684097690446466,0.537498441094677,1.1386699937700289,0.09658823792843091,0.4815072709450299,0.4882895766837836,1.0140855728418001,0.9662497895259532,0.41798994200165934,0.4220329829024026,0.8947980943678173
1,294,10,1.6363195375831627,2.6775416290763756,0.9848990709598452,1.0397113716229267,1.0550152872101421,4.4464985964893025,0.10856732414317646,0.8452489961406418,0.18841666875936322,0.8462442106131302,1.0011774216556677,0.018264872158928292,1.2310092011062188,1.4563864692261506,0.09740816901985414,0.9713142460182136,0.9883042179983209,1.0174917356043676,0.856258827192992,0.2319617835565683,0.23439315838265326,0.7901266921522401
1,294,20,2.416824786036045,5.841042046398174,1.7649092135253595,1.0397113716229267,1.0550152872101421,4.4464985964893025,0.10856732414317646,1.6243011986246165,0.3554008824241609,1.6281398226583164,1.0023632464452708,0.1329250289243685,3.6274995229457714,2.233267774485033,0.11806113336720611,2.323779212481371,2.4029382160967345,1.0340647696606404,0.6775620828499788,0.22033246856416663,0.24709923927292074,0.6540540408714249
1,294,40,4.720764008409957,22.285612823098845,3.1039413053741924,1.0397113716229267,1.0550152872101421,4.4464985964893025,0.10856732414317646,3.674820784179278,0.785331321159548,3.4906430104248543,0.9498811548722754,1.2640547839201233,12.702605561849737,3.4566598775473865,0.13777927686962976,5.398148989536922,7.302081232741307,1.3527009437669695,0.47803398773125066,0.21763829990578729,0.21575459446788764,0.5921942552373883
1,294,80,16.11355428798428,259.64663179181656,5.559321598096875,1.0397113716229267,1.0550152872101421,4.4464985964893025,0.10856732414317646,7.088342173880816,1.6243334947396104,11.934071492763225,1.6836195544760792,9.287847479465505,73.10911126253235,10.313992957609386,0.15051335918593642,11.832208130904075,30.907188670839783,2.6121234793119057,0.38612607635914636,0.18436011025068216,0.1794851883424336,0.4561115685285156
1,294,160,167.73011384890134,28133.391091765407,10.244712444938669,1.0397113716229267,1.0550152872101421,4.4464985964893025,0.10856732414317646,10.125710653172472,2.209093383704831,54.2704724122963,5.359670473626746,52.91893082369639,776.0895727991079,76.64544241701715,0.13332008940780163,20.852264300145205,228.71259084292345,10.968237671979383,0.23728677206743065,0.2523769479224096,0.24773676971145403,0.39111940093318953
1,353,1,1.0610785944666195,1.1258877836352568,0.11857186545744837,1.0278455844213739,1.0610785944666172,4.453696158204982,0.15600634046649905,0.15600634046649894,0.03332165273424942,0.15600634046649894,0.9999999999999936,0.0,0.15600634046649894,0.9999999999999936,0.15600634046649894,0.15600634046649894,0.15600634046649894,0.9999999999999936,0.9999999999999936,nan,nan,nan
1,353,2,1.1267176759424609,1.2694927212811802,0.238617388614202,1.0278455844213739,1.0610785944666172,4.453696158204982,0.15600634046649905,0.3086494580141328,0.06608844390406302,0.3087057027774836,1.000182228615309,0.000277619049954915,0.3189595546483079,1.0334039032516362,0.15469198810372506,0.30937271259943044,0.30931163581079685,0.9998025786174825,0.9980410273550624,0.29635775612268184,0.29635775612267995,0.9417372219619298
1,353,5,1.3537073735669467,1.832523653249521,0.6056940623349416,1.0278455844213739,1.0610785944666172,4.453696158204982,0.15600634046649905,0.7497914947766292,0.16181423455070618,0.7510189404240765,1.0016370493077038,0.008150941461501034,0.8576144075755177,1.1438038622070645,0.15116090899383194,0.755624013566908,0.762983841746395,1.0097400665507492,0.9843182769179842,0.24845036006591548,0.24891336322881827,0.8709669987628721
1,353,10,1.8451647331755372,3.4046328925547513,1.2251371195614247,1.0278455844213739,1.0610785944666172,4.453696158204982,0.15600634046649905,1.4365425448676916,0.31422870606867764,1.4452961253596002,1.0060935059133342,0.07180497877989707,2.003854182093624,1.3949146088660962,0.1473743360164342,1.4730480663229446,1.5393484097385164,1.045008947726377,0.938901236533649,0.15974609974741602,0.16079724852698452,0.7661340828502463
1,353,20,3.2635482307143526,10.650747054198781,2.365630035629481,1.0278455844213739,1.0610785944666172,4.453696158204982,0.15600634046649905,2.5837565902485458,0.5883111855748762,2.702332914699829,1.0458929935191286,0.4260907840802976,5.896719890310988,2.2822273245730735,0.14337159432258206,2.865076205228294,3.28638417739475,1.1470494821037003,0.8222815011366313,0.07585502418307562,0.07727088487277868,0.5981161527585283
1,353,40,7.6116436057218495,57.93711838052632,4.059358256560499,1.0278455844213739,1.0610785944666172,4.453696158204982,0.15600634046649905,4.407854022595053,1.2086133147822187,4.873699657523664,1.1056853590297326,2.0447824301757325,20.71503023029412,4.699572654653947,0.13510909991519426,5.388165804816668,7.52617537093735,1.3967972856754778,0.6475665816058,0.17435440182401732,0.17133211857528216,0.46156222382134215
1,353,80,39.24450791689343,1540.1314016391113,7.339623017507324,1.0278455844213739,1.0610785944666172,4.453696158204982,0.15600634046649905,10.625032766411211,2.459028008776224,10.21502911841031,0.9614115403674761,10.452258604890657,91.03795079223767,8.56825129801339,0.12543446587431556,9.9697876677496,27.24544950871703,2.7328013812020253,0.37492606297951037,0.20078582336151723,0.20061496849431343,0.4418684746427204
1,353,160,301.768182616876,91064.03603989222,11.419318230769406,1.0278455844213739,1.0610785944666172,4.453696158204982,0.15600634046649905,21.843659621578144,4.725150917643524,42.273263397290535,1.9352647005875845,47.585177959854555,308.87372910597395,14.14020061001384,0.1307397643409869,20.646999938896325,86.61711256887415,4.195142772568063,0.48804747865125014,0.2053797671885895,0.19688672235041763,0.39792825552356687
1,412,1,1.0572816804086147,1.117844551727664,0.11140232367726377,1.0231153983109753,1.0572816804086143,4.455426136149207,0.10345696409476614,0.10345696409476604,0.027431217647176535,0.10345696409476604,0.9999999999999903,0.0,0.10345696409476604,0.9999999999999903,0.10345696409476603,0.10345696409476604,0.10345696409476604,0.9999999999999903,0.9999999999999903,nan,nan,nan
1,412,2,1.1165798876176427,1.2467506454322277,0.22054068313574166,1.0231153983109753,1.0572816804086143,4.455426136149207,0.10345696409476614,0.2077493075574139,0.05469274209059702,0.2077802611124322,1.0001489947445854,0.00010995490912150639,0.21373869084782882,1.0288298592223162,0.10396461711057046,0.20792676739787047,0.20792896213222567,1.0000105553237886,0.9992848470060659,0.0804711587954324,0.08047115879543162,0.9468308971917996
1,412,5,1.304458637612082,1.7016123372407688,0.531576235254175,1.0231153983109753,1.0572816804086143,4.455426136149207,0.10345696409476614,0.5297254193224415,0.13647740333417044,0.530812952510808,1.002053013030329,0.003326214915406529,0.588806900346739,1.1115322747771212,0.10594492388715113,0.529639912633328,0.5333908273707835,1.0070820092066046,0.9951670056407166,0.07761626641166061,0.07746702785774266,0.8869017013988149
1,412,10,1.6489747381875464,2.7191176871806872,1.000307447972444,1.0231153983109753,1.0572816804086143,4.455426136149207,0.10345696409476614,1.1020492448012795,0.27400303802731496,1.115655578068769,1.0123463931686119,0.033953936542444677,1.3669153820795035,1.2403396568054297,0.10962578783685588,1.095496923846809,1.1340776340186391,1.0352175431368202,0.9837559128253044,0.09784711542466756,0.09741685779221747,0.8224621037084796
1,412,20,2.5364073416834585,6.433362202945749,1.861497294737182,1.0231153983109753,1.0572816804086143,4.455426136149207,0.10345696409476614,2.188984493040966,0.50959758796053,2.3128562732064326,1.0565886969776481,0.33434801607467446,3.4624599225276094,1.581765395568204,0.11190063143009539,2.2364022357313216,2.472958307225777,1.105775279471181,0.9352589028486488,0.10969081192629966,0.10808865384201252,0.7295769286859816
1,412,40,4.9678583812228965,24.67961689588658,3.2059776760595984,1.0231153983109753,1.0572816804086143,4.455426136149207,0.10345696409476614,3.655694782164564,0.7987820172984156,4.170015748997367,1.1406903468369611,2.354080172372306,10.7685558282765,2.9456933551494027,0.1042359930986351,4.1516753677153195,6.271647593258112,1.510630537741061,0.6648995637892736,0.2544655141212262,0.26532345719810657,0.6331697695254666
1,412,80,12.70267986391743,161.35807572517334,5.083625968222676,1.0231153983109753,1.0572816804086143,4.455426136149207,0.10345696409476614,4.17495760519619,0.9093560013022525,8.044098407333767,1.9267497225174233,7.211554966152949,38.1780338910032,9.144532112969594,0.12454236321990318,9.791146351921048,17.91091387032743,1.82929692056061,0.44911713972675765,0.16591326807432347,0.16734169403780214,0.511346630049175
1,412,160,150.8980972113288,22770.235741999637,10.03320951218819,1.0231153983109753,1.0572816804086143,4.455426136149207,0.10345696409476614,15.974799950316202,3.3316629703194764,45.27171613760864,2.8339457319284014,54.43526581611415,278.1628233820636,17.41260136259532,0.1484991964471197,23.06148777264999,99.7311226234948,4.324574529045431,0.45393769714714377,0.24199415313611808,0.25097249661571414,0.39312580341806863
1,471,1,1.058266465647851,1.1199279123147945,0.11326431923090396,1.0258812802245043,1.0582664656478529,4.460581473251858,0.1509328564180911,0.150932856418091,0.0336594923329094,0.150932856418091,0.9999999999999933,0.0,0.150932856418091,0.9999999999999933,0.150932856418091,0.150932856418091,0.150932856418091,0.9999999999999933,0.9999999999999933,nan,nan,nan
1,471,2,1.1203693419154468,1.2552274623040514,0.22731680102466717,1.0258812802245043,1.0582664656478529,4.460581473251858,0.1509328564180911,0.29901576146591996,0.06698556331150836,0.29909191456399625,1.0002546792105604,0.00017544538171934286,0.30758820672240406,1.028668874224077,0.1493907754717601,0.2987654659654558,0.2995045393450527,1.0024737577256717,0.9986223087571234,0.15967972673873876,0.1596797267387377,0.9493997861715338
1,471,5,1.329060629997847,1.7664021582102738,0.5689447989127742,1.0258812802245043,1.0582664656478529,4.460581473251858,0.1509328564180911,0.7231242736667083,0.164029277000416,0.724694963466654,1.002172088335495,0.005416801591470179,0.8089171243514699,1.1186419178680522,0.14383418117296487,0.7186535643968891,0.7336633810834118,1.0208860255206809,0.987775841280895,0.21437759115591043,0.21348322857434282,0.8923700197293061
1,471,10,1.7353412797173577,3.0114093570910767,1.1024081941248904,1.0258812802245043,1.0582664656478529,4.460581473251858,0.1509328564180911,1.3425563178641284,0.3070130424269948,1.3409151680767817,0.998777593337791,0.05258592792069282,1.7201837756724,1.2812749474890093,0.1336340154963959,1.3309859690989119,1.4294378981180114,1.0739691712045252,0.9380716502915033,0.13980954328878342,0.14217979317897314,0.8349279296942829
1,471,20,2.6002740345923487,6.761425054975171,1.9112336747871999,1.0258812802245043,1.0582664656478529,4.460581473251858,0.1509328564180911,2.305218471532279,0.5049098856390394,2.188530242618501,0.9493808372808082,0.3739366399616047,4.169708736707887,1.80881282542226,0.13235204250397675,2.6345881964236724,2.9506269980725723,1.119957571387402,0.7417170127054711,0.2710723426869346,0.26665798839756405,0.718492769771221
1,471,40,5.156035458599303,26.584701650333322,3.28033592441198,1.0258812802245043,1.0582664656478529,4.460581473251858,0.1509328564180911,4.5084849433476055,0.972277873126014,4.2447113522697535,0.9414939620754289,1.6278328119435184,13.080070426383996,2.9012119571751036,0.14364676401805818,5.714772699286076,6.957983959723841,1.2175434310087387,0.6100490281150667,0.12530806951507925,0.1262606295593306,0.5668524574160453
1,471,80,14.918421639814204,222.5593042232767,5.405193601926881,1.0258812802245043,1.0582664656478529,4.460581473251858,0.1509328564180911,5.117266773302092,1.1238074868764532,7.8246867775133,1.5290754076641877,5.6232397629752455,54.04409554216552,10.561125291361684,0.16871070039194372,13.281985540562117,22.530241575933893,1.6963007155163916,0.3472970651975338,0.17135802793045787,0.17830885053589554,0.470983621256088
1,471,160,106.76111823054909,11397.93636583728,9.341187597455802,1.0258812802245043,1.0582664656478529,4.460581473251858,0.1509328564180911,8.191114928156868,2.1593239893442484,17.847543591665186,2.1788906331071547,20.160393003693187,309.4556728169901,37.779432413191955,0.14764067077921697,22.992256174235347,75.63263048638986,3.28948276816532,0.2359767666004538,0.21933710246623195,0.22064152007834836,0.379837274816115
1,530,1,1.0456896577154333,1.0934668602530202,0.0893532545510928,1.0193765835691941,1.045689657715433,4.449529539312583,0.20054339767064044,0.20054339767064036,0.043757639595351845,0.20054339767064047,0.9999999999999956,3.3537189618722464e-16,0.20054339767064047,0.9999999999999956,0.20054339767064047,0.20054339767064047,0.20054339767064047,0.999999999999995,0.999999999999995,nan,nan,nan
1,530,2,1.093987204806096,1.1968080042794549,0.17965801628343706,1.0193765835691941,1.045689657715433,4.449529539312583,0.20054339767064044,0.40752890523866003,0.08904425900164491,0.4074882053206589,0.9999001299846981,0.0003583451249992826,0.4133270252983118,1.0142275062826653,0.20207596302659775,0.4041403900771324,0.40781256497252183,1.0090863842999893,0.9992046354631428,0.4525649852448454,0.4525649852448432,0.9737068637726559
1,530,5,1.255432658290446,1.576111159502216,0.45496052162744594,1.0193765835691941,1.045689657715433,4.449529539312583,0.20054339767064044,1.0714586343063925,0.2351179413353818,1.0691746768199313,0.9978683661568131,0.011881472721285572,1.1302960947237786,1.0549134222577554,0.2058904967830832,1.0293044710541708,1.0754377160584776,1.0448198237758142,0.994176288273112,0.34081504538361246,0.34112116892455474,0.9412467030625942
1,530,10,1.5841945712187369,2.5096724394789174,0.920152242427905,1.0193765835691941,1.045689657715433,4.449529539312583,0.20054339767064044,2.3142741309275046,0.5101877524055679,2.2779965127848496,0.9843244075289747,0.12783058474300954,2.630941296868208,1.1368321763220808,0.20942755334542346,2.093828982309979,2.3298478635191513,1.1127211836320976,0.9777447482532259,0.32591851947488326,0.3273728024139517,0.8803838707362206
1,530,20,2.426390451329231,5.887370622301669,1.7728094841204745,1.0193765835691941,1.045689657715433,4.449529539312583,0.20054339767064044,4.723249453981458,1.0377488272746573,4.504835084567154,0.9537576044749886,1.0330210124372405,6.9604207303068515,1.4736508833848636,0.20863012866491493,4.171620645781487,4.994440365445991,1.1972422205975448,0.9019699415641902,0.2761999519212576,0.2777166445716169,0.7294273518353404
1,530,40,4.505351658223877,20.29819356426064,3.0105318951059306,1.0193765835691941,1.045689657715433,4.449529539312583,0.20054339767064044,5.863362649212037,1.2340881076687438,9.08527190649232,1.5494985471712661,5.185421905303016,21.98996110311061,3.7504009932023874,0.17807792257532798,6.9210614519300275,11.443693589731295,1.6534593240087576,0.7939107977030034,0.2682557109034817,0.3006426435707175,0.5726510661714276
1,530,80,17.721214864152284,314.04145626145186,5.749525003503903,1.0193765835691941,1.045689657715433,4.449529539312583,0.20054339767064044,6.5644764664131845,1.4894837149860458,15.05749414567113,2.293784465937542,12.893417848949888,62.91149737983619,9.583627529433567,0.1540940320365437,11.934417068538938,27.11970876648275,2.272394923919217,0.5552232981307192,0.2730845534300778,0.27061736493784355,0.49040941211205386
1,530,160,253.0956941226752,64057.43038343877,11.067535309705459,1.0193765835691941,1.045689657715433,4.449529539312583,0.20054339767064044,23.952870895376783,5.811762707562501,32.07784942012931,1.3392068767139205,39.912018238813324,260.98515174839366,10.895777499421467,0.13134190019290323,20.056066428555404,81.63856087015503,4.070517075767149,0.3929252191393804,0.21588916509691272,0.22405812591340749,0.39146457742359025
1,589,1,1.0621901077487583,1.1282478249993189,0.12066583195827502,1.0289543184491599,1.0621901077487574,4.461430741489939,0.1391040928087202,0.13910409280872016,0.02851744575754664,0.13910409280872008,0.9999999999999922,3.7341307954279784e-16,0.13910409280872008,0.9999999999999922,0.13910409280872008,0.13910409280872008,0.13910409280872008,0.9999999999999928,0.9999999999999928,nan,nan,nan
1,589,2,1.1270593722795352,1.2702628286431399,0.2392238307464652,1.0289543184491599,1.0621901077487574,4.461430741489939,0.1391040928087202,0.2765231890731924,0.05700415914292372,0.27653494826374153,1.000042525151643,0.00024017257622284944,0.285885428703087,1.0338569783650784,0.13865049113297168,0.27729949340762394,0.27691584709443656,0.9986164911140879,0.9986244960890008,0.029115055961044856,0.029115055961044647,0.9392675204698105
1,589,5,1.3326826598208354,1.7760430717871367,0.5743878964082969,1.0289543184491599,1.0621901077487574,4.461430741489939,0.1391040928087202,0.6713307421625404,0.14098886053788118,0.6718676236809914,1.0007997272949554,0.007023612129872377,0.771109154285532,1.148627801255722,0.1365177366606269,0.6825061026856558,0.6799309229249358,0.9962268765794362,0.9881410023105602,0.07433115509491003,0.07437059052374183,0.861068637927117
1,589,10,1.6692523584416563,2.786403436163032,1.024751673259761,1.0289543184491599,1.0621901077487574,4.461430741489939,0.1391040928087202,1.244182078629482,0.2692101264721837,1.2528716098713768,1.0069841314958223,0.06054243149479369,1.7279883531271025,1.3888548812972388,0.13182423674840377,1.3171401998246366,1.323057212433581,1.0044923179853833,0.9469519519619952,0.1635130980939712,0.16367918379945073,0.7637463238251956
1,589,20,2.255455355449603,5.0870788604262955,1.6267037680649332,1.0289543184491599,1.0621901077487574,4.461430741489939,0.1391040928087202,2.2592399761308166,0.5100028389944116,2.3891809965853406,1.0575153688087002,0.4177333030199917,4.258294143149395,1.8848348064565343,0.12612445621843554,2.5185941592119163,2.8284656762016733,1.123033524816367,0.8446915289400839,0.27926819954194615,0.28117495459369846,0.6902673172461584
1,589,40,3.8270599461950554,14.6463878317705,2.684193740676815,1.0289543184491599,1.0621901077487574,4.461430741489939,0.1391040928087202,4.189259006479865,1.0977647504643637,4.777322137938998,1.1403740209305575,2.1853959039459805,10.23218103953654,2.4424799287199948,0.11461857100237524,4.550954476179687,6.297416269814121,1.3837572541706693,0.7586162218366435,0.3274471852306188,0.33972654387901785,0.6450382956464208
1,589,80,15.283939859407884,233.59881762599707,5.453605189408716,1.0289543184491599,1.0621901077487574,4.461430741489939,0.1391040928087202,6.947159598479058,1.7533998100679173,6.079082100079276,0.87504569513707,6.963448597262827,35.34044434346824,5.08703504540263,0.11565920125356656,9.164264885930805,15.617409008266979,1.704163858493788,0.38925036136668706,0.30351816208838367,0.3002090145985596,0.4944571514259282
1,589,160,161.94705429473083,26226.848394740497,10.17453891294435,1.0289543184491599,1.0621901077487574,4.461430741489939,0.1391040928087202,8.572031132034567,2.1411405631133054,27.591181639893033,3.218744917617241,28.55222903268961,198.43150301676027,23.148714693207445,0.10125380491913236,15.839812891752477,63.840983678558516,4.030412740026711,0.4321860355225031,0.19599221398638272,0.19323691420191405,0.37542914526787047
1,648,1,1.0533125101490173,1.1094672440364237,0.10387993977887043,1.0272091179678455,1.0533125101490168,4.446194125125895,0.13038973143681437,0.13038973143681432,0.032546868806540966,0.13038973143681432,0.9999999999999923,0.0,0.13038973143681432,0.9999999999999923,0.13038973143681432,0.13038973143681432,0.13038973143681432,0.9999999999999923,0.9999999999999923,nan,nan,nan
1,648,2,1.1096061942762754,1.2312259063762794,0.2080103448873406,1.0272091179678455,1.0533125101490168,4.446194125125895,0.13038973143681437,0.25804524453591704,0.06427035668596107,0.25806705100778093,1.000084506389188,0.00012417604466816707,0.2663559234055408,1.0322062857022192,0.12968930344858418,0.2593748034172312,0.25847027626580776,0.9965126637610617,0.9984399550158984,0.3383214873556026,0.33832148735559997,0.942595921493351
1,648,5,1.2955462205673172,1.6784400096262597,0.5178647963323179,1.0272091179678455,1.0533125101490168,4.446194125125895,0.13038973143681437,0.6225568707331807,0.15449651879813264,0.6231606838076723,1.0009698922345514,0.0034403580733108527,0.7078234403046091,1.1369618963019548,0.12706125866558604,0.6351756183364594,0.6303265464763823,0.9923657777154957,0.9886315074166411,0.3184055422757796,0.31857878409979024,0.8710834058816306
1,648,10,1.6484688908857266,2.7174496842180176,0.9996938243746633,1.0272091179678455,1.0533125101490168,4.446194125125895,0.13038973143681437,1.170039183585976,0.2909582624764708,1.1745872999911997,1.0038871487972594,0.027059404226943494,1.5462294228097373,1.3215193512330066,0.12103830115481638,1.2082526971119534,1.222144787934312,1.011497670028433,0.9610868626920255,0.2766874150002108,0.278301996281918,0.7902040761355722
1,648,20,2.321444763628308,5.389105790577291,1.6843794695950647,1.0272091179678455,1.0533125101490168,4.446194125125895,0.13038973143681437,2.087990398529646,0.5264500003932925,2.168110348875389,1.0383718001778945,0.17021249343364986,3.507971161603995,1.6800705425055076,0.10717271110852068,2.1168100161093064,2.4266515641312196,1.1463719207977863,0.8934576273423938,0.3634113099410587,0.3678986564233293,0.7174061765930922
1,648,40,3.7050754402172013,13.727584017700687,2.619407240545582,1.0272091179678455,1.0533125101490168,4.446194125125895,0.13038973143681437,2.566348868617179,0.62935102960379,3.057939253058983,1.1915524387402112,0.9223668023917317,8.550810770696769,3.331897262784924,0.09244524880422941,3.6086961591947664,4.6796484369384,1.2967698665943108,0.6534549110401976,0.20381263087926813,0.22588960047853118,0.5799929173270016
1,648,80,6.906570034989731,47.70070964821806,3.8649462751047627,1.0272091179678455,1.0533125101490168,4.446194125125895,0.13038973143681437,3.0515974574561247,0.7616672731291387,5.592698369547226,1.832711701827611,3.6637244067146404,30.10447684914445,9.865153339798677,0.09312257930374715,7.338234225916573,13.094995650650867,1.7844886450207647,0.4270866916453881,0.26099568709077386,0.24098019222975087,0.4609764854177851
1,648,160,69.02691838543906,4764.715461790065,8.468993100095489,1.0272091179678455,1.0533125101490168,4.446194125125895,0.13038973143681437,7.0800635176607205,1.6872200976589602,18.35951999253977,2.5931292772647074,19.637534287458976,164.3725527836052,23.216253974782767,0.10137198781305061,15.763314694826384,58.967342422247285,3.7407958645652566,0.3113506432267679,0.23682399895098868,0.23235169032713499,0.43783362333957243
1,707,1,1.057095204122841,1.1174502705795109,0.11104954591541548,1.0288755286702098,1.0570952041228407,4.4431365077727705,0.10209147716106272,0.10209147716106283,0.023516107182239374,0.10209147716106283,0.9999999999999902,0.0,0.10209147716106283,0.9999999999999902,0.10209147716106283,0.10209147716106283,0.10209147716106283,0.9999999999999902,0.9999999999999902,nan,nan,nan
1,707,2,1.117754487834761,1.2493750950747489,0.2226435023703726,1.0288755286702098,1.0570952041228407,4.4431365077727705,0.10209147716106272,0.20338407546506523,0.0468712452001773,0.20339108724894586,1.0000344755795831,0.00011527014771951674,0.21213961394960237,1.0430492823222044,0.10311904777102936,0.20622795644416447,0.20363078607687032,0.9874063128390728,0.9988228753002261,0.30384002923265135,0.30384002923264836,0.9212168433906462
1,707,5,1.3201656366956196,1.7428373083119506,0.5555144221423898,1.0288755286702098,1.0570952041228407,4.4431365077727705,0.10209147716106272,0.500850507460108,0.1158036555709091,0.501491321491256,1.0012794516958696,0.003337059205141487,0.5909154201266594,1.1798239421245347,0.1053242092705086,0.5265265547451098,0.5060952938344366,0.9611961434299079,0.9909029536546377,0.35174302524538326,0.3522979723034298,0.827756555266089
1,707,10,1.7127082898067472,2.9333696859727527,1.0761518256845157,1.0288755286702098,1.0570952041228407,4.4431365077727705,0.10209147716106272,0.966136140326441,0.2264477726110614,0.9753334201178389,1.0095196519491438,0.028312496913472686,1.3717514768744508,1.419832484903171,0.10613048410577815,1.061158601195946,1.007826627639648,0.949741750671207,0.9677591297643029,0.3912592804912688,0.3920111428388493,0.7287866397709998
1,707,20,2.683169644662192,7.199399342036633,1.97399759782484,1.0288755286702098,1.0570952041228407,4.4431365077727705,0.10209147716106272,1.7756518476167316,0.4406604829080436,1.8152306266738316,1.0222897180605655,0.18187747340082294,3.4560708416594825,1.9463673840669815,0.10147000083649658,2.0255398758122913,1.9924435797600737,0.9836605062939351,0.9110574799274453,0.20305717969585305,0.19989263654800227,0.6176328886454217
1,707,40,5.742334332753296,32.97440358911724,3.495731611680667,1.0288755286702098,1.0570952041228407,4.4431365077727705,0.10209147716106272,3.422320997916671,0.8569853171562161,3.210632937634497,0.9381448845940987,1.3112596229013642,9.9938568686194,2.9201985654481653,0.08893696291260957,3.5083080272231415,4.224195103434089,1.2040547952619705,0.7600579184953815,0.12507418640513193,0.12267217014799103,0.5242330945399256
1,707,80,12.494148645433457,156.1037503741867,5.050520852692015,1.0288755286702098,1.0570952041228407,4.4431365077727705,0.10209147716106272,5.036470839578293,1.1184883350127817,7.539946788044162,1.4970694814298748,6.375087992493992,34.48351968598883,6.846762501830777,0.09748881922629238,7.631728858596876,14.389047246336679,1.8854243269043711,0.5240059789200958,0.23413414485038614,0.23598004013043555,0.47806213067455106
1,707,160,129.2009079787472,16692.874622532705,9.722737238046179,1.0288755286702098,1.0570952041228407,4.4431365077727705,0.10209147716106272,14.709083903720494,3.452391780018845,25.613024395236184,1.7413065669411036,30.10239564273961,189.52619246937837,12.884975958389894,0.10671561196367114,16.760077134451247,63.20611049465665,3.771230286567898,0.4052301936440381,0.17419406043757432,0.16900503120441604,0.36524564586593805
1,766,1,1.0607130730974665,1.1251122234398714,0.11788278485004178,1.016510113962475,1.0607130730974665,4.452793097107517,0.10495551607686203,0.10495551607686203,0.02645205532594286,0.10495551607686203,0.9999999999999905,0.0,0.10495551607686203,0.9999999999999905,0.10495551607686204,0.10495551607686203,0.10495551607686203,0.9999999999999905,0.9999999999999905,nan,nan,nan
1,766,2,1.1250279735343378,1.2656879412347788,0.23561580142220256,1.016510113962475,1.0607130730974665,4.452793097107517,0.10495551607686203,0.21197397565175174,0.05331261193943479,0.21203569930907726,1.000291185071822,0.00012572259985329455,0.21813116925333692,1.0290469317408082,0.10584090182659088,0.2116744583690889,0.21226742792742126,1.0028013278640233,0.9989083175850031,0.45727002631915603,0.4572700263191517,0.9473689604287102
1,766,5,1.336904193187542,1.7873128217624328,0.5807132750050773,1.016510113962475,1.0607130730974665,4.452793097107517,0.10495551607686203,0.5444051541144447,0.13549796698584596,0.5457569117369873,1.0024829993109459,0.003395411935716306,0.6099696397448515,1.1204332566194308,0.10804324868920734,0.5401228606550714,0.5508603001079048,1.0198796241281285,0.990735603255637,0.45296040766339685,0.4528700686217383,0.883976683151627
1,766,10,1.7268606343895299,2.9820476506042097,1.092610195626081,1.016510113962475,1.0607130730974665,4.452793097107517,0.10495551607686203,1.119946171866181,0.27016140130298183,1.1263881130301638,1.005752009628505,0.031268535989374235,1.429931833818625,1.2767862150338078,0.11005549456497629,1.100275156964173,1.176754049581715,1.0695088788776779,0.9571992664317109,0.4261370163274797,0.42555833981752106,0.8173803281529916
1,766,20,2.4327680974603534,5.918360616020867,1.7780594875762206,1.016510113962475,1.0607130730974665,4.452793097107517,0.10495551607686203,2.317288041606981,0.517123641195258,2.309901951006956,0.9968126143718827,0.2904613289322182,3.7398086093985947,1.6138730025142365,0.11924819792192422,2.373691709886657,2.8135808678072447,1.1853185719478252,0.8209829606949133,0.19099194543391912,0.19485074586008416,0.7544601711129101
1,766,40,4.22312201403679,17.834759545442157,2.8811493365468355,1.016510113962475,1.0607130730974665,4.452793097107517,0.10495551607686203,4.610054002843782,1.0945960058829491,4.950790892399879,1.0739116915649811,1.7609583753376716,12.560505595854783,2.7245896876927347,0.13032901565516533,5.180043573138562,7.556035789453574,1.4586818977036926,0.6552100903637861,0.24328206228044552,0.2510169073745519,0.6509956648803747
1,766,80,14.896866163288724,221.91662148693652,5.402301732437191,1.016510113962475,1.0607130730974665,4.452793097107517,0.10495551607686203,6.142892413192047,1.4207589952070845,9.444885146376482,1.537530614420872,8.376554982069422,47.72270208495467,7.768767361523168,0.1188646675173679,9.415499465889098,18.83201873493281,2.000108311105354,0.5015333342280779,0.18167491284076723,0.17119166579199124,0.43674059414114746
1,766,160,65.30210679505929,4264.365151873329,8.358048598171935,1.016510113962475,1.0607130730974665,4.452793097107517,0.10495551607686203,13.504211199479355,3.1925082293589644,23.947736760276612,1.7733532456305108,28.076662712201305,268.6693348402221,19.895226079593634,0.11435678166047335,18.156251834966803,66.0879138801042,3.6399535807730246,0.3623618201010592,0.14454242686157598,0.14556479299834635,0.33725127972824837
1,825,1,1.0651778022253429,1.1346037503536117,0.1262834713460899,1.0481661016388721,1.0651778022253429,4.462560622104813,0.09782288660794675,0.0978228866079467,0.022119929938570742,0.0978228866079467,0.9999999999999898,0.0,0.0978228866079467,0.9999999999999898,0.0978228866079467,0.0978228866079467,0.0978228866079467,0.9999999999999898,0.9999999999999898,nan,nan,nan
1,825,2,1.13536200304191,1.2890468779513382,0.25390309098493047,1.0481661016388721,1.0651778022253429,4.462560622104813,0.09782288660794675,0.19253528733151903,0.04352597763782373,0.1925494692582388,1.0000736588441284,7.758406797536589e-05,0.20047801237180202,1.0412533471155636,0.09702782325071341,0.19404907756047357,0.19292081534838365,0.9941856862899062,0.9980751372552762,0.034912693947216314,0.03491269394721595,0.9275101679708293
1,825,5,1.3769772022281086,1.8960662154559496,0.6397813269866961,1.0481661016388721,1.0651778022253429,4.462560622104813,0.09782288660794675,0.46028270425122025,0.10424314342538869,0.460917248175226,1.0013785960631238,0.0021836336520619274,0.5469044188837449,1.1881924170351743,0.09581531849589191,0.47904374701302566,0.4679782777263499,0.9769009211461938,0.9849116296905263,0.07226403873625238,0.07184412196776865,0.8310072291852527
1,825,10,1.8810770931675471,3.538451030439669,1.2636890693647944,1.0481661016388721,1.0651778022253429,4.462560622104813,0.09782288660794675,0.8704599277352248,0.19863359009352957,0.8779781835235965,1.008637107291006,0.01916944372273798,1.2907314835373342,1.4828155121345752,0.0964447258813243,0.9643532335178046,0.926069795833078,0.9603014369070184,0.9480691276987173,0.16781734420290942,0.16812595725524068,0.7153729408436775
1,825,20,3.1433591886205403,9.880706988685182,2.2905840667588855,1.0481661016388721,1.0651778022253429,4.462560622104813,0.09782288660794675,1.6637189694574066,0.3843823863148332,1.7169025426719866,1.031966680786193,0.15252389450972867,3.4697945831356845,2.0855653189236016,0.09987020174667466,1.9960043593686068,1.9550262900564725,0.979469949992946,0.878199209598553,0.2361396170183958,0.23939898685859826,0.6013544832206079
1,825,40,4.799661917984682,23.036754526952393,3.137090963360161,1.0481661016388721,1.0651778022253429,4.462560622104813,0.09782288660794675,3.2574434536615358,0.7682329468845929,3.39357343395005,1.0417904354212184,0.874027565010494,10.933917192726774,3.3565946265119293,0.10312914039520403,4.121657062429994,4.662913116157352,1.131320011715931,0.7277796839471568,0.19328945181050142,0.19493760037165536,0.48969804440575176
1,825,80,9.683825779639186,93.77648173040448,4.540914096753856,1.0481661016388721,1.0651778022253429,4.462560622104813,0.09782288660794675,5.787848449123948,1.2565471443662706,3.598081575927795,0.6216613319362918,5.641382116158618,39.294342671951334,6.789110498893408,0.10697565078153255,8.51829758564708,13.191390639030017,1.5485947170074066,0.27275983816914445,0.1911781602677953,0.19181795109769137,0.41375677404096023
1,825,160,96.2718030714528,9268.260066628587,9.134350945865153,1.0481661016388721,1.0651778022253429,4.462560622104813,0.09782288660794675,16.345840425930334,4.050300572351391,9.189630045769114,0.5621999118008691,18.44823615126884,190.25174638257408,11.639153535401395,0.11441908130886534,18.12295674316705,43.12534602871483,2.379597691473523,0.21309116081411236,0.1473543896812798,0.15134396070000639,0.3338038834966019
1,884,1,1.0544484709884934,1.1118615779699716,0.10603570783725094,1.0182410016146366,1.0544484709884934,4.458647738072529,0.09416169308810633,0.0941616930881063,0.019975235664398173,0.09416169308810633,0.9999999999999897,2.8441001681421824e-16,0.09416169308810633,0.9999999999999897,0.09416169308810633,0.09416169308810633,0.09416169308810633,0.9999999999999893,0.9999999999999893,nan,nan,nan
1,884,2,1.1111812715680598,1.2347238182836102,0.21084731615111138,1.0182410016146366,1.0544484709884934,4.458647738072529,0.09416169308810633,0.18386311194397864,0.038820849571467,0.18385510425165857,0.9999564475318817,8.840774457701729e-05,0.19047925974182303,1.035984095601837,0.09270255860415029,0.18538178023064916,0.18432485740434182,0.9942986693460741,0.9974514931990222,0.19448740721968372,0.19448740721968164,0.9379966387355736
1,884,5,1.2974156134181964,1.683287273941315,0.5207485922297516,1.0182410016146366,1.0544484709884934,4.458647738072529,0.09416169308810633,0.43536916976680257,0.09099513729759623,0.43507954919884617,0.9993347701489462,0.002262530027295439,0.5046728801827548,1.159183780636264,0.09040943737284322,0.45192330252428303,0.4442281111422045,0.9829723509739442,0.9794057113588862,0.31339617582617596,0.3125173464671428,0.8592166283909395
1,884,10,1.6563055859668794,2.7433481941050877,1.0091791430554387,1.0182410016146366,1.0544484709884934,4.458647738072529,0.09416169308810633,0.8548534035233374,0.17825625078808624,0.8494853014396611,0.9937204413510523,0.019832238140727786,1.1903743237981947,1.3924894243761368,0.09287303681662333,0.9278911588267372,0.9065384683396386,0.9769879362638839,0.9370648142439298,0.30409492563306,0.3039323788424333,0.7511972165341566
1,884,20,2.4826599714677227,6.163600533928114,1.8186611090515739,1.0182410016146366,1.0544484709884934,4.458647738072529,0.09416169308810633,1.8972847646358606,0.4098761624323652,1.8683604153413254,0.9847548718918387,0.1855875529832847,3.409385377740771,1.7969813711096345,0.10187067174148785,2.0289008323315247,2.0678993075782754,1.0192214792489067,0.9035064756268855,0.24684240297908264,0.2491352476724986,0.6192678468452746
1,884,40,5.317345775195925,28.27416609299395,3.3419485288349557,1.0182410016146366,1.0544484709884934,4.458647738072529,0.09416169308810633,4.129986368717811,0.9731150942331765,4.291481407811147,1.0391030440963593,1.4655790135388553,10.241557617643801,2.4798042180520263,0.10633776052671923,4.241334772116547,5.1780031077756545,1.2208428209480107,0.8287908134637376,0.07407859134327212,0.07593311100922386,0.5412086637239873
1,884,80,20.01400496220488,400.56039462716154,5.992864553209844,1.0182410016146366,1.0544484709884934,4.458647738072529,0.09416169308810633,8.124217754559123,1.7599469267957548,5.573281677461315,0.6860084066965977,8.288790634558346,39.199626166257914,4.825033911019924,0.1085796241022465,8.661976200857971,12.624850871735868,1.4575023734751624,0.4414532681679914,0.13409917280817743,0.13694263214144062,0.4213406417369081
1,884,160,154.80178162567555,23963.59159448334,10.084290940598374,1.0182410016146366,1.0544484709884934,4.458647738072529,0.09416169308810633,14.237575675828488,3.136632791638243,15.545915725924873,1.0918934571366379,22.109820604466456,191.15392185483128,13.426016212813419,0.13057092352643318,20.573727615889965,50.845355653471096,2.471373034714481,0.3057489819104764,0.14631282768990234,0.146566671052926,0.3045013484161384
1,943,1,1.0596565626949728,1.1228720308625249,0.11588971633577361,1.0343649235933703,1.0596565626949723,4.449429353652919,0.11600590909305072,0.11600590909305063,0.02642966859044709,0.11600590909305059,0.999999999999991,2.9764538874609303e-16,0.11600590909305059,0.999999999999991,0.11600590909305059,0.11600590909305059,0.11600590909305059,0.9999999999999913,0.9999999999999913,nan,nan,nan
1,943,2,1.121340530005981,1.2574045842340946,0.22904974276429307,1.0343649235933703,1.0596565626949723,4.449429353652919,0.11600590909305072,0.2289570382373254,0.05195593006691451,0.22898167404363545,1.0001076001266382,0.00013744347843350034,0.2369997126875317,1.0351274392441634,0.11508894334425793,0.23017052189268525,0.22917405104588312,0.9956707277777833,0.9991605637664006,0.18388132054901268,0.1838813205490111,0.9362913234996307
1,943,5,1.3136353176835924,1.7256377478656728,0.5455966910654612,1.0343649235933703,1.0596565626949723,4.449429353652919,0.11600590909305072,0.5499933673986823,0.12326347543635527,0.551036816683425,1.0018972033966098,0.003719118439535636,0.6264962616491734,1.1390978487837546,0.11176812563071051,0.5586083535790001,0.5550657631872843,0.9936581857950755,0.9927414970061829,0.13739044014606921,0.13798961025397968,0.8673105974183783
1,943,10,1.6202619781790297,2.6252488779326226,0.9651757021903414,1.0343649235933703,1.0596565626949723,4.449429353652919,0.11600590909305072,1.0364586793838442,0.22772799277175468,1.0503271044646445,1.013380586565249,0.030664920481082516,1.3479297211832775,1.3005146736622397,0.10642225540310443,1.0624364646383235,1.091334380809771,1.0271996652348374,0.9624246454008897,0.11325472532318227,0.11308989089663521,0.8119656039889565
1,943,20,2.0710199645245515,4.289123693459275,1.4560824448156173,1.0343649235933703,1.0596565626949723,4.449429353652919,0.11600590909305072,1.8757418288501932,0.4059186818125348,2.019066105976783,1.076409383702044,0.2377183948934889,3.210199072017981,1.711429058435932,0.10470244320246767,2.0905709531809014,2.4053724623539434,1.1505815952785796,0.8393985287421498,0.07783773004132835,0.08011371753404932,0.7616389617917753
1,943,40,4.035387849644524,16.284355097058654,2.7902048369037513,1.0343649235933703,1.0596565626949723,4.449429353652919,0.11600590909305072,4.0508143414162845,0.9924624026877341,4.965425995499705,1.2257846390865803,1.406979145352985,10.894230749378837,2.6893927569067233,0.12635718978885957,4.9733265152205,6.477015479421809,1.3023507424254928,0.7666225302804061,0.16679896796568058,0.1765184044816115,0.6147859995657083
1,943,80,6.723735733677637,45.20862221633356,3.811287825644913,1.0343649235933703,1.0596565626949723,4.449429353652919,0.11600590909305072,6.069126577492208,1.2473991914671791,6.3999632305983525,1.0545114109718976,5.770925263159413,47.541140914522245,7.833275564037827,0.1378244863288289,10.891400046401852,18.068582135909168,1.6589769964310885,0.3542039537169429,0.18963507586886424,0.2014025008926832,0.441225033550793
1,943,160,95.53502162803275,9126.940357468686,9.118985797759981,1.0343649235933703,1.0596565626949723,4.449429353652919,0.11600590909305072,19.609255524806464,4.61461515995556,15.210851744747012,0.7756975641173475,22.512569172966554,155.81347003308676,7.945914613432249,0.14049796703591266,22.293504021171778,52.89950370748006,2.372866268902469,0.2875424281645232,0.18033185560605053,0.18367097345420383,0.41435015503480965
1,1002,1,1.0572184676885268,1.1177108884216767,0.11128274417254995,1.0296769757981479,1.057218467688525,4.454244971620758,0.16628655722347918,0.16628655722347915,0.03663003910212034,0.16628655722347915,0.999999999999994,0.0,0.16628655722347915,0.999999999999994,0.16628655722347915,0.16628655722347915,0.16628655722347915,0.999999999999994,0.999999999999994,nan,nan,nan
1,1002,2,1.1148070653441,1.2427947929411245,0.21736270874774358,1.0296769757981479,1.057218467688525,4.454244971620758,0.16628655722347918,0.33391396110063976,0.07275715409339763,0.33385600638928975,0.999826438190365,0.0001760008237280206,0.34231264641176484,1.0251522436601348,0.16659498468098707,0.33318939940562786,0.33412653303697104,1.0028126153863657,0.9991903467072089,0.44932891940834446,0.44932891940834174,0.9533314947203406
1,1002,5,1.286283639251132,1.6545256006051365,0.5035143215781248,1.0296769757981479,1.057218467688525,4.454244971620758,0.16628655722347918,0.8373307840535266,0.17696540495735616,0.8356992767220718,0.9980515378599153,0.004947810516576218,0.9178637922138949,1.0961782484223335,0.16567125008408984,0.8283309126425621,0.8417115650976443,1.0161537523842905,0.992857068115874,0.4237980834024227,0.42383883739498524,0.9015874696638767
1,1002,10,1.5667138693726996,2.4545923484847765,0.8979606979617037,1.0296769757981479,1.057218467688525,4.454244971620758,0.16628655722347918,1.6398557244718088,0.3338806815357335,1.6227137752116827,0.9895466723051819,0.05427705275492311,2.0080204079094814,1.2245104114608958,0.16010655025298257,1.5996770009110088,1.6784744713335855,1.0492583630180974,0.9667789429781433,0.2987754750858036,0.3009651565754401,0.8344271693392449
1,1002,20,2.3333560987122794,5.444550683397789,1.6946152338611706,1.0296769757981479,1.057218467688525,4.454244971620758,0.16628655722347918,2.962753933455106,0.6054689759468415,2.8226975426357632,0.9527276331531143,0.5299505874755364,4.704661546932057,1.5879352968896647,0.14784697188683818,2.943655382293655,3.2789511166610383,1.1139045475174216,0.8608538042220405,0.21199077135364663,0.21284133712159012,0.7138966268304201
1,1002,40,7.134834106841182,50.905857732144206,3.9299780000811713,1.0296769757981479,1.057218467688525,4.454244971620758,0.16628655722347918,4.947882254612566,1.0962376387628792,4.466697248004904,0.9027493012471978,3.1033587970442063,18.204417479471054,3.679234173873144,0.15132171532901126,6.033093276225291,6.811061080774938,1.1289500707067464,0.6558004979007909,0.17851602503750283,0.18261657000956638,0.43235585417439576
1,1002,80,18.78534449263211,352.88916770686353,5.866154035131808,1.0296769757981479,1.057218467688525,4.454244971620758,0.16628655722347918,5.938156177470665,1.3825296690446056,6.545640729340221,1.1023018818828558,7.286732716482811,44.59081528034355,7.5092021744933,0.1432571130285589,11.40649267868656,16.14752125841809,1.4156429774938895,0.40536504795916095,0.21008141567369934,0.19902003739444832,0.4545150711156138
1,1002,160,50.658211948213534,2566.2544377901245,7.8502026976215165,1.0296769757981479,1.057218467688525,4.454244971620758,0.16628655722347918,7.812861214419353,1.741303315218504,22.985917037930307,2.9420613533371975,22.997191633895063,279.0631348208349,35.718429799546186,0.14563984075801653,23.184071354833648,76.41146766154284,3.2958606144736446,0.30081763564265235,0.16824881607944814,0.16713313381546693,0.35160828969512353
1,1061,1,1.0592035698628461,1.1219122024101973,0.11503455306743393,1.0190089919065872,1.0592035698628461,4.449889636648311,0.1484363628742054,0.14843636287420536,0.03254530634301621,0.14843636287420536,0.9999999999999932,0.0,0.14843636287420536,0.9999999999999932,0.14843636287420536,0.14843636287420536,0.14843636287420536,0.9999999999999932,0.9999999999999932,nan,nan,nan
1,1061,2,1.120231030836544,1.254917562449106,0.2270698831346936,1.0190089919065872,1.0592035698628461,4.449889636648311,0.1484363628742054,0.2969342917891193,0.0653411632557912,0.29699065938346875,1.0001898318783218,0.00019835027784403592,0.3064726761294989,1.0321228790481116,0.14894124375564388,0.2978807818386936,0.2972011630559839,0.9977184873138988,0.9992917131603671,0.34626384222005735,0.346263842220055,0.9409564033830407
1,1061,5,1.3077849837199589,1.7103015636434131,0.5366697079740487,1.0190089919065872,1.0592035698628461,4.449889636648311,0.1484363628742054,0.7411533481507039,0.16491780987868587,0.7430490290602793,1.002557744513068,0.006105674429700239,0.8305743084388357,1.1206510913176744,0.14889926580543456,0.7444882116887485,0.746381387992017,1.002542923143099,0.9955353134666128,0.36844141292770444,0.36846984846504405,0.8797282729967698
1,1061,10,1.591854926292796,2.534002106362643,0.9297999131387924,1.0190089919065872,1.0592035698628461,4.449889636648311,0.1484363628742054,1.4684559097944707,0.3320905143952892,1.4898621688694647,1.014577393119,0.06123960018884577,1.8131768223009275,1.2347506045004126,0.14437428331760518,1.4426294262119428,1.5097593664809599,1.0465330451807613,0.9868209477263427,0.45364420449823534,0.4514651980313839,0.8323564765689159
1,1061,20,2.1892186929760746,4.792678485675872,1.5670894379517073,1.0190089919065872,1.0592035698628461,4.449889636648311,0.1484363628742054,2.896518712391726,0.6722071631909725,3.1153111334807027,1.075536339590333,0.5219275210816054,4.181865451333118,1.4437557173176514,0.13296986305843855,2.6468224609890463,3.2685540874369363,1.2348973667903531,0.9531159803825057,0.42708318832947034,0.41263165464424395,0.8042579190261538
1,1061,40,4.218839844610428,17.798609634472538,2.87912034382437,1.0190089919065872,1.0592035698628461,4.449889636648311,0.1484363628742054,6.331573110859509,1.5055601657114634,5.464401930983097,0.8630401695292603,3.1628123346227532,11.148938581500275,1.7608481156726008,0.13940724522803105,5.54857950219671,7.527407627896,1.3566368878585702,0.7259341065485067,0.27592161634333623,0.27846911672022967,0.6978581647835363
1,1061,80,13.528434716633354,183.0185458822106,5.2095874913251405,1.0190089919065872,1.0592035698628461,4.449889636648311,0.1484363628742054,9.685703962667933,2.197581764834996,9.616338507037153,0.9928383671545051,12.445728831158565,46.15081366170294,4.76483834727803,0.1434174951594411,11.391063903407897,20.142152881063666,1.7682415840927446,0.47742356856390483,0.18833475111968243,0.1930363899680166,0.4723336643384119
1,1061,160,196.3375132325063,38548.41910232459,10.559670369131766,1.0190089919065872,1.0592035698628461,4.449889636648311,0.1484363628742054,25.74600729690212,5.316530434645772,25.63994733740187,0.9958805278707036,39.76649697976884,293.9027013628239,11.4154671819031,0.1438922310355937,22.899992036765713,89.56592411612614,3.9111770856657477,0.2862689978407252,0.20440120318307772,0.20478091871206125,0.346947473157984
1,1120,1,1.062575879724988,1.1290675001733321,0.121392070956344,1.0284714788061813,1.0625758797249891,4.455978336025822,0.13150948836249882,0.13150948836249884,0.029105018077337282,0.13150948836249884,0.9999999999999925,0.0,0.13150948836249884,0.9999999999999925,0.13150948836249887,0.13150948836249884,0.13150948836249884,0.9999999999999925,0.9999999999999925,nan,nan,nan
1,1120,2,1.1289601273316272,1.274550969104644,0.24259393548566657,1.0284714788061813,1.0625758797249891,4.455978336025822,0.13150948836249882,0.26246762981971306,0.05817698883127942,0.262398736029005,0.9997375150956467,0.00015282054120997995,0.27393312520644175,1.0436834644889474,0.13287969060962276,0.26574539571836214,0.2630391398829218,0.9898163585181757,0.9975653666819209,0.12397553544777032,0.12397553544776936,0.9220171633255274
1,1120,5,1.348703538202463,1.8190012339598427,0.5982875779084009,1.0284714788061813,1.0625758797249891,4.455978336025822,0.13150948836249882,0.6545664597610655,0.14605486065026363,0.6529292944939521,0.9974988555513339,0.004732392718990013,0.7756519806321214,1.184985831561327,0.13796621863453354,0.6894110408041794,0.6648189610528011,0.9643288571028784,0.9821159334264148,0.12172219660649601,0.12147652818311395,0.8271488769672635
1,1120,10,1.763206413634518,3.108896857081899,1.1342679549334669,1.0284714788061813,1.0625758797249891,4.455978336025822,0.13150948836249882,1.3358438533150505,0.30176825720831574,1.3277237390818768,0.9939213597360023,0.04738225986198326,1.8801994398236734,1.4074994133167138,0.1475652643820174,1.4718731469493997,1.409737645572587,0.9577847442182122,0.941823284106597,0.0902456707519519,0.08838911534144933,0.7362229734005113
1,1120,20,2.704070304807986,7.311996213344355,1.9895163162830545,1.0284714788061813,1.0625758797249891,4.455978336025822,0.13150948836249882,2.9716236322099636,0.6750014135520527,2.93391215778835,0.9873094714913244,0.4305936932899848,5.002335051051461,1.6833676367458683,0.16050424236803904,3.1963975883310205,3.3731636554729554,1.0553016520182745,0.8697805554225271,0.22865323061388185,0.23574650529167243,0.6870628944279177
1,1120,40,4.409956249344658,19.447714121134002,2.9677295372520383,1.0284714788061813,1.0625758797249891,4.455978336025822,0.13150948836249882,6.358597052427995,1.4063503234852113,5.605798873276637,0.8816093907281156,3.136957176476037,15.67047581387591,2.4644549237307345,0.15550891213014736,6.199835512679795,7.908246094761179,1.2755574044807112,0.7088548846488478,0.13075351447434952,0.12627755084329975,0.54057704180092
1,1120,80,11.60200212716703,134.6064533587883,4.902355360777426,1.0284714788061813,1.0625758797249891,4.455978336025822,0.13150948836249882,9.048459219052821,1.9982015845563037,12.975974571892552,1.4340534954912305,16.006426952720314,60.75042936350789,6.713897680567448,0.1505833402247172,11.989551593724201,24.126687468400068,2.0123094078871904,0.5378266116675916,0.12009785470570296,0.118181358539746,0.42741683832273847
1,1120,160,81.87061914782183,6702.79827964769,8.810280371864796,1.0284714788061813,1.0625758797249891,4.455978336025822,0.13150948836249882,11.780060934751916,2.70243418949106,45.77620354166534,3.885905497026987,42.78040899184893,334.7109153470626,28.41334329261782,0.15513859036457198,24.57799296705774,91.87319020503203,3.738026547902877,0.4982542071251392,0.2324418304477604,0.2363830036899351,0.35760851679672073
1,1179,1,1.0565233089056076,1.116241502260854,0.10996724042336081,1.028948467982954,1.0565233089056085,4.444639819606835,0.1338025488031471,0.1338025488031471,0.03343826557571842,0.1338025488031471,0.9999999999999926,0.0,0.1338025488031471,0.9999999999999926,0.1338025488031471,0.1338025488031471,0.1338025488031471,0.9999999999999926,0.9999999999999926,nan,nan,nan
1,1179,2,1.115081998746918,1.2434078639294217,0.2178558873701935,1.028948467982954,1.0565233089056085,4.444639819606835,0.1338025488031471,0.26199839382251466,0.06547439311370176,0.26198171159907185,0.9999363270010918,9.296687790742681e-05,0.2724896957776365,1.0400433827171776,0.13253828920658456,0.26506440215513183,0.26252432872424863,0.9904171461341776,0.9979330787062112,0.06291272268538817,0.0629127226853877,0.9294376598677131
1,1179,5,1.301880240918699,1.6948921616945296,0.5276191173893287,1.028948467982954,1.0565233089056085,4.444639819606835,0.1338025488031471,0.6179316937368768,0.15344870756461373,0.617330997171956,0.9990278916407587,0.0026586495588455028,0.7246369405826661,1.1726812978316412,0.13007902068634766,0.650298288173182,0.6280021752362012,0.9657140217920362,0.9830077370986294,0.01445721307123711,0.014557898587203986,0.8430088149972412
1,1179,10,1.6467822065569009,2.711891635832415,0.997646411990903,1.028948467982954,1.0565233089056085,4.444639819606835,0.1338025488031471,1.140344438850069,0.2756705758622588,1.1374835839143471,0.9974912361228263,0.023578667533523313,1.6609802205543343,1.4565601093554472,0.12942511420018707,1.294122177286186,1.214780326165919,0.9386906023922329,0.9363697776572195,0.08212879603026543,0.08188903546246273,0.7255411914313701
1,1179,20,2.6412154274969595,6.976018934447946,1.9424784008300515,1.028948467982954,1.0565233089056085,4.444639819606835,0.1338025488031471,2.041908993472347,0.4547199222592211,2.04831983412539,1.0031396309402312,0.1891513720049733,4.430987700853436,2.1700221288111203,0.13200523069202194,2.6391477763511846,2.5090540570537776,0.9507061633823051,0.8163713445578772,0.1518405479778302,0.15275083003608655,0.5964061894019034
1,1179,40,4.889429513514944,23.906520967630982,3.1741512655562873,1.028948467982954,1.0565233089056085,4.444639819606835,0.1338025488031471,2.998688206525779,0.6198700663153538,3.3373708710167396,1.1129436077261765,1.1596160953981376,14.194977513546164,4.733729062813162,0.13465564705795827,5.381746622392626,6.308184414098717,1.1721444461638764,0.5290541068453476,0.22083861266897847,0.21999449153051798,0.4995418474403736
1,1179,80,8.11011212099862,65.77391861516874,4.1862233861248255,1.028948467982954,1.0565233089056085,4.444639819606835,0.1338025488031471,4.511650378173164,0.936388247891927,6.658160598762958,1.4757705142611133,4.053716219171243,54.98733920837058,12.187854687143505,0.1504701706749736,11.896247819741067,21.45190340229756,1.803249539463989,0.31037621575574736,0.23575104216061948,0.23275800009228986,0.44108361305779925
1,1179,160,38.03019301225568,1446.2955805494207,7.2767607943807775,1.028948467982954,1.0565233089056085,4.444639819606835,0.1338025488031471,8.716833850002802,2.180852330072859,27.068640230936,3.1053293772402575,31.02545656250993,344.7845769668859,39.553877348112465,0.16964808097165415,26.69410101526951,97.23995281494128,3.6427506121790074,0.2783695327624306,0.18123382895012885,0.18372311467654773,0.34247494904079084
1,1238,1,1.056647915003154,1.1165048162805127,0.11020310601963812,1.0341445062583967,1.0566479150031511,4.444959307069526,0.1305872562325296,0.13058725623252973,0.028466810170230693,0.13058725623252973,0.9999999999999923,0.0,0.13058725623252973,0.9999999999999923,0.13058725623252973,0.13058725623252973,0.13058725623252973,0.9999999999999923,0.9999999999999923,nan,nan,nan
1,1238,2,1.1168772551976416,1.2474148031778178,0.22107325226555474,1.0341445062583967,1.0566479150031511,4.444959307069526,0.1305872562325296,0.26275288744639735,0.05750826901680187,0.2627858746742517,1.0001255446825872,0.0001183132904949889,0.2717232994105927,1.0341401080360129,0.1321251666615151,0.2642326371490654,0.26378396203439286,0.9983019693573264,0.9962162697366262,0.04803768289598921,0.048037682895988844,0.9425010351923754
1,1238,5,1.3200947697951337,1.7426502012404672,0.5554070586409282,1.0341445062583967,1.0566479150031511,4.444959307069526,0.1305872562325296,0.6706969093123982,0.1476848881984555,0.6725053933050008,1.002696425117652,0.00426656046775794,0.7697777464919449,1.1477281851218364,0.13753535021540048,0.6872136640007873,0.6880551550182751,1.00122449692369,0.9774004139059721,0.057762878365307774,0.05861595236755231,0.871096625371642
1,1238,10,1.7329444064317532,3.003096315783101,1.0996438616747055,1.0341445062583967,1.0566479150031511,4.444959307069526,0.1305872562325296,1.3765232024999463,0.29953741160000674,1.396015731167804,1.014160697496748,0.0446839048774202,1.8975968901368994,1.3785433378025256,0.1475757557414206,1.4714892612308532,1.4969425294892615,1.017297624202243,0.9325780406841047,0.12885923011096048,0.13239649254648014,0.7758764973755289
1,1238,20,2.752565448516403,7.576616548366306,2.025066734352595,1.0341445062583967,1.0566479150031511,4.444959307069526,0.1305872562325296,2.688495027240175,0.5588768400007461,2.86767683177134,1.0666476235647346,0.4563679911071812,5.491502666470456,2.0425935740367187,0.17318081678776506,3.4209767661066808,3.527457098528728,1.0311257104921028,0.8129586701330607,0.15227684047668277,0.1540039280412147,0.6425378190947864
1,1238,40,4.5759557382604275,20.939370918518534,3.041631162895537,1.0341445062583967,1.0566479150031511,4.444959307069526,0.1305872562325296,4.648570710598225,1.0553932477543415,6.818174403929954,1.466724898555436,4.820779396491584,18.796309301786263,4.043459908856019,0.17342430773368747,6.836852881165305,9.631017090929886,1.4086915805168432,0.7079391864386828,0.2718975053091803,0.2938142490680134,0.5445487635224574
1,1238,80,12.807729314203273,164.03793018590184,5.10009768270408,1.0341445062583967,1.0566479150031511,4.444959307069526,0.1305872562325296,6.389363312177585,1.2892314537203746,12.676937398215157,1.9840689563002292,12.180086476216955,70.43525881956398,11.023830603797462,0.1828781914627919,14.451501849847144,27.76254541156741,1.9210837530952574,0.45662014092314623,0.22168969898759916,0.216499636676207,0.4235657970045325
1,1238,160,163.53194493909953,26742.69701556468,10.194016706286538,1.0341445062583967,1.0566479150031511,4.444959307069526,0.1305872562325296,8.228806107875759,1.6185182313843949,61.58710707354516,7.484330808888591,61.19916351332674,661.9795133545101,80.4466048508461,0.17932704934004395,28.444637351838388,181.96845020079627,6.397284941621361,0.3384493685888174,0.22051754737937257,0.2229798761507665,0.330829623418599
1,1297,1,1.0547006185140366,1.1123933946938913,0.10651390547249515,1.0304741152156864,1.054700618514038,4.45093996437753,0.18438242916528227,0.18438242916528216,0.038435515009195585,0.18438242916528227,0.9999999999999952,4.933939044724272e-16,0.18438242916528227,0.9999999999999952,0.18438242916528227,0.18438242916528227,0.18438242916528227,0.9999999999999946,0.9999999999999946,nan,nan,nan
1,1297,2,1.1136721556635816,1.2402656703003687,0.2153256069108729,1.0304741152156864,1.054700618514038,4.45093996437753,0.18438242916528227,0.3667849123033731,0.07579573693831645,0.3667739031938836,0.9999699848354683,0.0002661800054073041,0.3821360707485855,1.0418532985689286,0.18580057894810773,0.3715904153464644,0.36764472972407175,0.9893816270295487,0.9976313368320477,0.3218713917187199,0.3218713917187182,0.9256580135352283
1,1297,5,1.3185218759509398,1.7384999373611856,0.5530226364353991,1.0304741152156864,1.054700618514038,4.45093996437753,0.18438242916528227,0.9048152762357724,0.18293683721142392,0.9049697610271639,1.0001707362767274,0.007453399422974218,1.0735410961685157,1.1864754324602895,0.19032433631864776,0.9513880263751641,0.92070239393224,0.9677464592866081,0.9829123579902032,0.3101479632630228,0.3097976478893722,0.8287645973035537
1,1297,10,1.7614052555114912,3.1025484741435014,1.132223862194875,1.0304741152156864,1.054700618514038,4.45093996437753,0.18438242916528227,1.7917740625390903,0.354591542297232,1.7929357983106686,1.00064837179858,0.06523344744786132,2.634184108800444,1.4701541694758034,0.19741109450228556,1.9724989214261592,1.9053850608474416,0.9659752105059739,0.9409834448440774,0.23350981895300282,0.23096847816640076,0.7124194006111216
1,1297,20,2.9943248597398275,8.965981365655939,2.1934375673969297,1.0304741152156864,1.054700618514038,4.45093996437753,0.18438242916528227,3.5962235852332154,0.7216072961288601,3.5748717067701454,0.9940626943912092,0.4594331593247486,7.401029249063388,2.0580003088388144,0.20751723001638225,4.143640779972515,4.280299250533267,1.032980289030184,0.8351920035321746,0.11565064847818676,0.11355579523985455,0.6048396685274542
1,1297,40,5.882849146910537,34.607914085306035,3.5440823866979714,1.0304741152156864,1.054700618514038,4.45093996437753,0.18438242916528227,5.939185608238615,1.4671238494329284,5.953995456802797,1.0024935823766203,2.7999791510209144,23.008437013463624,3.874005382412562,0.20113238558503652,8.011284780869804,9.662677957141558,1.2061333757870054,0.6161848178332671,0.12082437335123572,0.12053736617635288,0.5206494047260702
1,1297,80,24.342007907533556,592.5333489704262,6.384407156607489,1.0304741152156864,1.054700618514038,4.45093996437753,0.18438242916528227,7.888173604002837,1.5515719201027278,13.969638517837954,1.7709598215167435,13.902691655125231,82.15563691135578,10.415039150465207,0.18737521790838274,14.90249875907107,28.824036568170264,1.9341747336583555,0.4846524006031935,0.17352863109238684,0.1819526492297784,0.4061731702568836
1,1297,160,340.16290263669924,115710.80033022453,11.658849256536676,1.0304741152156864,1.054700618514038,4.45093996437753,0.18438242916528227,17.060625905584278,3.861363993444646,177.67116277564944,10.414105775421415,177.73497719423216,1473.0386511807612,86.34141908583827,0.17244082727602367,26.999236825440615,345.7954156859194,12.807599634078775,0.5138042747710264,0.2612270313288529,0.2697216562619337,0.32690751747619823
1,1356,1,1.04821455044116,1.098753743756563,0.09417657729841929,1.024208443293509,1.0482145504411595,4.452045848544132,0.17826233961800902,0.17826233961800902,0.040964219900153066,0.17826233961800902,0.9999999999999944,0.0,0.17826233961800902,0.9999999999999944,0.17826233961800902,0.17826233961800902,0.17826233961800902,0.9999999999999944,0.9999999999999944,nan,nan,nan
1,1356,2,1.099700509842874,1.209341211348677,0.19007575790921574,1.024208443293509,1.0482145504411595,4.452045848544132,0.17826233961800902,0.3589319501683305,0.08181931668225881,0.358917099627935,0.9999586257495618,0.0002831565609154395,0.3688078320846543,1.0275146358848555,0.18001995412888863,0.36002291301897504,0.3591905302500377,0.9976879727960691,0.9992387588227524,0.25737390434569596,0.2573739043456945,0.9485835723961066
1,1356,5,1.2749227492223032,1.6254280164845558,0.4857711758591177,1.024208443293509,1.0482145504411595,4.452045848544132,0.17826233961800902,0.9140792440633303,0.20352669788503447,0.9136465321238914,0.9995266144130825,0.00799279927595786,1.0169149504973747,1.112501959870471,0.183648969371495,0.9180994028999163,0.9183164583208814,1.0002364182138432,0.9949146874645698,0.2642668829872572,0.26460280837744743,0.8830928922869152
1,1356,10,1.6452991386221079,2.70700925555065,0.9958444297436629,1.024208443293509,1.0482145504411595,4.452045848544132,0.17826233961800902,1.877167157594446,0.4018953560470274,1.8665065916580952,0.9943209288031583,0.0747702770994261,2.3911910845833355,1.273829597385243,0.18391524944621057,1.8389121186470327,1.9026917096691758,1.0346833273735057,0.9809821434406873,0.10432878785411111,0.1042360994665324,0.7915754833435719
1,1356,20,2.7646391624477817,7.643229698539972,2.03382024926198,1.024208443293509,1.0482145504411595,4.452045848544132,0.17826233961800902,3.7627864880411495,0.7443457299404823,3.45588304454174,0.9184371889091215,0.7830134899431768,7.170660456614494,1.905678273110689,0.1794044713237093,3.586417353451436,3.821031729477661,1.065417477360921,0.9044371492340793,0.059135512700378555,0.05778886757961251,0.5726937166050513
1,1356,40,4.884791329170685,23.86118632954111,3.172253135867158,1.024208443293509,1.0482145504411595,4.452045848544132,0.17826233961800902,5.411254144827422,1.0610668032403154,6.910877893559708,1.277130533624218,4.360319729289177,26.864952924842704,4.9646444624159285,0.1727075292799256,6.891374949468266,8.689697294305235,1.2609526194733787,0.7952955850474479,0.2666803156778972,0.2643376331956475,0.474744262030129
1,1356,80,14.745231038503226,217.4218383788389,5.38183942216665,1.024208443293509,1.0482145504411595,4.452045848544132,0.17826233961800902,8.155966047397206,1.7868203291932843,21.519665438025445,2.6385182715287248,20.013038742677836,98.2913919142259,12.051471443483189,0.17429300500209177,13.855723024468388,29.716408195675008,2.1447028165327486,0.7241677828734855,0.29168718350664596,0.29883474368120583,0.43840277732859806
1,1356,160,81.85595223585,6700.396916437756,8.809922044883729,1.024208443293509,1.0482145504411595,4.452045848544132,0.17826233961800902,10.709109343333425,2.248526658187076,291.4323821766581,27.213503274021466,294.9668506019376,1488.9284078200199,139.03382252296257,0.17251925374886104,27.024974396611135,333.63503677979975,12.345433963542874,0.8735065267410882,0.22694616912885437,0.22223943907256236,0.37720997955358665
1,1415,1,1.0494299730347543,1.1013032683037252,0.09649426786230664,1.023511077336192,1.0494299730347532,4.450565871438243,0.19852402282340664,0.19852402282340673,0.0433199378472603,0.19852402282340673,0.999999999999995,0.0,0.19852402282340673,0.999999999999995,0.19852402282340673,0.19852402282340673,0.19852402282340673,0.999999999999995,0.999999999999995,nan,nan,nan
1,1415,2,1.101296828714816,1.2128547049373106,0.19297684120245653,1.023511077336192,1.0494299730347532,4.450565871438243,0.19852402282340664,0.3931747432666137,0.08633081907538323,0.3932970154892515,1.000310986971393,0.0005240067878764215,0.4081791114632531,1.0381620855703435,0.19909206246781172,0.39818250883736406,0.39375050416022916,0.9888694139527205,0.9988482842150366,0.3207594360306737,0.3207594360306721,0.9308048914972568
1,1415,5,1.2721414360660883,1.6183438333562894,0.4814033012248551,1.023511077336192,1.0494299730347532,4.450565871438243,0.19852402282340664,0.9464459581893243,0.21064145570905493,0.951418070572176,1.0052534561956004,0.015799653300217324,1.1058169319837898,1.1683888788530112,0.1988672459017742,0.9943241448861518,0.9602358870022821,0.9657171576701743,0.9908170309509728,0.31037115623542255,0.310360166256203,0.843251117511756
1,1415,10,1.608568216560896,2.5874917073299017,0.9506889536896954,1.023511077336192,1.0494299730347532,4.450565871438243,0.19852402282340664,1.7354819787560294,0.3873681830866992,1.7887394143683824,1.0306874034212248,0.1505274122585648,2.4994532911238454,1.440206998240004,0.19188764687524382,1.916819754797029,1.8639087885439736,0.9723964832266354,0.9596711091027623,0.3081791674080669,0.3094982470158058,0.7448191635883163
1,1415,20,2.457617429213205,6.039883428372522,1.7983847118221532,1.023511077336192,1.0494299730347532,4.450565871438243,0.19852402282340664,2.809341182241775,0.6154165982287134,3.1894535926419603,1.1353030428639022,1.007580357303017,6.221929396626143,2.214729003353454,0.1687042483008391,3.325856186974186,3.7952370104169315,1.1411308237803812,0.8403832445477699,0.2638955086889955,0.28442404166601415,0.6439523966820224
1,1415,40,4.3199314130360245,18.661807413335424,2.9264790510359058,1.023511077336192,1.0494299730347532,4.450565871438243,0.19852402282340664,4.290059626304386,0.9714996723937057,7.270303809150046,1.6946859583424831,5.043117123020665,23.161346278922085,5.398840178562764,0.13679234500148463,5.207326299758316,10.604580974776244,2.0364733001787165,0.6855814318776935,0.27992650329200786,0.3089216678586084,0.49269780776169153
1,1415,80,9.059311048605196,82.07111667538017,4.407586147926295,1.023511077336192,1.0494299730347532,4.450565871438243,0.19852402282340664,8.045236209246555,1.6112966323697757,30.159536161096337,3.7487446454876436,25.15871537386462,122.34896586724108,15.207628798595481,0.16122957154243928,12.429799110078356,50.90688694528359,4.095551866482472,0.5924451085275123,0.28443563924220633,0.2918084789084431,0.4477971004361876
1,1415,160,222.51479418589278,49512.83363159023,10.809987180237997,1.023511077336192,1.0494299730347532,4.450565871438243,0.19852402282340664,12.464780997487413,2.722002944990754,52.11502015592735,4.1809816126278045,56.50251074705321,448.94738342662225,36.017270060109254,0.17837048566942407,27.9141687867101,143.44727817676466,5.138869771578502,0.36330434999057964,0.11986569854279373,0.11583740361725126,0.32512331218476836
1,1474,1,1.060774320645671,1.125242159341285,0.1179982652406435,1.0273869756707563,1.060774320645671,4.4583084711559025,0.20974537114289066,0.20974537114289066,0.04457436447603382,0.20974537114289066,0.9999999999999952,0.0,0.20974537114289066,0.9999999999999952,0.20974537114289066,0.20974537114289066,0.20974537114289066,0.9999999999999952,0.9999999999999952,nan,nan,nan
1,1474,2,1.1248456201334947,1.2652776691335061,0.23529159938390898,1.0273869756707563,1.060774320645671,4.4583084711559025,0.20974537114289066,0.42116865085819016,0.08896754138581785,0.4211268824844678,0.9999008274389884,0.00035496285483368285,0.43264285389022933,1.0272437253073272,0.20997320820214205,0.4199461694513919,0.42162529103760593,1.0039984210081176,0.9988178874376521,0.5111088417536492,0.5111088417536468,0.9504699647563929
1,1474,5,1.3381250443095283,1.790578634208377,0.5825388269499109,1.0273869756707563,1.060774320645671,4.4583084711559025,0.20974537114289066,1.0601959315454277,0.22001887526127112,1.0585944340762434,0.9984894325458777,0.01135025254591902,1.1836747071985079,1.116467882944133,0.20997303965899872,1.049863679109566,1.0673449853408647,1.0166510248703187,0.9918015717647019,0.4707525839212797,0.470745712892032,0.8833434807223866
1,1474,10,1.7774513146920248,3.1593331761004073,1.150360985109531,1.0273869756707563,1.060774320645671,4.4583084711559025,0.20974537114289066,2.1034314250188495,0.42620628117906617,2.0861291440109917,0.9917742595256208,0.12050997810356719,2.718608233534128,1.292463448628835,0.20578418112424404,2.057056501819705,2.141274900778781,1.0409412181359987,0.9742462974988715,0.3987732668124497,0.39924593934324665,0.7849104908006259
1,1474,20,3.122319965670428,9.748881968024184,2.2771526084884175,1.0273869756707563,1.060774320645671,4.4583084711559025,0.20974537114289066,3.904891060246105,0.7814460305393769,3.8022835878852423,0.9737233457277559,1.2333981533634357,6.845812847804529,1.7531379857170897,0.18803145959011686,3.7386079549793565,4.287386504318833,1.1467868671836987,0.886853467504054,0.21454602712924437,0.22630637235333032,0.6611546949454514
1,1474,40,7.5976531258768345,57.72433302114604,4.055678800754508,1.0273869756707563,1.060774320645671,4.4583084711559025,0.20974537114289066,7.0218669650213785,1.4646526511528923,6.217375972363476,0.8854306131595225,5.486922911006921,19.685664730648114,2.8034801611465987,0.1925826654522074,7.670444667127814,10.68892818989472,1.393521321612919,0.5816650520901958,0.07642643850280666,0.07549250634128242,0.5851730969743597
1,1474,80,20.902553414380105,436.9167392410134,6.079742648890214,1.0273869756707563,1.060774320645671,4.4583084711559025,0.20974537114289066,10.197040048375097,2.4356047501559677,5.6155645139798445,0.5507053505075413,10.077687669740872,84.60427821143794,8.296944781041597,0.1948528186152033,15.548756313033195,23.788935326705623,1.529957435037128,0.23605783263767055,0.04199306466536365,0.04161569810570846,0.3429659191970207
1,1474,160,62.30039252626613,3881.3389089268367,8.26393545271136,1.0273869756707563,1.060774320645671,4.4583084711559025,0.20974537114289066,32.075850850625095,7.452057749257935,17.663504279588327,0.5506792122786074,30.803922417240898,550.9365393442954,17.176053782952376,0.19557349356057802,30.947023320508837,100.1028248059144,3.234651157533961,0.1764536047193017,0.14726798765388205,0.1460461397250849,0.2855576201496625
1,1533,1,1.0677997475019874,1.140196300765308,0.1312004412365575,1.021601453382417,1.0677997475019874,4.45418541578311,0.18566856142273988,0.18566856142273983,0.04222837845174474,0.18566856142273988,0.9999999999999949,7.97218214573518e-17,0.18566856142273988,0.9999999999999949,0.18566856142273988,0.18566856142273988,0.18566856142273988,0.9999999999999947,0.9999999999999947,nan,nan,nan
1,1533,2,1.139974204144551,1.2995411861150026,0.2620112684140241,1.021601453382417,1.0677997475019874,4.45418541578311,0.18566856142273988,0.3724561015837626,0.0852091595574521,0.37238854528042886,0.9998186194210608,0.00043885946943381744,0.3848704353148127,1.0333309984136672,0.18608704072150353,0.3721731424608026,0.3727611293305998,1.0015798745334186,0.9990004750472748,0.10994352405790213,0.10994352405790153,0.9389546853798811
1,1533,5,1.3826107922687503,1.9116126028980214,0.6479471805532518,1.021601453382417,1.0677997475019874,4.45418541578311,0.18566856142273988,0.9387510520955993,0.2186402637257161,0.936858787024762,0.9979842738214629,0.012984109477216316,1.0772102250029993,1.1474929616305758,0.1877968234267621,0.9389482966902138,0.9441597797726611,1.0055503408449822,0.9922672063518125,0.0652564918213899,0.06521516515177517,0.8538228064175782
1,1533,10,1.865875445194101,3.481491176978285,1.2474607011385386,1.021601453382417,1.0677997475019874,4.45418541578311,0.18566856142273988,1.8891815857517744,0.45171082007071517,1.8743219929546806,0.9921343755893207,0.1158819500439568,2.61374245946873,1.383531619819714,0.19073638510895816,1.9070803463132773,1.933241555805922,1.0137179377592653,0.9695229172607557,0.016656031363640793,0.01661519133621156,0.7347465149296688
1,1533,20,2.9392710035863026,8.639314032523231,2.156323185280178,1.021601453382417,1.0677997475019874,4.45418541578311,0.18566856142273988,3.6410617921443302,0.8731510364954688,3.57339017874795,0.9814143188829193,0.798562372907265,7.286980702736585,2.001333984075305,0.19548225082566217,3.9080388229397265,4.060224278117679,1.0389416436409589,0.8800967468734446,0.036745712252155595,0.03753396596224235,0.5884444108303271
1,1533,40,5.685915641171996,32.32963667852435,3.4759843537689794,1.021601453382417,1.0677997475019874,4.45418541578311,0.18566856142273988,5.923059244666851,1.299855985905001,5.936899591276758,1.0023366888694163,2.7937252994195525,22.655019398274064,3.824884820909523,0.19139411332139322,7.639257537084351,9.089261186027342,1.1898094994054105,0.653177356197375,0.06860195831883578,0.06861202194986712,0.4755341314064657
1,1533,80,26.345012932548524,694.059706416149,6.5425579891061645,1.021601453382417,1.0677997475019874,4.45418541578311,0.18566856142273988,7.485201666349393,1.5003681655034735,8.036087343455955,1.0735966379614237,6.941436624228221,87.32387858596485,11.666202525783591,0.19727208727432943,15.562917407452153,24.387212752100552,1.5670077861123242,0.32952053295896966,0.15739749709429737,0.14762976493410895,0.35774523119091495
1,1533,160,256.79855210111026,65945.49636122664,11.096583867128718,1.021601453382417,1.0677997475019874,4.45418541578311,0.18566856142273988,11.410460691662978,2.2998223117778793,31.754923802363997,2.7829659696006526,35.116005490133944,441.4646480952428,38.68946750044875,0.19232614583415128,30.096995891720454,103.71260646574234,3.445945463755511,0.3061819086848721,0.1507434766517658,0.141888117078201,0.3204614605253774
1,1592,1,1.0537194841302322,1.1103247512356826,0.10465254121516723,1.0321478066318865,1.0537194841302324,4.448617816264545,0.19871507061954116,0.19871507061954108,0.04042326632286158,0.19871507061954108,0.999999999999995,0.0,0.19871507061954108,0.999999999999995,0.1987150706195411,0.19871507061954108,0.19871507061954108,0.999999999999995,0.999999999999995,nan,nan,nan
1,1592,2,1.1097103501634833,1.2314570612599607,0.20819807094660028,1.0321478066318865,1.0537194841302324,4.448617816264545,0.19871507061954116,0.4003337954952708,0.08088116824597436,0.4001937790934918,0.9996502508572708,0.00038916188390224476,0.4141816578110606,1.0345907901646347,0.20180447904079213,0.40356237040775356,0.40095071842232066,0.9935285046948379,0.9981121387391241,0.02587000317024779,0.025870003170247662,0.9367951849199271
1,1592,5,1.2902419814632247,1.6647243707301482,0.5096595666236189,1.0321478066318865,1.0537194841302324,4.448617816264545,0.19871507061954116,1.0078607052996371,0.19953143564113765,1.0036238122563945,0.9957961521657062,0.011713095845239949,1.1735574737671743,1.1644044336645452,0.21172369497747662,1.0576017076419615,1.0214265920470513,0.9657951426009252,0.9825706713245255,0.01628869512472798,0.016526634141884683,0.8409419606284578
1,1592,10,1.6226130264791119,2.632873033699703,0.9680756581968057,1.0321478066318865,1.0537194841302324,4.448617816264545,0.19871507061954116,1.9416630760356237,0.37583666638692886,1.9237633903494278,0.9907812607104094,0.09610958529872819,2.898826217628107,1.4929604695098608,0.22894179458718517,2.281678077402438,2.079589767719094,0.9114299639003364,0.9250686939373729,0.023487472496452753,0.02398437456740603,0.6963371628663066
1,1592,20,2.352620778056022,5.534824525340923,1.7110598629192906,1.0321478066318865,1.0537194841302324,4.448617816264545,0.19871507061954116,3.3460996167159105,0.666292272242033,3.4063923269192293,1.0180188031169537,0.5180001779687273,8.122744133717331,2.4275260943036545,0.2380819993583478,4.74878215381261,4.283879252214674,0.9021006046308768,0.7951653457921805,0.14585292563744154,0.14810067046794326,0.5527060289539968
1,1592,40,3.6192870686674308,13.099238885423285,2.5725541281698474,1.0321478066318865,1.0537194841302324,4.448617816264545,0.19871507061954116,5.634525299753667,1.305928562183466,6.645000583288208,1.179336364605323,4.301319105131605,21.750711248213463,3.8602562045758084,0.22006921006729643,8.705196287129251,9.530735546805134,1.0948329287986822,0.6972180216998808,0.2285411851154103,0.23210455389623014,0.5127662750734343
1,1592,80,15.859409738542892,251.52087725498913,5.527525997048807,1.0321478066318865,1.0537194841302324,4.448617816264545,0.19871507061954116,6.143650637733375,1.2251677637895892,17.665536621230732,2.8754136038810003,17.297188758127504,96.71095419179753,15.741610305412458,0.20733001755642033,16.145648242073086,33.46236911086575,2.072531781267719,0.5279224720372372,0.17108179053223244,0.15687320128883292,0.42115500102178266
1,1592,160,67.5662218151435,4565.194330373174,8.426216361755685,1.0321478066318865,1.0537194841302324,4.448617816264545,0.19871507061954116,9.781104163095195,2.4311456451287183,57.472285905225554,5.875848467300101,59.01152122130011,1038.389896186179,106.1628502131792,0.1786489616253324,27.555546577485135,193.8974929636124,7.03660485987386,0.29640551317500036,0.18613116096710466,0.17192660331156448,0.29953497271203006
1,1651,1,1.0593687030600756,1.1222620490231865,0.11534633510984864,1.0333519602473091,1.0593687030600762,4.457209463058766,0.21133710675986989,0.21133710675986989,0.04590625724830603,0.21133710675986989,0.9999999999999952,0.0,0.21133710675986989,0.9999999999999952,0.21133710675986989,0.21133710675986989,0.21133710675986989,0.9999999999999952,0.9999999999999952,nan,nan,nan
1,1651,2,1.122634411650062,1.2603080222208807,0.2313561531674653,1.0333519602473091,1.0593687030600762,4.457209463058766,0.21133710675986989,0.42860653303740776,0.09256981533493189,0.4286124507963354,1.0000138069732272,0.0004279580848532447,0.44294377277069563,1.0334508194069816,0.21516467201199782,0.430262435286353,0.4291115683663651,0.9973251977732545,0.9988368582745722,0.1879312036476413,0.1879312036476404,0.9382541716553862
1,1651,5,1.3382075520346088,1.7907994523224604,0.5826621415562038,1.0333519602473091,1.0593687030600762,4.457209463058766,0.21133710675986989,1.1055853284183463,0.2344567954283087,1.1055024515656449,0.9999250380313737,0.012486731900140319,1.2680103374027585,1.1469131371495103,0.2254108268668447,1.1260842001786369,1.116097953795409,0.9911318830495581,0.9905066556266553,0.21206848892604557,0.21125642634132924,0.8542511699318851
1,1651,10,1.7944697617593466,3.220121725868646,1.169419161906596,1.0333519602473091,1.0593687030600762,4.457209463058766,0.21133710675986989,2.2500210401106475,0.46280857679956944,2.2478689013283795,0.9990435028189056,0.10697760001942076,3.1139811384951015,1.3839786753025058,0.23607422004085074,2.3574140496992833,2.345118430231982,0.9947842766658359,0.9585310798593727,0.17927819586229166,0.17474078801556625,0.7418325606351724
1,1651,20,3.004929328788188,9.02960027101143,2.2005080996729487,1.0333519602473091,1.0593687030600762,4.457209463058766,0.21133710675986989,4.221919280220993,0.842629673769335,4.087334212024888,0.9681223019050564,0.9297400347817079,8.559273058054055,2.027341711186393,0.23276962223980435,4.649133323013235,4.886124369635072,1.0509753173669443,0.8365186603570135,0.15108546129200456,0.14832812169349488,0.6021023964187016
1,1651,40,6.395837252167932,40.906734156219045,3.7112946987918574,1.0333519602473091,1.0593687030600762,4.457209463058766,0.21133710675986989,7.08364932673361,1.4179624764122052,6.856222411039466,0.9678941029963414,4.431111590721397,23.78164779344001,3.3572593301151064,0.20229737479251256,7.931439001322488,10.414019923738556,1.313005108152773,0.6583646335658375,0.18164133315818703,0.18464527948318407,0.5032639780877431
1,1651,80,22.69677096235547,515.1434121176223,6.244445332029431,1.0333519602473091,1.0593687030600762,4.457209463058766,0.21133710675986989,9.426205052614229,2.3680223866607726,22.48163081380213,2.385013978405568,21.55491732911505,119.88444480394723,12.718208879903255,0.17563481810896256,13.65093691202329,36.97309095729091,2.708465447871657,0.6080538638160267,0.16099140386609348,0.16583159187204488,0.383086187038394
1,1651,160,178.1181743634163,31726.08403855637,10.364894461850865,1.0333519602473091,1.0593687030600762,4.457209463058766,0.21133710675986989,19.110605868298208,4.541583350689236,242.71855028415285,12.700725029696134,249.8622692553881,1157.6892717450182,60.5783657369786,0.15173803793124468,23.420810814918603,283.4670575681311,12.10321281394614,0.856249584577621,0.16862973904559247,0.17882632720046918,0.29257852806780804
1,1710,1,1.0683708953555593,1.1414163700428395,0.13226992109125252,1.035883859746098,1.0683708953555597,4.456199116841138,0.14420434337851004,0.14420434337851004,0.031480060552476756,0.14420434337851004,0.9999999999999931,0.0,0.14420434337851004,0.9999999999999931,0.14420434337851004,0.14420434337851004,0.14420434337851004,0.9999999999999931,0.9999999999999931,nan,nan,nan
1,1710,2,1.1416890751860418,1.3034539443991593,0.26501762150727354,1.035883859746098,1.0683708953555597,4.456199116841138,0.14420434337851004,0.2829247416770085,0.06208398692939088,0.28290317643050333,0.9999237774456262,0.00019068744660845292,0.294105224740816,1.0395175162042574,0.14209223077667082,0.284152588972923,0.2831436404584674,0.9964492721389466,0.9991507348440681,0.11225555069044567,0.1122555506904449,0.9288933634854223
1,1710,5,1.3915275189221676,1.9363488359176837,0.6608041564650053,1.035883859746098,1.0683708953555597,4.456199116841138,0.14420434337851004,0.6715466073449189,0.1498813976162227,0.6710506663873633,0.9992614943592414,0.005216025396952344,0.7844083725086021,1.16806244559838,0.136157021958126,0.6802039515809193,0.6759573912076098,0.9937569307507833,0.9927410737953741,0.1406204947792071,0.14064927346392025,0.841183842584532
1,1710,10,1.902309049376207,3.618779719338608,1.2861368749033335,1.035883859746098,1.0683708953555597,4.456199116841138,0.14420434337851004,1.2615839658270795,0.2911754321646275,1.2590486738987097,0.9979903898614398,0.04229162243484519,1.7849941541666756,1.414883354986565,0.12918571218116973,1.2891947415207987,1.3038802338069926,1.0113912133002254,0.9656168114632834,0.12837316290309475,0.13154479090570662,0.7342204427726898
1,1710,20,3.2024446570123013,10.255651781226636,2.327828946913398,1.035883859746098,1.0683708953555597,4.456199116841138,0.14420434337851004,2.465582462713251,0.6150074135751233,2.4348249368912627,0.9875252495963399,0.28468156537337475,4.863179277515851,1.9724261309695403,0.12715700027882618,2.5396284793391084,2.8222707397159654,1.1112927590300168,0.8627184141576381,0.2034755185817216,0.2065082856882638,0.6156403968179931
1,1710,40,7.6596206660365675,58.66978874757447,4.071924922242253,1.035883859746098,1.0683708953555597,4.456199116841138,0.14420434337851004,5.56573127005407,1.4041179830651889,4.88176111373011,0.8771104598592456,2.386925508423692,16.803783485451934,3.019151063915575,0.12683118455210385,5.065775353268586,7.429533424711803,1.4666132835752477,0.6570750590464537,0.2710050443532384,0.2743664767578916,0.5284893240420466
1,1710,80,26.35243724106398,694.4509485442159,6.543121531254039,1.035883859746098,1.0683708953555597,4.456199116841138,0.14420434337851004,6.447831745898404,1.612272310991847,11.58648230116962,1.7969579166733085,12.938962815612433,68.85363285248393,10.67857158280892,0.12944760448248316,10.317067210906599,21.64975171697494,2.098440503914532,0.5351785301115022,0.16699065223360238,0.1636592068070749,0.3918468188315104
1,1710,160,591.3720949934725,349720.9547369687,12.764890843295014,1.035883859746098,1.0683708953555597,4.456199116841138,0.14420434337851004,12.614601292682877,2.5195369477000864,36.05266839266967,2.8580109316322257,41.608391540531606,501.16732066760375,39.72914474580395,0.13266638309713977,20.84021240843837,107.50941645287277,5.158748593624764,0.3353442850140808,0.1232427397081419,0.13172494211571906,0.2986420833771268
1,1769,1,1.073248633289863,1.1518626288585587,0.1413803093808548,1.023720219473006,1.0732486332898623,4.4579921109926675,0.12317262865744874,0.1231726286574489,0.02840048927857979,0.12317262865744884,0.9999999999999915,5.701727585675814e-16,0.12317262865744884,0.9999999999999915,0.12317262865744884,0.12317262865744884,0.12317262865744884,0.9999999999999919,0.9999999999999919,nan,nan,nan
1,1769,2,1.1509819601627966,1.3247594726201937,0.281230912861636,1.023720219473006,1.0732486332898623,4.4579921109926675,0.12317262865744874,0.24855091362027942,0.05741110051575495,0.24856516991040176,1.0000573576250986,0.00015347594318185426,0.2589927107161565,1.0420106968982152,0.1250456588101651,0.2500636729598371,0.24893367827238194,0.9954811721587499,0.998519652445026,0.26235068705902054,0.26235068705901843,0.923853856526929
1,1769,5,1.4096191013589865,1.9870260109161166,0.6866390540306107,1.023720219473006,1.0732486332898623,4.4579921109926675,0.12317262865744874,0.6371867686262906,0.14856328876457156,0.6375774267200497,1.000613098251554,0.004921739678975515,0.752899887544639,1.1816000027241822,0.13155498254027628,0.6570769715447489,0.6436121734810539,0.9795080353645009,0.9906236286234836,0.15401602530668593,0.15308009766554329,0.8244310150572077
1,1769,10,1.9083322388110098,3.641731933685441,1.2924593744464268,1.023720219473006,1.0732486332898623,4.4579921109926675,0.12317262865744874,1.3135739107871085,0.3141199110616557,1.3176819656855108,1.0031273877051499,0.04942645193961706,1.8786080737683233,1.4301502628372378,0.14126399995095662,1.4085887387505989,1.3514038450779282,0.9594027042106028,0.9750467785664219,0.024337057124795985,0.023041238009833993,0.7061829874425523
1,1769,20,2.9825081395814315,8.895354802669491,2.1855292081997004,1.023720219473006,1.0732486332898623,4.4579921109926675,0.12317262865744874,2.6203447782617983,0.6542330154338666,2.6784232325774227,1.0221644322523655,0.43488394352045157,4.97429148196891,1.8983347242070172,0.14322345992063634,2.8575500111304444,2.862578299843552,1.0017596502925656,0.9356681117591806,0.12079617368230144,0.11965922758662445,0.6081681244923693
1,1769,40,5.242769234524104,27.48662924647246,3.313699677215313,1.023720219473006,1.0732486332898623,4.4579921109926675,0.12317262865744874,4.421246304358023,1.0577147745052957,5.748992076668637,1.3003102928244132,3.401844927081478,16.60159119426171,3.7549573245664956,0.12439319772093059,4.891304534371091,6.672449085749745,1.3641450943940596,0.8616014903653109,0.12988560051159295,0.12335444189632508,0.49591501990214953
1,1769,80,10.103778172887468,102.08633336691722,4.625818860843093,1.023720219473006,1.0732486332898623,4.4579921109926675,0.12317262865744874,6.554294556102454,1.4044711520511919,11.526613647875394,1.758635280915686,10.881488227750824,68.12438645569681,10.39385487981598,0.12617173585455987,9.99038236934488,18.316600193170647,1.8334233381671612,0.6292987522964604,0.055767870047112165,0.05825279050710805,0.3443382254966784
1,1769,160,164.01919745700923,26902.29713444138,10.19996695727635,1.023720219473006,1.0732486332898623,4.4579921109926675,0.12317262865744874,10.568352537361726,2.301060861666722,40.29502776368078,3.812801249885253,39.297449718569354,224.62417048004355,21.254416872066088,0.15348829733084016,23.47119920246856,66.65128034401641,2.8397049408965187,0.6045649469252581,0.152824457645235,0.15800724055683724,0.3372553369880591
1,1828,1,1.0589654800771937,1.1214078879951213,0.11458493874290779,1.0238753813877748,1.0589654800771935,4.439347994881619,0.1271219885557334,0.12712198855573342,0.028975140247423745,0.12712198855573342,0.9999999999999921,0.0,0.12712198855573342,0.9999999999999921,0.12712198855573342,0.12712198855573342,0.12712198855573342,0.9999999999999921,0.9999999999999921,nan,nan,nan
1,1828,2,1.121984891202762,1.2588500960872735,0.2301986821172905,1.0238753813877748,1.0589654800771935,4.439347994881619,0.1271219885557334,0.2525470318963166,0.05740783000514658,0.25252921863115124,0.9999294655532769,0.0001937672694179222,0.26336620662274207,1.042840237104296,0.127889010609333,0.2557734483022289,0.25292178233660895,0.9888508131530082,0.9984478849475438,0.01961166632035117,0.019611666320351013,0.9224700745217764
1,1828,5,1.3378251926877667,1.78977624619006,0.5820906099107883,1.0238753813877748,1.0589654800771935,4.439347994881619,0.1271219885557334,0.6218415353608214,0.14009341722879004,0.6213294029491899,0.9991764261753031,0.005316008978689812,0.7386074298106916,1.1877743569864885,0.13098641525226093,0.6547628515692668,0.629001748202331,0.9606558262961998,0.9878023466944735,0.04238192841009598,0.04238791090700202,0.8216042836528732
1,1828,10,1.8037548258858802,3.253531471906602,1.1797410131523438,1.0238753813877748,1.0589654800771935,4.439347994881619,0.1271219885557334,1.2252886355505663,0.27147883423933883,1.221299911780703,0.9967446659879677,0.04269655558409583,1.8161390787852523,1.4822132729315602,0.136771387200888,1.366244472178006,1.2766548031095546,0.9344263264058206,0.9566406743670847,0.06122642799281562,0.06131336465590005,0.6904429083367326
1,1828,20,3.1698854601455095,10.04817383044191,2.3073909095803704,1.0238753813877748,1.0589654800771935,4.439347994881619,0.1271219885557334,2.2590750530929182,0.4852623397797429,2.215426276431084,0.980678474315373,0.30668098469703686,4.954879266958023,2.1933221121512783,0.13522659421985975,2.698753320678324,2.5705714299808395,0.9525032948675477,0.8618419432318971,0.04153819686377021,0.04127711231563288,0.5576194011327333
1,1828,40,5.009486280809916,25.09495279762276,3.2226667421576387,1.0238753813877748,1.0589654800771935,4.439347994881619,0.1271219885557334,4.081302604372111,0.8254505322751244,4.972937764525377,1.21846828000406,1.6607659160231414,14.896218671652123,3.6498687099786453,0.14977391743007573,5.858933479182151,6.9622630043149885,1.1883157624255618,0.7142703114552421,0.18278945847502215,0.19347145878061012,0.49676422764848066
1,1828,80,31.064988890245377,965.0335347510687,6.8721628517725595,1.0238753813877748,1.0589654800771935,4.439347994881619,0.1271219885557334,5.875377178498697,1.4002754881614254,9.06528150676005,1.5429275825788686,9.00744713048479,60.424155878055565,10.284302444306292,0.17995618929030874,13.856049504516672,22.950457749907738,1.6563492893430085,0.39499349448908017,0.17829729912174422,0.17376913420219284,0.4292102423308056
1,1828,160,425.8963390396573,181387.6916073827,12.108391962141607,1.0238753813877748,1.0589654800771935,4.439347994881619,0.1271219885557334,13.168073192957484,3.3342236895779975,27.799300640753415,2.1111137699037825,29.271279774916167,242.39129823840312,18.40749931189919,0.1602263806417244,24.703897192256633,60.901813321671135,2.4652714852116784,0.4564609676549875,0.15135741837315708,0.1675331745366146,0.2920170300747758
1,1887,1,1.058239456293981,1.1198707468573805,0.11321327405575639,1.028531230346496,1.0582394562939803,4.454838501084395,0.2046796025273328,0.20467960252733283,0.040376878961242646,0.20467960252733283,0.9999999999999951,0.0,0.20467960252733283,0.9999999999999951,0.20467960252733283,0.20467960252733283,0.20467960252733283,0.9999999999999951,0.9999999999999951,nan,nan,nan
1,1887,2,1.1195819457976535,1.2534637333560599,0.22591070589296489,1.028531230346496,1.0582394562939803,4.454838501084395,0.2046796025273328,0.3963590222114594,0.07891847231375214,0.3964840020213741,1.0003153197048889,0.0005966449781707429,0.41006000952222166,1.0345671135081458,0.1991883524143544,0.39822096705787224,0.3977502210143513,0.9988178773031469,0.9968165473554005,0.20134809288175717,0.20134809288175617,0.9431467506720116
1,1887,5,1.322385999593378,1.7487047319205775,0.5588753606985766,1.028531230346496,1.0582394562939803,4.454838501084395,0.2046796025273328,0.895561277866574,0.1843851734340429,0.8972311113539846,1.0018645664218393,0.015540281915820787,1.0419080080757508,1.1634134188537115,0.18512858915127892,0.92324002133281,0.9218918620147998,0.9985397520830336,0.9732498445024561,0.19536079410505422,0.19638617530919997,0.8694106141835279
1,1887,10,1.7136407953529535,2.9365647754979034,1.0772404544798346,1.028531230346496,1.0582394562939803,4.454838501084395,0.2046796025273328,1.5346023357080263,0.33731029168086035,1.532482081577364,0.9986183690189125,0.10383680770798491,2.246964477424672,1.4641998289335187,0.17131891483184583,1.70453731708139,1.7020442189021356,0.9985373754189646,0.9003773606809437,0.15702288879137086,0.1617752805030045,0.7655899393587539
1,1887,20,2.59708328103776,6.744841568645858,1.9087780006730852,1.028531230346496,1.0582394562939803,4.454838501084395,0.2046796025273328,2.688911291188679,0.6406118753038396,2.685262104042419,0.9986428755912405,0.5125072443719384,5.413060655616512,2.0131049593769137,0.1587928223761987,3.155155740134684,3.347728884252583,1.0610344337898445,0.8021145668855237,0.13267743001834484,0.1403944452918901,0.6707139879551208
1,1887,40,4.556163855900937,20.758629081818096,3.0329620195958946,1.028531230346496,1.0582394562939803,4.454838501084395,0.2046796025273328,4.3909609043949045,0.9621467762513107,3.582319823533271,0.8158396081248943,2.567696030361957,13.893899602098065,3.164204807242006,0.13922475134233472,5.478907714935766,5.886768226361074,1.0744419385479809,0.60853760260028,0.09406251702044072,0.10265272862535865,0.4821987838773236
1,1887,80,12.073421126139031,145.76749768910028,4.982012870780252,1.028531230346496,1.0582394562939803,4.454838501084395,0.2046796025273328,6.342219512387326,1.5621104875779646,4.552580039871695,0.7178212660378293,6.345676828269089,43.70552149485805,6.8912028997883885,0.1448133528769257,11.422432000315151,13.020671319625169,1.13992110605394,0.34964249754234267,0.10846891169203983,0.11264167590316013,0.3691013307584213
1,1887,160,219.63064344478025,48237.61953996819,10.783894483997107,1.028531230346496,1.0582394562939803,4.454838501084395,0.2046796025273328,20.287388355690776,4.236972839841239,18.606672908666898,0.9171546668523046,26.96232137483563,375.5953642144094,18.513736594836363,0.1424487684864674,22.52682534339587,77.07098253441058,3.421298001806778,0.24142254707028563,0.2256110555029383,0.23532582613639813,0.3182799766021756
1,1946,1,1.0536521046058476,1.110182757540332,0.104524648204238,1.0274524214596414,1.0536521046058465,4.445673893595714,0.1664144687403581,0.1664144687403581,0.03564151112312414,0.1664144687403581,0.999999999999994,0.0,0.1664144687403581,0.999999999999994,0.1664144687403581,0.1664144687403581,0.1664144687403581,0.999999999999994,0.999999999999994,nan,nan,nan
1,1946,2,1.1084918836800108,1.2287542561844587,0.20600085630596343,1.0274524214596414,1.0536521046058465,4.445673893595714,0.1664144687403581,0.33282634688493146,0.07142406328875507,0.33293859382403135,1.0003372537665647,0.000582320035408584,0.3430964389419678,1.0308572087310923,0.16725300252206624,0.3345018219206523,0.333392169481664,0.996682671464634,0.9986395131645148,0.27108154906230764,0.271081549062306,0.9445499105485357
1,1946,5,1.2805614189060703,1.639837547590728,0.49459718058258606,1.0274524214596414,1.0536521046058465,4.445673893595714,0.1664144687403581,0.8252424232786287,0.17851231744613616,0.8285453486594494,1.0040023698341844,0.016313377333843575,0.9244816258832258,1.1202546061681193,0.16785299453582256,0.8392551053802559,0.8377096186818753,0.9981585018804486,0.9890603261344345,0.257413764147965,0.2573465032256956,0.8878566392633137
1,1946,10,1.6064676908182893,2.5807384416430468,0.9480755756721602,1.0274524214596414,1.0536521046058465,4.445673893595714,0.1664144687403581,1.5955025811073895,0.35352018384012535,1.6175224390548923,1.0138012048418112,0.12299642400521078,2.047124477801106,1.2830593331790527,0.16598260493525607,1.6596797186378587,1.6990639509681236,1.0237300196465542,0.9520079795308646,0.20670618620808523,0.20732834191148564,0.8254061346836807
1,1946,20,2.511057369300768,6.305409111919693,1.8414078542142285,1.0274524214596414,1.0536521046058465,4.445673893595714,0.1664144687403581,2.889610719481573,0.7044322099657122,2.961269625759116,1.024798809678557,0.5637620748865525,5.200127267690342,1.799594399560955,0.16631024857219506,3.325858075218888,3.567125242279698,1.0725428330386377,0.8301557766069942,0.1581566644128384,0.15899475190301843,0.697990565544042
1,1946,40,4.375452444084109,19.144584090441604,2.952019860506374,1.0274524214596414,1.0536521046058465,4.445673893595714,0.1664144687403581,5.460949697653907,1.3980813050151046,5.331254214487712,0.9762503794492166,2.9403273782111863,16.313155089245807,2.9872377502862077,0.15168417170191886,5.997424642677464,7.755476805700361,1.293134514857037,0.6874179819052751,0.18524056599119113,0.19452667068816953,0.52744997635798
1,1946,80,10.862688715912256,117.99800613880745,4.770667727194156,1.0274524214596414,1.0536521046058465,4.445673893595714,0.1664144687403581,7.624351921583962,1.6351523933134255,8.528554429078461,1.1185940151758695,10.73199345749249,57.45849256093566,7.5361805372959,0.14862005771047765,11.767599227522606,20.56922172560985,1.747953964773171,0.41462698700262085,0.22163171263613388,0.22659188353607887,0.4118758119569629
1,1946,160,165.42399972885326,27365.099686291644,10.217023746410472,1.0274524214596414,1.0536521046058465,4.445673893595714,0.1664144687403581,15.454143242214375,2.9228634266090854,33.29479719617538,2.154425300344548,34.04995880970298,341.89291537293207,22.12305852316814,0.1712560766862711,26.738618915763574,111.61810460628224,4.174415475904723,0.2982920854427539,0.238765921031506,0.23778871555297154,0.3958748838631556
1,2005,1,1.062883859464006,1.1297220987091008,0.12197167213249416,1.0249814431461284,1.062883859464005,4.452260857922072,0.1554580168629855,0.1554580168629855,0.035664182643806996,0.1554580168629855,0.9999999999999936,0.0,0.1554580168629855,0.9999999999999936,0.1554580168629855,0.1554580168629855,0.1554580168629855,0.9999999999999936,0.9999999999999936,nan,nan,nan
1,2005,2,1.1290894705041643,1.2748430324033742,0.24282305919101393,1.0249814431461284,1.062883859464005,4.452260857922072,0.1554580168629855,0.31032546604152383,0.07094513281111245,0.310376159439728,1.0001633555855078,0.00021279031239134362,0.32170905135346817,1.036682730093508,0.15601678707654276,0.3120315800606156,0.310597159866987,0.9954029646827705,0.9992884660395651,0.20163230126276188,0.2016323012627606,0.9327104572701244
1,2005,5,1.349171799911915,1.8202645456775566,0.5989818452936115,1.0249814431461284,1.062883859464005,4.452260857922072,0.1554580168629855,0.7686483770320603,0.17394704291873248,0.7705859638074254,1.0025207713087818,0.006355247479803292,0.8877726301713192,1.1549788651076396,0.1571708025247669,0.7858364601506646,0.7758791251141705,0.9873289984094324,0.99317785317917,0.09687219777448904,0.09665961443630519,0.8503752920936583
1,2005,10,1.804426663737105,3.255955584805419,1.1804858070169775,1.0249814431461284,1.062883859464005,4.452260857922072,0.1554580168629855,1.5025043139923893,0.33376590955803215,1.5265514494434258,1.016004703099413,0.06556920552920109,2.085928779006565,1.388301357660614,0.15797924472109257,1.5797540565208656,1.5801771572974472,1.0002678269916978,0.966063483700943,0.09326331658865702,0.09359815999998286,0.7533882227471389
1,2005,20,3.0302963485155976,9.182695959826964,2.2173208390586545,1.0249814431461284,1.062883859464005,4.452260857922072,0.1554580168629855,2.8863818789840194,0.6198406673060083,3.2352854593413083,1.120879216605981,0.7165721883710906,5.847814123371223,2.026001537062587,0.15834203499271157,3.1667473526291645,3.6438087930062446,1.1506471427160119,0.8878856282335568,0.3715717015677103,0.3720447675477632,0.6476233809823687
1,2005,40,4.577549688953059,20.95396115483425,3.0423277050984856,1.0249814431461284,1.062883859464005,4.452260857922072,0.1554580168629855,5.6481440115835655,1.192187479744971,10.187477621005877,1.8036858833827116,7.209909926185827,23.001829069471462,4.072457965359572,0.14727230567639218,5.865226724878514,12.153479150160537,2.0721243560132394,0.8382354957898049,0.3291797948620023,0.3461492639949938,0.5723225824488279
1,2005,80,12.55777665466981,157.69775450857009,5.060680254860452,1.0249814431461284,1.062883859464005,4.452260857922072,0.1554580168629855,11.095387648879518,2.1878801413028346,13.422201026957222,1.2097099670341556,15.068758569602965,56.71290897536317,5.111395002146716,0.17885670506897663,13.998763035136832,29.71477841401298,2.122671720310503,0.4517011986408602,0.33435789422910367,0.3412107942078218,0.5640151051466874
1,2005,160,221.04312219950256,48860.06187170422,10.796715611116788,1.0249814431461284,1.062883859464005,4.452260857922072,0.1554580168629855,16.722162815104372,4.530219000515152,92.23246629351188,5.515582362958604,91.3802713796118,505.33177978153793,30.219283556137523,0.18310501370917287,28.71128611101707,142.61651264755426,4.967263120715082,0.6467166009131382,0.17008620379350006,0.16314126212343233,0.3293948442431083
1,2064,1,1.0559499916706288,1.115030384909201,0.10888165558042133,1.0247277835466235,1.055949991670628,4.443709946627694,0.18934325097518467,0.18934325097518456,0.03841175706194502,0.18934325097518456,0.9999999999999947,4.079219866531555e-16,0.18934325097518456,0.9999999999999947,0.18934325097518456,0.18934325097518456,0.18934325097518456,0.9999999999999947,0.9999999999999947,nan,nan,nan
1,2064,2,1.1136000306082838,1.2401050281707706,0.2151960761678096,1.0247277835466235,1.055949991670628,4.443709946627694,0.18934325097518467,0.37552896662637514,0.07636071594906542,0.37548530646066997,0.9998837368895976,0.00038987105872378297,0.38634647054205196,1.0288060439461078,0.18799519693776534,0.37598065733705677,0.3762860869432151,1.0008123545724947,0.9978718838927814,0.19063479168375652,0.19063479168375552,0.9496248022585483
1,2064,5,1.293059247124115,1.672002216573183,0.5140218403632956,1.0247277835466235,1.055949991670628,4.443709946627694,0.18934325097518467,0.9236892874925628,0.1890739676552648,0.9219777243014805,0.9981470357897844,0.010617223718025766,1.03255570751288,1.1178604336917706,0.18640711909170873,0.9319994985421219,0.9403928547026008,1.0090057517988016,0.9804176198181077,0.11226063224202698,0.11247863497842434,0.8938790584765255
1,2064,10,1.5917666984171717,2.5337212221899033,0.9296890609257504,1.0247277835466235,1.055949991670628,4.443709946627694,0.18934325097518467,1.860964442064871,0.382920464632288,1.848729847961271,0.9934256701379925,0.08592825201633073,2.3947150923113343,1.2868139971842922,0.19323631280045434,1.9304349134340888,2.0104939944987223,1.041472043686888,0.9195400996073182,0.2663560986030111,0.26918710158698983,0.8299596942897295
1,2064,20,2.282654984306169,5.2105137773777965,1.6506784646034172,1.0247277835466235,1.055949991670628,4.443709946627694,0.18934325097518467,4.130569485853803,0.8210519613403455,4.1005215588914865,0.9927254759748688,0.6009829330862183,6.95874573225939,1.6846940249017484,0.22083965095558894,4.378774686958064,5.047275943562994,1.1526685669842804,0.8124227018182066,0.36740352365086826,0.3688069164871815,0.7248807782939468
1,2064,40,4.418389858400105,19.5221689408129,2.971550688583421,1.0247277835466235,1.055949991670628,4.443709946627694,0.18934325097518467,6.978176156449097,1.308585555871289,6.036666035083901,0.8650779085742812,3.714015461747489,21.710443477566734,3.1111916625237894,0.21294552880542011,8.441144246137018,11.274141637441419,1.335617696925495,0.5354435157206235,0.22730614110519184,0.23711700319202347,0.5548222205264013
1,2064,80,20.09589164619161,403.84486105547376,6.001030796923039,1.0247277835466235,1.055949991670628,4.443709946627694,0.18934325097518467,10.667775944641333,2.2992079914204306,10.897772795745214,1.0215599626667649,10.427135696011058,104.41805948768726,9.788175157553699,0.19816612442529094,15.526915616503675,28.818458317260042,1.856032391045436,0.3781525255713726,0.10014906930707333,0.08780738395536149,0.33507417374407206
1,2064,160,185.1649454032336,34286.05700618248,10.442494049232511,1.0247277835466235,1.055949991670628,4.443709946627694,0.18934325097518467,25.943197816120225,5.476630899136511,30.038418898259994,1.157853365308541,38.81246200033097,310.4385357755397,11.96608598430544,0.16675085007011312,25.257845501340043,97.28033147401474,3.8514896873865814,0.3087820368527812,0.1329017759695436,0.11584177501717799,0.3603196444070678
1,2123,1,1.060355874645333,1.1243545808948692,0.11720916515297274,1.0205732892578123,1.0603558746453332,4.452808636472415,0.16692379801054424,0.16692379801054424,0.033561578181646436,0.16692379801054424,0.999999999999994,0.0,0.16692379801054424,0.999999999999994,0.16692379801054424,0.16692379801054424,0.16692379801054424,0.999999999999994,0.999999999999994,nan,nan,nan
1,2123,2,1.1250392622635004,1.265713341634401,0.23563586967435607,1.0205732892578123,1.0603558746453332,4.452808636472415,0.16692379801054424,0.3227019321870179,0.06503346674046084,0.3226220195491348,0.9997523639311902,0.0003131880505635725,0.336756770245464,1.043553622264337,0.1632774007984522,0.3264714864323193,0.32303302306486886,0.9894677988420153,0.998727673375819,0.12192974283992697,0.12192974283992625,0.9225561859507325
1,2123,5,1.3472852159358653,1.815177453079351,0.596183233229264,1.0205732892578123,1.0603558746453332,4.452808636472415,0.16692379801054424,0.7243353868093404,0.14696592172820708,0.7223536692820539,0.9972640884825235,0.007765528003235364,0.8711227957475729,1.2026511635512138,0.1529435476006228,0.7631118263047916,0.7310005797465913,0.957920654023024,0.9881711304968651,0.1230158680991921,0.1223114147179565,0.8174802548231965
1,2123,10,1.816472883385901,3.299573736076289,1.1937932892431842,1.0205732892578123,1.0603558746453332,4.452808636472415,0.16692379801054424,1.2142219497936038,0.24917684107150312,1.2041311237597416,0.9916894715701866,0.04542642085973036,1.9111838322577799,1.5739987508730555,0.14041743598057502,1.3960607472609552,1.2811250977743889,0.9176714554061715,0.9399012835292941,0.12867729274542916,0.12513653710849282,0.6844365346540909
1,2123,20,3.008441524951983,9.050720409055414,2.20284435775421,1.0205732892578123,1.0603558746453332,4.452808636472415,0.16692379801054424,2.0388048364486804,0.4362333953751069,2.0310913789758747,0.9962166768810288,0.2206514040640691,5.09180099873442,2.4974440455044435,0.13987524083362846,2.7822236640875,2.6108757796182913,0.9384133322274046,0.7779348963407284,0.19284508848199003,0.19554635894615333,0.5622261660202635
1,2123,40,6.390380929131865,40.83696841941224,3.709587759870621,1.0205732892578123,1.0603558746453332,4.452808636472415,0.16692379801054424,4.874117656390329,1.2986178826662098,5.301805272340722,1.087746674598563,2.027716344673379,16.02289894651152,3.2873434898528378,0.16429118477353297,6.479779685190695,7.552071118980178,1.1654826993948832,0.7020332818392037,0.22736220713823543,0.2352674926233682,0.5430859296045427
1,2123,80,20.028751889865827,401.15090226580395,5.994337671395201,1.0205732892578123,1.0603558746453332,4.452808636472415,0.16692379801054424,8.134616271836984,1.8685027264106704,6.502560955263271,0.7993691082609409,8.97668413520872,43.897392503484,5.396369175453551,0.13602982173096898,10.423127150206142,14.553502448346546,1.396270259262712,0.4468038520859314,0.19225500490565012,0.1781608681380162,0.4323110827490245
1,2123,160,170.82468091553497,29181.071609894338,10.281275545524956,1.0205732892578123,1.0603558746453332,4.452808636472415,0.16692379801054424,18.438076050967986,3.935477476616984,46.49952235294371,2.521929198274595,51.86603876862661,344.01678693456495,18.65795465772061,0.14164607565877518,21.918256620341758,84.00172192931083,3.8325001565750005,0.5535543948976904,0.21161489498174021,0.21640505837997556,0.332010919896212
1,2182,1,1.0504089537912664,1.103358970204863,0.09835913628613722,1.017153887457755,1.0504089537912664,4.454850732343716,0.09610030492863955,0.09610030492863952,0.025601469142861044,0.09610030492863962,0.9999999999999906,4.163336342344337e-16,0.09610030492863962,0.9999999999999906,0.09610030492863963,0.09610030492863962,0.09610030492863962,0.9999999999999896,0.9999999999999896,nan,nan,nan
1,2182,2,1.103297762281826,1.217265952256085,0.19660732115486293,1.017153887457755,1.0504089537912664,4.454850732343716,0.09610030492863955,0.19165672609903486,0.05065218990655536,0.19164008964797408,0.9999131966229393,0.00010031729532217689,0.196351092843219,1.0244936185634173,0.09575270762088402,0.19150414880342004,0.19177441831633496,1.0014112984737022,0.9992995485553224,0.26720404613703197,0.2672040461370292,0.954662711726647
1,2182,5,1.2752494909478418,1.6262612641627296,0.4862836772849896,1.017153887457755,1.0504089537912664,4.454850732343716,0.09610030492863955,0.4729723998938663,0.12182605071678683,0.4722692443845005,0.9985133265502922,0.0030563263537064043,0.5231606544932704,1.1061124382959029,0.09461707570265883,0.47305380879089964,0.4752355830609981,1.0046121059159718,0.9937581721945307,0.19540456221091485,0.1956450743600889,0.8913397751898786
1,2182,10,1.5912881342114418,2.5321979260821315,0.9290876710854873,1.017153887457755,1.0504089537912664,4.454850732343716,0.09610030492863955,0.9074492819474884,0.22368136848657377,0.8993010613559324,0.9910207426975202,0.02722532076849611,1.1533032878617182,1.270928646708054,0.09217707504797144,0.9213203885207734,0.9295628429311203,1.0089463497313673,0.9674451471405991,0.09818631106268916,0.09987927561033438,0.8023782839641
1,2182,20,2.2558574840050634,5.088892988141655,1.627060319313615,1.017153887457755,1.0504089537912664,4.454850732343716,0.09610030492863955,1.4960460838323724,0.34520017418777094,1.4531906321660641,0.9713541901352879,0.1591294665033069,2.7114147348380437,1.812387174526268,0.0865184180312881,1.7255199786366306,1.8231752002252617,1.0565946629408425,0.7970658179128999,0.1523647281183974,0.15450684407453544,0.6958539406207385
1,2182,40,4.295108932340673,18.447960740672634,2.9149538354169278,1.017153887457755,1.0504089537912664,4.454850732343716,0.09610030492863955,1.7300326031449158,0.36757303979301215,1.7047032491110585,0.9853590308137467,0.39420511044140694,8.69229094019515,5.0243509425163335,0.09662647964640804,3.8205994028795836,4.556045157503642,1.1924948619501308,0.3741629396063982,0.250845622401207,0.2711988353207781,0.5731854500994529
1,2182,80,8.203354224946972,67.29502053995535,4.20908624490824,1.017153887457755,1.0504089537912664,4.454850732343716,0.09610030492863955,4.833973999383988,0.9139553944799746,7.240273181727574,1.4977890205140176,5.044942754373535,46.64475088652218,9.649359076500264,0.11962830985029385,9.358216622353655,16.628853825353954,1.7769255079683848,0.4354042231514691,0.1917472570130823,0.21318267935114657,0.4235474896692202
1,2182,160,77.14907584976021,5951.979904472054,8.691479200242453,1.017153887457755,1.0504089537912664,4.454850732343716,0.09610030492863955,8.60241137298273,2.0973331997376863,38.50655212048445,4.476250954635874,41.03985154007893,260.24300807288733,30.25233237394607,0.13883742510775451,21.514700154544897,91.02416769949359,4.230789508831015,0.4230365747216679,0.24530142658036858,0.2515911312138433,0.4125145893651861
1,2241,1,1.061658671159221,1.127119134047563,0.11966493847488502,1.0301019804787863,1.0616586711592213,4.460673311763293,0.1429119125575349,0.14291191255753485,0.02916665807305401,0.14291191255753485,0.999999999999993,0.0,0.14291191255753485,0.999999999999993,0.14291191255753485,0.14291191255753485,0.14291191255753485,0.999999999999993,0.999999999999993,nan,nan,nan
1,2241,2,1.1255174538431716,1.2667895389056159,0.23648577775877833,1.0301019804787863,1.0616586711592213,4.460673311763293,0.1429119125575349,0.28796899953581134,0.058474987961323055,0.28798377300030575,1.0000513022739157,0.00014001063037177256,0.29654239112076397,1.0297719254460425,0.1439452700148299,0.28788317442840394,0.2885811369489835,1.0024244644445248,0.9979299965514227,0.1733744257093895,0.1733744257093883,0.947475127940396
1,2241,5,1.3265107055513754,1.7596306519424079,0.5651039301761257,1.0301019804787863,1.0616586711592213,4.460673311763293,0.1429119125575349,0.7366264045117598,0.14705948195007773,0.7371065521122907,1.000651819698003,0.004761552939997622,0.8237167825059084,1.1182286943024689,0.14659892657548443,0.7328966052849639,0.7473626376964698,1.019738162664678,0.9862769623916556,0.3055100233147381,0.3058501817374814,0.8890015471460353
1,2241,10,1.671462354928994,2.7937864039447784,1.027397809789621,1.0301019804787863,1.0616586711592213,4.460673311763293,0.1429119125575349,1.5074819387977683,0.29276089935243926,1.5167416788774317,1.0061425214069544,0.0580419950535873,1.934959177815783,1.2835703884843428,0.14631614954830247,1.4628864786547489,1.5804325128344414,1.0803521229397002,0.9597003773082446,0.3578566849245479,0.3577770861538237,0.8128412832057309
1,2241,20,2.6927520820115585,7.250913775177583,1.9811274988799963,1.0301019804787863,1.0616586711592213,4.460673311763293,0.1429119125575349,2.9702589547837013,0.5618179543831217,3.1851523509595743,1.0723483707808636,0.4744575568728183,5.574651844141093,1.8768235123617516,0.14522038604213594,2.900823661668441,3.7835003441529675,1.304284846455246,0.8418533266111412,0.2819474125464672,0.2840923708143767,0.6973083929178174
1,2241,40,8.300088318145132,68.89146608900928,4.232532310972634,1.0301019804787863,1.0616586711592213,4.460673311763293,0.1429119125575349,5.887299188766381,1.2272182257704654,6.197224399067614,1.052643020231179,3.1475836885105597,23.413902619770184,3.9770193205819235,0.1668706601203488,6.618187641683026,11.321271803234955,1.7106302232851047,0.5473964857284682,0.30620204400712214,0.3127872537647418,0.535746618287044
1,2241,80,39.386713904887124,1551.3132322254287,7.346857097799542,1.0301019804787863,1.0616586711592213,4.460673311763293,0.1429119125575349,15.765831810881817,4.206335265531708,14.142104947169365,0.8970097560858329,17.850624106108878,70.26261059182922,4.456638345166976,0.15982768761865987,12.542615522563333,29.407203490732453,2.3445830287814244,0.4809061477615913,0.17912588708286323,0.1893517718309426,0.4634598515906314
1,2241,160,289.22008830033104,83648.25947645129,11.33437589898333,1.0301019804787863,1.0616586711592213,4.460673311763293,0.1429119125575349,42.845115748166116,8.331504179578157,32.93535053771354,0.7687072368131777,57.427089083063954,266.9189625312377,6.22985742645969,0.1627581706395838,25.554502123811154,84.16529044258999,3.2935601732645976,0.39131749399925236,0.21235088220975123,0.20607527151480834,0.3641536482346352
1,2300,1,1.0461109521989584,1.0943481243106115,0.09015886573071402,1.0136692137402954,1.0461109521989589,4.4435225680569,0.14804969636380336,0.14804969636380352,0.03953313636709294,0.14804969636380352,0.9999999999999932,0.0,0.14804969636380352,0.9999999999999932,0.14804969636380352,0.14804969636380352,0.14804969636380352,0.9999999999999932,0.9999999999999932,nan,nan,nan
1,2300,2,1.0946639796133968,1.198289228263039,0.1808948964837888,1.0136692137402954,1.0461109521989589,4.4435225680569,0.14804969636380336,0.28804498853917765,0.07748689399258576,0.2879979285343357,0.9998366227266039,0.0003190140034510823,0.29808228653653224,1.0348462858120109,0.1456676328424517,0.29129565938696245,0.2881002225690492,0.9890302628448392,0.9996449359399923,0.14042263566063834,0.14042263566063737,0.9355315100424685
1,2300,5,1.2550535486704695,1.5751594100303385,0.4543564798736101,1.0136692137402954,1.0461109521989589,4.4435225680569,0.14804969636380336,0.6676208822472806,0.18256516295679825,0.6662248679900025,0.9979089715519683,0.008330597286673208,0.7616550415961596,1.1408496376451696,0.13882153207602713,0.6933356904520331,0.668172479559073,0.9637070307507818,0.9970851664373296,0.08538011954495792,0.08615948360800542,0.857296179812379
1,2300,10,1.5695782850385787,2.4635759928646457,0.9016139500457508,1.0136692137402954,1.0461109521989589,4.4435225680569,0.14804969636380336,1.2065156291437604,0.33284173450427745,1.193814205705794,0.9894726407755021,0.0641353320998878,1.597724708285141,1.3242470049219437,0.1290122098303518,1.284815950115063,1.2090600916695662,0.9410375793990465,0.987390299234242,0.030595968679993653,0.031497668682375336,0.7598045765386403
1,2300,20,2.3652903957197893,5.594598656084277,1.721801606587636,1.0136692137402954,1.0461109521989589,4.4435225680569,0.14804969636380336,2.1425161158933657,0.5741808158771454,2.0579108779672737,0.9605112711645508,0.4057387587478702,3.7010507701078383,1.727431939789451,0.1177923229680377,2.338514408140616,2.1715209976252927,0.9285899586788936,0.9476817770667378,0.04590604730751149,0.04396649973745326,0.6285532798025435
1,2300,40,6.166658845837529,38.02768132094624,3.638314350345605,1.0136692137402954,1.0461109521989589,4.4435225680569,0.14804969636380336,4.330484733322512,1.0666095302260705,3.951393882916534,0.9124599499245605,2.238826322262921,10.297077873137766,2.377811840301179,0.12180742001365735,4.841328162689686,4.855515239087116,1.0029304099868221,0.8137949709451295,0.1734306337570785,0.1876440330156281,0.5346308644589379
1,2300,80,26.535821355082376,704.1498149888458,6.556991138900072,1.0136692137402954,1.0461109521989589,4.4435225680569,0.14804969636380336,9.112131871494567,1.8320699871509332,10.398341611593136,1.1411535476261279,6.753557996761,44.290178108943856,4.860572556845514,0.1456444539363075,11.436270591330388,18.233844822785713,1.5943873203392398,0.5702769609292149,0.17303321687713227,0.1731769304874951,0.4696212048371019
1,2300,160,155.6426632450416,24224.638622009425,10.095125519083588,1.0136692137402954,1.0461109521989589,4.4435225680569,0.14804969636380336,14.784285477068863,3.168234349499648,24.45832745039932,1.6543462643720832,29.245843158344712,498.01125051893735,33.685175471711275,0.1780861739043644,27.59812431102174,108.90074219794977,3.9459472307130152,0.22459284442654412,0.1731647417983263,0.1763667936016588,0.30962642139755847
1,2359,1,1.0577552603392075,1.1188461907752647,0.11229796749205195,1.0293583401025241,1.0577552603392082,4.455583427764852,0.1600924044515049,0.16009240445150502,0.034189280074263535,0.16009240445150502,0.9999999999999938,0.0,0.16009240445150502,0.9999999999999938,0.16009240445150502,0.16009240445150502,0.16009240445150502,0.9999999999999938,0.9999999999999938,nan,nan,nan
1,2359,2,1.1178364782053194,1.2495583920064715,0.2227902024990466,1.0293583401025241,1.0577552603392082,4.455583427764852,0.1600924044515049,0.32126903222434156,0.06819311181508708,0.32124993710524374,0.9999405634618233,0.0003268263082910544,0.3307045396733296,1.0293694894389889,0.16083137801185596,0.3216593761484479,0.32177615277649646,1.0003630443777074,0.9983646529840289,0.0640758250759429,0.06407582507594249,0.9472122781256992
1,2359,5,1.3114514458995494,1.7199048949520188,0.5422689956640652,1.0293583401025241,1.0577552603392082,4.455583427764852,0.1600924044515049,0.8110280179701914,0.1695815878706558,0.8103239489483839,0.999131880765882,0.011527322706569377,0.9101138039745231,1.1221730739368518,0.16374594058141356,0.8186050768854836,0.8217938861139916,1.0038954183385222,0.9860428054291733,0.035122024044301356,0.03507645036169469,0.8831794809021265
1,2359,10,1.6735373873768096,2.8007273869479974,1.0298791644967595,1.0293583401025241,1.0577552603392082,4.455583427764852,0.1600924044515049,1.6630199524755611,0.3425792204852098,1.6609990441729863,0.9987847961177089,0.13063569476222878,2.167460434625227,1.3033279795583677,0.17209432941828717,1.7183560821939288,1.7561852973684888,1.0220147707256695,0.9457994248453548,0.03548242188400588,0.03600036391849985,0.7986358279322491
1,2359,20,2.5204946381005247,6.3528932206934945,1.8489103344449702,1.0293583401025241,1.0577552603392082,4.455583427764852,0.1600924044515049,3.6945335563953337,0.7452269214833325,3.6466528569492125,0.9870401232753079,0.793111593141887,5.832804345592699,1.5787661030973617,0.18229351788922935,3.6365283629756977,4.124927663050044,1.1343037235861673,0.8840525591793803,0.15812525684112064,0.16296992330832533,0.7193822067603893
1,2359,40,7.0625414582008075,49.87949184880519,3.9096099332861094,1.0293583401025241,1.0577552603392082,4.455583427764852,0.1600924044515049,6.861279503421166,1.3417664861757577,5.663837721816845,0.8254783556030251,4.776920934225213,19.06379704954135,2.778460932838514,0.1835264347574793,7.312590809803345,8.950043278306833,1.2239223431329287,0.6328279702898071,0.19078300588509428,0.1892262313841551,0.510694209927191
1,2359,80,51.91476853935327,2695.1431924946237,7.899206614582675,1.0293583401025241,1.0577552603392082,4.455583427764852,0.1600924044515049,12.381538485914303,2.791156578428152,9.931998136432508,0.802161875741978,16.13791720752224,106.47419303418141,8.599431577530561,0.20992391664321228,16.594597824880793,30.632305876123418,1.8459203530799315,0.3242327945077775,0.1607890714525621,0.1645764717018741,0.3673765788670504
1,2359,160,408.95743334590384,167246.18228886937,12.027222151355476,1.0293583401025241,1.0577552603392082,4.455583427764852,0.1600924044515049,25.580136064168926,5.490053235689578,35.489916446865436,1.3874013944975656,40.27997376802398,543.0993861499496,21.231293875355483,0.19120346901037105,30.164670787360883,132.31615965888335,4.386461254346735,0.26822057516149156,0.1533784572322124,0.1478161129330544,0.3232756289410706
1,2418,1,1.070596926893954,1.146177779874778,0.1364327370417962,1.0255502930564344,1.0705969268939541,4.446740441926506,0.23265084915484677,0.23265084915484677,0.045131442775079404,0.23265084915484677,0.9999999999999957,0.0,0.23265084915484677,0.9999999999999957,0.23265084915484674,0.23265084915484677,0.23265084915484677,0.9999999999999957,0.9999999999999957,nan,nan,nan
1,2418,2,1.1454892915536976,1.3121457170641921,0.2716637491901674,1.0255502930564344,1.0705969268939541,4.446740441926506,0.23265084915484677,0.46323124872764926,0.0905589356733327,0.4633278192120525,1.0002084714376838,0.0004074803567306147,0.48513859470149,1.0472924614520551,0.23461365451263896,0.4692110236455682,0.4641008870573907,0.9891090866781541,0.9983342676842512,0.07419574408854981,0.0741957440885495,0.9153679244310045
1,2418,5,1.3927851896062304,1.9398505843864633,0.6626109517516776,1.0255502930564344,1.0705969268939541,4.446740441926506,0.23265084915484677,1.137578242200075,0.22863318368519214,1.140729825969707,1.0027704325317752,0.0116756127904075,1.3563236363540578,1.1922904166406418,0.23917126088404186,1.1956802403188458,1.1537828833523855,0.964959396706858,0.988686729911651,0.05082604097295801,0.05034740558782348,0.8220694377885132
1,2418,10,1.85570104815115,3.4436263801092766,1.2365250963918104,1.0255502930564344,1.0705969268939541,4.446740441926506,0.23265084915484677,2.1696705423696865,0.4591501386102859,2.198679965747909,1.0133704278192106,0.09758090451865849,3.1022109291669118,1.429807368716319,0.23860489910166827,2.3855656639162017,2.278764566753191,0.9552302840460554,0.9648561320578246,0.040196790530553486,0.03986157023968609,0.7312432981118521
1,2418,20,2.8317633161575837,8.018883478735795,2.0817991950715835,1.0255502930564344,1.0705969268939541,4.446740441926506,0.23265084915484677,3.733521933497805,0.8401852691923216,3.767941028762685,1.009218934796141,0.5493206849162323,7.493954737775316,2.0072079048306253,0.2218544699890531,4.420425169706488,4.35007355988868,0.9840848771064075,0.8661786925872369,0.09485227339382506,0.09807482972879136,0.6181058202037866
1,2418,40,4.882721475710708,23.840969009366557,3.1714054877371547,1.0255502930564344,1.0705969268939541,4.446740441926506,0.23265084915484677,6.930236890204316,1.4947947322069453,8.31085211362854,1.1992161660989802,3.7559533042627558,22.653001193647615,3.2687196054823113,0.19424919812501723,7.64779100944349,11.097532542610944,1.4510768572137647,0.7488918894103305,0.25939544169861456,0.24131052265997463,0.5949143129432997
1,2418,80,19.86732325929881,394.7105334894755,5.978152669643523,1.0255502930564344,1.0705969268939541,4.446740441926506,0.23265084915484677,8.75245644799276,1.9701065041388643,14.510685960398156,1.6578986764025492,12.047477759719259,84.92796111909912,9.70332861679946,0.18698208841388658,14.790801881354616,28.519033314112995,1.9281600512859467,0.5088070763330313,0.1458898643870723,0.1496058311491333,0.4399297961088806
1,2418,160,354.6589940921,125783.00209042021,11.742313495601026,1.0255502930564344,1.0705969268939541,4.446740441926506,0.23265084915484677,14.95077170534264,3.4728006712019024,43.794835920193115,2.9292692566861334,50.417058016117124,463.6398364535561,31.01109732602464,0.16241301667714148,25.304974324355243,124.15591474247277,4.90638374696854,0.35274063270391454,0.19341365711967345,0.1943282715472572,0.339181261877381
1,2477,1,1.059079688402635,1.1216497863870225,0.11480062503185322,1.0372155101906027,1.059079688402636,4.452478192453669,0.18822455352362943,0.18822455352362938,0.04097096855631789,0.18822455352362938,0.9999999999999947,0.0,0.18822455352362938,0.9999999999999947,0.18822455352362938,0.18822455352362938,0.18822455352362938,0.9999999999999947,0.9999999999999947,nan,nan,nan
1,2477,2,1.1214997935840494,1.2577617870090654,0.22933378184930656,1.0372155101906027,1.059079688402636,4.452478192453669,0.18822455352362943,0.37869432123301744,0.08295154748545593,0.37870252400614823,1.000021660671074,0.0002843358715135474,0.39141490559213127,1.033590639325393,0.1901008859347517,0.3801834322377574,0.37958617866507877,0.9984290384008472,0.9976720578656495,0.29957195061164665,0.29957195061164504,0.9406950639085601
1,2477,5,1.3301055215822801,1.7691806985436695,0.5705165572439939,1.0372155101906027,1.059079688402636,4.452478192453669,0.18822455352362943,0.960985964502685,0.2146871213141994,0.960698285879654,0.9997006422219903,0.007695401381552842,1.1001544409968373,1.1448184277760722,0.1955516111886806,0.97744234759975,0.9747253142822212,0.9972202623262622,0.9856092499117071,0.33926882899673066,0.3396230102326214,0.8624705582873147
1,2477,10,1.7560314018303331,3.083646284214205,1.1261127552886783,1.0372155101906027,1.059079688402636,4.452478192453669,0.18822455352362943,1.9280350451734818,0.4418890708109553,1.9168400604730351,0.9941935782088233,0.07790464204118319,2.5850581603211253,1.3407734298151848,0.19750028716869003,1.9743489144465554,1.9892639983147502,1.007554431619993,0.9635925961043523,0.370331992294476,0.3709436181670275,0.7629830220952438
1,2477,20,2.851648336046813,8.131898232478557,2.095794381236067,1.0372155101906027,1.059079688402636,4.452478192453669,0.18822455352362943,3.4887917559799333,0.7891881482596499,3.2614512600600536,0.9348368971778813,0.626080853822344,5.7877120679778065,1.6589445495155815,0.17874198141298167,3.545533069537181,3.715942091235264,1.0480630185520525,0.8776916270446702,0.18638287924137972,0.19499038377797828,0.6751892544134691
1,2477,40,4.575940090006994,20.939227707333217,3.0416243235460834,1.0372155101906027,1.059079688402636,4.452478192453669,0.18822455352362943,4.692492079008982,0.9978333317940971,3.756173558229624,0.8004645495369483,2.297464992220673,19.126477379897203,4.07597435602631,0.1700847641718236,6.763393037156486,7.635897189064619,1.129003910775967,0.4919099177512298,0.1433620605490263,0.1388140442724989,0.46294929147651104
1,2477,80,17.744070254935544,314.8520292120883,5.752102779926173,1.0372155101906027,1.059079688402636,4.452478192453669,0.18822455352362943,5.909995217416024,1.5186582003481803,4.469598863310858,0.7562779154439081,6.6084596407367355,58.476991630033574,9.89459203921335,0.15113610837822275,11.894388745225951,20.972637235346895,1.7632379170190378,0.21311572851591018,0.20993205335240164,0.2006061079435852,0.45837794954693145
1,2477,160,108.79230940553798,11835.766585790307,9.378881292625264,1.0372155101906027,1.059079688402636,4.452478192453669,0.18822455352362943,8.467887932542219,1.8476913206297378,12.932903026252795,1.5272879293254997,17.06178230016774,427.84344004586274,50.525401783088554,0.15523491980768794,24.241779847161588,117.84474549962252,4.861224969560999,0.10974526671869492,0.18971275378071423,0.19732973854175528,0.33857513813665385
1,2536,1,1.0579533362270142,1.1192652616338696,0.11267245363576153,1.0132877638919118,1.057953336227015,4.4400421440729065,0.10413477215373941,0.1041347721537395,0.025516735359402288,0.1041347721537395,0.9999999999999905,0.0,0.1041347721537395,0.9999999999999905,0.1041347721537395,0.1041347721537395,0.1041347721537395,0.9999999999999905,0.9999999999999905,nan,nan,nan
1,2536,2,1.1192286210202673,1.252672706110929,0.22527943358157546,1.0132877638919118,1.057953336227015,4.4400421440729065,0.10413477215373941,0.2079476206432272,0.05117545699835696,0.20793496169319364,0.9999391243333519,9.778596124175138e-05,0.21345943559755845,1.0265057851457065,0.10371177885196745,0.2074218254264879,0.2084166238923592,1.0047960163489298,0.9976889453913459,0.49532137940790405,0.49532137940789933,0.9542279870981457
1,2536,5,1.3215488959817405,1.7464914844705572,0.5576089094845018,1.0132877638919118,1.057953336227015,4.4400421440729065,0.10413477215373941,0.5216511684133088,0.12977637238781797,0.5208647609129405,0.9984924647964246,0.003010067351376313,0.5823921138114709,1.11643977637952,0.10395080351480408,0.5197405732948726,0.5304426305954761,1.0205911522988427,0.9819436275855422,0.5111673218688704,0.5111290665070589,0.893793272938326
1,2536,10,1.7034724329513666,2.9018183298252485,1.0653375507881777,1.0132877638919118,1.057953336227015,4.4400421440729065,0.10413477215373941,1.0651822578578247,0.26877812148036456,1.0564554838329272,0.9918072480455609,0.032044478831907315,1.381247657604095,1.296724243588045,0.108830459514439,1.0867944161030971,1.128352551405441,1.038239187362921,0.936281379890565,0.4896055341267949,0.4904560938457318,0.8070684452419709
1,2536,20,2.4946698761996693,6.223377791218073,1.8283128126015273,1.0132877638919118,1.057953336227015,4.4400421440729065,0.10413477215373941,2.2373379922749095,0.5750275233540513,2.243180494565752,1.0026113632857505,0.3075915195661551,3.980309209917853,1.779037956563148,0.12179142485265498,2.4209054455081076,2.605859737309549,1.0763988086129574,0.8608216560733809,0.38200454582535914,0.38416588486304837,0.6584047587748404
1,2536,40,4.5805584146558305,20.981515390074335,3.043641830582474,1.0132877638919118,1.057953336227015,4.4400421440729065,0.10413477215373941,4.463534119408399,1.0505332450302365,3.650737649458163,0.8179029333693174,2.0391408799654194,14.584404914096,3.2674568008072105,0.11663872933109233,4.633866172947326,5.362721066155643,1.1572887230674456,0.6807621736096103,0.13711550134985506,0.1340827714659902,0.4464496656423763
1,2536,80,13.967829802943982,195.1002694040101,5.27351362847901,1.0132877638919118,1.057953336227015,4.4400421440729065,0.10413477215373941,4.315904185547044,0.9039298552535994,7.861491280459755,1.8215166376459544,4.553392103271458,50.39969145678279,11.677666901308788,0.14846836457967835,11.496048008056768,18.058991471547508,1.5708869220875934,0.4353228303388799,0.17165541893235373,0.16837112269214327,0.4227474998624939
1,2536,160,127.14027237261024,16164.648858981518,9.69058196762119,1.0132877638919118,1.057953336227015,4.4400421440729065,0.10413477215373941,10.969037729276565,2.4381495089254184,25.949209572563035,2.3656778482313094,26.566495030280244,309.79548119716145,28.242721817822865,0.15786299972508303,24.537684639221077,75.88765092892827,3.092698110873482,0.34194245381064015,0.20238519191822293,0.2101150415006422,0.3574313773300568
1,2595,1,1.0525882052378972,1.1079419298059376,0.10250417702920514,1.0324172100163467,1.0525882052378968,4.44934977817756,0.1765879931986375,0.17658799319863747,0.03667878020730277,0.17658799319863747,0.9999999999999943,0.0,0.17658799319863747,0.9999999999999943,0.17658799319863747,0.17658799319863747,0.17658799319863747,0.9999999999999943,0.9999999999999943,nan,nan,nan
1,2595,2,1.1077195797181325,1.227042667290916,0.20460693879241262,1.0324172100163467,1.0525882052378968,4.44934977817756,0.1765879931986375,0.3577686169436881,0.07402043580238638,0.35775605073371736,0.9999648761535344,0.0003294764327223858,0.36645624615335093,1.024282815200164,0.17860577895615726,0.3571890153750066,0.3580500751295216,1.0024106557521373,0.9991788176676157,0.23442090115891798,0.23442090115891664,0.9547703269031034
1,2595,5,1.2866168208704323,1.655382843746738,0.5040323076041319,1.0324172100163467,1.0525882052378968,4.44934977817756,0.1765879931986375,0.9247942252875657,0.1895307695471144,0.9249117151861582,1.0001270443687675,0.011961292760340034,1.0147249803804765,1.0972440707714688,0.18314896215786022,0.9155117396573793,0.9304935922279428,1.0163644570807682,0.9940011655228914,0.16786270130295344,0.16788663016024463,0.8995983840243036
1,2595,10,1.6276501843892717,2.64924512274243,0.9742747400755225,1.0324172100163467,1.0525882052378968,4.44934977817756,0.1765879931986375,1.9161023230505485,0.3900610779317941,1.9228672783298866,1.0035305814297886,0.1350916060672771,2.3849339339768045,1.2446798405733608,0.18744371469054064,1.873694530892066,1.9763536441817067,1.0547896744090746,0.9729368445726895,0.22361604894816464,0.22436422430850936,0.820729574817838
1,2595,20,2.4690151195571066,6.0960356606015935,1.8076386682034544,1.0324172100163467,1.0525882052378968,4.44934977817756,0.1765879931986375,3.7728467807917925,0.7870033212228295,3.815497033721072,1.0113045282269129,0.827137885734927,6.801790260125887,1.802827057476853,0.1987292035473472,3.9658756245927798,4.484654718552901,1.1308107321225913,0.8507894750372773,0.21110255528474844,0.20931019948357255,0.6662464080324204
1,2595,40,6.2959239221948335,39.63865803406517,3.679804855055867,1.0324172100163467,1.0525882052378968,4.44934977817756,0.1765879931986375,6.172761722965534,1.3456205881215477,7.926944448346874,1.2841811824446367,4.899980430960814,22.660441994043346,3.6710378613410586,0.18659299057391576,7.36745659503969,10.809750917097835,1.4672296711426505,0.733314255725244,0.21327489574717773,0.21987167183781084,0.5432585508486659
1,2595,80,34.61519752043666,1198.2118993788442,7.088585640646118,1.0324172100163467,1.0525882052378968,4.44934977817756,0.1765879931986375,7.989986797881922,1.7227488376309594,14.79687957131401,1.8519279124762178,14.245959131261158,63.87561697836362,7.99445838825372,0.16818382841697258,13.138413042147302,26.823585805752174,2.0416153548913094,0.55163689442822,0.18765711351020153,0.1760999087721695,0.47512461648107746
1,2595,160,182.30138249833865,33233.79406080557,10.411322530600135,1.0324172100163467,1.0525882052378968,4.44934977817756,0.1765879931986375,12.848144715527564,2.613192397397561,37.5312449394214,2.921141205240566,35.85204339920777,262.72378138520236,20.44838279784386,0.1693532967171721,26.530493215371806,88.32949950542675,3.3293576108207636,0.42490045963767253,0.16602335391261355,0.1577481117967873,0.392789482760182
1,2654,1,1.0530087723438784,1.108827474633162,0.10330312785607618,1.0156973065066435,1.0530087723438792,4.459440897514335,0.15390281812957757,0.15390281812957757,0.032697363343254675,0.15390281812957757,0.9999999999999936,0.0,0.15390281812957757,0.9999999999999936,0.15390281812957757,0.15390281812957757,0.15390281812957757,0.9999999999999936,0.9999999999999936,nan,nan,nan
1,2654,2,1.107825749926803,1.2272778922008833,0.2047986210971367,1.0156973065066435,1.0530087723438792,4.459440897514335,0.15390281812957757,0.3090448720726731,0.06543231327080067,0.30906410337835405,1.0000622281986138,0.00017366416506230185,0.31636322950665374,1.0236805658184767,0.15412336603589752,0.3082464169221568,0.309442646779629,1.003880758353708,0.9987766928533753,0.29958973026405605,0.2995897302640541,0.9572855295588356
1,2654,5,1.2821117980632473,1.643810662732973,0.49701712134766013,1.0156973065066435,1.0530087723438792,4.459440897514335,0.15390281812957757,0.7687939185094845,0.16129479869315422,0.7686772307187223,0.99984821967506,0.004842841439526314,0.848480257043936,1.103651104172291,0.15264988483693173,0.7631934863626126,0.7770317873877337,1.0181321005385848,0.989248114678681,0.35071327513350514,0.3505553867981509,0.9001654499236192
1,2654,10,1.6145150556312375,2.6066588648599383,0.9580692728641469,1.0156973065066435,1.0530087723438792,4.459440897514335,0.15390281812957757,1.4342880258206534,0.29925194246094755,1.4260713569185863,0.9942712560140304,0.048786344866132154,1.8816615516409942,1.3119133101347387,0.1467569322341363,1.466081193121612,1.5245100854404436,1.0398537902218241,0.9354292703852998,0.37656323086488563,0.3766989901556009,0.8067753037650979
1,2654,20,2.55748090419825,6.540708575338699,1.8780455044532398,1.0156973065066435,1.0530087723438792,4.459440897514335,0.15390281812957757,2.274120567392173,0.48876191272353187,2.256447937806804,0.9922288071095385,0.3201619833481518,5.2265303489905275,2.298264403361868,0.16351837815037845,3.234079808821846,3.4783232761747525,1.075521781091074,0.6487171429011932,0.23525964963370488,0.22430386943064543,0.6670311436589018
1,2654,40,5.090930481736125,25.917573169870014,3.2549212393950944,1.0156973065066435,1.0530087723438792,4.459440897514335,0.15390281812957757,5.695684220261927,1.2563800396126754,4.993812603712005,0.8767713255497781,1.7778423665173757,15.636314500218326,2.745291679723645,0.18059184483267143,7.148557292619704,9.349645694915138,1.3079066603505964,0.5341178443187339,0.3733642508723475,0.38074833841998323,0.6252236172606652
1,2654,80,15.051339387631232,226.54281736165933,5.422933966181769,1.0156973065066435,1.0530087723438792,4.459440897514335,0.15390281812957757,8.000378382855283,1.6397790887417587,8.523446299243139,1.0653803971958105,8.125782326972782,44.92084186731513,5.61483966353141,0.16495817012517386,12.927642913173383,20.987827458016838,1.6234844665016275,0.4061137969755602,0.1912307774626428,0.18988883394213307,0.48401776646741784
1,2654,160,311.8691844386318,97262.38820241734,11.485167638482729,1.0156973065066435,1.0530087723438792,4.459440897514335,0.15390281812957757,20.316152923642267,4.467714907591533,20.051279781317085,0.9869624360812452,27.708687001872715,387.65917850919567,19.081328043070094,0.16581678529536545,26.107497072202186,97.38460814464935,3.730139579268174,0.20589783296693145,0.09663527904927799,0.09496838144075667,0.31484419620309495
1,2713,1,1.047750272386508,1.0977806332860016,0.09329053559163299,1.0177839504127975,1.0477502723865082,4.45400656385865,0.11896551167524747,0.11896551167524747,0.026555695165073927,0.11896551167524747,0.9999999999999916,0.0,0.11896551167524747,0.9999999999999916,0.11896551167524745,0.11896551167524747,0.11896551167524747,0.9999999999999916,0.9999999999999916,nan,nan,nan
1,2713,2,1.097551157948481,1.2046185443140514,0.1861629560914649,1.0177839504127975,1.0477502723865082,4.45400656385865,0.11896551167524747,0.23279134661122672,0.05166333097595381,0.23278842142699416,0.9999874343085507,0.0001351692136107588,0.23927335859304977,1.0278447290940214,0.1167750357273113,0.2335081891805172,0.2333329617033939,0.9992495874438527,0.9976662522413231,0.027275332039497058,0.027275332039496825,0.9523742126808775
1,2713,5,1.2655261744580677,1.6015564982384716,0.4709759677704248,1.0177839504127975,1.0477502723865082,4.45400656385865,0.11896551167524747,0.5418654763037714,0.11805306957234771,0.5416353805438961,0.9995753636835368,0.0034047114270079116,0.6211551854509815,1.1463272945308642,0.11186080954149927,0.55884273841599,0.5537847393436751,0.9909491548791481,0.9780612249911782,0.02148522212913359,0.021228580727020968,0.873014726808106
1,2713,10,1.6408762398387442,2.692474834467336,0.9904607834744902,1.0177839504127975,1.0477502723865082,4.45400656385865,0.11896551167524747,0.9468894489820464,0.2005445358535443,0.9459317371574653,0.9989885706028178,0.0248910685556958,1.4305835013721722,1.5108242075250913,0.10934708479853625,1.0926534504357366,1.0506999819039549,0.9616040488271441,0.9002871927753897,0.03093298208918993,0.030469768877312214,0.7274450415648075
1,2713,20,2.71490463581683,7.370707181579714,1.9975136556793192,1.0177839504127975,1.0477502723865082,4.45400656385865,0.11896551167524747,1.674682885187949,0.3438847651368756,1.6629225229079707,0.9929775586864856,0.15278438881970116,4.238730766193329,2.531064718988643,0.12270479884841885,2.4322773037197316,2.3679561107768397,0.9735551563777185,0.7022607029496108,0.16900081972404898,0.1792310216581584,0.5742111941322215
1,2713,40,5.187582585264722,26.911013078941817,3.2925356109622497,1.0177839504127975,1.0477502723865082,4.45400656385865,0.11896551167524747,5.029182143119789,1.0131929683925773,4.725933326415968,0.939702160694521,1.5158131244062585,14.205031579848042,2.824521199591337,0.15697219226656275,6.128139758982212,7.209925617648444,1.1765276089013184,0.6554760169574894,0.1629993697093509,0.17424625100716631,0.5394624598779336
1,2713,80,14.094980070419158,198.66846318551325,5.291637421236453,1.0177839504127975,1.0477502723865082,4.45400656385865,0.11896551167524747,9.561826300814882,1.9559428835299657,4.961512015642407,0.5188874865065866,9.346483339328637,64.18688519832317,6.712826941109879,0.15824356466886533,12.390687796718488,21.81276647992773,1.7604161155367466,0.22745909007956544,0.23045649272938826,0.22194084070384526,0.43237461686955375
1,2713,160,167.89456705847198,28188.585647751745,10.246672410722915,1.0177839504127975,1.0477502723865082,4.45400656385865,0.11896551167524747,13.731582788024538,3.142159295250473,12.517243785778009,0.9115659847089463,17.504868560835178,328.03852077691243,23.889345157136464,0.14235289865866227,21.81209853219297,89.39320515656313,4.098331255226346,0.1400245551533288,0.15748644727520383,0.16563359320824708,0.3554631979284125
1,2772,1,1.0642804205680025,1.1326928136044043,0.12459781872166799,1.0248170009530086,1.0642804205680032,4.457087049675508,0.13886583344347772,0.13886583344347753,0.03038112182478243,0.13886583344347753,0.9999999999999928,0.0,0.13886583344347753,0.9999999999999928,0.13886583344347753,0.13886583344347753,0.13886583344347753,0.9999999999999928,0.9999999999999928,nan,nan,nan
1,2772,2,1.1332571576428758,1.28427178534881,0.25019185370106606,1.0248170009530086,1.0642804205680032,4.457087049675508,0.13886583344347772,0.27236411666653193,0.05937542835783646,0.2723915869486326,1.0001008586682998,0.00021310669607587867,0.27972742221897073,1.0270347857954174,0.13546339947446936,0.27083910913370085,0.2729820510256598,1.0079122320953289,0.9978369857109297,0.584046222818805,0.5840462228188008,0.9543473306720467
1,2772,5,1.3677724912232945,1.870801587747177,0.6263669955688155,1.0248170009530086,1.0642804205680032,4.457087049675508,0.13886583344347772,0.6393864351925298,0.1376358720087604,0.6392158569760709,0.9997332157720729,0.005490952833475251,0.7065079364607318,1.104977987604616,0.12429571901491608,0.6190602920650459,0.6521295818984618,1.0534185284653022,0.9801976090629138,0.602252981403985,0.6038581444815123,0.9140300084502859
1,2772,10,1.838101695877708,3.3786178443885064,1.2174667040850686,1.0248170009530086,1.0642804205680032,4.457087049675508,0.13886583344347772,1.1628914190206951,0.24501367200960386,1.1506898944250186,0.9895075977033583,0.04063957480232348,1.5213209994551757,1.3082227408095617,0.11466414875491877,1.1391902643857592,1.308649566217207,1.1487541696318986,0.8792956679389816,0.4616365832116751,0.48190471432366233,0.8585501482233525
1,2772,20,2.997938436262333,8.987634867619041,2.19584972906743,1.0248170009530086,1.0642804205680032,4.457087049675508,0.13886583344347772,2.287818807991967,0.4685224777576398,2.2103197675636683,0.9661253591597488,0.24884080574040507,4.67207380784915,2.0421520233719286,0.13882179917310786,2.722146916333454,3.341869289261675,1.2276594144165236,0.6614022202083186,0.3896596437278072,0.39924596661175754,0.7026227857045289
1,2772,40,5.590733788061507,31.256304288972565,3.4422210930833104,1.0248170009530086,1.0642804205680032,4.457087049675508,0.13886583344347772,4.736505526386831,1.0229720987019324,4.586438278230219,0.9683168852394246,1.7688163968778343,16.54500523827676,3.4930826420671055,0.15036050921063943,5.939491038932256,7.72021782639433,1.2998113433945335,0.5940814600528286,0.05184472536950378,0.052638834883267815,0.503892684211797
1,2772,80,12.393654899538836,153.602681768863,5.034369279993859,1.0248170009530086,1.0642804205680032,4.457087049675508,0.13886583344347772,6.665994608154679,1.8897227720703995,10.617192525899263,1.5927394409996947,9.96574886903609,49.739456745353905,7.461670713700603,0.13834168049308776,10.719128326292797,18.830410115380314,1.7567109509447207,0.5638322511747816,0.18481929905176095,0.17639422268629226,0.49629557799949464
1,2772,160,40.875265945044355,1670.7873660781027,7.421050270994062,1.0248170009530086,1.0642804205680032,4.457087049675508,0.13886583344347772,9.32221551071548,2.103755571407854,42.43002351781294,4.551495668496558,41.643524751990356,287.163129003896,30.804171891736942,0.12492094990778474,19.303042419229477,95.83811877963466,4.964922974223058,0.44272596392855335,0.26564565256306094,0.2812623642190693,0.3607476899332352
1,2831,1,1.0478108902090948,1.0979076616407757,0.09340624268467465,1.0262792457407008,1.0478108902090955,4.451905168929943,0.11264065114737443,0.11264065114737448,0.030867647829547394,0.11264065114737448,0.9999999999999911,0.0,0.11264065114737448,0.9999999999999911,0.1126406511473745,0.11264065114737448,0.11264065114737448,0.9999999999999911,0.9999999999999911,nan,nan,nan
1,2831,2,1.0953683225617663,1.1998317620717778,0.1821813486917395,1.0262792457407008,1.0478108902090955,4.451905168929943,0.11264065114737443,0.22177007441194313,0.06131084076505329,0.2217968344800892,1.0001206658211934,0.00017102639214695468,0.2271519593816012,1.0242678593310117,0.11097472844607785,0.22192406441973214,0.22196288634880684,1.0001749333907308,0.9992518935419784,0.3210807012023492,0.32108070120234633,0.9559757610992758
1,2831,5,1.235798116022823,1.527196983565559,0.42343401828703575,1.0262792457407008,1.0478108902090955,4.451905168929943,0.11264065114737443,0.5355914544657957,0.15132265841026465,0.5366246261291484,1.0019290294024243,0.005470804745899077,0.5846864625146504,1.0916650324412316,0.10679025359520429,0.5335890895314358,0.5394602064354972,1.0110030677524084,0.9947436710390819,0.38470707363292367,0.38470422932475973,0.9094183667341764
1,2831,10,1.4935669889356706,2.2307423504383657,0.8023344226488466,1.0262792457407008,1.0478108902090955,4.451905168929943,0.11264065114737443,1.0388190295120272,0.2997396773098974,1.0514167381493869,1.0121269521249299,0.05623913429870983,1.2480041220272988,1.2013681753726946,0.1013799512473963,1.0117133384775872,1.0686721795060083,1.0562993872494861,0.9838533820871066,0.36069956247164214,0.3629095224978401,0.8554757098559939
1,2831,20,2.1151779283457026,4.473977668560818,1.4982778716743494,1.0262792457407008,1.0478108902090955,4.451905168929943,0.11264065114737443,1.9199996467839884,0.5472318741430499,2.027347746971846,1.0559104791335068,0.43423429357644744,2.8137625664105985,1.4655016062756403,0.09037292336921857,1.7858651913159316,2.1229196593373767,1.1887345526753237,0.9549809094540288,0.26337142323145885,0.2737912586004367,0.7805135968898895
1,2831,40,4.851421998913928,23.53629541154601,3.1585437152566045,1.0262792457407008,1.0478108902090955,4.451905168929943,0.11264065114737443,2.81707595154816,0.6557338983437253,3.044536289206002,1.0807434167803809,1.2055822222253998,8.62932363373859,3.0632200842849953,0.08295203930806774,3.2674372539540797,4.295005332953154,1.3144874711076897,0.7088550661036417,0.08013924814404201,0.0751253894184595,0.5415298661036042
1,2831,80,19.557021808293374,382.47710201006265,5.946668787448688,1.0262792457407008,1.0478108902090955,4.451905168929943,0.11264065114737443,8.092052356587093,1.8196181493536148,6.261158195510165,0.7737416812946664,5.183882337877525,34.653688944402134,4.282435087829521,0.09900548474343691,7.726958010130583,11.79301539640331,1.5262170935757435,0.5309208870718275,0.14406536180489565,0.14833805791324625,0.3865891890928466
1,2831,160,86.6046826265899,7500.371052852363,8.922707772014267,1.0262792457407008,1.0478108902090955,4.451905168929943,0.11264065114737443,41.047630490202884,8.718307005264913,34.19492678991534,0.8330548287818191,47.259839122515814,231.76268364902768,5.646189094991587,0.11880985681160273,18.399321370886707,69.92619370104248,3.800476783436528,0.48901455920952774,0.21129607986465992,0.23441330479307176,0.36210189069850096
1,2890,1,1.0586333409541833,1.120704550579816,0.11395755054749454,1.0235031676988826,1.058633340954184,4.451954695905665,0.10874157612449535,0.10874157612449524,0.023728235088309468,0.10874157612449524,0.9999999999999908,0.0,0.10874157612449524,0.9999999999999908,0.10874157612449524,0.10874157612449524,0.10874157612449524,0.9999999999999908,0.9999999999999908,nan,nan,nan
1,2890,2,1.1207535463550693,1.2560885116674645,0.2280025366358596,1.0235031676988826,1.058633340954184,4.451954695905665,0.10874157612449535,0.21835944402601098,0.04765980967033176,0.21834538663658212,0.9999356227091869,9.895981781159581e-05,0.22715330033499487,1.040272388255098,0.11039155738872661,0.22075881367023034,0.21845063887125996,0.9895443594726898,0.9995181875629997,0.08509225506085345,0.08509225506085266,0.9244141127210168
1,2890,5,1.3291844039737084,1.7667311797669425,0.5691310480724553,1.0235031676988826,1.058633340954184,4.451954695905665,0.10874157612449535,0.5555035920270324,0.12147673531470685,0.5552551935422414,0.9995528409026383,0.002914261333189804,0.6450937894411264,1.1612774403261341,0.1150600815946542,0.5749011545319423,0.5573824394038372,0.9695274309505101,0.996183507568211,0.0960800423377618,0.09653333613505606,0.8349955693872603
1,2890,10,1.7568160325717386,3.086402572301104,1.127006196599872,1.0235031676988826,1.058633340954184,4.451954695905665,0.10874157612449535,1.1495036203140763,0.2531140630932746,1.1485055826463095,0.9991317663988782,0.029269010072384017,1.5742865544249571,1.3695359689209303,0.1209642444933337,1.2077734755679588,1.1688284936143196,0.9677547298881305,0.9826125808199906,0.11033738028062252,0.11234070442583434,0.7307848214839939
1,2890,20,2.8502461239113677,8.123902966871775,2.0948106996379177,1.0235031676988826,1.058633340954184,4.451954695905665,0.10874157612449535,2.323370254692081,0.5217288532870794,2.3451876326807235,1.0093904008388594,0.3709084972857422,4.458458772691144,1.9189618028754645,0.1266287150273232,2.5282358734755177,2.5679441622523873,1.0157059272805438,0.9132549169697362,0.1897478944520529,0.19530993635678773,0.6035009667095173
1,2890,40,4.979181852477893,24.792251920045185,3.210531181778012,1.0235031676988826,1.058633340954184,4.451954695905665,0.10874157612449535,4.061901894394998,0.9125574982185676,4.978581654763946,1.2256774742969223,3.261271909139088,15.768107978136578,3.881951949626091,0.1278493301829523,5.108358954836654,6.762040102471392,1.3237206238353731,0.7362543817130532,0.2914017526341386,0.29627057480824476,0.5023456002602462
1,2890,80,17.40063682649333,302.78216196751583,5.713013609549005,1.0235031676988826,1.058633340954184,4.451954695905665,0.10874157612449535,5.436641074673448,1.1619281645033785,14.791467448189113,2.720699646164808,14.027408667816971,57.60368310248111,10.595454493184667,0.12382244405046665,9.859057969650307,23.888374600413076,2.4229875383581274,0.6191910372978386,0.2518589407166768,0.2604793979314812,0.48948047934929084
1,2890,160,126.11780273872782,15905.700167644662,9.674432825071882,1.0235031676988826,1.058633340954184,4.451954695905665,0.10874157612449535,7.450052209248763,1.7493204648115614,57.35716528168783,7.698894406469067,55.97565718536049,349.63402131768896,46.93041223035198,0.1518108630655406,23.78648145231201,135.36446551201254,5.690815002773574,0.4237239445724242,0.2365982182265464,0.2369500643459842,0.42790092668242047
1,2948,1,1.0680510747576464,1.1407330982909636,0.1316711244026283,1.0239169937859438,1.068051074757647,4.443047827435995,0.09228223295065625,0.09228223295065632,0.02105116275777963,0.09228223295065632,0.9999999999999891,0.0,0.09228223295065632,0.9999999999999891,0.09228223295065632,0.09228223295065632,0.09228223295065632,0.9999999999999891,0.9999999999999891,nan,nan,nan
1,2948,2,1.1389480491921968,1.2972026587587109,0.2602101450624861,1.0239169937859438,1.068051074757647,4.443047827435995,0.09228223295065625,0.18423325079998024,0.041879545152565444,0.1842356841205424,1.000013207825138,0.00010509830520125735,0.190234671574585,1.0325751228323026,0.09203737768070311,0.1840741022110738,0.1846836980204999,1.0033116869896563,0.9975741556793564,0.2556597718725649,0.2556597718725621,0.9436121948624552
1,2948,5,1.3624163962178486,1.85617843668323,0.618519770197138,1.0239169937859438,1.068051074757647,4.443047827435995,0.09228223295065625,0.4677509938212094,0.10496190588371303,0.46812458162283954,1.0007986894877063,0.003074447439060896,0.5321291366538429,1.1376333640826852,0.09400522884020804,0.46988233553833064,0.47604442062939656,1.013114102457172,0.9833632353130263,0.29452364370509637,0.2947076531181867,0.8739720062806339
1,2948,10,1.7253173440189096,2.9767199375724642,1.090822002221126,1.0239169937859438,1.068051074757647,4.443047827435995,0.09228223295065625,0.9984610373592918,0.2183044431379164,1.0064850859711432,1.008036416356388,0.03248089730105232,1.297790013870197,1.2997903426482846,0.10189004969958244,1.015344370084141,1.0534360856806795,1.0375160553590117,0.9554306138286501,0.2277793936698833,0.223511282244995,0.800565896205405
1,2948,20,2.412093984876521,5.818197391877494,1.760990487286663,1.0239169937859438,1.068051074757647,4.443047827435995,0.09228223295065625,2.0985876427393624,0.4469922918727806,2.2118849475727203,1.0539874068282733,0.30740091578786705,3.689970085453376,1.7583111661882862,0.1142166736102848,2.2680621166205235,2.5306980085750257,1.1157974863342086,0.8740216889087362,0.11675619716587017,0.1208917509011038,0.6906685841332548
1,2948,40,4.895630896509762,23.967201874860976,3.176686307166754,1.0239169937859438,1.068051074757647,4.443047827435995,0.09228223295065625,4.342248044447511,0.9435553662992926,4.5101533442825685,1.0386678278431742,0.9641572003439379,15.278356882279182,3.5185361881424098,0.13844219044378087,5.419705975966618,7.442541521262469,1.3732371376355104,0.6059963967144273,0.13374673356982994,0.1531520906616178,0.5245126478803628
1,2948,80,19.7486236844747,390.00813743099513,5.966167604113696,1.0239169937859438,1.068051074757647,4.443047827435995,0.09228223295065625,10.306885243231502,2.1463725246411003,14.42414835208514,1.3994672504535188,14.446152442744285,69.98731869063072,6.790346165597521,0.166976475429965,13.06334461317099,29.362379364191078,2.247692320279658,0.4912458957490389,0.23039602505125323,0.2178098530402638,0.4719312909694353
1,2948,160,65.45797639788552,4284.746674106137,8.36281671005583,1.0239169937859438,1.068051074757647,4.443047827435995,0.09228223295065625,21.219434441562754,5.886529376679815,33.45728049411479,1.5767281916138927,41.7211273958842,299.5479868296731,14.116680991409694,0.1561393367527435,24.566484212287143,89.80372686791593,3.655538419412893,0.372560044677478,0.20778016142820993,0.2025205638911175,0.3757156212089078
1,3007,1,1.0650339489365617,1.1342973123874067,0.1260133511781368,1.0283882351486011,1.065033948936561,4.455810830782607,0.20253437403805571,0.2025343740380557,0.03848297298306765,0.2025343740380557,0.9999999999999951,0.0,0.2025343740380557,0.9999999999999951,0.2025343740380557,0.2025343740380557,0.2025343740380557,0.9999999999999951,0.9999999999999951,nan,nan,nan
1,3007,2,1.1358534851944073,1.2901631398282818,0.25476867536072306,1.0283882351486011,1.065033948936561,4.455810830782607,0.20253437403805571,0.4017227436440338,0.07640143082668054,0.4018574190280332,1.0003352446086988,0.0005498874852109298,0.41851795181680773,1.04180795944094,0.20269448733422313,0.40538884829085603,0.4025469504452446,0.9929896990072764,0.9982870782738518,0.07162308701778775,0.0716230870177874,0.9259448027456434
1,3007,5,1.384456710123069,1.9167203822047914,0.6506155912465944,1.0283882351486011,1.065033948936561,4.455810830782607,0.20253437403805571,0.9725348719270909,0.18633354735316143,0.9771836394916069,1.0047800523135004,0.016445061796698135,1.1495197057856268,1.1819830208328026,0.20249211576031617,1.0124588643290706,0.9903527555991326,0.9781659191214762,0.9867026006308633,0.11900326035263133,0.1190050163349008,0.8365274531109849
1,3007,10,1.9056028846441075,3.631322353963944,1.289596866779699,1.0283882351486011,1.065033948936561,4.455810830782607,0.20253437403805571,1.8335209454392254,0.35943387050344044,1.8711817909010968,1.0205401773868739,0.15437517550143354,2.638100355055558,1.4388165903518444,0.20050933567038126,2.0049492993706903,1.9669689752105761,0.9810567159119503,0.9513021376967953,0.17689842071003203,0.17690910470658516,0.7424459064774873
1,3007,20,3.15974715974976,9.984002113546675,2.300984023320426,1.0283882351486011,1.065033948936561,4.455810830782607,0.20253437403805571,3.579456447017148,0.7414652844526461,3.602315178422926,1.0063860901072916,1.3591947236733872,6.5012940295012225,1.8162796854027694,0.1925466278571043,3.846098025950794,4.08377363492948,1.0617965552034856,0.8821045191171892,0.14322839350868186,0.1395755259553183,0.6598889015387134
1,3007,40,8.058402895672042,64.93785722897556,4.173430769964247,1.0283882351486011,1.065033948936561,4.455810830782607,0.20253437403805571,6.281262198000615,1.4579318301513717,7.934780279676752,1.263246148553147,4.603486519914206,22.100386845132093,3.518462714733808,0.17609113944875163,7.001614105597786,10.539456060464376,1.5052894806124901,0.752864306673445,0.22610838356708252,0.22133099200488138,0.5612147657851847
1,3007,80,39.777515443634385,1582.250734868572,7.366603628100604,1.0283882351486011,1.065033948936561,4.455810830782607,0.20253437403805571,9.25432481934015,2.154408446789019,14.471337388001261,1.5637377842798792,11.184852133224844,48.89760779127483,5.283757458900314,0.16048256592919447,12.716413011255664,20.76740668104272,1.6331182907208885,0.6968292965154503,0.23810118260396188,0.23802431389428694,0.4880663162183442
1,3007,160,284.2168954549408,80779.24366204476,11.299475326137754,1.0283882351486011,1.065033948936561,4.455810830782607,0.20253437403805571,19.470286684353766,3.9247543434829986,39.056181528472216,2.0059376711621604,42.81793168210808,321.8536805723138,16.53050547175322,0.1453651959039613,22.774304043108906,72.91110313812467,3.2014635002726353,0.5356685038008981,0.17408904122089455,0.16745160083766994,0.3086333969699591
1,3066,1,1.058060596064026,1.1194922249433619,0.11287521191720164,1.020639432224535,1.0580605960640266,4.444898791734968,0.14702029927627933,0.1470202992762794,0.033894772795263824,0.1470202992762794,0.9999999999999932,0.0,0.1470202992762794,0.9999999999999932,0.1470202992762794,0.1470202992762794,0.1470202992762794,0.9999999999999932,0.9999999999999932,nan,nan,nan
1,3066,2,1.1194011149526206,1.2530588561571703,0.22558764700324666,1.020639432224535,1.0580605960640266,4.444898791734968,0.14702029927627933,0.2941038062311259,0.06759668338113002,0.2941131098095044,1.0000316336551256,0.00017241070467034547,0.3051554050438322,1.0375772043018723,0.14831185421230125,0.29661255776746953,0.29447835869830663,0.9928047582164845,0.9987596749370047,0.06857869696757465,0.0685786969675742,0.9313651942498313
1,3066,5,1.3195322639748788,1.7411653956706692,0.5545546566590218,1.020639432224535,1.0580605960640266,4.444898791734968,0.14702029927627933,0.7346411522351491,0.16745959359071358,0.7352598994576451,1.0008422441631706,0.004920518097419716,0.8480308116746172,1.1543470020628144,0.15153407233588367,0.7575280144050788,0.7420312606306158,0.9795429957971464,0.9908745607736028,0.1018053290527537,0.1021348565049713,0.8499206992243935
1,3066,10,1.6764995272371006,2.810650664826222,1.0334160098602625,1.020639432224535,1.0580605960640266,4.444898791734968,0.14702029927627933,1.4670811164401667,0.3316371451566876,1.475012627577869,1.005406320788142,0.047126559653767455,1.9633277257806658,1.3382543771980562,0.15393865739409873,1.5390559613017991,1.5255594689681264,0.991230668232325,0.9668666856858436,0.21293904027328625,0.21424376114677784,0.7712229055439914
1,3066,20,2.451869188766697,6.01166251882346,1.7937013357215532,1.020639432224535,1.0580605960640266,4.444898791734968,0.14702029927627933,2.9438681131917126,0.6810402670436763,3.1021330566419256,1.0537608810466115,0.5033863280436705,4.933835558518405,1.6759703114448248,0.15113904584513316,3.0215244305743,3.471897286267719,1.1490548450100786,0.8934979352389512,0.35388266693094905,0.35684602068749516,0.7281259959085551
1,3066,40,5.879434536550617,34.56775046958417,3.5429211800657447,1.020639432224535,1.0580605960640266,4.444898791734968,0.14702029927627933,6.0027412401877305,1.6507828505321245,7.0618455894598835,1.1764367822789958,3.540143573295679,16.66130232569717,2.775615616104102,0.1448023667040321,5.771955836502769,10.001726310434032,1.7328140744219696,0.7060626706104527,0.2603996244076593,0.2576629196260183,0.6315507532289077
1,3066,80,30.423780912583908,925.6064450169049,6.830449138924482,1.020639432224535,1.0580605960640266,4.444898791734968,0.14702029927627933,13.31960234344195,3.0736107817877714,10.357702931113577,0.7776285405557398,16.273997636204232,45.01008232107162,3.3792361934313164,0.12881926277912678,10.136186475308897,18.15722399444312,1.7913269491117747,0.5704452913222567,0.16658349193988362,0.16644312474426587,0.45970756876777946
1,3066,160,133.23020712077425,17750.288089444406,9.784157025163084,1.020639432224535,1.0580605960640266,4.444898791734968,0.14702029927627933,18.57192517047688,4.085292778028244,25.483090056399938,1.3721296969745218,19.61532743465488,230.11502898278613,12.390477932174296,0.15431771547754813,23.90861242717861,71.90107884338376,3.007329641667064,0.3544187440067161,0.18935361933289777,0.18582185059377757,0.3773198640098095
1,3125,1,1.0479132939443574,1.0981222716253132,0.09360169538044143,1.0171011275158706,1.0479132939443578,4.451615226125386,0.11132577689597875,0.11132577689597875,0.02866226589723833,0.11132577689597875,0.999999999999991,0.0,0.11132577689597875,0.999999999999991,0.11132577689597875,0.11132577689597875,0.11132577689597875,0.999999999999991,0.999999999999991,nan,nan,nan
1,3125,2,1.096849728417744,1.203079326730079,0.1848843755750536,1.0171011275158706,1.0479132939443578,4.451615226125386,0.11132577689597875,0.2249538116394257,0.057476005518759,0.2249517778743021,0.9999909591879782,0.00021243390506804716,0.2302687510506751,1.0236268030868825,0.11252594963104295,0.22503923291259448,0.22521346174065643,1.0007742153481682,0.9988380629455593,0.24634761074123374,0.24634761074123152,0.9566275448186079
1,3125,5,1.2484708791475965,1.5586795360795724,0.44383901158827566,1.0171011275158706,1.0479132939443578,4.451615226125386,0.11132577689597875,0.5813650881848397,0.1453580701546424,0.5812902962710137,0.9998713512122641,0.006324751568022707,0.6337998777564233,1.090192532433099,0.1161191335589204,0.5803541319947243,0.586569831552544,1.01071018403273,0.9909993064805986,0.23394386694006286,0.2339287191040427,0.9090699024047505
1,3125,10,1.5327995592914985,2.349474488964212,0.8541916814316466,1.0171011275158706,1.0479132939443578,4.451615226125386,0.11132577689597875,1.2362225382857623,0.3000852798448125,1.238647110458034,1.0019612748491324,0.05542786010425021,1.4732707572142114,1.1917520604802727,0.1217529430794916,1.2159053375132887,1.2790219134046819,1.0519091198501316,0.9684330639502701,0.2932940394531882,0.2964065511272746,0.8599755011734842
1,3125,20,2.410739182635614,5.811663406694629,1.7598668305235223,1.0171011275158706,1.0479132939443578,4.451615226125386,0.11132577689597875,2.7109586851074536,0.6289507092855129,2.7857686778857236,1.0275954012834039,0.3790749648569571,4.082845919622746,1.5060524315813812,0.12490902955965433,2.495229797271437,3.0238599843489586,1.2118563138575789,0.9212624566958919,0.3594341815716245,0.361169097467062,0.7499312080054247
1,3125,40,4.453060496786027,19.82974778803622,2.987183223743621,1.0171011275158706,1.0479132939443578,4.451615226125386,0.11132577689597875,4.751892850565111,0.9656906844753476,5.856901735589596,1.2325407831729778,2.9726747288222364,16.497115468993425,3.471693488844457,0.13465634815256552,5.323580876360463,8.250728691837415,1.5498456552947373,0.7098647833837909,0.24256180825304027,0.2427737351872649,0.5266843314118939
1,3125,80,11.757515367813607,138.23916762437312,4.928985283801891,1.0171011275158706,1.0479132939443578,4.451615226125386,0.11132577689597875,7.277704674006062,1.4328151264038722,10.642531586847557,1.4623472734280798,10.062768765866439,53.57572230888304,7.3616235762136135,0.1690473554960628,13.101389156405997,20.934026405867964,1.5978478431527354,0.5083843585801715,0.18113778637389474,0.164981766010336,0.4029873115471718
1,3125,160,97.79965879353443,9564.773260131757,9.165842176432038,1.0171011275158706,1.0479132939443578,4.451615226125386,0.11132577689597875,17.717307273801936,4.63767771473358,34.33178746725325,1.937754249937216,39.33646883665391,298.8110026937585,16.86548627711625,0.16390842757777008,25.5788095541742,100.2706397878916,3.920066708950044,0.3423912277799095,0.22620250241931475,0.21506153610114856,0.40628876253283325
1,3184,1,1.0595168915311108,1.1225760434397476,0.11562608305217292,1.0184244125807105,1.0595168915311115,4.450076909631522,0.21667772392064463,0.21667772392064466,0.040475317287704544,0.21667772392064466,0.9999999999999953,0.0,0.21667772392064466,0.9999999999999953,0.21667772392064466,0.21667772392064466,0.21667772392064466,0.9999999999999953,0.9999999999999953,nan,nan,nan
1,3184,2,1.1238401029419942,1.263016576980672,0.2335029683658884,1.0184244125807105,1.0595168915311115,4.450076909631522,0.21667772392064463,0.4374013357085025,0.081224056635105,0.4374125903929919,1.0000257307958837,0.0005066638694949492,0.4537403467936145,1.0373547352310781,0.22039055184603193,0.44071958305095504,0.4380909519821824,0.9940355927672274,0.998451550788433,0.1533427951171511,0.1533427951171504,0.9318698395856605
1,3184,5,1.3469737180134782,1.814338197019053,0.5957207714816571,1.0184244125807105,1.0595168915311115,4.450076909631522,0.21667772392064463,1.1008304788298178,0.2012634481455273,1.101274403845688,1.000403263739882,0.01622260196556012,1.2854419408241569,1.1677019900380845,0.22866402535054037,1.1427099088132968,1.113952713390592,0.9748342119019776,0.988618628607389,0.16122574286831645,0.16148660827679384,0.8386819913028676
1,3184,10,1.8342790708747807,3.3645797098492487,1.2133030548054102,1.0184244125807105,1.0595168915311115,4.450076909631522,0.21667772392064463,2.081780108161995,0.3771487682455784,2.0799200445965753,0.9991065033438796,0.13626290029066052,3.0533405075712126,1.4666969367225857,0.23362539746306546,2.3351075544758375,2.186843890677221,0.9365067088603984,0.9511058624090747,0.16337031077261932,0.16347688917898642,0.7071060789787398
1,3184,20,3.2908331551122045,10.829582854785746,2.3822815427074358,1.0184244125807105,1.0595168915311115,4.450076909631522,0.21667772392064463,3.1610514483614,0.6151620506594704,3.1280030898267106,0.9895451374093194,0.6820766158678553,8.288130375876444,2.621953647787914,0.22376628539261584,4.464141644196638,4.089265179795978,0.9160249619570208,0.7649303609072309,0.10840453474816683,0.1107095912554355,0.5328758810261721
1,3184,40,5.95521034269122,35.464530225696485,3.5685330484277737,1.0184244125807105,1.0595168915311115,4.450076909631522,0.21667772392064463,4.356724117054262,0.964118615231595,4.622782841717489,1.061068527066414,2.3080735345873924,21.11361423682025,4.846213271611956,0.19238176830535986,7.539123480362588,9.23096438939054,1.2244081707157,0.5007908867063348,0.17801859720682087,0.17593973333009233,0.5292446439688174
1,3184,80,13.392504570198517,179.35917866278817,5.189390380047019,1.0184244125807105,1.0595168915311115,4.450076909631522,0.21667772392064463,8.988970474003253,2.1083020930427003,11.139695889561278,1.2392627077570313,8.542152227996107,64.2522057461353,7.147893736213427,0.18455573031251163,14.5260447038282,24.74803741901229,1.7037010365588492,0.45012441596695585,0.332548281964262,0.3135387034815906,0.5219794479093149
1,3184,160,117.38478464300869,13779.187665685527,9.530914592589488,1.0184244125807105,1.0595168915311115,4.450076909631522,0.21667772392064463,16.30189808580951,3.8060257135825104,39.284092474454596,2.4097864106174636,46.59972101788899,506.5591247121647,31.073628484594366,0.1684881647214988,26.471174716399283,121.169428287838,4.57741031843108,0.3242079543458373,0.19540348706827862,0.19922062531783344,0.3073689285734239
1,3243,1,1.0419209481864093,1.0855992622696664,0.08213214997829366,1.0243681615829452,1.0419209481864091,4.444792134740153,0.17607964614422764,0.17607964614422758,0.03709791843866967,0.17607964614422758,0.9999999999999943,0.0,0.17607964614422758,0.9999999999999943,0.17607964614422758,0.17607964614422758,0.17607964614422758,0.9999999999999943,0.9999999999999943,nan,nan,nan
1,3243,2,1.085526553829194,1.1783678990682862,0.16413034467871188,1.0243681615829452,1.0419209481864091,4.444792134740153,0.17607964614422764,0.3485629109301067,0.07356258444689456,0.34855550233359706,0.999978745310306,0.0003065185172576595,0.3568913949818267,1.0238937758165239,0.17481479422441673,0.3496203698178769,0.3490927670158972,0.998490926594879,0.9984609687364944,0.05368971044563069,0.05368971044563038,0.9574660517450654
1,3243,5,1.2246275715712067,1.499712689052391,0.40527354913017555,1.0243681615829452,1.0419209481864091,4.444792134740153,0.17607964614422764,0.8515026074533244,0.18111112312289393,0.8509689181251836,0.999373238175115,0.00843005786340859,0.9318709856659868,1.0943841833356531,0.17143097342928493,0.8570078051913753,0.8609744673324342,1.004628501767463,0.9883788084468382,0.3823929288892447,0.38190142378107983,0.9094228384852744
1,3243,10,1.4693322439802448,2.1589372432000213,0.7696160835789468,1.0243681615829452,1.0419209481864091,4.444792134740153,0.17607964614422764,1.6728503535636783,0.3636218686636204,1.6672877754066173,0.9966747903390091,0.07515951091288672,2.0339924552903788,1.2158842845430597,0.16658177370917338,1.6648369926733886,1.7347589074684926,1.0419992558447553,0.961106334850682,0.47658467707556146,0.47709147131735974,0.8483724004656111
1,3243,20,2.0369630002551307,4.1492182644083835,1.4229199464766698,1.0243681615829452,1.0419209481864091,4.444792134740153,0.17607964614422764,3.2410128910234968,0.7542632316695435,3.342885232206774,1.0314322542392313,0.667476070869617,4.7158565433127615,1.4550563980705165,0.15589956745675593,3.1071673919962786,3.650205519801872,1.1747695116794796,0.915807401548234,0.5422980611625646,0.5454198862203342,0.7857003869003023
1,3243,40,5.562076244925798,30.93669215436787,3.4319429278059315,1.0243681615829452,1.0419209481864091,4.444792134740153,0.17607964614422764,5.260517703832162,1.3787770051304737,6.168597223337711,1.1726217020130991,4.181041325951253,15.516260267721261,2.9495690616948274,0.14097362098117877,5.591619402898627,7.793270209558428,1.393741177290874,0.7915287238176266,0.2699639971562167,0.26433605280532463,0.5612359641759743
1,3243,80,18.71886194774539,350.39579261875025,5.859063351623567,1.0243681615829452,1.0419209481864091,4.444792134740153,0.17607964614422764,12.189583729012064,2.70669342910482,11.618085105033023,0.9531158211236668,18.15718751217986,58.573483493226945,4.805207855770984,0.1449426584301016,11.522416410555607,21.85286752615406,1.8965524892968455,0.531650369963036,0.15002557415423096,0.1504890862331321,0.43535826504363884
1,3243,160,476.23436617660616,226799.1715276338,12.331820197952668,1.0243681615829452,1.0419209481864091,4.444792134740153,0.17607964614422764,37.34532960852501,7.550852422501963,29.98875659278313,0.8030122349204663,45.481311399193494,310.5681148312903,8.31611658236363,0.16080341060727993,25.210846950796306,84.47902053002893,3.350899741484511,0.35498466251894245,0.15083537934306368,0.14782746379056236,0.35213173569909917
1,3302,1,1.0609043416018133,1.125518022029577,0.11824339370164681,1.0205861931226023,1.060904341601813,4.44956643568892,0.16331979812979155,0.16331979812979155,0.037782882212311956,0.16331979812979155,0.9999999999999939,0.0,0.16331979812979155,0.9999999999999939,0.16331979812979155,0.16331979812979155,0.16331979812979155,0.9999999999999939,0.9999999999999939,nan,nan,nan
1,3302,2,1.1247006547000564,1.2649515626827355,0.23503383107700956,1.0205861931226023,1.060904341601813,4.44956643568892,0.16331979812979155,0.325158127570111,0.07471677222216042,0.3251224819549484,0.9998903745219905,0.0002459461864285498,0.335453962202758,1.0316640851317056,0.16279242817447467,0.3255831423598644,0.32554276288356787,0.9998759779882802,0.9987089839599022,0.40711418266510174,0.40711418266509924,0.9427728855338263
1,3302,5,1.330524100917364,1.77029438312196,0.571145850904408,1.0205861931226023,1.060904341601813,4.44956643568892,0.16331979812979155,0.7971469279943287,0.1800049109646421,0.7956030270909875,0.9980632166428506,0.00784337816230435,0.9029074164228446,1.1326737703105934,0.16042504073970326,0.8020389040746398,0.8036729448104017,1.0020373584466533,0.9899587042570918,0.32172875487233976,0.3219568159312987,0.8707165004042157
1,3302,10,1.7157516499475816,2.9438037242978483,1.0797025289083189,1.0205861931226023,1.060904341601813,4.44956643568892,0.16331979812979155,1.5193864293947659,0.3364917652817425,1.5022151478917125,0.988698542272821,0.07491304926807697,2.0181588195496505,1.3282722423376947,0.1551440326581794,1.5502495240143515,1.5676159832502332,1.0112023638561813,0.9582800660000147,0.15976483376605938,0.16025138547466936,0.7745142314168566
1,3302,20,2.746666738060748,7.544178169969269,2.0207761624925222,1.0205861931226023,1.060904341601813,4.44956643568892,0.16331979812979155,2.6346946545319128,0.5834870643988677,2.5610994648596086,0.9720668998414239,0.5444628515246045,5.252621965365012,1.9936359442374192,0.1503910565012234,3.0047134783946428,3.0873809422026635,1.0275125945959371,0.8295378875508687,0.10199554807847833,0.1005150364469706,0.6115932491194849
1,3302,40,5.152912913567363,26.552511494809288,3.2791243381222026,1.0205861931226023,1.060904341601813,4.44956643568892,0.16331979812979155,3.4690997752770127,0.8094036812050227,3.841111381441902,1.1072357759255231,1.8843396845672926,19.996915252127128,5.764295219940839,0.16192267805618102,6.4531117998485374,7.557517819297585,1.1711431714967295,0.5082503903112072,0.25392186633944236,0.26679310586174126,0.4447075500764465
1,3302,80,12.101934031419752,146.45680730083552,4.986730554274983,1.0205861931226023,1.060904341601813,4.44956643568892,0.16331979812979155,7.529307960886999,1.589036856532143,8.460552519053667,1.1236826230251526,6.340715049268778,76.24615777886639,10.126582439574449,0.18110273376298885,14.337978960129256,26.046870760617313,1.8166347455975413,0.32482030554879415,0.17251027322342904,0.16769470893353935,0.4271173649103679
1,3302,160,143.7310063071149,20658.602174055904,9.935887081820113,1.0205861931226023,1.060904341601813,4.44956643568892,0.16331979812979155,15.436479197555133,3.1965037738720525,26.867016973322734,1.7404886586818316,31.618917124119346,337.04447330888354,21.834284165152468,0.184247371257162,28.637976908281054,88.43495399802903,3.088030774005439,0.30380540452275834,0.1739279186806635,0.18682217849653324,0.35807499870128656
1,3361,1,1.0541604638507285,1.111254283545983,0.105489362548094,1.0226005720562787,1.0541604638507271,4.439901398161259,0.2181239966170394,0.2181239966170394,0.04757977133500219,0.2181239966170394,0.9999999999999954,0.0,0.2181239966170394,0.9999999999999954,0.2181239966170394,0.2181239966170394,0.2181239966170394,0.9999999999999954,0.9999999999999954,nan,nan,nan
1,3361,2,1.1116363902760005,1.2357354641858564,0.2116663103891236,1.0226005720562787,1.0541604638507271,4.439901398161259,0.2181239966170394,0.44147866606789626,0.09550216311666483,0.4417474683213573,1.0006088680475869,0.0005259977801829507,0.4534271401443532,1.0270646692463692,0.22078614241041206,0.4415405659684447,0.44231380727471964,1.0017512350299638,0.9987195991984678,0.06066317654837705,0.060663176548376774,0.9516833820666545
1,3361,5,1.3055813412993258,1.7045426387489466,0.5332968276827336,1.0226005720562787,1.0541604638507271,4.439901398161259,0.2181239966170394,1.1321779056403825,0.239097105051724,1.140412683311315,1.0072733954883828,0.015909765997495568,1.2543448926466954,1.1079044083069363,0.22562013940520878,1.1278893972434425,1.1504118714171212,1.0199686903952838,0.9913081667929158,0.1335231716786652,0.1344249511886504,0.900370596464135
1,3361,10,1.6928912486540302,2.8658807797694013,1.0528757304142367,1.0226005720562787,1.0541604638507271,4.439901398161259,0.2181239966170394,2.285299036834179,0.46977429677261573,2.3509835102343493,1.0287421787439959,0.13995062586798201,2.827455029035025,1.2372363456433662,0.22610033984476924,2.2607284632727302,2.431172659324359,1.0753934843660462,0.9670162673216735,0.25844099053193514,0.2595348641042962,0.8565660933765772
1,3361,20,2.567884712070381,6.594031894484784,1.8861649815327133,1.0226005720562787,1.0541604638507271,4.439901398161259,0.2181239966170394,4.122558622873779,0.8663968082305153,4.486248818411745,1.088219532772694,0.9934593109350158,7.126079397680353,1.728557444433103,0.2161564011047646,4.3146466458817425,5.09937458974772,1.181875367387266,0.8797645161097474,0.12245874663869592,0.11956537311143747,0.7326870555034638
1,3361,40,4.954837448549018,24.55041414154374,3.2007287234075616,1.0226005720562787,1.0541604638507271,4.439901398161259,0.2181239966170394,5.05996210687136,1.0237811765333027,6.256858767093305,1.2365426133520987,3.3129364905548218,16.260656259605028,3.2135924965768563,0.17603310295670083,6.736248645136008,9.218827506783962,1.3685402651282077,0.6787043973313308,0.15145440168491878,0.13221775475018016,0.6047242526294434
1,3361,80,10.783654254171877,116.28719907351922,4.756062985311208,1.0226005720562787,1.0541604638507271,4.439901398161259,0.2181239966170394,5.610490202397196,1.137779878811629,12.402985856418708,2.2106777498906025,10.31844230578273,72.25179687507271,12.87798289785831,0.1721030717770202,13.377778251333098,29.154379777995675,2.179314025861539,0.42542444568756993,0.18787825763596608,0.19818516189961133,0.45764357849771986
1,3361,160,79.39079205323985,6302.897862840771,8.748764784850762,1.0226005720562787,1.0541604638507271,4.439901398161259,0.2181239966170394,11.46237946936653,2.744001089455928,50.33367591185831,4.391206559368951,47.02440779882229,468.39775004619383,40.86391933699259,0.18426530768457008,28.43850088710593,133.97162395650727,4.710924267363553,0.37570400675443555,0.2098045274177538,0.22110140147203577,0.38708987787210786
1,3420,1,1.064284838603279,1.1327022176808077,0.12460612109390203,1.0222139896854354,1.0642848386032797,4.450859354678662,0.1516815712637806,0.1516815712637806,0.031422085729250634,0.15168157126378054,0.999999999999993,5.417672226377439e-16,0.15168157126378054,0.999999999999993,0.15168157126378054,0.15168157126378054,0.15168157126378054,0.9999999999999934,0.9999999999999934,nan,nan,nan
1,3420,2,1.1322589818073556,1.2820104018834297,0.2484294722591886,1.0222139896854354,1.0642848386032797,4.450859354678662,0.1516815712637806,0.3061655562278306,0.06323041624455081,0.3062405442858408,1.000244926499679,0.0002043129793524712,0.3169156255785171,1.0351119488525544,0.15359798176093067,0.30717234572005836,0.3068559638326294,0.9989700183241161,0.9979944351118256,0.03679807563926374,0.036798075639263496,0.9376820751207013
1,3420,5,1.3558040386296843,1.8382045911645626,0.6087893295802297,1.0222139896854354,1.0642848386032797,4.450859354678662,0.1516815712637806,0.7957874831646341,0.16251734867772216,0.7981204969661571,1.0029317045704766,0.005426477233794449,0.9064619196325443,1.1390753672422522,0.16057869042049563,0.8022203720461498,0.8104699002954854,1.0102833691798343,0.9847626625926184,0.07284103481307003,0.07428473268851128,0.8717377915870964
1,3420,10,1.759995559204533,3.0975843684196773,1.1306225717352694,1.0222139896854354,1.0642848386032797,4.450859354678662,0.1516815712637806,1.7423777178209137,0.3496484701372616,1.7554950448276456,1.0075284060812806,0.047570559787722615,2.218758679382788,1.2734085478076784,0.17276389455129781,1.7224988179060456,1.8462424913043836,1.071839627471423,0.9508474932712521,0.17279381780069653,0.1798436181101959,0.8237342566175436
1,3420,20,2.437339927408367,5.9406259217390245,1.7818145018532392,1.0222139896854354,1.0642848386032797,4.450859354678662,0.1516815712637806,3.997355965278837,0.8076899519682507,3.9581745734951586,0.9901981729613248,0.5885628139436307,5.899614405954225,1.4758791704312713,0.18703563158569977,3.7249001542065994,4.57351463254072,1.2278220739355288,0.86545575810179,0.13607667173000357,0.14166244536158398,0.7805002691411133
1,3420,40,4.914517906038194,24.152486248770032,3.184387325059196,1.0222139896854354,1.0642848386032797,4.450859354678662,0.1516815712637806,7.415615455751113,1.5381520928594403,8.352752094960193,1.1263734136163022,4.732821330179062,21.570204809760714,2.9087544976502437,0.22461758353522368,8.839974349693357,13.56874469219367,1.5349303239397234,0.615587682165298,0.21095107753434605,0.2238916200893456,0.6398212226649118
1,3420,80,18.558021781839837,344.40017245524183,5.841804273294571,1.0222139896854354,1.0642848386032797,4.450859354678662,0.1516815712637806,10.245394756978287,2.449770892328966,25.69286992829968,2.5077481676145164,21.633240131327558,108.23303293138119,10.564066636638094,0.20802276688072505,16.316023905498806,46.17404790660434,2.829981628737552,0.5564352941346689,0.17952849675258276,0.1743405568472855,0.47621811474924314
1,3420,160,120.77107866170114,14585.653441110804,9.587793683568426,1.0222139896854354,1.0642848386032797,4.450859354678662,0.1516815712637806,14.889917103607162,3.399237336641764,97.5634185005675,6.552314416641864,96.38448136953667,403.20801456950943,27.079265234581467,0.17586233740603435,27.18837692894751,174.2452151867134,6.408812693824111,0.5599202158637347,0.19351809825425967,0.22656097294365202,0.37558881879530337
1,3479,1,1.0557169838477236,1.1145383499845347,0.10844028328724786,1.02946932250932,1.0557169838477238,4.453148958986929,0.18164352290613864,0.18164352290613858,0.03872702936301287,0.18164352290613858,0.9999999999999944,0.0,0.18164352290613858,0.9999999999999944,0.18164352290613858,0.18164352290613858,0.18164352290613858,0.9999999999999944,0.9999999999999944,nan,nan,nan
1,3479,2,1.1143677091485806,1.2418153911930556,0.21657433413264246,1.02946932250932,1.0557169838477238,4.453148958986929,0.18164352290613864,0.35768875278370243,0.07653135196454755,0.35763871891160576,0.9998601189673751,0.0004365583746313182,0.36947992574637994,1.0329648971931937,0.1797071194059382,0.3593931448933804,0.35804951001425145,0.9962613786650589,0.9988526974869192,0.12650180394326438,0.12650180394326369,0.9403828424196939
1,3479,5,1.3078830829494301,1.7105581586653058,0.5368197258310807,1.02946932250932,1.0557169838477238,4.453148958986929,0.18164352290613864,0.8536948112575267,0.18497256289884906,0.8530631376136963,0.999260070887744,0.011955270419498877,0.9739676756823945,1.1408850830986075,0.17424037603331027,0.8708183851506281,0.8604884800181096,0.9881377043610158,0.9913707823209231,0.15134475057981475,0.1508572115376434,0.8639698399735853
1,3479,10,1.6893000027727276,2.8537344993679374,1.048628487175785,1.02946932250932,1.0557169838477238,4.453148958986929,0.18164352290613864,1.5877355178441936,0.35353683172123807,1.5926198091783348,1.0030762625634098,0.09903304238855931,2.146486971117628,1.3519172097580194,0.16694745432255384,1.6672727233571307,1.6447461742262892,0.9864889835866298,0.9683073498727082,0.1634419511622038,0.16175950219330237,0.7657302638777728
1,3479,20,2.7000286952169184,7.290154954994774,1.986524801623852,1.02946932250932,1.0557169838477238,4.453148958986929,0.18164352290613864,2.833216330835343,0.6733826532510457,3.013745544367338,1.0637188242800955,0.7167481808853459,5.31198976441753,1.8748973407376013,0.15911795346091817,3.176014498637768,3.30374307030809,1.0402166210907116,0.9122215257756987,0.14233149086253383,0.1405364169060304,0.6487556086307597
1,3479,40,6.484168654760542,42.04444314337914,3.738727228896504,1.02946932250932,1.0557169838477238,4.453148958986929,0.18164352290613864,5.304921602021263,1.2820621277259434,7.245392591477977,1.3657869305207753,4.779816485118459,14.737497395609243,2.7780801491946665,0.14556874605315148,5.7750269695255625,8.319935451738777,1.4406747354847913,0.8708472119172229,0.26258540564316946,0.277343375787346,0.6060946759518985
1,3479,80,28.243585424298534,797.7001176196486,6.681732734365548,1.02946932250932,1.0557169838477238,4.453148958986929,0.18164352290613864,7.908629372270201,1.8711444364199064,9.18304309079002,1.1611421724968247,11.875454042491011,45.44664213473579,5.746462502603047,0.14054255925620737,11.175995934813457,18.690778855490127,1.6724038702687751,0.49131409460192954,0.24134953131026157,0.2504987049574273,0.4569975027487638
1,3479,160,205.3490786191693,42168.24408974177,10.649422707024781,1.02946932250932,1.0557169838477238,4.453148958986929,0.18164352290613864,14.035494598541609,3.038724847255915,45.786739543830016,3.2622106205354235,45.71435184853705,646.3696879838013,46.0525051999923,0.1406495086939252,22.376872142567322,136.44925759310638,6.097780633672219,0.3355587296807926,0.1959894449065431,0.19524025827174757,0.2744899797699525
1,3538,1,1.0577700237161274,1.1188774230724168,0.11232588183943679,1.0293902659165712,1.0577700237161265,4.451466882979293,0.13005468337507467,0.13005468337507484,0.029870536713164097,0.13005468337507478,0.9999999999999919,5.102800490722269e-16,0.13005468337507478,0.9999999999999919,0.13005468337507475,0.13005468337507478,0.13005468337507478,0.9999999999999923,0.9999999999999923,nan,nan,nan
1,3538,2,1.1181484496518777,1.2502559554588977,0.22334829471996626,1.0293902659165712,1.0577700237161265,4.451466882979293,0.13005468337507467,0.26022690932122056,0.05989146792506762,0.2602635208290399,1.0001406907068675,0.0001614826009687025,0.2659810981613775,1.022112197601567,0.12929807925940082,0.25859170501689455,0.26061369353977243,1.0078192319538817,0.9986563533712396,0.4022496450037161,0.402249645003713,0.9609484471246654
1,3538,5,1.3133911170275079,1.7249962262867649,0.5452248628210837,1.0293902659165712,1.0577700237161265,4.451466882979293,0.13005468337507467,0.6484039587550916,0.1505253016262696,0.6492678591540587,1.001332349050775,0.004994915282104486,0.7138453201652737,1.1009268381640138,0.12795805623389525,0.639761481769243,0.6560913901173424,1.025524994569755,0.9895997248766452,0.24369300254233503,0.24415491095309014,0.9042836208735331
1,3538,10,1.6743003330856312,2.8032816053706555,1.0307907328411463,1.0293902659165712,1.0577700237161265,4.451466882979293,0.13005468337507467,1.2762152303143985,0.30161504063259764,1.284924350567012,1.006824178277881,0.044987161211068466,1.6337197695188375,1.2801287202287701,0.1295876538134911,1.2955920531772112,1.3351377808947067,1.0305232867247953,0.962390825092189,0.08529379460343472,0.08583735488525855,0.8102956762028675
1,3538,20,2.514928970856598,6.324867728453827,1.844489121897496,1.0293902659165712,1.0577700237161265,4.451466882979293,0.13005468337507467,2.5450164934277413,0.6040509455966165,2.637578493178247,1.0363699017234416,0.3334281116505056,4.263081305576207,1.6750702074368478,0.13823158173007555,2.758706292309368,2.905495432363471,1.0532094121303583,0.9077895851423562,0.2884924751593859,0.2958830754023854,0.6889669627383548
1,3538,40,4.7124150096304,22.20685522298988,3.100401035039605,1.0293902659165712,1.0577700237161265,4.451466882979293,0.13005468337507467,4.99783803916573,1.1361037707736974,4.793130148380731,0.9590407113674355,2.3497007399082257,15.679047387748046,3.1371659635383637,0.1409621466729995,5.6308345477871455,6.274107252275625,1.1142410949974153,0.7639541301501114,0.08147449160945829,0.08101664697218088,0.4386888284714381
1,3538,80,18.797830219044076,353.3584209440067,5.86748289858915,1.0293902659165712,1.0577700237161265,4.451466882979293,0.13005468337507467,6.304735288004785,1.4088996941750798,15.59304076888376,2.4732268773521144,15.19526431854627,84.30682500921962,13.371984890407601,0.13696079616306464,10.921899687618048,24.454693668207835,2.239051297635672,0.637629772854419,0.19525723297195555,0.19381315068546032,0.36440048916710926
1,3538,160,128.35157726215016,16474.127385681702,9.709546392000235,1.0293902659165712,1.0577700237161265,4.451466882979293,0.13005468337507467,12.783974300568099,2.551993348489222,115.83817783894216,9.061202339384748,112.8140613524832,496.76394324997693,38.85833400243158,0.14965034033575808,23.71825835340627,153.32544674194054,6.464447956395621,0.7555052360871802,0.2434911497688403,0.24476010422882424,0.3666669506745567
1,3597,1,1.0598575074074852,1.1232979360080075,0.11626894422757944,1.0281193020144277,1.0598575074074847,4.4536882751575,0.13226082335982112,0.13226082335982114,0.031117506291911606,0.13226082335982114,0.9999999999999925,0.0,0.13226082335982114,0.9999999999999925,0.13226082335982114,0.13226082335982114,0.13226082335982114,0.9999999999999925,0.9999999999999925,nan,nan,nan
1,3597,2,1.1239971631432235,1.263369622754014,0.23378245514877,1.0281193020144277,1.0598575074074847,4.4536882751575,0.13226082335982112,0.2623406069538644,0.06168976215302178,0.2624069999878498,1.0002530795165692,0.000198730951695468,0.27013001970749106,1.029691982663574,0.13104436242958437,0.26207732636823955,0.26261210489317277,1.002040537166427,0.9992189815263565,0.11797554620997328,0.11797554620997239,0.9464205944574688
1,3597,5,1.3447295271483717,1.8082975011846834,0.5923857955490153,1.0281193020144277,1.0598575074074847,4.4536882751575,0.13226082335982112,0.6422330961929501,0.15057179972095588,0.6439492196175939,1.0026721192582813,0.00684121925419747,0.7242538454017879,1.1277118069670373,0.12743125468958716,0.6369263211080225,0.6485940375028831,1.0183187850904984,0.9928386361626558,0.19711746954560894,0.1966627356407266,0.8785855236867853
1,3597,10,1.8234263228937126,3.324883555021686,1.201434652448457,1.0281193020144277,1.0598575074074847,4.4536882751575,0.13226082335982112,1.2546387764673903,0.2912926058620237,1.2663329961564886,1.0093207861166413,0.07438062701519679,1.6884711676105912,1.345782705971128,0.1229699618912451,1.2285921114355405,1.3173095899710667,1.072210685474664,0.9613024954781519,0.2763886141552166,0.27598921377771496,0.7800338044222174
1,3597,20,3.3370336234156133,11.135793403806337,2.4101645513192476,1.0281193020144277,1.0598575074074847,4.4536882751575,0.13226082335982112,2.4002193534079903,0.5384178636177386,2.4506962168276267,1.021030104331075,0.5514937822306597,5.125576678003611,2.135461773827453,0.12133101571225452,2.4252221714451543,2.9876078035644227,1.2318903557541494,0.8202871253394692,0.21129045370484345,0.21250856678915125,0.6087927844931189
1,3597,40,9.516808661191986,90.5696470937388,4.506119135876437,1.0281193020144277,1.0598575074074847,4.4536882751575,0.13226082335982112,4.771039893327081,1.0319163373349878,6.104568640160302,1.2795048410092595,2.7075534453126906,23.38994016011557,4.9024826207866,0.13614895450388032,5.397624369122422,8.371599709283329,1.5509785670106628,0.7291997768826548,0.23541673560864296,0.2375539918497797,0.45552323172692066
1,3597,80,33.82106631759774,1143.8645268593443,7.042167744349976,1.0281193020144277,1.0598575074074847,4.4536882751575,0.13226082335982112,10.252546088179637,2.2442567086001506,11.685183136948194,1.1397347582197432,10.04461248984402,72.04936636328205,7.027460861292706,0.1435737775474937,11.414213800230911,23.60780185332458,2.068281028067565,0.49497124762179506,0.25162861925382735,0.2544270061442101,0.43009431638748863
1,3597,160,462.45193160743526,213861.78904744796,12.273085239783223,1.0281193020144277,1.0598575074074847,4.4536882751575,0.13226082335982112,37.299607085280456,7.088861859953696,41.73336990219478,1.1188688879959816,55.22757739830842,428.16802603701285,11.479156470953304,0.16617227982302887,26.140724499348448,121.22301710519048,4.637324306302678,0.34426935493596006,0.20679338988877743,0.2099041237261456,0.3414039621947067
1,3656,1,1.0538479438382542,1.110595488732116,0.10489634780749986,1.028044336650999,1.0538479438382553,4.444749141900095,0.1499756988485328,0.1499756988485327,0.03300888838049808,0.1499756988485327,0.9999999999999933,0.0,0.1499756988485327,0.9999999999999933,0.14997569884853273,0.1499756988485327,0.1499756988485327,0.9999999999999933,0.9999999999999933,nan,nan,nan
1,3656,2,1.108949079588973,1.2297680611212303,0.20682558340898713,1.028044336650999,1.0538479438382553,4.444749141900095,0.1499756988485328,0.30127125371649727,0.06641851674482066,0.301234137082187,0.9998767999473783,0.00029943168505425525,0.30735842909715744,1.0202049658092747,0.1497517478058656,0.29950316019499357,0.3014522618355735,1.0065077832210851,0.9992764202462462,0.31902757891329425,0.31902757891329214,0.9625791608215117
1,3656,5,1.2801392053221374,1.6387563850027935,0.49393765235228193,1.028044336650999,1.0538479438382553,4.444749141900095,0.1499756988485328,0.7588308929912204,0.16808537289009967,0.7576736939681584,0.9984750238376544,0.009123022688138766,0.8211985697885508,1.0821891641120243,0.1485585610440575,0.7427681746259859,0.7629110297418112,1.0271186297473864,0.9931350635008825,0.4013393332624587,0.40109597067080877,0.915604651638815
1,3656,10,1.5868615899692151,2.5181297057196255,0.9235164457012175,1.028044336650999,1.0538479438382553,4.444749141900095,0.1499756988485328,1.495754076817926,0.3327155170505282,1.4838528103155004,0.9920432999736524,0.08061926511470896,1.8377401760431367,1.2286379188434184,0.14554720082910283,1.4550683339871258,1.5441902198867266,1.0612492786887824,0.9609261807294355,0.4834945880058971,0.48491934665303327,0.8343011465174116
1,3656,20,2.359254017177899,5.566079517570055,1.7166909493060083,1.028044336650999,1.0538479438382553,4.444749141900095,0.1499756988485328,2.5461593584122713,0.5587944836283122,2.456290600480835,0.9647041896122804,0.4728707642770381,4.797351385020716,1.8841520540223518,0.14434362251062782,2.88583673764607,3.2205135117306103,1.1159721787856682,0.7627015354954667,0.3231689747647462,0.32668112586055376,0.674864566697753
1,3656,40,5.096784105259677,25.977208215627687,3.257219546485555,1.028044336650999,1.0538479438382553,4.444749141900095,0.1499756988485328,4.044042439011579,0.8161455041720584,4.394761067195926,1.0867247645081752,1.9090432200715775,16.211636958759964,4.008770235042912,0.1675158969589876,6.6206662758573005,8.116441296455084,1.225925149867805,0.5414640365988194,0.24478829447582948,0.2572193483723138,0.5212639279526641
1,3656,80,21.619782167072312,467.414980951658,6.147217473263467,1.028044336650999,1.0538479438382553,4.444749141900095,0.1499756988485328,7.877123445185452,1.6262785259342312,14.672437472650504,1.8626644072232217,12.423281254648966,92.23368263790543,11.709056393457846,0.17714562868539666,13.973789313340529,27.55067303566558,1.9715964236961434,0.5325618526145034,0.20305362368376878,0.21349315975644845,0.4124106908626834
1,3656,160,110.28971293606146,12163.820779518843,9.406221315008908,1.028044336650999,1.0538479438382553,4.444749141900095,0.1499756988485328,10.009511463963708,1.7074620925685888,70.91972786682238,7.085233692188467,71.68753533696767,860.1166462417187,85.92993267836445,0.1965257904881926,30.831807758831978,184.75659903531263,5.992402407296012,0.38385491093212565,0.14954011388439498,0.14634640878899283,0.2948144374186739
1,3715,1,1.0618262942082521,1.1274750790720296,0.11998068933182644,1.0315897850531885,1.0618262942082513,4.455535363044739,0.23520545547966537,0.23520545547966537,0.050451761453123,0.23520545547966537,0.9999999999999958,0.0,0.23520545547966537,0.9999999999999958,0.23520545547966537,0.23520545547966537,0.23520545547966537,0.9999999999999958,0.9999999999999958,nan,nan,nan
1,3715,2,1.12713679161687,1.2704373470163715,0.23936120891896895,1.0315897850531885,1.0618262942082513,4.455535363044739,0.23520545547966537,0.4654468257582287,0.10050521220338214,0.4654863416629736,1.00008489885967,0.0007810655357589953,0.4804721561093508,1.0322815185744243,0.23318239290296072,0.46634707966818023,0.465634511931442,0.9984720227319828,0.9996817884742804,0.44347920337466107,0.4434792033746592,0.9404900632762462
1,3715,5,1.3449343533680342,1.8088484148694923,0.5926904079157013,1.0315897850531885,1.0618262942082513,4.455535363044739,0.23520545547966537,1.1207217006825962,0.24493581999280353,1.1215023702824622,1.000696577570854,0.021858448593300845,1.255921584412185,1.1206364467175405,0.22395094643405206,1.1187926001478268,1.124327243237643,1.0049469786348997,0.9974874993271111,0.42748073737331693,0.427248557373507,0.8792355762600232
1,3715,10,1.7777197277844168,3.160287430553901,1.150662982498343,1.0315897850531885,1.0618262942082513,4.455535363044739,0.23520545547966537,2.0794643816081253,0.45155949842246673,2.0869214555588576,1.0035860551479918,0.16547882241043615,2.5966031568356778,1.2486884506420972,0.2044618009567586,2.0313821545945845,2.1277079863133572,1.0474188628175658,0.980830766713824,0.35704225747949025,0.3588290453272022,0.8278076006930541
1,3715,20,2.7679611395064803,7.6616088698180125,2.0362219969224737,1.0315897850531885,1.0618262942082513,4.455535363044739,0.23520545547966537,3.4454324656331763,0.7135533316269251,3.618539372374585,1.0502424321091999,0.8085228642018868,5.752772151936158,1.669680717679937,0.18213685333784313,3.5978909094014604,4.191751017788345,1.1650578417580977,0.8632524587025212,0.2237789803309446,0.23352567248029873,0.7511640079419221
1,3715,40,4.8157784317691705,23.191721903893132,3.1437954005114634,1.0315897850531885,1.0618262942082513,4.455535363044739,0.23520545547966537,4.741776922684103,0.9137935267862437,6.227824885563678,1.3133947435971725,3.080739405627666,19.87412504817022,4.191282165361837,0.1791458089460925,7.0925767725360895,9.711618335203331,1.3692651692976672,0.6412757040696951,0.15863407310636068,0.1625031531620106,0.4969192016402349
1,3715,80,15.345679736265138,235.48988656801848,5.461667968024855,1.0315897850531885,1.0618262942082513,4.455535363044739,0.23520545547966537,9.684708199113386,1.8799536072074292,39.98170744839834,4.128333722234251,36.8413106909284,227.3487692110865,23.475025218818647,0.1893876264102434,15.031991967461456,54.988501518377326,3.6580981174954394,0.7270921437100142,0.20399152688459374,0.20306432244200825,0.34795033045317264
1,3715,160,169.5721784478453,28754.723703547887,10.266557335461382,1.0315897850531885,1.0618262942082513,4.455535363044739,0.23520545547966537,23.512322616967694,4.981695251098901,181.88737385055313,7.735831836506612,180.32743651043393,1690.6112928925832,71.90320243702983,0.2209885847746837,34.83966346026502,271.47598789532844,7.7921529926645094,0.6699943345290725,0.12418466152096778,0.12377258623502409,0.26014949050883374
1,3774,1,1.0796437248272202,1.1656305725587943,0.15326220458610668,1.0643501953866366,1.0796437248272215,4.457310399570918,0.18620290159596423,0.18620290159596414,0.03568143590090143,0.18620290159596414,0.9999999999999947,0.0,0.18620290159596414,0.9999999999999947,0.18620290159596417,0.18620290159596414,0.18620290159596414,0.9999999999999947,0.9999999999999947,nan,nan,nan
1,3774,2,1.1637945863607138,1.3544178392425048,0.30337172307499183,1.0643501953866366,1.0796437248272215,4.457310399570918,0.18620290159596423,0.3667871282893997,0.07083314713433764,0.36678978215391317,1.000007235435237,0.0002984310222275724,0.3840078675113374,1.0469502277853908,0.1847260693299516,0.36944023626723643,0.3674530974056506,0.9946212170020662,0.9981948301526872,0.27600710869641304,0.2760071086964116,0.9175438254234526
1,3774,5,1.4426111302010782,2.081126872980032,0.7329095128668731,1.0643501953866366,1.0796437248272215,4.457310399570918,0.18620290159596423,0.8779362654120375,0.1733078776271778,0.8784747744826649,1.0006133805970228,0.008733514100163039,1.0537886930827465,1.2003020430966886,0.18098004457602926,0.9047370715719621,0.893243437172448,0.9872961606629592,0.9834662511078344,0.36215230290213596,0.361495983608613,0.8237906612374382
1,3774,10,2.002893388309939,4.011581924935669,1.3891856585222115,1.0643501953866366,1.0796437248272215,4.457310399570918,0.18620290159596423,1.6799841352448446,0.33905568699653355,1.6977782266895538,1.0105918211198552,0.07183652592162297,2.54304425491514,1.5137311130289393,0.18004455890222212,1.8001568893851179,1.829496205303408,1.0162981993910045,0.9280031419403733,0.42820955004508066,0.4273899048255019,0.7201381414581662
1,3774,20,3.7880238170138583,14.34912443826424,2.663688925589049,1.0643501953866366,1.0796437248272215,4.457310399570918,0.18620290159596423,3.535772776167098,0.6914782005384995,3.4470428652253053,0.9749050867918103,0.6547834111133664,7.340843285850276,2.0761637555816037,0.18867073121994093,3.7682031784505305,4.314121361932044,1.1448749331255519,0.7990138839491465,0.2556171912014762,0.2499306082609303,0.6196446946802697
1,3774,40,10.199742180280303,104.03474054418919,4.644724887055326,1.0643501953866366,1.0796437248272215,4.457310399570918,0.18620290159596423,6.199560333541025,1.0560285980213906,6.017541244797015,0.9706400004272486,3.223394490982624,23.232629572118125,3.7474640655441864,0.2294325310613042,9.034772139998232,10.284402263198173,1.1383134077801083,0.5851133678745973,0.1518616393385471,0.14114627786520934,0.4775156828869483
1,3774,80,16.717293824074513,279.4679128004399,5.632887483859767,1.0643501953866366,1.0796437248272215,4.457310399570918,0.18620290159596423,7.031886749620522,1.427284173373581,18.525944683946605,2.634562435884844,17.005576080087746,147.11189149636786,20.920685547773758,0.24206033609641228,19.191226657119397,37.370679294996606,1.9472793460616624,0.49573475873174616,0.15952208201376153,0.15900883615512118,0.34882381516970334
1,3774,160,153.78640364130004,23650.257944924862,10.07112930062275,1.0643501953866366,1.0796437248272215,4.457310399570918,0.18620290159596423,13.046081270485683,4.22990349200165,176.7931450783551,13.551436742795438,176.95104582049953,1360.6687827558042,104.29712605225467,0.20695706460737176,31.674865424531053,307.64395921028523,9.712557735826273,0.574668020565653,0.21482771425472053,0.19387741599426064,0.32468309218786573
1,3833,1,1.0776011842982158,1.1612243124009174,0.14947489025618038,1.0391681719914145,1.0776011842982158,4.450156511099245,0.24509792338248346,0.24509792338248346,0.04660710144155961,0.24509792338248346,0.9999999999999959,0.0,0.24509792338248346,0.9999999999999959,0.24509792338248346,0.24509792338248346,0.24509792338248346,0.9999999999999959,0.9999999999999959,nan,nan,nan
1,3833,2,1.161678438366487,1.3494967941656002,0.29973177790111116,1.0391681719914145,1.0776011842982158,4.450156511099245,0.24509792338248346,0.4921686631417063,0.09393437881100951,0.49225755471946153,1.000180612022689,0.0004490359540213052,0.5099843372190996,1.0361983104809391,0.24533289373493805,0.4906655626395954,0.49316328263841364,1.0050904734079573,0.9981634319690074,0.3257989923995189,0.3257989923995176,0.9363842952796265
1,3833,5,1.4564767390822806,2.1213244914877536,0.7520406537382888,1.0391681719914145,1.0776011842982158,4.450156511099245,0.24509792338248346,1.2358434756233239,0.23793023566971808,1.239203970276058,1.0027191911589273,0.014568482706913702,1.4434383828233364,1.1679783170723188,0.2461871639956032,1.230928639617509,1.2580728947502766,1.0220518511464654,0.9850017240233404,0.2734487353409342,0.27331740121870857,0.8493002986112994
1,3833,10,2.1109065280462302,4.45592637014819,1.4942349787335696,1.0391681719914145,1.0776011842982158,4.450156511099245,0.24509792338248346,2.419014983194257,0.4712423313486085,2.4576906727141794,1.0159881975881155,0.1448775792462293,3.553925041540901,1.4691620623399442,0.24916171931019127,2.4913593750826113,2.6248581096353494,1.0535846959246136,0.9363137244228436,0.17596723847203646,0.1748600838003534,0.7344889562556235
1,3833,20,4.157445946532897,17.284356798342813,2.8498018611303277,1.0391681719914145,1.0776011842982158,4.450156511099245,0.24509792338248346,4.272133589027744,0.863368141646471,4.707025898212567,1.1017974508806958,1.084904350464788,9.840475860773626,2.3034101475776017,0.25675792279793824,5.132586900252221,5.936853478715948,1.1566980928124577,0.7928485880757538,0.24044414065550376,0.2422296763800034,0.6344256819929889
1,3833,40,9.054473210819346,81.9834851254452,4.406517826071162,1.0391681719914145,1.0776011842982158,4.450156511099245,0.24509792338248346,7.098025046956675,1.4989429861856998,7.64944693128056,1.0776866636389668,5.085542007783032,31.542255380350053,4.443807280431336,0.24108142343663935,9.60174648509144,13.632957273785786,1.4198414106177013,0.5610996042648314,0.1232675622559896,0.12814006283285606,0.4912493237832659
1,3833,80,8.777646516077168,77.04707836120164,4.344416642308731,1.0391681719914145,1.0776011842982158,4.450156511099245,0.24509792338248346,7.606162443351849,2.2589531186288245,10.402661084006507,1.36766222934128,13.236258444483093,142.9284343354535,18.791136187260868,0.20590911334123563,16.063742905772344,39.33985651187347,2.4489844454455936,0.2644305802403422,0.16415891337717492,0.1594549203455772,0.36429257815310656
1,3833,160,25.993176451705192,675.6452220494814,6.515668118823601,1.0391681719914145,1.0776011842982158,4.450156511099245,0.24509792338248346,8.895981456687542,1.8107649849847012,35.557161108329616,3.996991369805471,33.92183605294277,534.7821147867026,60.11502130376865,0.16743373294336694,25.104801804891924,124.73990206958071,4.968766654245161,0.28505041705496614,0.14236206056888126,0.15269647398288574,0.3452751513386225
1,3892,1,1.0627672201969305,1.129474164325111,0.12175218311417202,1.0411535860677938,1.0627672201969312,4.450357162413355,0.1671278907287403,0.16712789072874032,0.039429314385692395,0.16712789072874032,0.999999999999994,0.0,0.16712789072874032,0.999999999999994,0.16712789072874032,0.16712789072874032,0.16712789072874032,0.999999999999994,0.999999999999994,nan,nan,nan
1,3892,2,1.1308869341345071,1.278905257796145,0.24600444463497542,1.0411535860677938,1.0627672201969312,4.450357162413355,0.1671278907287403,0.33133608937728415,0.078955368088503,0.33135379301589607,1.0000534310604203,0.00029560650250765735,0.3428972639901783,1.034892590887462,0.16626171639479456,0.3325188965834978,0.33152227577622695,0.9970028145241917,0.9994917905291963,0.1080713712341556,0.10807137123415496,0.9359178187099564
1,3892,5,1.3698749189992305,1.8765572937031485,0.6294388713427463,1.0411535860677938,1.0627672201969312,4.450357162413355,0.1671278907287403,0.8099097532101536,0.19923713254652248,0.8103110583976478,1.000495493708901,0.008200255279318853,0.923669604218226,1.1404599099556134,0.16344918101887013,0.8171342577677009,0.8133952290265087,0.9954242173722986,0.9962082754867482,0.13097433798310548,0.130944129126687,0.860302110528324
1,3892,10,1.8977307171212265,3.601381874705445,1.2813176258937784,1.0411535860677938,1.0627672201969312,4.450357162413355,0.1671278907287403,1.5820085958609542,0.4123166607656397,1.5835509528502496,1.0009749359095328,0.06790995945443967,2.0743906728231067,1.3112385597969454,0.15797859200043549,1.5784773131827718,1.6048346405086902,1.016697944978868,0.9867377690378771,0.16885309284654257,0.1684336566563963,0.7750385420137378
1,3892,20,3.579196914686684,12.81065055410268,2.5502768994827325,1.0411535860677938,1.0627672201969312,4.450357162413355,0.1671278907287403,3.1463502584325527,0.9242005516511544,3.1426406719877256,0.9988209874489066,0.4430310815362275,5.036802554833211,1.600839748001369,0.14495062169616582,2.881682718715959,3.252649338680853,1.1287326385918681,0.9661787499239793,0.24195764305421644,0.2380613473730036,0.6887405574524963
1,3892,40,9.758629719415344,95.2308540006564,4.556303985934897,1.0411535860677938,1.0627672201969312,4.450357162413355,0.1671278907287403,6.671545771827594,2.1733696452220634,6.766021961986644,1.014161064525406,2.570480020854151,13.95342091707194,2.091482453136128,0.12052577725744794,4.657300050096105,7.218480508331405,1.5499281623872285,0.9373194198110608,0.3491345011737587,0.33998348266385503,0.6049818224527461
1,3892,80,20.078214761810777,403.1347080213962,5.999270769173613,1.0411535860677938,1.0627672201969312,4.450357162413355,0.1671278907287403,19.95512062325006,4.569108417983757,18.187495678241135,0.9114199819494233,20.649013574184078,43.94678428695996,2.202281064427984,0.11568272643324642,8.961487914723797,22.16200518331783,2.473027402838481,0.820661105698664,0.37729614078216905,0.37078236588715746,0.5603447705452947
1,3892,160,219.84092505332617,48330.03232830218,10.785808433746462,1.0411535860677938,1.0627672201969312,4.450357162413355,0.1671278907287403,29.008303326472824,6.580641604547103,33.07562282367482,1.140212250658941,48.779313059532,173.52838723810353,5.982024708068412,0.1467225066944662,22.624798799895853,61.786658858777294,2.7309263346492925,0.5353198155490837,0.1530361076351037,0.16038777571609467,0.4133362265824909
1,3951,1,1.0620566313711315,1.1279642882393954,0.12041449321246088,1.0276542317831356,1.0620566313711324,4.457707919869994,0.10167480730794191,0.10167480730794191,0.029301514064012088,0.10167480730794191,0.9999999999999901,0.0,0.10167480730794191,0.9999999999999901,0.10167480730794191,0.10167480730794191,0.10167480730794191,0.9999999999999901,0.9999999999999901,nan,nan,nan
1,3951,2,1.1259805054872092,1.2678320987372311,0.2373084330024082,1.0276542317831356,1.0620566313711324,4.457707919869994,0.10167480730794191,0.20410166376670982,0.05822505533105319,0.20410924071276984,1.000037123391937,8.290335185946373e-05,0.21167733650363646,1.0371171532711496,0.10275884895747191,0.20550638071902882,0.20449049957986207,0.9950566929571073,0.9981355668460073,0.24858789094859907,0.2485878909485966,0.9333600438469994
1,3951,5,1.3227163913803748,1.7495786520263208,0.5593749886749338,1.0276542317831356,1.0620566313711324,4.457707919869994,0.10167480730794191,0.5129871076160405,0.1416001341385385,0.5131442944291793,1.0003064147437706,0.002603872026114843,0.5929086268084842,1.1557963504460274,0.1061626185743645,0.530572916620123,0.5214385171886466,0.9827838942672279,0.9840935748203127,0.15559917884405022,0.15390358923265335,0.8541566465640681
1,3951,10,1.6233306579652091,2.635202425089759,0.9689600007086353,1.0276542317831356,1.0620566313711324,4.457707919869994,0.10167480730794191,1.0142218868801935,0.26349757829555004,1.0164582745487347,1.0022050280096195,0.027938319702377742,1.400492810197352,1.3808544543495793,0.11303732630801203,1.1277351947859837,1.0917163549996427,0.9680609065382786,0.9310644380234336,0.1367142583449973,0.13720227074684063,0.7654655339701468
1,3951,20,2.111807616004441,4.4597314070143605,1.4950885415759965,1.0276542317831356,1.0620566313711324,4.457707919869994,0.10167480730794191,1.9211533024560297,0.44450058804711723,1.9411107887845744,1.01038828411196,0.2581655330283988,3.7006871087104667,1.9262841252592666,0.12856562796001147,2.550261681381044,2.5493244264565043,0.9996324867634631,0.7614216412160095,0.23278739677769097,0.24832195932927453,0.6863803308465135
1,3951,40,4.003525600343971,16.028217232609553,2.77435074600184,1.0276542317831356,1.0620566313711324,4.457707919869994,0.10167480730794191,3.2766118308301575,0.66521503811365,3.1323282862733315,0.9559656279089148,1.346561129798916,12.510689462257108,3.818178688284665,0.13685118948086938,5.428264274053928,6.584629364135678,1.2130266751397778,0.47570305222251363,0.1740938277202975,0.1733689476931037,0.5583757913393413
1,3951,80,7.516472715991789,56.49736209024898,4.034193948394286,1.0276542317831356,1.0620566313711324,4.457707919869994,0.10167480730794191,7.707817039156787,1.4538395727372995,7.951129555664999,1.0315669813219683,5.444685115044775,38.19790180377036,4.955735405980666,0.1612485233949523,12.686332990675009,18.231070008370395,1.4370638088855936,0.4361307126797502,0.1520772004502299,0.14783347603191227,0.5004663483911165
1,3951,160,118.61985678181348,14070.670422937941,9.551847798080427,1.0276542317831356,1.0620566313711324,4.457707919869994,0.10167480730794191,17.743447274745236,3.800071686987608,11.405040392652808,0.6427747785452004,21.716188552164176,169.5964480846476,9.55825806894014,0.15070258974799347,23.658531026010273,66.27552328626402,2.8013372095418974,0.17208525602115565,0.25237964291980897,0.2540492797530673,0.4349953342865479
1,4010,1,1.051279344591129,1.1051882603639538,0.1000156918282564,1.0244909289091781,1.0512793445911277,4.442158971620605,0.19256517866633463,0.19256517866633452,0.039979022824076456,0.19256517866633452,0.9999999999999948,0.0,0.19256517866633452,0.9999999999999948,0.19256517866633452,0.19256517866633452,0.19256517866633452,0.9999999999999948,0.9999999999999948,nan,nan,nan
1,4010,2,1.1054254395012442,1.2219654022965187,0.20046054798896018,1.0244909289091781,1.0512793445911277,4.442158971620605,0.19256517866633463,0.38906434835052306,0.08037680229731332,0.3890392137219297,0.9999353972454661,0.0003641837043674869,0.3995049164913933,1.0268350677339957,0.19488393789391514,0.3897406093449092,0.3897073479729981,0.9999146576694485,0.9982855487469132,0.2554145953480068,0.2554145953480055,0.9515761705268245
1,4010,5,1.2816897601268806,1.642728641214101,0.4963586648632563,1.0244909289091781,1.0512793445911277,4.442158971620605,0.19256517866633463,0.9927973529102189,0.20139098983406375,0.9920573909878632,0.9992546697267195,0.011210143690423557,1.1017963172151863,1.1097897410639284,0.2006177535031651,1.002753491204245,1.0050435427691218,1.0022837632428738,0.9870790157553971,0.24818279664698578,0.24747838787107906,0.8932152040644228
1,4010,10,1.5865573114558607,2.517164102534049,0.9231329116973703,1.0244909289091781,1.0512793445911277,4.442158971620605,0.19256517866633463,1.9770577835167022,0.3867873062631415,1.975524311759665,0.999224366748497,0.11174080836842555,2.4993344884935462,1.2641686597787951,0.20304900374888027,2.0299276268639046,2.0773180123849735,1.0233458498194257,0.9509975362373911,0.14302314201230043,0.14057965662933603,0.822970194697835
1,4010,20,2.3612227561053745,5.5753729039498605,1.7183592037101116,1.0244909289091781,1.0512793445911277,4.442158971620605,0.19256517866633463,3.668820419979323,0.6909646178537843,3.659247494925895,0.9973907349072477,0.8708786341898573,6.601678751097884,1.7994008960337962,0.19758691750120733,3.949378462861011,4.453797318127021,1.127721073077559,0.8216017105297322,0.09319340856199257,0.09197951587521062,0.6878007392244972
1,4010,40,5.011732895158458,25.117466612413377,3.223563485097487,1.0244909289091781,1.0512793445911277,4.442158971620605,0.19256517866633463,6.05816407449637,1.3474681739157555,6.521696280503569,1.0765136434581848,4.336081733470481,20.252027952182367,3.342931571866674,0.18833420730657627,7.5181833684785735,10.194986764626277,1.3560439091404333,0.6396963950097524,0.1414501082248455,0.1396008911546727,0.5616626237810962
1,4010,80,16.45780525916377,270.85935394855863,5.601599697038523,1.0244909289091781,1.0512793445911277,4.442158971620605,0.19256517866633463,9.117211645070553,2.071241217204382,8.694584975684702,0.953645183874353,9.708810842676684,45.676832433611395,5.0099563563721485,0.1592178524869675,12.43261457403529,19.702359559917436,1.5847317909351535,0.44129663501690436,0.1850383131974049,0.19015061779698,0.48813224822413986
1,4010,160,276.0584976191838,76208.29410776091,11.241225582309923,1.0244909289091781,1.0512793445911277,4.442158971620605,0.19256517866633463,24.72340530851221,5.7979435231238785,40.5277968150314,1.6392481662337097,41.85640865537984,367.80265443968096,14.876698814343644,0.16249931566348952,25.50431536731554,82.17032480439869,3.221820449636619,0.4932169479858487,0.1553512955482862,0.1482224861385806,0.28174888866186426
1,4069,1,1.04552811143788,1.09312903180686,0.08904425511496022,1.00915926516894,1.0455281114378794,4.442067001342121,0.12095942599734774,0.12095942599734764,0.02962338814044792,0.12095942599734752,0.9999999999999907,4.996003610813204e-16,0.12095942599734752,0.9999999999999907,0.12095942599734752,0.12095942599734752,0.12095942599734752,0.9999999999999918,0.9999999999999918,nan,nan,nan
1,4069,2,1.0935854444640014,1.1959291243435275,0.17892339319012743,1.00915926516894,1.0455281114378794,4.442067001342121,0.12095942599734774,0.24475749184504866,0.05993545243537469,0.2447603671869301,1.0000117477175419,0.0001415346258542864,0.25052033721454303,1.0235451234855018,0.12247504968701876,0.24493157147393285,0.24516747834219862,1.0009631541856574,0.9983394569376722,0.028529005005997976,0.02852900500599774,0.9577010244174131
1,4069,5,1.2536398784407337,1.5716129448168974,0.4521024453804486,1.00915926516894,1.0455281114378794,4.442067001342121,0.12095942599734774,0.6292330037115244,0.153687671851322,0.6293111953643205,1.000124265021596,0.004551597546573106,0.6938599093168686,1.1027074314667888,0.12661540619374134,0.6327927884358858,0.6362700693227747,1.0054951335578317,0.9890630185294398,0.012056745249956098,0.012116132060743587,0.8986012543685189
1,4069,10,1.5697092302742677,2.463987067608234,0.9017807971218804,1.00915926516894,1.0455281114378794,4.442067001342121,0.12095942599734774,1.2872418769422012,0.31050798899604004,1.2877706012599892,1.0004107420114725,0.0452950476180821,1.6124208911554279,1.252616870254157,0.130888802207317,1.3079136910860067,1.3301610904357846,1.0170098375002894,0.9681313117030745,0.06827861719944729,0.06943371025716195,0.8149739103328465
1,4069,20,2.226070751828471,4.9553909921461745,1.600476073275526,1.00915926516894,1.0455281114378794,4.442067001342121,0.12095942599734774,2.51819287296866,0.5756868472801048,2.5155334292079656,0.9989439078359553,0.35423527398816335,4.020066519356802,1.5964092991088503,0.12888129921480856,2.5751537803172995,2.7258395018051753,1.058515232231804,0.9228472283647162,0.11006601639223244,0.11145075017386814,0.6941435357347897
1,4069,40,3.5535539589460696,12.627745739141284,2.5358964358035627,1.00915926516894,1.0455281114378794,4.442067001342121,0.12095942599734774,4.784129752647438,1.0208849726605127,5.0096051859241655,1.0471298741744939,2.1555996503805126,12.55538287429708,2.62438176292129,0.1280784746828812,5.1191320191536125,6.377444934674136,1.2458059121766056,0.7855191596695671,0.25547550003936365,0.25347609312206054,0.5718858645568263
1,4069,80,11.773730643158029,138.62073325763836,4.931741666171695,1.00915926516894,1.0455281114378794,4.442067001342121,0.12095942599734774,6.488783696791787,1.530625936079669,11.341833383229728,1.74791361728353,11.163104531428488,49.06791890293743,7.561959404995701,0.14817041841920256,11.704811531037741,20.247260169230362,1.7298236811024714,0.5601663281072391,0.18252257113532486,0.17154253064028624,0.4457779810228248
1,4069,160,55.08900994800466,3034.7990170513563,8.017900479571471,1.00915926516894,1.0455281114378794,4.442067001342121,0.12095942599734774,8.330354751184014,1.9113031366203628,45.82576759222451,5.501058353572658,47.1263377045967,434.51690077087613,52.16067187404199,0.1552208317462124,24.521142430401152,111.9475276104893,4.565347145967289,0.40935042131230337,0.20287295631623065,0.19949620750449013,0.3289156055586627
1,4128,1,1.0526889691941468,1.1081540658630353,0.10269562727157752,1.0254618932335928,1.0526889691941477,4.44468270151009,0.17301734054798198,0.17301734054798198,0.04302506335399946,0.17301734054798198,0.9999999999999942,0.0,0.17301734054798198,0.9999999999999942,0.17301734054798198,0.17301734054798198,0.17301734054798198,0.9999999999999942,0.9999999999999942,nan,nan,nan
1,4128,2,1.1083519601558567,1.2284440675813297,0.20574838290829217,1.0254618932335928,1.0526889691941477,4.44468270151009,0.17301734054798198,0.346364269354552,0.08673870215597965,0.3462987914034269,0.9998109563921009,0.00043758270582237776,0.35504927467170466,1.0250747726759926,0.1729612059004677,0.34592239357649124,0.3465857202459528,1.0019175592033878,0.9991721273388781,0.2555115645986735,0.255511564598672,0.9535337747780371
1,4128,5,1.2927270248382505,1.6711431607471547,0.5135079196401566,1.0254618932335928,1.0526889691941477,4.44468270151009,0.17301734054798198,0.8646222057456634,0.2194755351962387,0.862453146261799,0.9974913211001853,0.01389454913570964,0.9571836615253556,1.1070542199409101,0.1722164181950989,0.8610733376104162,0.8674786671562997,1.0074387735238186,0.9942067498778085,0.20893335892887724,0.2089473685365555,0.8885827733939884
1,4128,10,1.6511319330323448,2.726236660279128,1.0029221454558446,1.0254618932335928,1.0526889691941477,4.44468270151009,0.17301734054798198,1.6960460651599059,0.42882716475592775,1.6721004610344017,0.9858815131160676,0.1386510689980307,2.193285475440874,1.2931756515906225,0.17138223974083613,1.713781053019587,1.7162579688601847,1.0014452930473425,0.9742710544527812,0.1582832705207341,0.15828601565778438,0.776357008153928
1,4128,20,2.49362858720362,6.218183530919123,1.827477827270306,1.0254618932335928,1.0526889691941477,4.44468270151009,0.17301734054798198,3.0968414069039687,0.7350906724849066,3.087514167966002,0.9969881444632025,0.6181470001561243,6.216626657917249,2.0074087888576275,0.1782228256437058,3.5611879353154134,3.495564874805344,0.98157270503494,0.8832661611345246,0.09639784320936613,0.09845290522645428,0.5831167117742085
1,4128,40,4.623868122009431,21.380156409735022,3.062463221273368,1.0254618932335928,1.0526889691941477,4.44468270151009,0.17301734054798198,4.6227109331383405,1.0817886794189104,4.739617147033404,1.0252895358559,2.4304077584470707,23.261336690959325,5.031968692701122,0.1859188938508189,7.422970685644933,7.977332953412188,1.074681996096161,0.594135555669154,0.13149286522490894,0.13282911128660516,0.4067272273533872
1,4128,80,8.494799951311716,72.16162621280553,4.278908411708934,1.0254618932335928,1.0526889691941477,4.44468270151009,0.17301734054798198,5.666785527841744,1.1613391328880929,12.848260060643705,2.2672924531056147,10.307349412527802,76.83801301587931,13.559364941263956,0.16954677993795214,13.427719746000449,22.153464922925693,1.6498307487780473,0.5799661635479685,0.19040057667396798,0.1907047373534543,0.3883471164301247
1,4128,160,72.522916600714,5259.573432274118,8.567805205917422,1.0254618932335928,1.0526889691941477,4.44468270151009,0.17301734054798198,8.640695832138434,1.8817894202338599,48.76558906777608,5.643710878746135,44.947533574516534,503.05067412478115,58.2187689391543,0.16155095998797964,25.628832654945825,109.29187418920495,4.264410933601922,0.44619592654577045,0.16872955482317303,0.16837713930837936,0.38122268967762707
1,4187,1,1.061085627112545,1.125902708064823,0.11858512106859108,1.0197239833982055,1.0610856271125468,4.452539714673034,0.11994843334705717,0.11994843334705727,0.027035714736479168,0.1199484333470573,0.999999999999992,3.2487068343022356e-16,0.1199484333470573,0.999999999999992,0.1199484333470573,0.1199484333470573,0.1199484333470573,0.9999999999999917,0.9999999999999917,nan,nan,nan
1,4187,2,1.124830843005865,1.2652444253772852,0.23526532515670903,1.0197239833982055,1.0610856271125468,4.452539714673034,0.11994843334705717,0.23995176525626133,0.053712736116205556,0.23996556660608787,1.0000575171839674,0.0001679520720746128,0.24815367282703063,1.0341814846079955,0.12046689822221027,0.24093157461949777,0.2406803251982065,0.9989571751992695,0.9970302574939143,0.17009284237528732,0.1700928423752859,0.941233652659413
1,4187,5,1.3313600374212724,1.7725195492423718,0.5724020085550715,1.0197239833982055,1.0610856271125468,4.452539714673034,0.11994843334705717,0.6067415286587255,0.13279489690593385,0.6073054760356108,1.000929468892843,0.004654956448205663,0.6958436129140685,1.1468534459019355,0.12424528181430854,0.6209364167649546,0.6198037733758899,0.9981759108364642,0.9798350738134337,0.10607077406676751,0.10469726403583564,0.8679518760593584
1,4187,10,1.727271925624667,2.983468305051145,1.0930864845118546,1.0197239833982055,1.0610856271125468,4.452539714673034,0.11994843334705717,1.2541470418325693,0.2643914088380384,1.2618610162567359,1.0061507735272364,0.03476418640731943,1.704862395728093,1.3593799920278355,0.13407094462907276,1.3364705415708,1.3474914884106832,1.008246307342419,0.9364519383681255,0.07980627564619532,0.07630694883617772,0.7765736445803901
1,4187,20,2.7373284793148946,7.492967203668393,2.013964874443247,1.0197239833982055,1.0610856271125468,4.452539714673034,0.11994843334705717,2.531194502689342,0.5176530048847777,2.580093445529226,1.0193185244310263,0.19896750980011202,5.1587481707416805,2.0380686530650314,0.14399274242788312,2.868784040107228,3.1393938043864593,1.094329081762849,0.8218444726253323,0.11986807416537539,0.12457328462370479,0.6265688249046257
1,4187,40,5.191079328261804,26.94730459230702,3.2938832772254054,1.0197239833982055,1.0610856271125468,4.452539714673034,0.11994843334705717,4.486034384564567,1.0262003265454902,5.72662465018781,1.2765449747536117,1.924296939269128,19.56488284114318,4.361286865847825,0.14686732697920038,5.860883957165689,9.24144389569415,1.5768003535363107,0.6196677396760484,0.26033561846560427,0.2674251716523371,0.5494005906040462
1,4187,80,18.518866013524253,342.94839842686366,5.837579993944234,1.0197239833982055,1.0610856271125468,4.452539714673034,0.11994843334705717,5.39071797752094,1.184272595346281,10.103081350078487,1.87416247561232,6.359381150741969,63.02997607014726,11.692315630863924,0.14777687286752647,11.799198464383917,24.326041978693006,2.0616690237156003,0.41531957228914174,0.1695166518510074,0.17243439530263308,0.4618931100576068
1,4187,160,290.70078293303374,84506.9451978788,11.344589001658587,1.0197239833982055,1.0610856271125468,4.452539714673034,0.11994843334705717,13.402634257318189,2.8687924605121373,44.92451517946992,3.351916818511999,48.48311068864596,509.7843939028018,38.036134099865194,0.17067174686668002,26.917319656322874,151.0899293847437,5.613111978229702,0.29733626431892535,0.2029808254697366,0.19913029090608864,0.36911952223302713
1,4246,1,1.0563967226657054,1.1159740356588432,0.10972759814980142,1.0219505623471177,1.0563967226657047,4.455182385271315,0.16064747051037337,0.16064747051037337,0.03527524769433061,0.16064747051037337,0.9999999999999938,0.0,0.16064747051037337,0.9999999999999938,0.16064747051037337,0.16064747051037337,0.16064747051037337,0.9999999999999938,0.9999999999999938,nan,nan,nan
1,4246,2,1.1163166705552263,1.2461629089595057,0.2200691573721818,1.0219505623471177,1.0563967226657047,4.455182385271315,0.16064747051037337,0.32124586681294726,0.07045560490701788,0.3212519953213757,1.0000190773144828,0.0003530582825589698,0.3297832671496311,1.0265759071747182,0.1602700407356786,0.32053919053818114,0.3215165415897343,1.0030490844190103,0.9991771923551692,0.14983571193425746,0.14983571193425652,0.9513411602875746
1,4246,5,1.318708810597868,1.7389929271484434,0.5533061681691903,1.0219505623471177,1.0563967226657047,4.455182385271315,0.16064747051037337,0.8026345757025889,0.17573566054768527,0.8031689250348822,1.0006657442234215,0.010358832357553511,0.8941021502838038,1.1139591756325067,0.15867546979903316,0.7933391544888473,0.8084672840154249,1.0190689309118037,0.9934464151051008,0.19629442999183536,0.19618535448999438,0.8870986604892981
1,4246,10,1.7361526012088373,3.014225854684212,1.1033430325939526,1.0219505623471177,1.0563967226657047,4.455182385271315,0.16064747051037337,1.602281670850555,0.3514123283908117,1.6116911948257016,1.005872577928293,0.09373484585542778,2.0642708741588667,1.2883320777570075,0.15546719544741253,1.5542353411112257,1.6590025463152591,1.06740755562097,0.9714820501061677,0.2455217201603127,0.24518868771361552,0.8021835813109189
1,4246,20,2.7784650672077444,7.719868129693736,2.0437972822449026,1.0219505623471177,1.0563967226657047,4.455182385271315,0.16064747051037337,3.0456702518534278,0.6696114277679768,3.127580733411637,1.0268940741396289,0.739948325022598,5.244092757576477,1.7218189508155746,0.14884913794787819,2.9729233334828065,3.608462138649366,1.2137757129518774,0.8667350836005384,0.18763248184872094,0.18804942806629382,0.718108101026942
1,4246,40,4.108767113824148,16.881967195642815,2.826246022403783,1.0219505623471177,1.0563967226657047,4.455182385271315,0.16064747051037337,4.42494920384276,0.9612271843341149,4.89370864487483,1.1059355530284922,3.3783338931306583,14.598830897864383,3.2992086971724586,0.15374256729772898,6.122147955547449,9.72792786863599,1.5889730106606197,0.5030576615039196,0.17872662546270005,0.18168646231730434,0.696496639877306
1,4246,80,8.877275452394816,78.80601945769158,4.366989383003338,1.0219505623471177,1.0563967226657047,4.455182385271315,0.16064747051037337,5.179878370554297,1.0528520378927437,10.33354663460806,1.9949400150687842,9.970206931717483,82.1888859155053,15.866952857951041,0.18551488727986312,14.61492626989586,36.33362111710886,2.486062566866973,0.2844072877102298,0.20176055189569483,0.19907533501047148,0.4608190882255718
1,4246,160,65.74446847963493,4322.335135669711,8.37155107586296,1.0219505623471177,1.0563967226657047,4.455182385271315,0.16064747051037337,6.916552982051507,1.5131326789509039,22.21481595239011,3.2118334103761916,21.49193635585068,458.1505599348694,66.23972390926124,0.17079527157821456,26.9177535483264,178.37124208543065,6.626527795686755,0.12454258709344165,0.27060520925920334,0.2793298199553354,0.4518818995552624
1,4305,1,1.0669246846507947,1.1383282827171977,0.12956076749314432,1.0387939180016732,1.0669246846507947,4.45327971036178,0.1994645421135689,0.1994645421135689,0.043159316690487275,0.1994645421135689,0.999999999999995,0.0,0.1994645421135689,0.999999999999995,0.1994645421135689,0.1994645421135689,0.1994645421135689,0.999999999999995,0.999999999999995,nan,nan,nan
1,4305,2,1.1384881012542916,1.296155156697602,0.2594023104383303,1.0387939180016732,1.0669246846507947,4.45327971036178,0.1994645421135689,0.3979005166108518,0.0857473316512369,0.3977817656424274,0.9997015561340888,0.0004480165738414623,0.41276703226028033,1.0373623934345555,0.19972334310058937,0.3994463512812424,0.3986201317334791,0.9979315881967274,0.9978968295268809,0.05385924900058972,0.05385924900058945,0.9335155875901949
1,4305,5,1.3817372362838942,1.909197790133454,0.6466831486659333,1.0387939180016732,1.0669246846507947,4.45327971036178,0.1994645421135689,0.9885354314471457,0.2100613874156191,0.9858386472174641,0.997271939736409,0.012341678007998418,1.1548290255004114,1.168222188869672,0.20256991418082107,1.0127407176501317,1.0015532066521446,0.98895323274456,0.9843098106717564,0.047091116661867494,0.04733637680910511,0.8418244570271427
1,4305,10,1.8847370452069887,3.5522337295755704,1.2675766252104255,1.0387939180016732,1.0669246846507947,4.45327971036178,0.1994645421135689,1.954039588345303,0.4052849761742882,1.9427255441768918,0.9942099207017637,0.09681502820957354,2.8190668413821847,1.442686657013634,0.2104122909233491,2.1023747459106796,2.0535756374861043,0.9767885775266778,0.9460209347609367,0.09290080726450418,0.09330714799355354,0.7182347593816174
1,4305,20,3.2477010583094414,10.547562164144265,2.3558947587315573,1.0387939180016732,1.0669246846507947,4.45327971036178,0.1994645421135689,3.4713807456579344,0.704961196187004,3.425661178317424,0.9868295728154572,0.6288159183754165,7.775573194821435,2.2399079111524314,0.2121331735583057,4.237568416620899,4.051962937503825,0.9562000041370237,0.8454325054680214,0.07490528935948092,0.0731922121495175,0.5550167906971444
1,4305,40,6.425641676786408,41.28887095845444,3.720592995335582,1.0387939180016732,1.0669246846507947,4.45327971036178,0.1994645421135689,5.392101800906839,1.1576532950108653,5.950804431233586,1.103615000412786,3.0225875022352704,22.48745890134293,4.170444055333118,0.1940171154467361,7.716995421712765,8.261957672182973,1.0706184493691526,0.7202656643072906,0.052288752821024666,0.04953802216736658,0.46712745186505755
1,4305,80,22.24852099209399,494.9966863356469,6.2045510682748635,1.0387939180016732,1.0669246846507947,4.45327971036178,0.1994645421135689,10.201475814787173,2.2121665899774907,16.822247373647333,1.6490013483405275,13.819279892033261,79.31471831541847,7.7748278538729405,0.176052085364934,13.952199265777574,32.271456462300186,2.313001401969416,0.5212732618157236,0.28984727107263847,0.278759388351989,0.5276181756289638
1,4305,160,346.04938124552314,119750.17426040942,11.693162970473852,1.0387939180016732,1.0669246846507947,4.45327971036178,0.1994645421135689,10.296583345424652,2.0766192953516267,69.85381772015825,6.784174456393653,70.77218178567166,369.94242800903345,35.928658623777324,0.16654322761517332,26.36196716938642,131.8846199739061,5.002836818910117,0.5296585586247973,0.23404215406484372,0.22790603658084768,0.4138857677643834
1,4364,1,1.0569692601214324,1.1171840168416483,0.11081124854333872,1.029349530072606,1.0569692601214324,4.455040321283384,0.15745285294316122,0.15745285294316116,0.032546753981857524,0.15745285294316125,0.9999999999999942,2.830524433501838e-16,0.15745285294316125,0.9999999999999942,0.15745285294316125,0.15745285294316125,0.15745285294316125,0.9999999999999937,0.9999999999999937,nan,nan,nan
1,4364,2,1.116938786856552,1.2475522535845858,0.22118343440726634,1.029349530072606,1.0569692601214324,4.455040321283384,0.15745285294316122,0.31584790160641757,0.06544157611252083,0.315907192685739,1.000187720352166,0.00018690366315892486,0.3240341788690274,1.02591841586084,0.15756345885032155,0.3151268401122983,0.3166782811558048,1.004923227240665,0.9975650730853645,0.11151344162536013,0.11151344162535942,0.9557833058614618
1,4364,5,1.3155838701253249,1.7307609193339275,0.5485611495746876,1.029349530072606,1.0569692601214324,4.455040321283384,0.15745285294316122,0.7956642084676254,0.16647266581628548,0.7971658723936964,1.0018873086285507,0.0066493690093433686,0.8856008904352158,1.1130334643816628,0.1587176905619411,0.7935657396637684,0.8113682499532151,1.0224335671257538,0.9824957686471727,0.09303346402120444,0.09303191245150152,0.8997229414187431
1,4364,10,1.7202346755815578,2.9592073390731874,1.0849214416199429,1.029349530072606,1.0569692601214324,4.455040321283384,0.15745285294316122,1.6071780552293091,0.3429562685873197,1.6185869497823542,1.0070987122527728,0.0692059586538617,2.032565412495639,1.2646796699856848,0.1614442212724559,1.6141693216833901,1.7134086715304204,1.0614801362619966,0.9446590160750311,0.183762570638384,0.18325008955619015,0.8366568336367214
1,4364,20,2.9137033384893605,8.489667144724045,2.1388497939862696,1.029349530072606,1.0569692601214324,4.455040321283384,0.15745285294316122,3.243179062555673,0.7037141238446968,3.3141972066357606,1.0218976944258278,0.5343151060465863,5.0616899718792245,1.56071862646108,0.15862699238533415,3.1696164842537464,3.7609758328176444,1.1865712623283275,0.8812067277105667,0.2358461507738101,0.2355469900351549,0.7583785398798862
1,4364,40,5.0932120055791525,25.940808533775613,3.2558173477847947,1.029349530072606,1.0569692601214324,4.455040321283384,0.15745285294316122,6.20432314873869,1.3538859724553312,5.434876564204683,0.8759821875669979,2.7879388564655874,14.946212547409326,2.408999690876485,0.14530606645783473,5.775563003867649,8.023515217847903,1.3892178498399024,0.6773685120101816,0.21582687342678533,0.22135596032057367,0.5846185682128261
1,4364,80,13.342737548832647,178.02864529702862,5.181944465979454,1.029349530072606,1.0569692601214324,4.455040321283384,0.15745285294316122,6.5837007277305535,1.3605629739640894,8.372992584318308,1.2717760011555892,7.812668062659864,62.550763477543036,9.50085158246625,0.1581722742591574,12.555508386412779,28.71163854538325,2.286776262795872,0.2916236414401595,0.27818501660411155,0.2757333373413305,0.4956553900325665
1,4364,160,221.20421187537494,48931.30335140577,10.798172620989634,1.029349530072606,1.0569692601214324,4.455040321283384,0.15745285294316122,12.918130687598591,3.089170145164152,26.007925211376694,2.0132885972692867,24.829921870518508,218.48741124535965,16.91323741252344,0.1500560452379765,23.81996976244959,78.15351098895519,3.281007984827856,0.33277999775406364,0.18506154810679917,0.18655948765824373,0.3934277810694317
1,4423,1,1.056081157118816,1.1153074104214173,0.10913007132643165,1.0288354587021513,1.0560811571188158,4.449209939468301,0.17183587153659463,0.17183587153659466,0.038005585690874866,0.17183587153659466,0.9999999999999942,0.0,0.17183587153659466,0.9999999999999942,0.17183587153659466,0.17183587153659466,0.17183587153659466,0.9999999999999942,0.9999999999999942,nan,nan,nan
1,4423,2,1.117369082178553,1.2485136658085416,0.22195377645955763,1.0288354587021513,1.0560811571188158,4.449209939468301,0.17183587153659463,0.3474791003484795,0.0768458007936986,0.34764052951671653,1.0004645723097423,0.0004351563946473011,0.3563744247586552,1.0255995954900705,0.17318240498470017,0.346354420825283,0.3480480945226154,1.0048900016731295,0.9988289980255203,0.09437104845753941,0.09437104845753885,0.9542146756901736
1,4423,5,1.3344820654610763,1.7808423830372604,0.5770865012543894,1.0288354587021513,1.0560811571188158,4.449209939468301,0.17183587153659463,0.8986792783355058,0.1982508594983391,0.9033408134600031,1.0051870953708093,0.015009700666989175,1.0030565702940828,1.1161452082793084,0.17760759083824856,0.8877965529235807,0.9108924172399526,1.0260148163904381,0.9917096644597918,0.08528911184676849,0.08503639752239747,0.8897070294254821
1,4423,10,1.8155162829013556,3.296099373479955,1.1927397613135917,1.0288354587021513,1.0560811571188158,4.449209939468301,0.17183587153659463,1.89288022151435,0.41190921805282393,1.924894763825956,1.0169131368946274,0.15346653696692775,2.4642748684143947,1.3018651895696356,0.1838086965971759,1.8367716453816256,1.9822904325895356,1.0792253013997688,0.9710457822829711,0.07888707576490325,0.0776220194701197,0.7986295916361337
1,4423,20,3.125019226561265,9.765745166377567,2.278880871338086,1.0288354587021513,1.0560811571188158,4.449209939468301,0.17183587153659463,3.843894093581969,0.7971161263754345,3.851169265324387,1.0018926566563227,0.7203515422629128,6.562880075941334,1.7073519499143253,0.1785926649801106,3.561237110690703,4.2993166070424795,1.2072536799462434,0.895763121751953,0.17537771263648763,0.1683340007987359,0.6893701578303645
1,4423,40,5.856158805864811,34.29459595950797,3.5349877895583086,1.0288354587021513,1.0560811571188158,4.449209939468301,0.17183587153659463,4.531356497816254,0.9164727317727596,4.854361204442292,1.0712821219830528,2.9103545164514633,17.05025607089194,3.7627266976475537,0.16558289677369853,6.580450380461693,8.849532171666732,1.3448216550560534,0.5485443874631414,0.3089551568876599,0.2942460530663108,0.585922363904907
1,4423,80,13.620661510811072,185.52241999209014,5.223175737235259,1.0288354587021513,1.0560811571188158,4.449209939468301,0.17183587153659463,4.384797688441578,1.0203127424234548,5.365069942794181,1.2235615697701676,7.374137125640701,48.780788767194245,11.124980496997946,0.1555066427522269,12.368247374632018,19.037150470692985,1.5391954813047535,0.28182106093312204,0.1620604530970777,0.1700563788711092,0.4322323196423534
1,4423,160,128.83564295233458,16598.62289494144,9.71707501276736,1.0288354587021513,1.0560811571188158,4.449209939468301,0.17183587153659463,11.50161971633761,2.6953562338589796,18.172756715315657,1.5800171770156817,22.935676330563407,289.3919749407379,25.16097576497575,0.13624982187451007,21.363466682147564,105.01900806692439,4.9158224004292235,0.17304254772369293,0.25724488990040434,0.26614585948709923,0.424035478360961
1,4482,1,1.0613589519709437,1.1264828249288599,0.11910023437256734,1.0404584385747417,1.0613589519709437,4.440536705094396,0.1488276472958545,0.1488276472958544,0.03372370557058323,0.14882764729585451,0.999999999999994,5.147892387644517e-16,0.14882764729585451,0.999999999999994,0.14882764729585451,0.14882764729585451,0.14882764729585451,0.9999999999999933,0.9999999999999933,nan,nan,nan
1,4482,2,1.1250854193614095,1.2658172008596387,0.2357179221904545,1.0404584385747417,1.0613589519709437,4.440536705094396,0.1488276472958545,0.29699159636767897,0.06780695051982584,0.2970546056197443,1.0002121583668864,0.00024035829170408282,0.30745367419577535,1.0352268480187674,0.1492207101815003,0.2984403877109787,0.29742199903246125,0.9965876311636993,0.9987647402885022,0.08990450005401766,0.08990450005401705,0.936444400555467
1,4482,5,1.3280974463929927,1.763842827115588,0.5674948533403242,1.0404584385747417,1.0613589519709437,4.440536705094396,0.1488276472958545,0.7321580817435719,0.17020563442430373,0.7336647287579479,1.0020578165452836,0.007176789038763204,0.839894007799564,1.1471484488697128,0.14927038957926567,0.7463482447707022,0.7407395589649004,0.9924851624625635,0.9904489639829148,0.08654002209542787,0.08653606677097823,0.8600970426852026
1,4482,10,1.6906552022135815,2.858315012771846,1.050232294837468,1.0404584385747417,1.0613589519709437,4.440536705094396,0.1488276472958545,1.4065590181835057,0.3313147421850235,1.4105927380846837,1.0028677928540717,0.06794644328404222,1.9167116101309212,1.3626954755202865,0.14709610892725566,1.470748775258576,1.4738103973273937,1.002081675756132,0.957105975532979,0.08133376436881039,0.08129952268793059,0.7652709414781295
1,4482,20,2.484640450431361,6.173438167919755,1.8202559222501866,1.0404584385747417,1.0613589519709437,4.440536705094396,0.1488276472958545,2.599564657592642,0.6055843652507371,2.4898092155770066,0.9577792990472195,0.4966924709584402,4.941776999537042,1.9010017639312855,0.14688636791067222,2.9373325130589185,3.07053057766955,1.0453466075149656,0.8108726334413201,0.08546061044935133,0.08602608014466896,0.6421559129887562
1,4482,40,5.001177678078809,25.01177816771375,3.219346840631408,1.0404584385747417,1.0613589519709437,4.440536705094396,0.1488276472958545,4.986137939553094,1.1884471030568509,4.425395982654413,0.8875398226650462,2.384026451889517,14.761291104132486,2.960465852145184,0.13731906195527013,5.468332894257251,7.565204719948603,1.3834572375601804,0.5849671154285007,0.19225650101732628,0.1898811009228702,0.5751772941989474
1,4482,80,16.89244436692095,285.3546766895194,5.653732886158101,1.0404584385747417,1.0613589519709437,4.440536705094396,0.1488276472958545,6.192466375975498,1.4462860868544567,13.158653633049532,2.1249455118723435,10.859498654914221,51.919308333704286,8.384269720887332,0.11984852512797604,9.42793656834692,24.645265673595866,2.614067828621075,0.5339221661200141,0.2054063316886949,0.21157556120416018,0.49339677857520087
1,4482,160,448.7201971641305,201349.81534301618,12.212799049184648,1.0404584385747417,1.0613589519709437,4.440536705094396,0.1488276472958545,20.97132659710232,4.391193507417928,24.047525210057824,1.1466859332294483,33.8193546397979,160.81442213992656,7.668299923484423,0.13887144622181577,21.579290654243742,60.031686949947016,2.781911968832085,0.4005805339121667,0.1404635380029849,0.14346293575403765,0.3949336890418453
1,4541,1,1.0623114707981867,1.1285056609894066,0.12089433364692682,1.028053065890137,1.0623114707981878,4.453078452926824,0.09848216696900891,0.09848216696900892,0.0233172281501654,0.09848216696900892,0.9999999999999899,0.0,0.09848216696900892,0.9999999999999899,0.09848216696900892,0.09848216696900892,0.09848216696900892,0.9999999999999899,0.9999999999999899,nan,nan,nan
1,4541,2,1.1287760626020795,1.2741353995034537,0.2422678305478511,1.028053065890137,1.0623114707981878,4.453078452926824,0.09848216696900891,0.19994152201369395,0.0472594506673539,0.19995650935809162,1.0000749586391346,0.0001062467541993389,0.20542520407871812,1.0274264295369702,0.09961607016269514,0.19921937786153984,0.20019440366661184,1.0048942317536431,0.9988116835227951,0.07235660935410576,0.07235660935410503,0.9500343807068367
1,4541,5,1.3528522382907482,1.8302091786482872,0.6044302655932678,1.028053065890137,1.0623114707981878,4.453078452926824,0.09848216696900891,0.518339685466347,0.12200453432504067,0.5187980593536452,1.0008843117749797,0.0030678925519043517,0.5790367626836176,1.1170990354764379,0.1022009852389122,0.5108712978935163,0.5229614553198256,1.0236657598032222,0.9920388091247849,0.049597900165597564,0.04956955313241199,0.8839550194939129
1,4541,10,1.8012312538610975,3.2444340298860217,1.1769409219662277,1.028053065890137,1.0623114707981878,4.453078452926824,0.09848216696900891,1.0634754112005673,0.24944308069893467,1.0680362917051858,1.004288656283523,0.025576384424807943,1.3830788195319001,1.3005273135281314,0.10365668771749571,1.0363281814989627,1.0991912388191136,1.060659411219739,0.9716564815896828,0.061604226826274755,0.06186995094750264,0.7896071181186755
1,4541,20,2.864028105845113,8.202656991070745,2.104458125087305,1.028053065890137,1.0623114707981878,4.453078452926824,0.09848216696900891,2.025017793619471,0.4732160926558925,2.099845333764665,1.0369515469844084,0.2086891829787186,3.9094570253846945,1.9305790979727726,0.1051316230596259,2.101913616097072,2.3725228821781936,1.128744237635988,0.8850685274895278,0.16666393505443536,0.16544099593782494,0.6291281746257985
1,4541,40,3.8712152788851317,14.986307735473687,2.7071369665954004,1.028053065890137,1.0623114707981878,4.453078452926824,0.09848216696900891,3.6150384838367775,0.846458173712931,4.435338199435721,1.2269131350237596,2.202411831635011,11.729289394449694,3.244582166107662,0.11487176750594129,4.563803868928096,5.918497823922942,1.296834393830562,0.7494026915930937,0.17022775609087848,0.1635914294703894,0.5332756607944273
1,4541,80,11.772202342411743,138.58474799068455,4.931482037343334,1.028053065890137,1.0623114707981878,4.453078452926824,0.09848216696900891,5.361990068017817,1.2918679654183105,7.581862494236224,1.4140015923302582,7.421683447165592,35.10559709290165,6.547120872582898,0.14935653639039312,11.523242474957149,16.646670899169433,1.4446169066863563,0.45545818381106534,0.1655067157372255,0.15738065109049726,0.49785359837051324
1,4541,160,246.63492855586122,60828.787983754766,11.015818442469776,1.028053065890137,1.0623114707981878,4.453078452926824,0.09848216696900891,15.895216754698028,3.5918827482538456,22.72948760158659,1.429957700631456,23.82606695461255,215.22295273791116,13.540108075235862,0.14481127560790807,22.665952330646295,64.21898397213944,2.8332797596732746,0.3539372035447879,0.19713440687406675,0.18647445784275185,0.3624473319717716
1,4600,1,1.0397248037351168,1.0810276675020272,0.07791213268849326,1.017400564659589,1.0397248037351163,4.441435446871132,0.21792104531132103,0.21792104531132073,0.051114629079617085,0.21792104531132073,0.9999999999999954,4.644914445067638e-16,0.21792104531132073,0.9999999999999954,0.21792104531132073,0.21792104531132073,0.21792104531132073,0.9999999999999954,0.9999999999999954,nan,nan,nan
1,4600,2,1.0800190029652765,1.16644104676611,0.15395727263910233,1.017400564659589,1.0397248037351163,4.441435446871132,0.21792104531132103,0.43674060831200356,0.10233660173923934,0.4368499822909184,1.0002504323546568,0.0004416852521491573,0.4489715210793853,1.0280049817548522,0.22019238570112723,0.44036157995356906,0.437233475036399,0.9928965080979569,0.999122910830536,0.07155290878247599,0.07155290878247565,0.9481834859433518
1,4600,5,1.2040189245466684,1.449661570666516,0.37133012965023754,1.017400564659589,1.0397248037351163,4.441435446871132,0.21792104531132103,1.0862031582517497,0.2537764776828374,1.0894294589146274,1.0029702552771704,0.012218748906706458,1.2105135107950173,1.1144448454222362,0.22406244196658467,1.120175519439401,1.0963439489156799,0.9787251460952755,0.9936931379902336,0.09783261741936809,0.0978716503422598,0.8852358201453611
1,4600,10,1.4497169174176758,2.101679140647008,0.7427366160112585,1.017400564659589,1.0397248037351163,4.441435446871132,0.21792104531132103,2.0570549435082897,0.4804212603512818,2.0878071667940175,1.0149496363151482,0.10056488528139407,2.638428483347925,1.2826242155924656,0.2189544570309242,2.187750839552521,2.134917687797261,0.9758504712693574,0.9779333314476159,0.03376274755904684,0.033416408331628455,0.8034056227617015
1,4600,20,2.097624159850093,4.400027115986808,1.4816107036295005,1.017400564659589,1.0397248037351163,4.441435446871132,0.21792104531132103,3.1591411739173845,0.7589721849331239,3.4119900292199024,1.0800372130850298,0.6744964253646492,5.798130240623524,1.8353501541793242,0.18674810888898388,3.645342802305514,3.7636485827071873,1.0324539520197797,0.9065644558041234,0.14593933850256766,0.1397863760080179,0.6881727497336005
1,4600,40,3.9567484389532868,15.655858209159272,2.7508451734073414,1.017400564659589,1.0397248037351163,4.441435446871132,0.21792104531132103,4.25076447524528,0.9020595615430901,4.721505672509063,1.1107427146352584,2.210645682540306,16.752027663530814,3.9409446844415386,0.16281050329041574,6.3344984864102445,7.332736496389736,1.1575875362700088,0.6438940871301854,0.20422371336097486,0.18832979671578573,0.5236493245281711
1,4600,80,14.224692785194359,202.34188483316044,5.309958765912575,1.017400564659589,1.0397248037351163,4.441435446871132,0.21792104531132103,7.851805178493085,2.0067252310023904,7.382065353724262,0.9401742893397954,10.0866244843047,53.59327077659284,6.825598643658455,0.15590153710836643,12.260866860346761,17.856669571836058,1.4563953572962163,0.4134066167280948,0.17571554895150476,0.17543192794384066,0.3944712766607973
1,4600,160,180.0120602658081,32404.341841140922,10.386047700244847,1.017400564659589,1.0397248037351163,4.441435446871132,0.21792104531132103,16.176413061061037,3.2870491578464818,33.45135404037386,2.0679092400833965,33.84371333978599,256.69851627219424,15.8686919840162,0.14266098155619109,22.408561973803014,73.40471653242533,3.2757441828815232,0.4557112351983169,0.20441954955816719,0.20302071603104582,0.3867696155718845
1,4659,1,1.0529601281847103,1.1087250315467616,0.1032107349263145,1.0250328816758407,1.0529601281847114,4.446060425579446,0.15739024449277106,0.15739024449277117,0.03348037760793364,0.15739024449277117,0.9999999999999937,0.0,0.15739024449277117,0.9999999999999937,0.15739024449277117,0.15739024449277117,0.15739024449277117,0.9999999999999937,0.9999999999999937,nan,nan,nan
1,4659,2,1.1096738744785168,1.2313761077001633,0.20813233075693022,1.0250328816758407,1.0529601281847114,4.446060425579446,0.15739024449277106,0.3130697047959292,0.0671872791871289,0.3131334759617857,1.000203696380961,0.00023538311171465213,0.3251924298438076,1.038722127571492,0.15828757282704467,0.3165700873167282,0.3137427146683493,0.9910687308698528,0.9980581582357742,0.04685974180571569,0.046859741805715394,0.9310310417963115
1,4659,5,1.307677867797661,1.7100214059278371,0.5365058885226723,1.0250328816758407,1.0529601281847114,4.446060425579446,0.15739024449277106,0.7726362992746159,0.17099959763408884,0.7754437526347137,1.003633602721918,0.00756578131267738,0.9033353293356798,1.1691598365023346,0.1608232890950179,0.8040328954389018,0.7864201656338075,0.9780945159022617,0.986042559081317,0.016215941193883136,0.016208297730159825,0.8450971914567142
1,4659,10,1.745495421053046,3.0467542649171504,1.1140768485456038,1.0250328816758407,1.0529601281847114,4.446060425579446,0.15739024449277106,1.5328745532920518,0.3596392443343831,1.5677300679903277,1.0227386609187412,0.0722507830387939,2.1690820270953375,1.4150421001098519,0.1618295341354607,1.6181305032999012,1.6422559055578008,1.0149094292510392,0.9546198388964471,0.10123736671771451,0.10197445549068884,0.754120355527743
1,4659,20,2.9659781305456,8.797026270874772,2.174413740610829,1.0250328816758407,1.0529601281847114,4.446060425579446,0.15739024449277106,3.079877784343379,0.7849349734379475,3.226044435243224,1.047458588013747,0.4103035821650753,5.758733852941245,1.8697929775706956,0.1510874361484708,3.008057463072338,3.6986862795907482,1.229592959907429,0.8722135891990759,0.23667727023810003,0.22732166843221388,0.6885347606106267
1,4659,40,5.2806733698182065,27.88551123870717,3.3281072434983487,1.0250328816758407,1.0529601281847114,4.446060425579446,0.15739024449277106,5.745622289622177,1.3155569871387045,5.293515312085297,0.9213127917660925,3.246223492553012,15.703340285130745,2.7330965200226154,0.1388860015770608,5.5005479431538555,8.937039350396319,1.6247543777015199,0.592311961997857,0.16331033074978873,0.15480028248275,0.6278027843321653
1,4659,80,20.87023782828379,435.56682700912773,6.076648233450734,1.0250328816758407,1.0529601281847114,4.446060425579446,0.15739024449277106,7.985069194341917,1.7283790917511732,7.758146159233355,0.971581581876666,9.360882754344267,41.33157340746059,5.176107107092751,0.12999655037575,10.267610085120545,21.03854639983531,2.0490207775150733,0.3687586590722867,0.256410324919524,0.24791818966160079,0.5660288702118437
1,4659,160,133.48764325977078,17818.950903047826,9.788017827408945,1.0250328816758407,1.0529601281847114,4.446060425579446,0.15739024449277106,11.36550450371066,2.823729417949602,23.2421286551268,2.044971135908538,26.68213422060947,195.64811155574805,17.214203865026136,0.12870004064891907,20.254433262939113,65.28772720144487,3.22337961047304,0.3559953708208184,0.18072451658960542,0.18196329935983924,0.3709628046804257
1,4718,1,1.0509482368312617,1.1044921964987378,0.09938567866406561,1.0167484893067886,1.050948236831262,4.4514293766677255,0.10036486348212069,0.1003648634821207,0.021623768842567774,0.10036486348212072,0.9999999999999902,2.7476618026966064e-16,0.10036486348212072,0.9999999999999902,0.10036486348212072,0.10036486348212072,0.10036486348212072,0.99999999999999,0.99999999999999,nan,nan,nan
1,4718,2,1.1033138041381414,1.2173013504017771,0.19663640077460154,1.0167484893067886,1.050948236831262,4.4514293766677255,0.10036486348212069,0.20124952308904834,0.04334079887701226,0.20120375188368997,0.9997725649002451,0.00015726519799806208,0.20660082475013428,1.0265903818252384,0.10078688000875398,0.20157200029575267,0.2018339215050868,1.001299392817201,0.9968777814120707,0.10721200468772692,0.10721200468772586,0.9547705053463976
1,4718,5,1.2640630062432885,1.59785528375282,0.46866228238764407,1.0167484893067886,1.050948236831262,4.4514293766677255,0.10036486348212069,0.5054179000202634,0.10889910270101386,0.5039870901010867,0.9971690557079194,0.004409309927845268,0.5680471923424776,1.123915857194021,0.10354636560741927,0.5175405405439755,0.5164404488299328,0.9978743854290381,0.9758861670168131,0.1344638418431108,0.1346495766556591,0.8891965252846072
1,4718,10,1.5081190098996142,2.2744229480205926,0.8217263710067916,1.0167484893067886,1.050948236831262,4.4514293766677255,0.10036486348212069,1.01309134725537,0.2197007236080999,1.001442758012416,0.9885019359068528,0.03371823925263416,1.3479237451221624,1.3305056338442793,0.11249919122569037,1.1206579211235417,1.0916487799154968,0.9741141871562714,0.9173671756312826,0.22943346577097115,0.23353137255336712,0.7916339055420178
1,4718,20,2.1163040829733126,4.478742971609513,1.4993424203607773,1.0167484893067886,1.050948236831262,4.4514293766677255,0.10036486348212069,2.0522502384225834,0.4454462121523983,2.017307359320217,0.9829733828515838,0.2016366482700634,3.762961506714944,1.8335783016437894,0.12866134856045175,2.5501910887525403,2.4833287912205524,0.9737814558968225,0.8123400197557862,0.1178488178851456,0.11925900876396528,0.6580461734798343
1,4718,40,3.8654223952870526,14.941490293986694,2.704141926669984,1.0167484893067886,1.050948236831262,4.4514293766677255,0.10036486348212069,3.2395911260921317,0.6658450713610091,2.8006900788646756,0.8645196167835858,1.3077361443741773,11.012793219721274,3.3994392474478197,0.13615337654760093,5.414243041970801,5.793248426693489,1.0700015462521106,0.48344035549381337,0.060078554416791816,0.05981278183233451,0.5458011489542886
1,4718,80,5.794957683227969,33.581534550402864,3.513976348949595,1.0167484893067886,1.050948236831262,4.4514293766677255,0.10036486348212069,3.1433423290224893,0.723463572661166,4.928016491423582,1.5677632200359437,3.078072589758401,42.545732266355486,13.535188920891816,0.1334290056589376,10.506851130957775,15.639927913462738,1.488545684956045,0.31509202080027365,0.17982866078708493,0.17282203260891799,0.4396872632564385
1,4718,160,47.38130115145603,2244.987698804968,7.716455320787164,1.0167484893067886,1.050948236831262,4.4514293766677255,0.10036486348212069,6.129103710315679,1.4812299240080524,11.754928068905816,1.9178869577816913,13.58243708978712,320.8715977840599,52.3521240542907,0.11623380492990754,18.105451387158126,73.3593595111441,4.051782965387794,0.160237604952373,0.13234329267095296,0.14076801404998265,0.3120144260157132
1,4777,1,1.064315644586578,1.132767791311743,0.12466401074213698,1.0335217470811504,1.0643156445865778,4.452985181766605,0.14851024214155994,0.14851024214156003,0.029488725189162828,0.14851024214156003,0.9999999999999932,0.0,0.14851024214156003,0.9999999999999932,0.14851024214156003,0.14851024214156003,0.14851024214156003,0.9999999999999932,0.9999999999999932,nan,nan,nan
1,4777,2,1.1333578429349,1.2845000001420497,0.25036953767838876,1.0335217470811504,1.0643156445865778,4.452985181766605,0.14851024214155994,0.29096462145932467,0.05813929337926805,0.2910715663745252,1.0003675529851812,0.00024745143653893834,0.30192708821317593,1.037676287580491,0.14621503297099295,0.29239345767579916,0.2915069423459329,0.9969680739886793,0.9985064644844992,0.2454712508065748,0.24547125080657317,0.9340680173763433
1,4777,5,1.3645501934122528,1.8619972303414165,0.6216496913894385,1.0335217470811504,1.0643156445865778,4.452985181766605,0.14851024214155994,0.6763787870170962,0.13802907823684465,0.6795727552544157,1.0047221590898856,0.006905712927662834,0.789236408762585,1.1668556493961055,0.13871797458950114,0.692625636207511,0.6875320366705824,0.9926459558083646,0.9884234028501262,0.25264731334885404,0.25319084970534894,0.8522247224763468
1,4777,10,1.784526699544894,3.1845355413885925,1.1583064515107906,1.0335217470811504,1.0643156445865778,4.452985181766605,0.14851024214155994,1.1690451112986588,0.24790187494562738,1.1954976769373358,1.0226274977612202,0.05805242628241265,1.6705183360103386,1.4289596867263796,0.12547000780893866,1.2443518617518057,1.250014607163195,1.0045507589818012,0.956386965469482,0.25497714989959497,0.2561892963513466,0.7568572169762319
1,4777,20,2.4959181322452744,6.229607322870739,1.829313300776086,1.0335217470811504,1.0643156445865778,4.452985181766605,0.14851024214155994,1.8322854316849921,0.4187722831508883,1.9566073721689363,1.0678507498526661,0.36411385293825305,3.680003858055871,2.0084228114348384,0.10773091111380573,2.1079102887826755,2.3017981204016866,1.0919810642088479,0.8500343078859967,0.18030083306249362,0.16905000670883172,0.6754952931075261
1,4777,40,4.701297405892859,22.10219729865493,3.0956770288598454,1.0335217470811504,1.0643156445865778,4.452985181766605,0.14851024214155994,3.0596276490128873,0.7611498486841064,3.5773549186769076,1.1692125085322231,1.5521742575541255,10.501458714926382,3.432266902907095,0.10547487905903025,4.168841668322757,5.08124698465727,1.218863029331982,0.7040309060903088,0.14364003240207487,0.15379806899218165,0.534902800131082
1,4777,80,10.04261654918271,100.85414715391846,4.613675385556901,1.0335217470811504,1.0643156445865778,4.452985181766605,0.14851024214155994,5.491251443750123,1.324448478305003,5.313019498006707,0.967542563372094,4.523298803983454,55.122418633957054,10.038225202143078,0.0958918026923998,7.550556320769678,13.800148760552592,1.8276995991132279,0.3849972627247215,0.1728382318475429,0.17475579525427848,0.3840220402607281
1,4777,160,71.73511538119764,5145.926778753739,8.545960763971268,1.0335217470811504,1.0643156445865778,4.452985181766605,0.14851024214155994,13.676366051549833,3.326584630238899,9.659293936514164,0.7062763529511958,17.090716345190256,141.2049690499355,10.324743321266533,0.10068510168357223,15.822198386519364,39.810173529231385,2.516096218534964,0.2426338063917667,0.16483135435829263,0.17031464344444602,0.38469746935954585
1,4836,1,1.0650416780087737,1.1343137758957444,0.12602786535240232,1.0264909843281182,1.065041678008773,4.457306982374459,0.07602587943247828,0.07602587943247836,0.018459087562790487,0.07602587943247834,0.9999999999999865,3.947248820392849e-16,0.07602587943247834,0.9999999999999865,0.07602587943247832,0.07602587943247834,0.07602587943247834,0.9999999999999869,0.9999999999999869,nan,nan,nan
1,4836,2,1.1341898260863945,1.2863865615978858,0.25183717286894314,1.0264909843281182,1.065041678008773,4.457306982374459,0.07602587943247828,0.1492128239964507,0.03621210402241878,0.14921215308503868,0.9999955036611798,8.602845914823133e-05,0.15395336431852497,1.0317703277446582,0.07453596560678555,0.1490415352495023,0.14954090080857474,1.003350512716039,0.9978016200132572,0.44488502922121753,0.4448850292212117,0.9454832167645517
1,4836,5,1.3652875077587623,1.8640099788421325,0.6227300697051494,1.0264909843281182,1.065041678008773,4.457306982374459,0.07602587943247828,0.3547424667824863,0.0859708406864621,0.3544994770894947,0.999315025079471,0.002236243585911359,0.403099974366064,1.1363172219615518,0.07085247565978778,0.3538469734228604,0.3617000850643571,1.0221935249736072,0.9800923243532493,0.41118813549134214,0.41225906569931375,0.8820948231786723
1,4836,10,1.8125057492336907,3.2851770910051825,1.1894205594653275,1.0264909843281182,1.065041678008773,4.457306982374459,0.07602587943247828,0.6761710915504403,0.16346300290253984,0.6716303382097141,0.9932846088845422,0.01662547566571396,0.9099802939019315,1.3457840852311096,0.06906594441531541,0.6898958775518153,0.7330801347859885,1.062595325815567,0.9161758808343446,0.29887028588482945,0.3025431332272514,0.8032895949195278
1,4836,20,2.729415032602419,7.449706420196064,2.008174624929912,1.0264909843281182,1.065041678008773,4.457306982374459,0.07602587943247828,1.3488174536917468,0.3253974679881874,1.320273374637688,0.9788377004049481,0.10848807538947425,2.5165279684807147,1.8657290959520973,0.077532446867775,1.5386652354691028,1.6892767088696448,1.0978844975038529,0.7815613438020638,0.16093503807006862,0.15558809454453296,0.6686674158272551
1,4836,40,4.319891307171936,18.66146090577966,2.9264604831252496,1.0264909843281182,1.065041678008773,4.457306982374459,0.07602587943247828,2.7034530276680417,0.6508316712942576,2.77004078324327,1.0246306316010474,0.5535162173312276,8.19504906379262,3.031326595994732,0.09294969267844969,3.653122627422337,4.036260535146672,1.1048795638143358,0.6862888951598883,0.13937663617567153,0.1397468387044055,0.5170817237171749
1,4836,80,7.360207397883469,54.17265293985855,3.992176222808033,1.0264909843281182,1.065041678008773,4.457306982374459,0.07602587943247828,3.312147140909913,0.7770057362228919,3.680816851555024,1.1113083733785538,2.533774082590103,23.785746527888946,7.18136770981573,0.09209197181085364,7.249770814143058,9.498602654690645,1.3101935079327611,0.3875114040839833,0.17711696935723642,0.17118213775332178,0.4712539421610566
1,4836,160,28.79846817710135,829.351769347519,6.720644394864522,1.0264909843281182,1.065041678008773,4.457306982374459,0.07602587943247828,6.49399492354907,1.5307415253491201,20.569802918487646,3.1675113948573776,18.972426982673685,191.8854197273704,29.54813207992192,0.11952189799436101,18.40393216178944,56.680217716328364,3.079788450536066,0.36290973724615605,0.2405283305323249,0.25120461502057456,0.3713153073593439
1,4895,1,1.0449112994064471,1.0918396236272698,0.08786400172682855,1.0215362767637937,1.0449112994064464,4.451403393936179,0.08607469626332037,0.08607469626332029,0.021093638179784022,0.08607469626332029,0.9999999999999883,0.0,0.08607469626332029,0.9999999999999883,0.08607469626332029,0.08607469626332029,0.08607469626332029,0.9999999999999883,0.9999999999999883,nan,nan,nan
1,4895,2,1.089881710699906,1.1878421433181534,0.1721383361168357,1.0215362767637937,1.0449112994064464,4.451403393936179,0.08607469626332037,0.16911341747344938,0.041387591986724856,0.16910770161170222,0.9999662010156641,6.137995558697162e-05,0.1722116861651508,1.0183206556758682,0.08427127318157253,0.16850309931993426,0.16943440494129172,1.005526934668354,0.9980718005312811,0.3932217661655626,0.393221766165558,0.9690668337389521
1,4895,5,1.2323190390068581,1.5186102138987863,0.4177955836395077,1.0215362767637937,1.0449112994064464,4.451403393936179,0.08607469626332037,0.3966202001259485,0.09664325022021211,0.3965451085314123,0.9998106712807029,0.0017719143823819155,0.4323531343162838,1.0900935811614916,0.07899857517556365,0.3941807377666662,0.4037004709280184,1.0241506807645846,0.982275565891319,0.5764562394078834,0.5788001262158969,0.923089835418625
1,4895,10,1.5200863721776559,2.310662578880227,0.8375343140897268,1.0215362767637937,1.0449112994064464,4.451403393936179,0.08607469626332037,0.7008379369793571,0.1693275674340637,0.7004276302990344,0.9994145484160116,0.014616085607017059,0.9079075509632474,1.2954600529708313,0.07307080080837243,0.7272030310179755,0.7694277769954534,1.0580645901851764,0.910322776536793,0.3998597774357984,0.4154789481867595,0.8444956926500526
1,4895,20,2.1152660502699803,4.474350463424763,1.49836119335381,1.0215362767637937,1.0449112994064464,4.451403393936179,0.08607469626332037,1.2844455098770076,0.3021633959342541,1.2775757995942632,0.9946516140778885,0.0745938570684707,2.305209256589166,1.7947116003464405,0.07723655756699913,1.5333834184169572,1.7286431177364647,1.1273391227362362,0.7390627865786183,0.2617674165799572,0.27039988999839093,0.7501829307655141
1,4895,40,3.238590184606643,10.488466383830492,2.3502762138013247,1.0215362767637937,1.0449112994064464,4.451403393936179,0.08607469626332037,3.11762744095016,0.7521295114862809,3.390173307656486,1.0874209224381413,0.7476828834343252,8.319204305875903,2.668440813871094,0.10454850909741599,4.0470743444595385,5.088222672794125,1.25725950148653,0.6662784877287652,0.26291330249132416,0.2747290009449289,0.6175470534891515
1,4895,80,6.8029777401865905,46.28050613347425,3.8347208385983076,1.0215362767637937,1.0449112994064464,4.451403393936179,0.08607469626332037,4.9984360860538555,1.056184685183527,4.6377731373881455,0.9278448413750858,4.653873769741349,34.40902364374441,6.883957912305626,0.11500613700770422,9.019333973405425,16.070334012914895,1.7817650460998755,0.288592205592056,0.25489736573452754,0.24070226275811316,0.5049829930835947
1,4895,160,43.60704224707946,1901.574133538573,7.550437313481116,1.0215362767637937,1.0449112994064464,4.451403393936179,0.08607469626332037,11.739146938275908,2.581240680311897,40.76826654583523,3.4728474530724918,41.52628696265487,358.77472731586073,30.562248620132937,0.13573747754794363,20.98646186381171,99.92928693272107,4.761607153277966,0.4079711543752243,0.23875048898550466,0.255445329218838,0.40482418967213485
1,4954,1,1.0552530553670554,1.1135590108615057,0.10756120214536698,1.0238016988604772,1.0552530553670552,4.457678842664846,0.11938828738987811,0.11938828738987806,0.028074117152493416,0.11938828738987801,0.9999999999999912,3.885780586188048e-16,0.11938828738987801,0.9999999999999912,0.11938828738987801,0.11938828738987801,0.11938828738987801,0.9999999999999917,0.9999999999999917,nan,nan,nan
1,4954,2,1.112829165360927,1.2383887512778975,0.21381114054164085,1.0238016988604772,1.0552530553670552,4.457678842664846,0.11938828738987811,0.23955205575859162,0.055975578769217875,0.23955535326604877,1.0000137653064411,0.00012062870124306398,0.24595793236433544,1.0267410629621074,0.11971909238665113,0.23943727321599362,0.23985804961895743,1.001757355474823,0.9987380187849,0.30923235087987067,0.3092323508798681,0.9515532222841179
1,4954,5,1.2989362809404468,1.6872354619433994,0.5230913681830982,1.0238016988604772,1.0552530553670552,4.457678842664846,0.11938828738987811,0.6006790548893277,0.13768221246048792,0.6009721897686594,1.0004880058276457,0.0039015726622292396,0.6716026160054848,1.1180723058992348,0.12065807990974184,0.603274714170323,0.6072332259644986,1.0065617067998924,0.9896892397712667,0.3005982464223512,0.30072199917967285,0.8854268202026304
1,4954,10,1.6578451411851405,2.7484505121511784,1.0110373027539605,1.0238016988604772,1.0552530553670552,4.457678842664846,0.11938828738987811,1.1875674010806274,0.26384599651808777,1.1928170660202373,1.0044205195720528,0.04169158097890586,1.5607757536350761,1.3142628807551018,0.12185601717112447,1.218480254345375,1.2452396411297537,1.0219612806107832,0.9579016171843384,0.28325264845010845,0.2837052929470158,0.792449429707521
1,4954,20,2.6188665487037937,6.85846199991972,1.9254832183391748,1.0238016988604772,1.0552530553670552,4.457678842664846,0.11938828738987811,2.4215859315869226,0.5130569226873366,2.524750744332789,1.0426021688514926,0.4023317267957795,4.3212749994713135,1.7844813777223583,0.12797994850328298,2.5545189176264085,2.877645896186002,1.1264923020651707,0.8773667210684479,0.34665238657582487,0.3515059085545133,0.6921159576759284
1,4954,40,6.715138098621917,45.09307968356358,3.8087287909115006,1.0238016988604772,1.0552530553670552,4.457678842664846,0.11938828738987811,6.958803201393309,1.6005390315748305,7.802186353116433,1.121196580405415,4.055448101292628,17.072330561651594,2.4533429194021936,0.15469473083020482,6.096367723623558,9.693443382722544,1.590035874174755,0.8048931679967243,0.37950955796831204,0.3881731900890596,0.6131539125125395
1,4954,80,54.02477218338223,2918.6760094663505,7.97888537102012,1.0238016988604772,1.0552530553670552,4.457678842664846,0.11938828738987811,14.22404599191402,3.6446924418625124,23.946798470964318,1.6835433803136894,26.02089471789146,67.26052033201408,4.728648963188802,0.14792725803467086,11.47560180064401,31.229528206035198,2.7213847908423063,0.76679987968363,0.3044412634970989,0.31346194497838825,0.5549691934273293
1,4954,160,337.00645485100256,113573.35061124082,11.640204168058942,1.0238016988604772,1.0552530553670552,4.457678842664846,0.11938828738987811,43.15204408587029,7.907321239222154,153.56845505573486,3.5587759122173157,162.92927420786287,447.902848992001,10.379643849563603,0.17993245257765458,27.783795325289812,181.41601886515315,6.529562168924479,0.8464988704767167,0.23314037131451457,0.2343486825721784,0.3868771116494798
1,5013,1,1.0523510687247075,1.107442771846034,0.10205354832532516,1.018763972688993,1.0523510687247069,4.451313208509584,0.12947357005031956,0.12947357005031954,0.036514619258918156,0.12947357005031954,0.9999999999999922,0.0,0.12947357005031954,0.9999999999999922,0.12947357005031954,0.12947357005031954,0.12947357005031954,0.9999999999999922,0.9999999999999922,nan,nan,nan
1,5013,2,1.1069909868855377,1.2254290450458165,0.2032910235304077,1.018763972688993,1.0523510687247069,4.451313208509584,0.12947357005031956,0.2536451426446987,0.07161622365227063,0.2536781820819881,1.0001302585058163,0.00018882110257937293,0.2592707819575689,1.0221791722648894,0.12631350453848378,0.2525458964117405,0.2538648701053591,1.0052227088713694,0.9992646165525207,0.3927533465911049,0.39275334659110184,0.9603085671673158
1,5013,5,1.2847929280051977,1.6506928678521693,0.5011951196812034,1.018763972688993,1.0523510687247069,4.451313208509584,0.12947357005031956,0.5950384133321024,0.16749862005184052,0.595624123674344,1.0009843235816673,0.005258643191129715,0.6504882862111045,1.0931870474857115,0.11733029345252093,0.5850443889469782,0.5992979614885312,1.0243632326210443,0.9938697642070012,0.3761342234349773,0.37620637251745115,0.910380717203622
1,5013,10,1.6254067294262637,2.6419470360641832,0.9715161589893442,1.018763972688993,1.0523510687247069,4.451313208509584,0.12947357005031956,1.0689236532674682,0.29445676077084065,1.0688469456196181,0.9999282384222515,0.04440196279283177,1.3112689769899182,1.2267190205602163,0.10505379747383733,1.0398576822797496,1.1015716316520994,1.0593484574129883,0.9702927298668694,0.3368090051926007,0.33642221024872215,0.8455433617379602
1,5013,20,2.4187167561078606,5.850190746276932,1.7664742669133795,1.018763972688993,1.0523510687247069,4.451313208509584,0.12947357005031956,1.8149049491608036,0.46810446468851874,1.736796263192081,0.956962657463224,0.34119326258250954,2.930182368840123,1.6145100988319043,0.09799991451805133,1.9385897659560714,2.17226396342609,1.1205382394839862,0.7995327881114452,0.21025203329044684,0.20673171955820036,0.7489901669121082
1,5013,40,4.31953778873805,18.658406708336006,2.9262968063682977,1.018763972688993,1.0523510687247069,4.451313208509584,0.12947357005031956,4.230658668389255,0.947933747135787,3.5383717228494946,0.8363642638645351,1.6184366814094433,11.285480054633593,2.667546814626463,0.12624887907299265,4.912330109392611,6.644542770026413,1.3526254592136888,0.5325229809357415,0.20236645168922238,0.20196278265854253,0.6057934839563764
1,5013,80,11.833166745473957,140.0238352261907,4.941812659733791,1.018763972688993,1.0523510687247069,4.451313208509584,0.12947357005031956,4.970971723738797,0.9663993012400239,5.525493765248834,1.1115520409947062,7.03143260159392,50.250105819525565,10.108708842489882,0.17526238320213328,13.399865141447485,18.346840145782615,1.3691809545928566,0.30116868743302255,0.13502333264195912,0.1488501465475332,0.3992894284550882
1,5013,160,76.46247940535854,5846.510756814879,8.673600310451233,1.018763972688993,1.0523510687247069,4.451313208509584,0.12947357005031956,8.967599878256422,1.9640980227869762,12.228510300375838,1.3636324620176334,13.074793921337834,280.6128587613203,31.291857639825924,0.19815330988891147,30.56048152193757,69.36249456626825,2.269679373882804,0.1762985944614901,0.11178079745813814,0.10978549533010687,0.3292329358237712
1,5072,1,1.0813731373436164,1.1693678621683758,0.15646331405612932,1.0589423962788163,1.0813731373436157,4.459288998491003,0.21434920594235962,0.2143492059423596,0.04029225530109435,0.2143492059423596,0.9999999999999953,0.0,0.2143492059423596,0.9999999999999953,0.21434920594235962,0.2143492059423596,0.2143492059423596,0.9999999999999953,0.9999999999999953,nan,nan,nan
1,5072,2,1.1682778315819542,1.364873091765833,0.3110614512493359,1.0589423962788163,1.0813731373436157,4.459288998491003,0.21434920594235962,0.4206392199070399,0.07877646292487893,0.4205119277322061,0.9996973839603854,0.00038693689866091835,0.4398353440980945,1.0456356023941273,0.2113721203722937,0.4227017064150891,0.42124590664469164,0.9965559642927752,0.9982575998937703,0.21316474025429905,0.21316474025429807,0.9196941027582664
1,5072,5,1.456001612100296,2.119940694438661,0.7513881139712462,1.0589423962788163,1.0813731373436157,4.459288998491003,0.21434920594235962,0.995481338452298,0.1850365410659881,0.9913842630717805,0.9958843272874524,0.010366889797456912,1.1856825180107875,1.1910645355283096,0.20420449540409344,1.0204848449160646,1.0049558989458818,0.9847827764934021,0.9864952920935756,0.15063686796257397,0.15112590959244832,0.8250592073979301
1,5072,10,1.9754350271072294,3.90234354632214,1.3615772819752638,1.0589423962788163,1.0813731373436157,4.459288998491003,0.21434920594235962,1.8387442962457696,0.3424824623218773,1.8047286614305578,0.9815006170870719,0.09474184855886529,2.6726462757230145,1.4535170992398732,0.20152095833779662,2.0141760696671795,1.9180066719708717,0.9522537283882041,0.940939720285793,0.13571269731129101,0.13390820991467622,0.7160535867461549
1,5072,20,2.842813993115971,8.081591399455972,2.0895888085180543,1.0589423962788163,1.0813731373436157,4.459288998491003,0.21434920594235962,3.268974558328205,0.6340558021982552,3.2234880681984706,0.986085394878999,0.6186622401925477,6.726130264430542,2.057565803715024,0.2203440421466729,4.388846274390852,4.0520971327343025,0.9232716024661197,0.7955110557834288,0.18703305016538452,0.19140327664798715,0.6171481124005068
1,5072,40,4.818322669443568,23.216233346873793,3.1448517472144157,1.0589423962788163,1.0813731373436157,4.459288998491003,0.21434920594235962,6.135942387813245,1.1274319622067739,5.853382520066884,0.95395004550441,3.244520739296326,23.256730733183986,3.7902459415810004,0.2271562962911215,9.056683005167862,10.686443437337884,1.1799511400851788,0.5477390634582376,0.13785064992805493,0.14157510719650113,0.489267052037747
1,5072,80,6.41317611021576,41.128827820642144,3.716709282459659,1.0589423962788163,1.0813731373436157,4.459288998491003,0.21434920594235962,7.579259025519636,1.753110045941627,8.821109669446434,1.163848555610178,8.578202704773664,98.52238866248258,12.99894730220384,0.2315438849453731,18.358013854603456,27.389044019337685,1.4919393914973873,0.32206708869496875,0.0995333521436833,0.10031163661514246,0.35902914368309213
1,5072,160,60.272088353937335,3632.7246345448284,8.197738233737457,1.0589423962788163,1.0813731373436157,4.459288998491003,0.21434920594235962,7.286631601939081,1.6396399412871305,41.407669733169705,5.682690164019065,41.57817504846938,535.1989155700815,73.4494269516325,0.20364012376922452,32.01067280546957,124.47637944251666,3.8885899149626035,0.33265483715560523,0.206840493499705,0.20406866675712404,0.35273820002605005
1,5131,1,1.0547290901478625,1.112453453604138,0.10656789472600907,1.0215045705859818,1.054729090147863,4.449293577899346,0.21585669314661712,0.21585669314661712,0.046484377847588625,0.21585669314661712,0.9999999999999953,0.0,0.21585669314661712,0.9999999999999953,0.21585669314661712,0.21585669314661712,0.21585669314661712,0.9999999999999953,0.9999999999999953,nan,nan,nan
1,5131,2,1.1119418254389852,1.2364146231605828,0.21221575841437798,1.0215045705859818,1.054729090147863,4.449293577899346,0.21585669314661712,0.42090089381740875,0.09171690172391411,0.42082946820661105,0.9998303030194331,0.00035300234233472973,0.4364594704285069,1.0369649407726051,0.2123682274922052,0.42467818658100775,0.421665025254375,0.9929048361280525,0.9980184340703598,0.16000773956292424,0.16000773956292352,0.9350088883696488
1,5131,5,1.2987992363331644,1.686879456299611,0.5228803465352079,1.0215045705859818,1.054729090147863,4.449293577899346,0.21585669314661712,0.9744477127951003,0.21912828878671076,0.9730272361703712,0.9985422751717938,0.008737453074931935,1.1409737120541101,1.1708926985741968,0.20456973042350238,1.0222153565534549,0.9893847204605297,0.9678828576752949,0.9834670134358396,0.14783632391948626,0.1476774603790661,0.8448823320812021
1,5131,10,1.6618481340322706,2.7617392205865396,1.015860633652841,1.0215045705859818,1.054729090147863,4.449293577899346,0.21585669314661712,1.7359923692218602,0.4049820571182324,1.7351332980425875,0.9995051411547051,0.07158064881211448,2.53926784076307,1.462718319379058,0.1999724829260242,1.9985331510368174,1.847354632654218,0.9243552611052909,0.9392529552106649,0.11595471047237232,0.11503715358878143,0.7223247090713273
1,5131,20,2.569674008935749,6.603224512199924,1.8875580921791357,1.0215045705859818,1.054729090147863,4.449293577899346,0.21585669314661712,3.042489980090687,0.7077499561597275,3.1549188819873986,1.0369529242930684,0.43697343797604,6.447400966726245,2.119119868567017,0.19843313583133107,3.967155696767331,3.7258120115106506,0.9391645542287785,0.8467735012503271,0.09452568955990617,0.09447763750616484,0.6099231079094786
1,5131,40,3.8607725579346353,14.905564744101147,2.7017346159862883,1.0215045705859818,1.054729090147863,4.449293577899346,0.21585669314661712,4.535966320404612,0.9923000204793768,4.992261674491832,1.1005949607770713,2.3557402023305283,16.4863839405224,3.6345913474621647,0.18201172436581078,7.23795678948914,8.721055099389396,1.2049056595714953,0.5724378091409335,0.16347580746357845,0.15508597561826834,0.5837663853707652
1,5131,80,13.576988072457448,184.33460511965183,5.216752612213708,1.0215045705859818,1.054729090147863,4.449293577899346,0.21585669314661712,5.573770573354063,1.07531602852786,7.208253453401194,1.2932454536002846,6.092772809134721,66.23378146489623,11.88311944189685,0.17682030616650168,14.06575873652942,24.694315199689704,1.7556333548902296,0.2918993053709693,0.15376122018864566,0.15469815601258433,0.43191413539065404
1,5131,160,279.49853784107836,78119.43265530071,11.265994122487294,1.0215045705859818,1.054729090147863,4.449293577899346,0.21585669314661712,17.58691897492117,4.028169580024094,27.365242460332855,1.5559998029987807,33.53288771030803,478.7213557037487,27.220308252195977,0.1630565637962008,25.609675145821484,173.46569488428614,6.773443782342904,0.15775593254094075,0.2517808782767792,0.2599688997280409,0.39995417074796474
1,5190,1,1.055931796638318,1.114991959151826,0.10884719336305294,1.027986345961909,1.055931796638318,4.4542457994756814,0.13869910810974087,0.13869910810974087,0.02817585622228678,0.13869910810974087,0.9999999999999928,0.0,0.13869910810974087,0.9999999999999928,0.13869910810974087,0.13869910810974087,0.13869910810974087,0.9999999999999928,0.9999999999999928,nan,nan,nan
1,5190,2,1.1155142318851554,1.2443720015383284,0.2186309862208266,1.027986345961909,1.055931796638318,4.4542457994756814,0.13869910810974087,0.2731887508682102,0.05511505119309897,0.27311396738370486,0.9997262570868358,0.00016591184515578005,0.2838677159038322,1.039090061364835,0.1379893449210723,0.2759750201739327,0.27428741286773917,0.9938849273201215,0.995721839833018,0.15870287164190489,0.15870287164190375,0.934646393692153
1,5190,5,1.3196502906046745,1.741476889493002,0.554733540275344,1.027986345961909,1.055931796638318,4.4542457994756814,0.13869910810974087,0.6652402145682733,0.13168489791615118,0.663392608851598,0.9972226487872875,0.00462871170071302,0.794019726960539,1.1935834749194163,0.14151782870199495,0.7072465410719738,0.6866156734628115,0.970829312819412,0.9661774912680139,0.1529130395717765,0.15303664024212382,0.8365131882331073
1,5190,10,1.7730837097542134,3.1438258417957634,1.1454404792018011,1.027986345961909,1.055931796638318,4.4542457994756814,0.13869910810974087,1.3402953780451017,0.2595961741503406,1.3262772329525576,0.9895410031832003,0.041227558938023705,2.0399795778507444,1.522037314510605,0.15712358892864303,1.5624693358232133,1.4680432043388425,0.9395660898300947,0.9034320168730099,0.13278865706866927,0.13417562620825843,0.6992003427215778
1,5190,20,3.044889153195496,9.271349955247583,2.226928995215592,1.027986345961909,1.055931796638318,4.4542457994756814,0.13869910810974087,2.8684576123395646,0.5521824881727805,2.8149128535483303,0.9813332577895187,0.38159926081434115,5.973660219578935,2.0825339004074426,0.17453704692959435,3.466037368679314,3.4454103363745414,0.9940488142190365,0.8170036595729095,0.10213484396360842,0.10177276404743771,0.5977277167294993
1,5190,40,4.645789693988331,21.583361880768194,3.0719227345717375,1.027986345961909,1.055931796638318,4.4542457994756814,0.13869910810974087,6.201917283857794,1.370736805812329,7.539493805565746,1.2156714545660523,3.752950002778617,20.62782949001394,3.3260407299696775,0.17607686646066847,7.016096443638026,11.047437198123419,1.574584569478215,0.6824654144081893,0.22262088936280486,0.2255108830959064,0.5805306088511111
1,5190,80,11.966114690819605,143.18790079384877,4.964157759293856,1.027986345961909,1.055931796638318,4.4542457994756814,0.13869910810974087,7.672600962030947,1.8387464635662643,28.474051576182564,3.7111341665089594,24.23670254014262,89.41774738410865,11.6541636697394,0.16066983576110536,12.558315904180372,39.95887803275261,3.181865971332288,0.7125838606590401,0.22778316064221146,0.2463846642817718,0.4456800403104129
1,5190,160,58.77022213589627,3453.939009902592,8.14727060073445,1.027986345961909,1.055931796638318,4.4542457994756814,0.13869910810974087,19.139343459925108,4.8328000661036565,85.83018108339033,4.4844893067050995,80.32503922608406,442.7270496933378,23.1317782984741,0.1392830667005474,21.596673455566346,164.28674809762276,7.6070395024322295,0.5224412929056711,0.24503679094093375,0.24520765160177715,0.4070626198967625
1,5249,1,1.0579885504507185,1.1193397728848125,0.11273902299464476,1.024621297327781,1.0579885504507194,4.448076445882338,0.12715703774220596,0.12715703774220602,0.03250562033720766,0.127157037742206,0.9999999999999919,2.633125101432526e-16,0.127157037742206,0.9999999999999919,0.127157037742206,0.127157037742206,0.127157037742206,0.9999999999999921,0.9999999999999921,nan,nan,nan
1,5249,2,1.1196058749637183,1.2535173152532733,0.22595345204555448,1.024621297327781,1.0579885504507194,4.448076445882338,0.12715703774220596,0.24575248341969527,0.06295162097012058,0.24580612905408242,1.0002182913215756,0.00014062276003113275,0.2545574204180273,1.0358284761798071,0.12364066218371793,0.24717834602987515,0.24604945931368447,0.9954329061007017,0.9990110514354237,0.01472059694858599,0.014720596948585876,0.9367607628195832
1,5249,5,1.326310971324085,1.759100792654638,0.5648027652249963,1.024621297327781,1.0579885504507194,4.448076445882338,0.12715703774220596,0.5522199965432885,0.14159151914490656,0.5536031589319861,1.0025047307184722,0.0037027129173429997,0.6424146092223861,1.1633309428193193,0.1141258689754174,0.5688028085529816,0.5596433522990722,0.983896956702426,0.9892070667108375,0.030805332289207864,0.030033303653427372,0.8546178107779155
1,5249,10,1.7397806924216803,3.0268368577232616,1.1075181328895223,1.024621297327781,1.0579885504507194,4.448076445882338,0.12715703774220596,0.92789099635827,0.2346716668343475,0.9379306340468226,1.0108198460034148,0.02764904197200142,1.3643113749780367,1.4703358264414692,0.10419648410038507,1.0347592903689025,1.0024781742614566,0.9688032604221042,0.9356120244092214,0.09608670612948944,0.09294438171490668,0.743554405919604
1,5249,20,2.8291697214775517,8.004201312925368,2.0799665679450934,1.024621297327781,1.0579885504507194,4.448076445882338,0.12715703774220596,1.5283422904187567,0.3678525732499276,1.5861581315413504,1.0378291181792472,0.15336545395662324,3.551943757618192,2.324049906807838,0.105244623334111,2.0943811655122424,2.032832731133018,0.9706125917322355,0.7802698703386628,0.11342134041168093,0.11235014046010187,0.6046465929600032
1,5249,40,6.950315870090661,48.306890694034095,3.8775742149556747,1.024621297327781,1.0579885504507194,4.448076445882338,0.12715703774220596,3.222859841488083,0.739358994714786,3.726567316252168,1.1562920820445945,0.8577306867846546,11.507521946720079,3.5705933589115486,0.11543374947607749,4.589778364655842,5.398867877702534,1.1762807370563217,0.6902497710016184,0.15133691523440168,0.15704882937301803,0.5286292138076077
1,5249,80,10.494427188778458,110.13300202057252,4.701688744686408,1.024621297327781,1.0579885504507194,4.448076445882338,0.12715703774220596,5.467592785195518,1.3543837859669714,13.903671501251956,2.5429237413032335,10.210666468863474,47.82558654762391,8.74710104181866,0.11614940861668845,9.2444085320771,20.93194852834455,2.2642820744791776,0.6642320700542809,0.24901021258310313,0.2391596110706767,0.4959241734250395
1,5249,160,81.80454234312141,6691.983147967544,8.80866554386797,1.024621297327781,1.0579885504507194,4.448076445882338,0.12715703774220596,7.834200524502595,1.9382745391584475,49.683966503158004,6.341931936483398,48.01848351208378,251.68020167072555,32.12583094899847,0.11944244650200742,18.82636983335488,98.72589473978779,5.244021848804545,0.5032516203991892,0.2421848236664604,0.24721178740714678,0.40599300265003824
1,5308,1,1.063669696275138,1.1313932227740442,0.12344981378527597,1.0377706235954505,1.0636696962751377,4.4478467967775845,0.10380359642143985,0.10380359642143983,0.025223362957368777,0.10380359642143983,0.9999999999999903,0.0,0.10380359642143983,0.9999999999999903,0.10380359642143983,0.10380359642143983,0.10380359642143983,0.9999999999999903,0.9999999999999903,nan,nan,nan
1,5308,2,1.1311505728242945,1.2795016184007297,0.2464706414865663,1.0377706235954505,1.0636696962751377,4.4478467967775845,0.10380359642143985,0.20879908634249336,0.05102931006947656,0.20881518895713388,1.0000771201393721,0.00011950154067516873,0.21626612855271135,1.0357618528941681,0.10487795761285391,0.20974502059565986,0.2091850688490805,0.9973303216210324,0.9982318054821854,0.3180668423100553,0.3180668423100522,0.9358161914548365
1,5308,5,1.3554538918823469,1.837255253019001,0.6082727475976104,1.0377706235954505,1.0636696962751377,4.4478467967775845,0.10380359642143985,0.5304675171383784,0.13169135553013878,0.5309803703817952,1.0009667948118341,0.00403641450592943,0.6087476750716408,1.147568240097991,0.10818826027842757,0.540722017539988,0.5379220358228864,0.9948217723224198,0.9870954060647967,0.31299881877184516,0.3124113974433931,0.8597214387992204
1,5308,10,1.7953687002852823,3.2233487699640637,1.1704208098127398,1.0377706235954505,1.0636696962751377,4.4478467967775845,0.10380359642143985,1.0862833758136028,0.2739347983037615,1.092057584415256,1.0053155638116318,0.04512665548604958,1.4592508084764473,1.3433426681905156,0.1133293840870844,1.1318277413752902,1.1449996463822314,1.0116377294224428,0.9537623770153524,0.32080711021230457,0.31837193679819803,0.7742418889328317
1,5308,20,2.930347096186898,8.586934104130984,2.150241757750455,1.0377706235954505,1.0636696962751377,4.4478467967775845,0.10380359642143985,2.269641710651962,0.563878513711229,2.3387764292591346,1.0304606309809632,0.47568337111789627,4.049074442961792,1.7840148178272068,0.11932793757706345,2.3821760967339194,2.745655799671066,1.152583053551538,0.8518097678300839,0.24843518562086733,0.24011552371529987,0.694481190813524
1,5308,40,7.392230080256703,54.64506555945202,4.00085891886169,1.0377706235954505,1.0636696962751377,4.4478467967775845,0.10380359642143985,4.3180273870503925,1.0855180559170599,5.036129716906879,1.166303329156746,2.5204034235664117,12.029079646395262,2.7857812302140634,0.10929974787630987,4.326481656272409,7.384662175084618,1.7068516087150272,0.6819715780497665,0.3009839817073361,0.3149729880634228,0.6451839520822028
1,5308,80,16.879377182154744,284.9133740574462,5.652185183390654,1.0377706235954505,1.0636696962751377,4.4478467967775845,0.10380359642143985,5.440581406745,1.1957325980419935,14.275403826664533,2.6238746853353754,14.346020734082304,44.45301960404932,8.170637709590808,0.11254384930629523,8.885673505333095,23.21881689748346,2.6130621256281525,0.6148204660768807,0.2276143135985988,0.24070054315852896,0.525128222233795
1,5308,160,69.50861048019303,4831.4469308872,8.482901273396259,1.0377706235954505,1.0636696962751377,4.4478467967775845,0.10380359642143985,8.408351324294232,1.7158621686706728,39.55933729581582,4.7047674115991205,36.493570494769145,232.46597110952283,27.647033543645986,0.12985490730113897,20.370842254044216,68.66166761430613,3.370585602599458,0.5761487984537877,0.16092354422582522,0.1708606727841882,0.3152985531354425
1,5367,1,1.0564602491636914,1.1161082580630088,0.10984786468720008,1.0293065050594878,1.0564602491636919,4.464028966361878,0.10231074996983015,0.1023107499698302,0.023564378310397947,0.1023107499698302,0.9999999999999902,0.0,0.1023107499698302,0.9999999999999902,0.1023107499698302,0.1023107499698302,0.1023107499698302,0.9999999999999902,0.9999999999999902,nan,nan,nan
1,5367,2,1.117033417020529,1.2477636547405588,0.2213528727984324,1.0293065050594878,1.0564602491636919,4.464028966361878,0.10231074996983015,0.20732819611779024,0.04735344859125411,0.20734176680232383,1.0000654550841936,8.048327921807708e-05,0.21219036137143488,1.0234515388870757,0.10313860981114104,0.20627062736568175,0.20799415315206674,1.0083556530001165,0.9968634389964465,0.3400179723817263,0.340017972381723,0.9612289618854999
1,5367,5,1.3255329055640233,1.7570374837330018,0.563629142917635,1.0293065050594878,1.0564602491636919,4.464028966361878,0.10231074996983015,0.5411383921006983,0.12083399723912776,0.5411342695188188,0.9999923816496101,0.002647211072321516,0.5988409631260934,1.1066318188982909,0.10650436785309839,0.5322746109811342,0.5540456315983177,1.040901858116156,0.9766962117501893,0.31531298607138436,0.31554473311642434,0.9093652711625746
1,5367,10,1.766599836957995,3.1208749839400145,1.138113406074961,1.0293065050594878,1.0564602491636919,4.464028966361878,0.10231074996983015,1.168442392885518,0.25423661422772836,1.159462573377031,0.9923147092546752,0.03362544838228764,1.4960469937082548,1.2803771951595335,0.11434592580713172,1.1401917249737163,1.2518522960568272,1.0979313992878557,0.9261975849940021,0.2932948658568411,0.2944839741094304,0.8255109456897108
1,5367,20,2.849031715540384,8.116981716154983,2.0939583752392323,1.0293065050594878,1.0564602491636919,4.464028966361878,0.10231074996983015,2.6084092151381926,0.570536762992618,2.474451202395693,0.9486437894924384,0.34938311277873313,4.367442941230956,1.6743703081111714,0.12891550669434632,2.558957124900764,2.868845657149679,1.1210995406032571,0.8625250355413562,0.19993963514377627,0.19859283846778708,0.6577364942867134
1,5367,40,6.252530114246901,39.094132829564366,3.665972400222003,1.0293065050594878,1.0564602491636919,4.464028966361878,0.10231074996983015,5.58616992667558,1.377275358550847,5.1033497807997374,0.9135686611375288,1.9895299677834282,14.958832493432716,2.6778334153424077,0.14230981179816926,5.646174779084357,6.308490987254732,1.1173035256761539,0.8089652170559037,0.16898585547742492,0.16905922479486696,0.4605948044129183
1,5367,80,36.75533633665338,1350.9547492205122,7.208566843113918,1.0293065050594878,1.0564602491636919,4.464028966361878,0.10231074996983015,9.225734020769545,2.1524324559487558,7.557043784348794,0.8191265613484962,11.388955231153284,46.82078276288904,5.075019793274246,0.13412272384809673,10.658638079550965,14.537725363853259,1.3639383620450043,0.5198229843534327,0.0716109152246902,0.07190603404451888,0.3889254721663617
1,5367,160,719.0802300008041,517076.37717800937,13.155945874064857,1.0293065050594878,1.0564602491636919,4.464028966361878,0.10231074996983015,20.15938828813161,4.486068107783577,51.31772502538469,2.5455993154116117,47.78644251202124,334.3065314234504,16.58316842978147,0.16949093966302403,26.34841614461485,106.71063564884898,4.049982931162211,0.4809054384630893,0.24025043527303566,0.24662275003302034,0.40225092547655017
1,5426,1,1.0531019531737402,1.1090237237783465,0.10348010018482151,1.0182453580681943,1.0531019531737391,4.441885823141472,0.12493714045485291,0.12493714045485291,0.029778382528748197,0.1249371404548529,0.9999999999999919,1.9675159943996247e-16,0.1249371404548529,0.9999999999999919,0.1249371404548529,0.1249371404548529,0.1249371404548529,0.999999999999992,0.999999999999992,nan,nan,nan
1,5426,2,1.1080356455193852,1.2277429917415605,0.2051775177079831,1.0182453580681943,1.0531019531737391,4.441885823141472,0.12493714045485291,0.24880500532429098,0.05911771770422711,0.2487885848485474,0.9999340026310035,0.00029085121865190394,0.256499710869765,1.0309266509146138,0.12499955919884816,0.24999908724434217,0.24921901365416224,0.9968796942469694,0.9982728893782834,0.07299327187699318,0.0729932718769926,0.9446072651452282
1,5426,5,1.28269115828882,1.6452966075523148,0.4979206765061443,1.0182453580681943,1.0531019531737391,4.441885823141472,0.12493714045485291,0.613217313601629,0.14446113678713537,0.612925277572994,0.9995237642151348,0.0077294567528223635,0.6901758238880004,1.1254995718147085,0.12501159557636607,0.6250577877690544,0.6210369064027399,0.9935671845947768,0.9869385720138079,0.13513624147515116,0.13513604682351635,0.8803815731550739
1,5426,10,1.6071025536120869,2.5827786178264907,0.9488658030563689,1.0182453580681943,1.0531019531737391,4.441885823141472,0.12493714045485291,1.184863633866938,0.27631229485459946,1.1866759459277951,1.0015295532828037,0.054173587558632504,1.5284478938684134,1.2899778929665917,0.12384914341719135,1.2383974104607371,1.2499895151885834,1.0093605692566268,0.9493487197360713,0.15512517922292682,0.15576253828279044,0.8118882671619
1,5426,20,2.4121315646650405,5.818378685253417,1.7610216465167898,1.0182453580681943,1.0531019531737391,4.441885823141472,0.12493714045485291,1.9971840449530858,0.46585148800208553,2.0279274514839862,1.0153933767939858,0.275583214526127,3.941598797348669,1.9735781523536333,0.12419436488994534,2.4821570649036864,2.64415763019631,1.0652660412119845,0.7669465043706287,0.03501273187514832,0.035313435139478225,0.6733547221940835
1,5426,40,4.520479320949371,20.434733291130886,3.0172360653592984,1.0182453580681943,1.0531019531737391,4.441885823141472,0.12493714045485291,2.8119207942837643,0.5818630305354843,3.258126752879051,1.158683686788888,1.3248048303746405,17.615712196920356,6.264654478437157,0.1458644976499274,5.765090330917792,7.752625180799392,1.344753461922805,0.42026109567999226,0.18683726332166534,0.20821075589650073,0.4779524035490489
1,5426,80,15.882888843148589,252.2661580038139,5.5304847126978665,1.0182453580681943,1.0531019531737391,4.441885823141472,0.12493714045485291,7.308789157759044,1.6118251847392269,11.078571165268828,1.515787489027203,7.952668886545319,90.23677287828767,12.346336846027619,0.18963840534963644,14.743810385347697,33.39227064467037,2.2648331585880532,0.3317705250761988,0.20663507174864315,0.20573402695363044,0.4346500860541959
1,5426,160,324.60456371988727,105368.12278777835,11.565215429001436,1.0182453580681943,1.0531019531737391,4.441885823141472,0.12493714045485291,15.795626693078397,3.2135844776898024,29.43451941082612,1.8634600565563029,32.96349950567839,272.50373631805184,17.251847084830274,0.16935412916002088,26.258742322252683,119.97206472302537,4.568842759135359,0.2453447765426093,0.28586382394433274,0.2827524908562686,0.4691509378347181
1,5485,1,1.0586305686600452,1.1206986809014907,0.11395231304427071,1.0208842215272222,1.0586305686600452,4.459453159598483,0.23762165584210765,0.2376216558421081,0.048925627978195614,0.2376216558421081,0.9999999999999958,0.0,0.2376216558421081,0.9999999999999958,0.2376216558421081,0.2376216558421081,0.2376216558421081,0.9999999999999958,0.9999999999999958,nan,nan,nan
1,5485,2,1.1196064686701048,1.2535186446879425,0.22595451260845864,1.0208842215272222,1.0586305686600452,4.459453159598483,0.23762165584210765,0.47642613596500905,0.09841097674131155,0.4764066024553502,0.9999589999200605,0.0008101092311290515,0.49022217049337274,1.028957341940149,0.2383238613993188,0.4766456598655914,0.4768159021375351,1.0003571673599017,0.9991415980877504,0.05684828889868041,0.05684828889868017,0.9466307077625721
1,5485,5,1.3191642434747004,1.7401943012621786,0.5539967743841552,1.0208842215272222,1.0586305686600452,4.459453159598483,0.23762165584210765,1.19611552535653,0.24939062650913188,1.1952438106177536,0.9992712119186667,0.0212011277863889,1.3416203585140487,1.121647809156349,0.24003882604171056,1.2001685346746966,1.2043010997823025,1.0034433206572315,0.9924792154003785,0.012128746222639451,0.012105798394264896,0.8779134440023911
1,5485,10,1.7381194599380032,3.021059257015176,1.1056075172453226,1.0208842215272222,1.0586305686600452,4.459453159598483,0.23762165584210765,2.375158657520888,0.5030185078646188,2.3700128025251037,0.9978334689434364,0.1625403671187442,3.132293837647148,1.3187724650430432,0.24108424270203602,2.410790147857848,2.4533232636376057,1.0176428113486153,0.9660417922304392,0.022043575500645004,0.02205401797606122,0.7781838066263803
1,5485,20,2.9827157041835735,8.89659297198331,2.1856683913101165,1.0208842215272222,1.0586305686600452,4.459453159598483,0.23762165584210765,4.400511628710941,0.9669159563106854,4.489425351135662,1.0202053147285435,1.0405564601396349,8.132063438100724,1.8479813540415253,0.2302224929888692,4.59266996876081,5.038527605966798,1.0970802692635646,0.8910193021110232,0.15154059348592872,0.14458360337980752,0.6629664711200612
1,5485,40,6.838085906159537,46.759418860017696,3.8450157083833036,1.0208842215272222,1.0586305686600452,4.459453159598483,0.23762165584210765,6.253015643573358,1.3963722812826873,7.355140291762635,1.1762549001971558,4.565778500885948,17.57563877825106,2.810746011216959,0.2023826327857864,7.987810310547476,10.362242498696498,1.2972569572682153,0.7098019847236602,0.2352407623941589,0.24450225439918974,0.6208187746613749
1,5485,80,34.45398363387595,1187.0769882433917,7.079249252020611,1.0208842215272222,1.0586305686600452,4.459453159598483,0.23762165584210765,6.725460908494598,1.5463561042333465,14.222475964438924,2.1147213786456205,11.437113714288495,62.27576791316691,9.259702607818216,0.1697412801039148,13.059251447967034,29.92510272360282,2.291486831602536,0.475269077463224,0.23708251833914587,0.2403559626694849,0.5301367366046239
1,5485,160,185.36157413031978,34358.913164070036,10.444616744750139,1.0208842215272222,1.0586305686600452,4.459453159598483,0.23762165584210765,24.999850752729966,5.025657182151418,33.47711786998403,1.339092709036607,46.087169970659566,365.7397181117275,14.62967606203765,0.16917758431530544,26.3856775721666,136.35590582638062,5.167800048091926,0.24551278264844506,0.1481600691087584,0.1604321362293246,0.38685815729683215
1,5544,1,1.0657232001238053,1.1357659392821242,0.12730725970560644,1.030113122561752,1.0657232001238055,4.460778807410146,0.11533207902187742,0.11533207902187745,0.02655768879514675,0.11533207902187745,0.9999999999999913,0.0,0.11533207902187745,0.9999999999999913,0.11533207902187745,0.11533207902187745,0.11533207902187745,0.9999999999999913,0.9999999999999913,nan,nan,nan
1,5544,2,1.1364105307565555,1.2914288944143961,0.25574927544838355,1.030113122561752,1.0657232001238055,4.460778807410146,0.11533207902187742,0.2317006407596102,0.053584710466157426,0.23168524804132595,0.9999335663542631,0.00011776146145990527,0.23886022086745146,1.030900130808306,0.11561846815569735,0.2312362286707637,0.23210511573896697,1.0037575732539705,0.9981910450516989,0.3925122621704727,0.39251226217046925,0.9450608248821104
1,5544,5,1.379798186258574,1.9038430348024504,0.643874493266239,1.030113122561752,1.0657232001238055,4.460778807410146,0.11533207902187742,0.5863541818838928,0.13715446584563598,0.5860727379396021,0.9995200103401882,0.0035568562486691657,0.6634292370275154,1.131447949933584,0.11633071802799098,0.5816450585010536,0.5930415777071711,1.0195935975721795,0.9882489861933238,0.32850055475983475,0.32826019654942556,0.8742263387430922
1,5544,10,1.8906519049397394,3.5745646256522656,1.2738433856954838,1.030113122561752,1.0657232001238055,4.460778807410146,0.11533207902187742,1.180632111578062,0.2789946483363499,1.1797414625886726,0.9992456168346971,0.032022219122476166,1.5395329696103361,1.3039904255632662,0.11490483186831181,1.1487920744823668,1.2214310672593043,1.0632307572366104,0.9658682296626223,0.18948378410990724,0.19046455509863366,0.7916297224231219
1,5544,20,3.155823648757257,9.959222902055567,2.2984990466706705,1.030113122561752,1.0657232001238055,4.460778807410146,0.11533207902187742,2.2918592126030797,0.5298270687141838,2.233394911409787,0.9744904482475212,0.23503360253954475,3.8242696291383025,1.6686320032698339,0.10949968245095429,2.184498897529695,2.5124292692111605,1.1501169774231972,0.888938422577371,0.131200489781787,0.12802238285648013,0.689113099318994
1,5544,40,5.406786447323645,29.233339686962644,3.375309828051942,1.030113122561752,1.0657232001238055,4.460778807410146,0.11533207902187742,4.646404420665134,0.9496520016143789,4.428043350378873,0.9530042909491285,1.6019846573121945,11.806600515446027,2.5410186988750985,0.13401158658275183,5.267772282475827,6.2731699501526705,1.1908582250264452,0.7058701399076726,0.2250177509456369,0.24179540700612182,0.5509579195247356
1,5544,80,12.45004547793717,155.00363240270377,5.043448551500808,1.030113122561752,1.0657232001238055,4.460778807410146,0.11533207902187742,7.338237747744401,1.6671331258274642,10.044835112206643,1.3688347880653204,6.937287936473258,58.3825867673669,7.955941027573317,0.15975632172031515,12.43910255610101,22.995463037011575,1.8486432548731562,0.4368181278210974,0.1620113254205566,0.15052962066416592,0.446075965153272
1,5544,160,39.82787219825889,1586.2594038408433,7.369133947358286,1.030113122561752,1.0657232001238055,4.460778807410146,0.11533207902187742,8.26377117174742,1.743505478200923,30.193015508853474,3.6536606449218736,29.318921616665516,438.2495879496272,53.03263834893395,0.17224761469481928,26.842799575285646,101.79691651602639,3.792336050139551,0.2966004918636218,0.10407210460302783,0.10652029325724807,0.2890472233206215
1,5603,1,1.0554898150150622,1.1140587496005303,0.10800987763743569,1.026713387723049,1.0554898150150613,4.454305376263427,0.2103208641889817,0.2103208641889818,0.046764602161496784,0.2103208641889818,0.9999999999999952,0.0,0.2103208641889818,0.9999999999999952,0.2103208641889818,0.2103208641889818,0.2103208641889818,0.9999999999999952,0.9999999999999952,nan,nan,nan
1,5603,2,1.1142560024136259,1.2415664389147942,0.21637383956827294,1.026713387723049,1.0554898150150613,4.454305376263427,0.2103208641889817,0.4216502576532054,0.09451702854442882,0.42148648869622674,0.9996116000073351,0.0005082461047077912,0.43083915063356737,1.021792689115154,0.2096419241384236,0.4192816423262221,0.42208039153238347,1.0066751055224659,0.9985929153590823,0.14554512808351822,0.14554512808351752,0.9605245026694573
1,5603,5,1.3103520115975473,1.7170223942977387,0.540591624519706,1.026713387723049,1.0554898150150613,4.454305376263427,0.2103208641889817,1.0571701150237933,0.24206156102721557,1.0528253436710988,0.9958901871222515,0.013764865346636833,1.14868379345367,1.0865647610818205,0.20646059763577268,1.0321752211938888,1.0635296070741445,1.0303769992114205,0.9899351524096306,0.06722672060838301,0.06768986404662213,0.9125983434228713
1,5603,10,1.701608258267114,2.895470664602841,1.0631476762570924,1.026713387723049,1.0554898150150613,4.454305376263427,0.2103208641889817,2.0811058384690884,0.4861267277276576,2.042802314924281,0.981594629721963,0.11013090663279651,2.484534530886337,1.193853039552289,0.19621387304605384,1.9581551202789416,2.114907781656351,1.0800511970446338,0.965906094177024,0.13110841756305489,0.1294909200202722,0.85038402169965
1,5603,20,2.7486956225441572,7.555327625393412,2.022252960157505,1.026713387723049,1.0554898150150613,4.454305376263427,0.2103208641889817,3.6611573183137978,0.8363064410311765,3.3955869077382683,0.927462715342196,0.5465473639067088,6.135219508402305,1.6757595959378149,0.17238828227220487,3.4009949594452253,3.9658675630740583,1.1660903971821748,0.8562027989422446,0.09482976560895767,0.09416886227023748,0.674984013380993
1,5603,40,5.269492933615069,27.76755577741915,3.32386828078744,1.026713387723049,1.0554898150150613,4.454305376263427,0.2103208641889817,4.589734135985559,0.9300572879835977,4.7207929456067745,1.0285547715266676,2.4352588320785475,18.643231953476565,4.061941585527868,0.16191393716260952,6.41080237983505,9.426582964089421,1.4704217047370547,0.5007957775994376,0.0883286950084451,0.09134428439491903,0.5240112639074661
1,5603,80,12.360721075252275,152.78742550018578,5.029047579499144,1.026713387723049,1.0554898150150613,4.454305376263427,0.2103208641889817,7.411611025879512,1.5614559432607473,7.798668831201976,1.0522231676717724,10.105299185854529,67.23232360676145,9.07121587627883,0.1839496869262391,14.390449113755288,22.878192827136985,1.5898178469821753,0.340877834631745,0.09715815708844336,0.10437133143613109,0.36620025854270655
1,5603,160,128.45594644052989,16500.930175932284,9.711172032598627,1.026713387723049,1.0554898150150613,4.454305376263427,0.2103208641889817,20.868168095364794,4.875912648479107,55.781357075502,2.673035640722679,64.8584287275476,860.7312138095512,41.24613190176168,0.17669464842564028,27.165536091414477,176.2041725628196,6.486313097958997,0.316572282393682,0.2218015907334196,0.23490199508039752,0.335446767771523
1,5662,1,1.0537709014759138,1.11043311279736,0.10475013092858737,1.0180008138267318,1.053770901475914,4.445775397014279,0.2176397064509888,0.2176397064509888,0.0421507068957824,0.2176397064509888,0.9999999999999954,0.0,0.2176397064509888,0.9999999999999954,0.2176397064509888,0.2176397064509888,0.2176397064509888,0.9999999999999954,0.9999999999999954,nan,nan,nan
1,5662,2,1.1114592667947722,1.2353417017439727,0.21134761338471958,1.0180008138267318,1.053770901475914,4.445775397014279,0.2176397064509888,0.4443166657143086,0.08574664691695712,0.44431163877022356,0.9999886861230425,0.0005422604761156538,0.45734039426462614,1.0293118164482504,0.22282005562177348,0.4455223792247385,0.4449166037102884,0.9986403028384226,0.9986402734017547,0.34098229474778846,0.3409822947477869,0.9458558619269137
1,5662,5,1.3102763456897655,1.7168241020741257,0.5404761317485277,1.0180008138267318,1.053770901475914,4.445775397014279,0.2176397064509888,1.1618340454460263,0.22209537925856263,1.161148923872233,0.9994103102964835,0.015596972199140637,1.3146526817315827,1.131532241531869,0.23679852057413459,1.1822885339632936,1.17341502710336,0.9924946351038451,0.9895466625637072,0.3154673725672838,0.3154549880462409,0.8676615775966594
1,5662,10,1.7422141558949908,3.0353101650008956,1.110313615336225,1.0180008138267318,1.053770901475914,4.445775397014279,0.2176397064509888,2.338435969792312,0.44662807473941324,2.329457904052688,0.996160653592571,0.1283057990541132,3.201287900495914,1.368986768014963,0.2509028576867089,2.5035020161318062,2.429840113326348,0.9705764555687176,0.9586877306358064,0.22995362052895724,0.22727372161157983,0.7450793639384297
1,5662,20,3.099965695783559,9.609787315034843,2.2627820911072036,1.0180008138267318,1.053770901475914,4.445775397014279,0.2176397064509888,3.7235746596341834,0.7755037026903804,3.7222009483357934,0.9996310772781642,0.6656689915215762,8.370629988597402,2.2480091722989,0.23496619025180698,4.662668279315192,4.515700537841763,0.968479906210481,0.824279846979132,0.09072656172816825,0.09368513082766781,0.5833873307528039
1,5662,40,7.813412687301292,61.0494178220808,4.111683664427392,1.0180008138267318,1.053770901475914,4.445775397014279,0.2176397064509888,4.4881220097583805,0.9559065719504632,4.263763283995693,0.9500105555787315,1.707166364531824,24.841200128023686,5.534876296591816,0.20314943429991003,7.948837388689859,9.096018728138688,1.144320645064537,0.46875049529149143,0.08509092494827891,0.08063977789654972,0.46496021229440915
1,5662,80,60.40491757439221,3648.7540671691168,8.20214103684235,1.0180008138267318,1.053770901475914,4.445775397014279,0.2176397064509888,10.10936732362108,2.2889238528634794,13.165771262717078,1.3023338495134649,11.08206884300185,130.3608005656073,12.895050342172476,0.20202025850042585,15.82235804555322,35.720064597341505,2.2575689726210193,0.3685819555795806,0.30666697876300203,0.29998557941602877,0.42166895305917174
1,5662,160,2687.930531321226,7224970.541208809,15.793053714613116,1.0180008138267318,1.053770901475914,4.445775397014279,0.2176397064509888,16.115987242736537,3.8669529948834644,49.83625033677946,3.0923485844306944,53.309152023859,475.06714686464335,29.478004649001925,0.1672375899082873,25.3370116271105,140.78203685608187,5.556378902452949,0.3539958040792226,0.20292303855595398,0.22626711875541491,0.3883372413530952
1,5721,1,1.0661276831371318,1.1366282367513485,0.12806619274610406,1.047600989006417,1.0661276831371302,4.453533417884161,0.21744320031857414,0.2174432003185741,0.04590383991899049,0.2174432003185741,0.9999999999999954,0.0,0.2174432003185741,0.9999999999999954,0.2174432003185741,0.2174432003185741,0.2174432003185741,0.9999999999999954,0.9999999999999954,nan,nan,nan
1,5721,2,1.1370794968220377,1.2929497820930584,0.2569262607470634,1.047600989006417,1.0661276831371302,4.453533417884161,0.21744320031857414,0.43183673105988374,0.09143114915876732,0.4319938108173747,1.0003637480237135,0.0005909763536982714,0.44471998937705537,1.029833632460005,0.2151357174818061,0.43024641577369693,0.4324013018747818,1.005008492859165,0.9990576090875737,0.4143620340355941,0.4143620340355922,0.9468831542714531
1,5721,5,1.3796780933274917,1.9035116412077828,0.643700412507442,1.047600989006417,1.0661276831371302,4.453533417884161,0.21744320031857414,1.0633178729811492,0.22737648505811833,1.067911431359513,1.0043200236684484,0.017510209301739365,1.1916454132599357,1.1206859618742253,0.2079098729168875,1.0389698919618353,1.0756952757104943,1.0353478806583232,0.9927638946393614,0.4662928684882394,0.4663081614656636,0.8876753003304279
1,5721,10,1.8776543376991799,3.525585811880546,1.2600466102241055,1.047600989006417,1.0661276831371302,4.453533417884161,0.21744320031857414,2.1083615791653982,0.4599610709824101,2.1524239951190443,1.0208988896349966,0.16387624070821255,2.694366124191644,1.2779430961069858,0.19559004850348893,1.9504244868403522,2.211374934303444,1.1337916177856366,0.9733419519820281,0.5297293581553879,0.5306026392387166,0.8240329853485493
1,5721,20,2.9328445606268114,8.601577216798274,2.1519455837463575,1.047600989006417,1.0661276831371302,4.453533417884161,0.21744320031857414,4.148016164926738,0.9375424034460944,4.570882567124367,1.1019442512720046,1.1685644881840316,6.861482703683615,1.654160068540813,0.17128615327294938,3.3713505904719376,4.969160310495098,1.4739375740211846,0.9198500916684957,0.5213307249175728,0.5401402646378674,0.746022308831648
1,5721,40,6.028283624849109,36.340203461623915,3.5929246617862516,1.047600989006417,1.0661276831371302,4.453533417884161,0.21744320031857414,6.3387748268187964,1.476778338319621,8.287319684525439,1.3074008638802754,5.595441066007949,15.771954629059813,2.4881708311092017,0.13639452222014772,5.1197908909887495,10.248072631535203,2.001658436787457,0.808671052840105,0.33067248216590744,0.3927859662405237,0.6610275181282812
1,5721,80,19.041213671493903,362.5678180834863,5.893211541164869,1.047600989006417,1.0661276831371302,4.453533417884161,0.21744320031857414,9.74966673572967,2.2140260000187477,12.494293627574084,1.2815098163085061,19.495356615483768,51.72963607980542,5.305785057270876,0.13860223813857397,10.641219606333426,22.22983202279897,2.089030472556759,0.5620507440074178,0.1943046899169724,0.2166812787224421,0.4100546737804836
1,5721,160,111.87689719936054,12516.440126956286,9.43479826931561,1.047600989006417,1.0661276831371302,4.453533417884161,0.21744320031857414,20.08867479765877,4.781540145255058,35.01230037032636,1.742887508657707,39.70947100889463,319.70304175671623,15.914590931303042,0.13994962924293916,21.652760563540376,108.36310167903558,5.004585967735721,0.3231016815486742,0.21728940737528885,0.2220922661475246,0.34664259032269795
1,5780,1,1.0679939983004385,1.140611180405757,0.1315642419066709,1.041904468543992,1.0679939983004387,4.455781010391904,0.16392455483091278,0.16392455483091278,0.037163155459876356,0.16392455483091278,0.9999999999999939,0.0,0.16392455483091278,0.9999999999999939,0.16392455483091278,0.16392455483091278,0.16392455483091278,0.9999999999999939,0.9999999999999939,nan,nan,nan
1,5780,2,1.1401037003715908,1.299836447600994,0.26223844701511045,1.041904468543992,1.0679939983004387,4.455781010391904,0.16392455483091278,0.32182144190828704,0.07291410272269745,0.3218665388218093,1.0001401302326343,0.00023280742184862173,0.3363376348358242,1.0451063572441297,0.1625394411625752,0.32506697690024733,0.3221932005047663,0.9911594329793645,0.9989861310466943,0.020231015754575588,0.020231015754575463,0.919264721291726
1,5780,5,1.38164894414296,1.9089538048513564,0.6465553458396913,1.041904468543992,1.0679939983004387,4.455781010391904,0.16392455483091278,0.7551201058021656,0.17106267110551984,0.7565591480086958,1.0019057130057483,0.006658003365556059,0.9064290520073471,1.2003773241403028,0.15766454665081056,0.7879755263478062,0.7640429916972915,0.9696278198366887,0.9902049442637101,0.07514695076596678,0.0743511802745851,0.8185694707661728
1,5780,10,1.8789819397617376,3.530573129950782,1.2614602175257146,1.041904468543992,1.0679939983004387,4.455781010391904,0.16392455483091278,1.3571975772132283,0.3081923227749578,1.3718215284855397,1.010775108589818,0.057591652925569795,2.0650511286708926,1.5215552719384586,0.15145200164779335,1.5127987886983478,1.444063600475089,0.9545642231228904,0.9499730676919056,0.09846551233824938,0.09654048026005847,0.7033644851874488
1,5780,20,3.2926229348097187,10.841365790834965,2.3833689835392184,1.041904468543992,1.0679939983004387,4.455781010391904,0.16392455483091278,2.4598985910707425,0.5586296732785723,2.505855448126145,1.0186824193575386,0.44040785807184424,5.422764126007367,2.204466536015596,0.1512056863314579,3.022069036028642,2.982167687789062,0.986796678777393,0.8402798603132713,0.05606215084634151,0.05531073774308832,0.5833841498111199
1,5780,40,7.053125660064696,49.746581576663054,3.906941749216949,1.041904468543992,1.0679939983004387,4.455781010391904,0.16392455483091278,5.379411928970999,1.2845401898609898,4.5304326824038705,0.8421799152440951,4.361735649883513,12.889286426639352,2.396040049884203,0.1359174519749324,5.365436482252952,6.377017010334573,1.1885364837376389,0.7104313309909422,0.08638141724003669,0.09035293779048235,0.5353459263016459
1,5780,80,47.74777781913209,2279.8502866652025,7.731865056049196,1.041904468543992,1.0679939983004387,4.455781010391904,0.16392455483091278,8.127278600318794,1.679590851155551,14.198224247815881,1.7469838239898592,16.5223000457464,43.10646052606304,5.303923077568938,0.14276992855835832,11.13528024801135,19.906599086506628,1.7877052613975968,0.7132420855072086,0.33283963091312485,0.3202433147517682,0.5090277571634609
1,5780,160,866.9612761378779,751621.8543226178,13.529988623164467,1.041904468543992,1.0679939983004387,4.455781010391904,0.16392455483091278,19.58897998125421,4.2870895820090364,130.82829374697593,6.678667999669858,134.84311664126378,589.2538829621989,30.08088647423648,0.1436887133842329,22.58329757919142,160.14356772285635,7.091239317964571,0.816943793667609,0.23902995412015302,0.24422077688156868,0.33266875219711234
1,5839,1,1.056038784724381,1.1152179148421477,0.10904982513661797,1.0177070313626089,1.0560387847243793,4.448897787587639,0.1647960816997175,0.1647960816997175,0.03851015564627739,0.1647960816997175,0.9999999999999939,0.0,0.1647960816997175,0.9999999999999939,0.1647960816997175,0.1647960816997175,0.1647960816997175,0.9999999999999939,0.9999999999999939,nan,nan,nan
1,5839,2,1.1154995694721572,1.2443392894925682,0.21860469787964382,1.0177070313626089,1.0560387847243793,4.448897787587639,0.1647960816997175,0.3353692730166862,0.0780115076366539,0.33543940243709003,1.0002091110487614,0.00025267127665115695,0.34223715725774784,1.0204785733030435,0.1664405044227346,0.3328649202195594,0.3356394269338604,1.008335233140428,0.9994040494628458,0.2529539570146799,0.2529539570146783,0.9621186541174807
1,5839,5,1.3129529328043397,1.7238454037595168,0.5445574952273183,1.0177070313626089,1.0560387847243793,4.448897787587639,0.1647960816997175,0.874349142697947,0.19992702122773762,0.8758676050016404,1.0017366772946183,0.008038393455128533,0.9482795774553989,1.0845548204340048,0.16892886895942455,0.8445667411418523,0.8807399445089251,1.0428304852712595,0.9944679022023891,0.3585096476512938,0.35867866755748845,0.9148590966491074
1,5839,10,1.6861091109174555,2.842963933918852,1.0448471466646716,1.0177070313626089,1.0560387847243793,4.448897787587639,0.1647960816997175,1.8035358235786565,0.3971618841891837,1.8056163946759616,1.0011536067485345,0.08284060805107893,2.2009516738047163,1.2203537323907923,0.16800122766200443,1.6798755411239843,1.8689528590477567,1.1125543609006068,0.966111256329886,0.44520004465704704,0.44526818495970405,0.8456438795245815
1,5839,20,2.810758873570791,7.900365445356942,2.066909017309008,1.0177070313626089,1.0560387847243793,4.448897787587639,0.1647960816997175,3.415525597624618,0.7079045278795968,3.5070528454035768,1.0267974123346089,0.8010125091883962,6.221516595299175,1.8215400287516588,0.1753832870358476,3.502427943889128,4.168603057484553,1.1902038026957085,0.8413017015632632,0.2220443007212014,0.21934058753779187,0.6714754214918668
1,5839,40,5.906314574783915,34.884551856304896,3.5520440909937907,1.0177070313626089,1.0560387847243793,4.448897787587639,0.1647960816997175,5.005961368669793,1.1584447664495778,6.386845195075062,1.2758478791002343,3.253824174403508,22.29309827198099,4.45331008974702,0.16268115432313293,6.464339637980027,9.530958398337166,1.4743901051144945,0.6701157352852734,0.1401615208540733,0.1340364521442374,0.484155472435971
1,5839,80,14.919548762731468,222.59293528352208,5.405344701067016,1.0177070313626089,1.0560387847243793,4.448897787587639,0.1647960816997175,7.7725057276112155,1.773133035390331,14.050205446952841,1.8076802950482995,13.571514244416775,85.15177715404756,10.955511663574923,0.1504506994108707,11.864994775213324,25.832430745579792,2.1771969760614867,0.543897923711921,0.1886572429772872,0.19163397047918312,0.409628676449388
1,5839,160,140.73309274714435,19805.803394176335,9.89373027445298,1.0177070313626089,1.0560387847243793,4.448897787587639,0.1647960816997175,33.362619134850746,6.920853999201545,82.49657174631818,2.472724680663392,87.83448633838636,602.9998424356469,18.074115824010665,0.17067245553568272,26.794382819684817,147.00529734818198,5.486422222801966,0.5611809454112737,0.17811796842219316,0.17674369888029315,0.3290647428467522
