seed,test_index,horizon,sigma1_phi,Gmax,log_Gmax,spectral_radius_J,sigma1_J,fro_J,one_step_error,rollout_error,relative_rollout_error,linear_predicted_error,linear_to_actual_ratio,linear_vector_error,defect_amplification_bound,bound_to_actual_ratio,defect_l2_rms,defect_l2_sum,propagated_defect_norm_sum,effective_defect_gain,defect_cancellation_ratio,tg_alignment_mean,tg_alignment_weighted,gain_efficiency_mean
0,0,1,1.0622182460997254,1.1283076023471768,0.1207188130170582,1.030144154891121,1.0622182460997243,4.452464718390874,0.15194288732270664,0.15194288732270672,0.03895874233953007,0.15194288732270672,0.9999999999999934,0.0,0.15194288732270672,0.9999999999999934,0.15194288732270672,0.15194288732270672,0.15194288732270672,0.9999999999999934,0.9999999999999934,nan,nan,nan
0,0,2,1.1290260569794592,1.2746998373385852,0.2427107291991248,1.030144154891121,1.0622182460997243,4.452464718390874,0.15194288732270664,0.3034981850352456,0.07860071108508745,0.3035011414249007,1.0000097410455806,0.00020069647657303946,0.3132842018773111,1.0322440703918148,0.15186854920998227,0.3037370620143887,0.3037745431629192,1.0001233999837915,0.9990999846953178,0.2842204991920163,0.2842204991920144,0.9411130279675982
0,0,5,1.3575948675568252,1.8430638244166337,0.6114293088078797,1.030144154891121,1.0622182460997243,4.452464718390874,0.15194288732270664,0.756829693163028,0.19964728370081544,0.7571506686657596,1.0004241053246592,0.006142076346827657,0.8581670845667646,1.1338972193073118,0.15120723461918717,0.7560263079684855,0.7617418375851712,1.0075599612823567,0.9939728019482726,0.28744143859623733,0.2874599649013369,0.8677375988069447
0,0,10,1.8239337976924048,3.3267344983646385,1.2019911917373554,1.030144154891121,1.0622182460997243,4.452464718390874,0.15194288732270664,1.5035235793022446,0.3960578950703293,1.5035235064169097,0.9999999515236495,0.05616388505491264,1.9645148713623763,1.3066072913030518,0.14674114976383493,1.4663161266782836,1.5351029727159258,1.046911334320156,0.9794284377919311,0.21274036593873152,0.21454980649181854,0.7820498604403109
0,0,20,2.987704242285362,8.926376639369948,2.1890105610786756,1.030144154891121,1.0622182460997243,4.452464718390874,0.15194288732270664,2.853181456693308,0.709425529395424,2.733714898915756,0.9581286505639889,0.34599684764277944,4.865343701620715,1.7052345865374434,0.13160785498554017,2.6078064812615622,2.9274634524112426,1.122576952487303,0.9338169180776948,0.0520606410852834,0.055634995635030104,0.6401976821729682
0,0,40,5.533381136441396,30.618306801125478,3.4215980915459716,1.030144154891121,1.0622182460997243,4.452464718390874,0.15194288732270664,5.033094426505192,1.1230585456911828,3.9128828391469543,0.777430842255015,2.298748026129915,13.422403073196165,2.6668291781913216,0.12671169477398345,5.026978973289438,6.113461505115099,1.2161303115844768,0.6400437519518306,0.24203432092119329,0.2413865880071584,0.5332286284224725
0,0,80,9.597469221651966,92.1114154605568,4.522998881949239,1.030144154891121,1.0622182460997243,4.452464718390874,0.15194288732270664,6.526103687327398,1.3364601995161915,6.815496828589701,1.0443439386083087,6.9082859260484195,42.110647099407934,6.452647569970389,0.14100779869775992,11.127981370800871,17.372867089246324,1.561187650334466,0.39230696888301436,0.21981004091327755,0.22272546316446937,0.42655802740462073
0,0,160,100.74827766346823,10150.215452155291,9.225250211057977,1.030144154891121,1.0622182460997243,4.452464718390874,0.15194288732270664,11.525765401976269,2.6187142490808335,26.563951343918312,2.3047451008644955,29.548086805904763,214.27667012444337,18.59110112441663,0.14784754693821123,23.207313864013855,71.17212842787139,3.0667973400503543,0.3732353089712535,0.19971035511317953,0.19446999018442301,0.38310647339973664
0,58,1,1.0580214369293768,1.1194093610021032,0.11280118995766873,1.037617172700333,1.0580214369293781,4.4405908726546395,0.15207084321006814,0.15207084321006836,0.0305552323847305,0.15207084321006836,0.9999999999999934,0.0,0.15207084321006836,0.9999999999999934,0.15207084321006833,0.15207084321006836,0.15207084321006836,0.9999999999999934,0.9999999999999934,nan,nan,nan
0,58,2,1.1200095537668264,1.2544214005289656,0.22667443083914757,1.037617172700333,1.0580214369293781,4.4405908726546395,0.15207084321006814,0.3017672115237304,0.060523392356457296,0.3016668340496157,0.9996673678574657,0.00031996893105692964,0.3147903654660523,1.0431562921516964,0.15286673765283698,0.30572935292112013,0.30221857371859706,0.9885167087524309,0.9981743687616761,0.2773891666137658,0.27738916661376395,0.9219782352251276
0,58,5,1.3301446645480322,1.7692848286255969,0.570575413310929,1.037617172700333,1.0580214369293781,4.4405908726546395,0.15207084321006814,0.7419547418164327,0.14882456867314617,0.7400116185841668,0.9973810757951221,0.008062057317898554,0.8901808623587056,1.1997778465292757,0.15797788025430284,0.7894941180892601,0.7489692159770177,0.9486697858999609,0.9880400993768924,0.19840913686776085,0.1974644901989897,0.8080856058146155
0,58,10,1.770194834633365,3.133589752562646,1.1421792331837208,1.037617172700333,1.0580214369293781,4.4405908726546395,0.15207084321006814,1.4630522254907188,0.29641108467395366,1.4572677190039385,0.9960462747768001,0.06419817880769546,2.2020580960426184,1.5051124339078392,0.16636384497908413,1.661140794135389,1.513027897150254,0.9108366385871417,0.9631466291855296,0.12325454163716179,0.11957735583786872,0.6723760559068318
0,58,20,3.0860449046021143,9.523673153220672,2.2537806098102675,1.037617172700333,1.0580214369293781,4.4405908726546395,0.15207084321006814,2.803685924383902,0.574056498769707,2.7147971078534394,0.968295729647394,0.5156926229289807,6.089020580114427,2.1717912577716643,0.16330792144318465,3.2589196413792494,3.0611749498060528,0.9393220105637501,0.8868480738173558,0.08586143494418277,0.08445411531495663,0.544069858004811
0,58,40,6.015123997360316,36.18171670361995,3.5885539278083134,1.037617172700333,1.0580214369293781,4.4405908726546395,0.15207084321006814,3.9197816618325474,0.8755582461875362,4.036947948237724,1.029891023662374,1.9942716843516226,17.512181943757756,4.467642194022252,0.14425867043905005,5.685260662542369,6.224780642043963,1.0948980199019276,0.6485285474914592,0.14605519520536012,0.14155256550519507,0.4439020446167996
0,58,80,11.438481426916573,130.8388573539154,4.873966469476404,1.037617172700333,1.0580214369293781,4.4405908726546395,0.15207084321006814,7.288772197183473,1.8574441051973005,8.14539989002761,1.1175270223392568,8.998747437031772,45.78684535575549,6.281832401546097,0.15707346487997204,12.300170799609463,17.056302483513413,1.3866720032907964,0.47755953542105256,0.16062780790253783,0.15744525562128356,0.42669020443416117
0,58,160,341.2670980933011,116463.23224102281,11.66533089909341,1.037617172700333,1.0580214369293781,4.4405908726546395,0.15207084321006814,16.037904742668257,3.368933263005204,77.46198432621487,4.829931688029678,77.53242775778563,470.41753709416713,29.33160812725359,0.17297159286273955,26.99656811820357,118.39947072614466,4.385723037377809,0.654242657092469,0.21004570469477798,0.21378859096497257,0.331567814676318
0,117,1,1.0475255149231137,1.0973097044149347,0.09286146087866679,1.020958255674862,1.0475255149231124,4.437722490627409,0.1878111748165976,0.1878111748165975,0.04493228582576519,0.1878111748165975,0.9999999999999947,0.0,0.1878111748165975,0.9999999999999947,0.1878111748165975,0.1878111748165975,0.1878111748165975,0.9999999999999947,0.9999999999999947,nan,nan,nan
0,117,2,1.0973975059299828,1.2042812860213465,0.18588294586384044,1.020958255674862,1.0475255149231124,4.437722490627409,0.1878111748165976,0.3781629539119178,0.09076106998960451,0.3781067876406991,0.999851476008851,0.00032491400363328366,0.39299630515960726,1.0392247603691593,0.191989540184314,0.38389006122300806,0.37845620206212954,0.9858452726190198,0.9990767374942529,0.19275636856263445,0.1927563685626334,0.9261614173619587
0,117,5,1.2618509064849444,1.5922677101968759,0.46515923295634304,1.020958255674862,1.0475255149231124,4.437722490627409,0.1878111748165976,0.9560053171160507,0.23238260094978133,0.9554575611297619,0.999427036673873,0.009854420274167946,1.1138357070997038,1.1650936319682548,0.2023996031508892,1.0109054804478101,0.9619236698536442,0.9515465970443953,0.9932779398963464,0.22106463138329513,0.22181230024022566,0.8320267944491937
0,117,10,1.591718982430549,2.5335693190297426,0.929629106534357,1.020958255674862,1.0475255149231124,4.437722490627409,0.1878111748165976,1.893972297452946,0.47318705268196015,1.9028778570576035,1.0047020537822189,0.10482115745425975,2.639309664352161,1.3935312928819281,0.20978487081578032,2.095452578670212,1.9506418772907506,0.9308928759097187,0.9755136907552259,0.23908181124669983,0.24068565673264167,0.7259368520542754
0,117,20,2.473158354716378,6.116512247503421,1.8109920398740253,1.020958255674862,1.0475255149231124,4.437722490627409,0.1878111748165976,3.4312387037804424,0.8764719253889314,3.499784104299156,1.0199768673753857,0.9386231565477196,6.5573554673809396,1.9110752802351605,0.19473815069954206,3.8685856600973896,3.9098488473378614,1.010666220388004,0.8951200521938563,0.16312900309322506,0.1628188431008903,0.638505150532145
0,117,40,4.3713888747583205,19.109040694360814,2.9501615578483014,1.020958255674862,1.0475255149231124,4.437722490627409,0.1878111748165976,5.035181202910313,1.1630974252917414,5.20592295975655,1.0339097541807527,2.8313715939543393,17.622615012236317,3.4998968859453394,0.1723735972612184,6.788368172773868,8.431396057711387,1.2420357651677199,0.617444955037451,0.12409861211780585,0.11494065787138116,0.5641110483128714
0,117,80,11.385797978279694,129.63639560219795,4.86473357475661,1.020958255674862,1.0475255149231124,4.437722490627409,0.1878111748165976,7.440124656360962,1.510858680734576,11.88206597274373,1.5970251200811685,10.301408409420462,75.30051134481201,10.120866897093391,0.1864834758071977,14.601692994685497,27.802288433546675,1.9040455407236496,0.42737726432643736,0.24302959795830356,0.23102247796918465,0.430934594395809
0,117,160,157.8506151659357,24916.816708264327,10.123298224303053,1.020958255674862,1.0475255149231124,4.437722490627409,0.1878111748165976,11.007543803092572,2.2788312657174314,63.97290660176155,5.811733093788674,66.88315194359232,697.8446355464948,63.39694377145563,0.18048630656330322,28.19492613763899,172.87121400274478,6.131288060796488,0.37006107101640306,0.1855990708239417,0.18278472640473584,0.3326967469926324
0,176,1,1.0566626345135846,1.1165359231771892,0.11023096659211122,1.0161409902763257,1.0566626345135854,4.449556763220426,0.19545237830602102,0.195452378306021,0.04032169785090116,0.195452378306021,0.9999999999999949,0.0,0.195452378306021,0.9999999999999949,0.195452378306021,0.195452378306021,0.195452378306021,0.9999999999999949,0.9999999999999949,nan,nan,nan
0,176,2,1.1166123218182022,1.2468230772362365,0.2205987779122231,1.0161409902763257,1.0566626345135854,4.449556763220426,0.19545237830602102,0.401871948419207,0.08242260197052734,0.4018656778034909,0.9999843964831541,0.000382532529851446,0.4143893472748271,1.0311477297802378,0.20178799717270085,0.403383038432083,0.4024397728266483,0.9976616131181367,0.9985734635045487,0.019071388355631262,0.019071388355631165,0.942121232033368
0,176,5,1.3161133788240365,1.7321544259196218,0.549365966627361,1.0161409902763257,1.0566626345135854,4.449556763220426,0.19545237830602102,1.0786059843410234,0.21770833297266545,1.0775319703296746,0.9990042573220044,0.014317059235305104,1.2179985229488035,1.1292339748077154,0.21924346282516463,1.0933847392430671,1.0872914944056087,0.9944271722306296,0.9910240040263808,0.03761949766467643,0.03904937010581013,0.8663398583824737
0,176,10,1.7064814345578279,2.912078886490542,1.0688672201084912,1.0161409902763257,1.0566626345135854,4.449556763220426,0.19545237830602102,2.3009319665821675,0.45620243596103377,2.2788524492706754,0.990404098151459,0.15794253576188583,3.06247112608254,1.3309698724519747,0.23769853215760514,2.3673166373593064,2.3486233519857733,0.9921035973479297,0.9702928514884658,0.08721243675322075,0.09149888744956468,0.7508335056119976
0,176,20,2.6029590207160584,6.775395663527102,1.913297765581126,1.0161409902763257,1.0566626345135854,4.449556763220426,0.19545237830602102,4.3078462155390636,0.8696979710383874,4.157594105931466,0.9651212921516056,1.0954391162825707,8.398587595340928,1.9496024637662155,0.23273034347682042,4.634178739131157,4.680909674300182,1.0100839734070732,0.8882021647967486,0.11712451097428796,0.11921779686290059,0.5833336792364997
0,176,40,5.831027153159684,34.00087766088553,3.526386337838454,1.0161409902763257,1.0566626345135854,4.449556763220426,0.19545237830602102,7.899178906408253,1.6775880865237038,6.961470604050576,0.8812904083490302,4.709594461105059,22.53662376386233,2.8530337179196392,0.21367865410234207,8.47592577479346,11.314842859982399,1.3349388799075594,0.6152511961674211,0.1926101199345546,0.20226810379050833,0.5410921658834967
0,176,80,24.29197073908141,590.0998423883874,6.380291746970031,1.0161409902763257,1.0566626345135854,4.449556763220426,0.19545237830602102,12.494459604336269,2.6072047542438024,14.201018248465845,1.1365852304278372,18.559265499689616,89.15352492918603,7.135444649262367,0.2010233832555969,15.844609202947343,35.75576987785415,2.256652052434529,0.39716717880717345,0.2585275806934602,0.2519673904901835,0.4834417130903567
0,176,160,253.638017313356,64332.24382665027,11.071816243738466,1.0161409902763257,1.0566626345135854,4.449556763220426,0.19545237830602102,33.308919590923644,8.040051286337995,93.78381593610844,2.8155766409686738,107.0582571285203,853.3687864690698,25.619827870418366,0.17080709708977868,26.418589428320267,301.5625863984398,11.414787576628521,0.31099287566195793,0.25469218966783774,0.24922586049596854,0.39098684682187534
0,235,1,1.0633952304540464,1.1308094161524145,0.12293367378566278,1.0230585482512293,1.0633952304540462,4.44740912828031,0.17765456740899907,0.17765456740899907,0.03796936898038202,0.17765456740899907,0.9999999999999943,0.0,0.17765456740899907,0.9999999999999943,0.17765456740899907,0.17765456740899907,0.17765456740899907,0.9999999999999943,0.9999999999999943,nan,nan,nan
0,235,2,1.1273413950544549,1.2708986210033244,0.23972422585008177,1.0230585482512293,1.0633952304540462,4.44740912828031,0.17765456740899907,0.3517683126176835,0.07553122157440546,0.35175292189350055,0.999956247553768,0.00032612577072339735,0.3613241007640941,1.0271650054983639,0.17529601492304045,0.3505598604873749,0.35245471222352176,1.0054052159123736,0.9980088496317872,0.06651230555849995,0.06651230555849957,0.952927265332416
0,235,5,1.314308318425358,1.727406355882092,0.5466210673073728,1.0230585482512293,1.0633952304540462,4.44740912828031,0.17765456740899907,0.8512975008127394,0.18464916492074065,0.851534510545727,1.0002784099950492,0.010251568111135473,0.9481085955328862,1.1137218124424417,0.1696146199074837,0.847663939263805,0.865702016255601,1.0212797503306097,0.983634662454463,0.1637219166967207,0.16242806895220582,0.8989847981353629
0,235,10,1.567929738808233,2.4584036658392536,0.8995122229814371,1.0230585482512293,1.0633952304540462,4.44740912828031,0.17765456740899907,1.616379512871262,0.35108130436840124,1.6315773988204236,1.009402424262458,0.095631492809346,2.079713552703582,1.2866492900601503,0.16494014561884282,1.6483047922907659,1.7362962748600816,1.0533830168915705,0.9396883598980837,0.3980662989934179,0.39337509842413326,0.8336471843291287
0,235,20,2.1044078072660155,4.428532219282159,1.4880682016801585,1.0230585482512293,1.0633952304540462,4.44740912828031,0.17765456740899907,3.127648710028736,0.6554540905517858,3.303396788173537,1.0561917575913393,0.5701331319949542,5.437855751845581,1.738640191402959,0.1562655833983555,3.1150435273140866,3.7984869143722038,1.2194009107947867,0.8696612263358307,0.4641063226350137,0.46121027291993283,0.7274810362238802
0,235,40,4.736526899412144,22.43468706885482,3.1106082909845485,1.0230585482512293,1.0633952304540462,4.44740912828031,0.17765456740899907,5.159426515397964,1.064978663667521,5.253078245454916,1.0181515774626217,2.9340869636994302,16.76132181947616,3.2486792416663186,0.1403243045371175,5.557779590959788,7.472822390542806,1.3445697635613332,0.7029577274716075,0.22675463543524374,0.21589708453118123,0.5183560048572778
0,235,80,14.335612999004846,205.50980005723673,5.325493721642213,1.0230585482512293,1.0633952304540462,4.44740912828031,0.17765456740899907,11.120519390503624,2.4940812752032384,22.99509447367348,2.0678075965867344,23.981849758972558,91.96653128318094,8.269985245627629,0.1405185375232081,11.121254363595474,31.32375306964479,2.8165665531561404,0.7341104503839789,0.27484351736225404,0.2709659419011964,0.4263281475313772
0,235,160,324.2956286455923,105167.65475863988,11.563311067737432,1.0230585482512293,1.0633952304540462,4.44740912828031,0.17765456740899907,24.774901627818256,5.592181818809142,103.19926060716803,4.165476099864378,109.41836908696501,611.5207115429318,24.68307324604235,0.13964158814762748,21.97483397019435,159.7264807524713,7.26860921766767,0.6460998835070829,0.21696782799434516,0.21725512764465205,0.31474348749120634
0,294,1,1.0626922047600211,1.1293147220577147,0.1216110081078469,1.032660447036048,1.0626922047600218,4.441754247607254,0.14092166967833256,0.14092166967833256,0.03152689653373788,0.14092166967833256,0.9999999999999929,0.0,0.14092166967833256,0.9999999999999929,0.14092166967833258,0.14092166967833256,0.14092166967833256,0.9999999999999929,0.9999999999999929,nan,nan,nan
0,294,2,1.1288335024494338,1.2742650762522558,0.24236960163928492,1.032660447036048,1.0626922047600218,4.441754247607254,0.14092166967833256,0.2828634685280345,0.06351135785421819,0.2827809376187125,0.9997082305829292,0.000303840472565285,0.2944682031832278,1.0410259222075617,0.1428745677321065,0.28572279959223723,0.2831323582722255,0.9909337255419952,0.9987588114065856,0.12351576334319933,0.12351576334319846,0.9242595938880712
0,294,5,1.349337550808899,1.820711826022958,0.5992275378233011,1.032660447036048,1.0626922047600218,4.441754247607254,0.14092166967833256,0.7109070535873016,0.16065253572114255,0.7087194778314669,0.9969228385837545,0.00887810731348075,0.8338554308847301,1.1729457833861947,0.14818153763607825,0.7405098184261205,0.7153182133150704,0.9659807277578124,0.9907751048962905,0.034578708712829614,0.03387418703656989,0.8281652432191402
0,294,10,1.8012348357455767,3.244446933503395,1.1769448991134264,1.032660447036048,1.0626922047600218,4.441754247607254,0.14092166967833256,1.4098522629948618,0.31774860364281304,1.3989495138277872,0.9922667435069291,0.07195124509690262,2.00345747994633,1.4210407235794393,0.1535820703606012,1.5344863879438755,1.4543718594371913,0.9477906554687433,0.961892589402237,0.055070389545520605,0.05503474988671956,0.7156558656479148
0,294,20,3.037951462258714,9.22914908703986,2.222366854345167,1.032660447036048,1.0626922047600218,4.441754247607254,0.14092166967833256,2.601777191976853,0.5822170275062387,2.6472784837594143,1.0174885428017717,0.4075322281634854,5.403233418447893,2.076747169246444,0.1577166081695208,3.151690364345798,3.28137212683341,1.0411467331799675,0.8067596058707582,0.24900121224194363,0.25273686143479773,0.637171580302147
0,294,40,5.338576093044901,28.50039470123056,3.3499179363446907,1.032660447036048,1.0626922047600218,4.441754247607254,0.14092166967833256,4.52855867486904,1.09204853787615,6.160161918716208,1.3602919518083425,3.3523467298242315,18.483118824880947,4.081457291798356,0.147107006021441,5.815788817414685,9.194581767864472,1.5809689891648735,0.6699773925820405,0.28175197438012123,0.26827218954937015,0.5675989173825227
0,294,80,16.158556307870544,261.09894195462294,5.564899423435758,1.032660447036048,1.0626922047600218,4.441754247607254,0.14092166967833256,6.254760317798539,1.3871270017827257,11.975741897712664,1.9146604009164836,12.017816925804835,65.00951751003898,10.393606502402331,0.13365414321550487,10.552194174799691,19.089906528646168,1.8090935602981872,0.6273337106047092,0.11668727475596959,0.11536404251300879,0.36229642421327957
0,294,160,201.77988786470334,40715.123146692255,10.614354878499194,1.032660447036048,1.0626922047600218,4.441754247607254,0.14092166967833256,8.700588542343299,1.8967190661482458,43.75159723927958,5.028579046848722,42.155824303113825,336.0671439866434,38.62579437598959,0.15802606308579925,24.797634193403965,92.19670258552028,3.717963651953706,0.47454622575787087,0.1836538732971214,0.19102876605006688,0.325250230778723
0,353,1,1.0602022977486105,1.1240289121514333,0.11691947369533606,1.0209144199949873,1.0602022977486116,4.43413055000265,0.12212325180519024,0.12212325180519011,0.02813499711861334,0.12212325180519011,0.9999999999999918,0.0,0.12212325180519011,0.9999999999999918,0.12212325180519011,0.12212325180519011,0.12212325180519011,0.9999999999999918,0.9999999999999918,nan,nan,nan
0,353,2,1.123965398100604,1.263298216127449,0.2337259327792799,1.0209144199949873,1.0602022977486116,4.43413055000265,0.12212325180519024,0.24270233903424404,0.0556580320128657,0.24269327414176506,0.9999626501643286,0.0001235196246278174,0.25090362757428836,1.033791551299743,0.12176213050069161,0.24352318679965804,0.24309080498017477,0.9982244737137085,0.9983646817145423,0.06203020109508936,0.062030201095088854,0.939671043825271
0,353,5,1.3348534391484408,1.78183370400642,0.5776430048323312,1.0209144199949873,1.0602022977486116,4.43413055000265,0.12212325180519024,0.5918419738767118,0.13387820610295953,0.5915346231457373,0.9994806878448276,0.002982533837873577,0.680294342916531,1.1494526798436298,0.12076344695619046,0.6037997063329159,0.599365523316963,0.9926562020990632,0.9869346836503217,0.03760886397991767,0.03761918139009612,0.859526338973932
0,353,10,1.7313784958206675,2.9976714957902373,1.0978358192237976,1.0209144199949873,1.0602022977486116,4.43413055000265,0.12212325180519024,1.1134697605681185,0.2470996638812321,1.1105902418328892,0.9974139228228693,0.026338094079245124,1.5526968934946144,1.3944670510875754,0.12028231943314949,1.202791255009339,1.1688437524467021,0.9717760646984631,0.9501614219249803,0.032314441969126445,0.032296588563107784,0.7456551333940881
0,353,20,2.4436517519927095,5.9714338850170385,1.7869870803103907,1.0209144199949873,1.0602022977486116,4.43413055000265,0.12212325180519024,1.8499503695148052,0.40923506698381323,1.8433732645183685,0.9964447127313135,0.17833111464561693,4.025332468287649,2.1759137621315694,0.12153136936818076,2.430325487277808,2.2515048265706903,0.9264211062908225,0.8187294305409261,0.1230261325739406,0.12394241880463369,0.5735410990602373
0,353,40,3.1133888262374687,9.693189983340323,2.271423575374136,1.0209144199949873,1.0602022977486116,4.43413055000265,0.12212325180519024,3.1693013016871707,0.7206633170001175,3.4290104515365427,1.0819452381227104,1.190076794344422,15.174869845148386,4.788080526477578,0.14732665403068568,5.778503756807396,6.151250362828466,1.0645057304984795,0.5574493394477632,0.23172301280368865,0.2569014796028374,0.4508689479662665
0,353,80,6.9609205019884195,48.45441423500271,3.880623443268178,1.0209144199949873,1.0602022977486116,4.43413055000265,0.12212325180519024,4.911951148822939,1.0177751842141307,5.772970679060415,1.17529073562627,3.4422750312324775,56.54145080135383,11.510996157790162,0.16194073116268354,12.77007443571983,20.4762625714533,1.6034567906807258,0.28193478467641464,0.17700682237755272,0.17840526189295786,0.3899383511770952
0,353,160,21.08106428362576,444.4112713303617,6.096750420473455,1.0209144199949873,1.0602022977486116,4.43413055000265,0.12212325180519024,7.22311669958904,1.4590334287125821,28.107729361947598,3.891357502717184,27.52438501700351,464.2704687903127,64.27564278682183,0.1604122072540005,25.292382440687632,114.18286432989225,4.514515965336949,0.24616416418439063,0.17913741190576044,0.18485124804722608,0.3121134504721892
0,412,1,1.0613763258093678,1.1265197049885933,0.11913297295962795,1.0315101169659293,1.0613763258093678,4.457244840896556,0.17679565591605553,0.17679565591605545,0.03670762388374227,0.17679565591605545,0.9999999999999943,0.0,0.17679565591605545,0.9999999999999943,0.17679565591605545,0.17679565591605545,0.17679565591605545,0.9999999999999943,0.9999999999999943,nan,nan,nan
0,412,2,1.126423697427436,1.268830346126096,0.23809548879882853,1.0315101169659293,1.0613763258093678,4.457244840896556,0.17679565591605553,0.3554068571491096,0.07374012692923865,0.35542183588510395,1.0000421453207557,0.0002928583335184643,0.3653769516149867,1.0280526226923448,0.17720695777653167,0.354412963119038,0.3561100112699722,1.004788335437841,0.9980675202519158,0.35369001286471097,0.35369001286470897,0.9506446639583537
0,412,5,1.343327307326696,1.8045282546095915,0.5902992028388001,1.0315101169659293,1.0613763258093678,4.457244840896556,0.17679565591605553,0.8950659112365239,0.18604651710905346,0.8932409185831404,0.9979610522192011,0.01009152295855181,1.000202367124566,1.1174622500624518,0.1764152127049811,0.8820562030872815,0.9070227435920785,1.0283049316102653,0.9848054251050431,0.26265867404241117,0.26271040795579964,0.8900815089647928
0,412,10,1.777022536624048,3.1578090956697658,1.1498784629833403,1.0315101169659293,1.0613763258093678,4.457244840896556,0.17679565591605553,1.7653620787425774,0.37040677227809976,1.7132044858273179,0.9704550168244176,0.12151045336534835,2.343973005190182,1.3277576500678734,0.17334367166808773,1.7331188111005853,1.8206432814873401,1.05050113692504,0.9409885523691093,0.1330341531851187,0.13324674145263213,0.7724630731629397
0,412,20,2.89255913338032,8.366898340101908,2.124283247138287,1.0315101169659293,1.0613763258093678,4.457244840896556,0.17679565591605553,3.2384904193811295,0.673314979492544,2.9821580441368236,0.9208481909625994,0.9243789560544868,6.749083105284287,2.084021328237872,0.17774396877514415,3.5516961178699358,3.5170881183213702,0.9902559232546838,0.8479054103313574,0.21030603889884145,0.2102170119513034,0.5458506831457874
0,412,40,5.029350614856402,25.29436760715647,3.230581746725959,1.0315101169659293,1.0613763258093678,4.457244840896556,0.17679565591605553,5.106732857986322,1.0991686961866685,6.971722933623454,1.3652022002130988,4.120229117936314,25.100356609101944,4.915149726277138,0.18707663856796924,7.462764999420616,9.909505160578473,1.3278597358147834,0.7035389578642164,0.2458913769706051,0.2464110942010032,0.4550393479398883
0,412,80,16.638561474747064,276.8417279489372,5.623445963642296,1.0315101169659293,1.0613763258093678,4.457244840896556,0.17679565591605553,6.481659596440609,1.317797014261547,19.59707251636948,3.0234652444770735,21.040221672572475,96.04099424068757,14.817346207663896,0.17107029096691337,13.569722598618686,32.82921916822568,2.419299210402981,0.5969399520576122,0.23536900245863454,0.24356668846762142,0.42189392729655506
0,412,160,242.62981619700506,58869.22770779246,10.983073783332426,1.0315101169659293,1.0613763258093678,4.457244840896556,0.17679565591605553,16.868450351443528,4.276104599336598,37.28690316336297,2.210452198424506,41.09857297681088,358.3219582224024,21.242138474903758,0.16450276776862982,25.984621220432544,99.32609940135777,3.8224955660794646,0.375398846708897,0.13454171972664392,0.13850681064880593,0.3481129634887895
0,471,1,1.061572397402457,1.1269359549267999,0.11950240551634074,1.0280373769391198,1.0615723974024556,4.456742135444994,0.17659413509676947,0.17659413509676944,0.038348568449701366,0.17659413509676944,0.9999999999999943,0.0,0.17659413509676944,0.9999999999999943,0.17659413509676944,0.17659413509676944,0.17659413509676944,0.9999999999999943,0.9999999999999943,nan,nan,nan
0,471,2,1.1249420954140896,1.2654947180346428,0.23546312717737575,1.0280373769391198,1.0615723974024556,4.456742135444994,0.17659413509676947,0.34895589167329394,0.07555413121754617,0.34903590839745624,1.000229303261732,0.00034787322122497644,0.36134615281121035,1.0355066684173242,0.17537447557762323,0.35074040929658307,0.34945953384678363,0.9963480813278138,0.9987877696605807,0.046662536610357325,0.04666253661035706,0.9365030626483373
0,471,5,1.3357235404558883,1.784157376528013,0.5789462458096637,1.0280373769391198,1.0615723974024556,4.456742135444994,0.17659413509676947,0.8252782112524177,0.177264082793528,0.8273720128855846,1.002537085802845,0.009550355242184155,0.9530608777257983,1.1548358659311508,0.1689928928675489,0.8443304750424103,0.8367170959366043,0.9909829393456103,0.9888312512121437,0.13614206387709052,0.13653737683006564,0.8586521896346188
0,471,10,1.7640513420212418,3.1118771372869443,1.1352261252305256,1.0280373769391198,1.0615723974024556,4.456742135444994,0.17659413509676947,1.4046728609173242,0.29776705335065984,1.4150134980902498,1.0073615981775084,0.07250503892930044,2.0301980720956023,1.445317360776641,0.1540729079670139,1.5305637596934627,1.522623606077842,0.9948122686393593,0.9293258638851736,0.14508391693252348,0.1515908980963342,0.757085403379305
0,471,20,2.5395132966199174,6.44912778370936,1.863944894331759,1.0280373769391198,1.0615723974024556,4.456742135444994,0.17659413509676947,2.002838036083413,0.40874012230907114,1.965230363864493,0.9812228090632514,0.3549499213898378,4.903653745945286,2.4483526164374583,0.14812763537636775,2.9454779104592044,3.011676875011514,1.0224747788184865,0.6525369239211558,0.16289753940704835,0.17286361611189227,0.6355819191841895
0,471,40,4.455828098294873,19.854404041554105,2.988425848597817,1.0280373769391198,1.0615723974024556,4.456742135444994,0.17659413509676947,3.6631774428965778,0.7366207828129548,3.259933742972302,0.8899196923408056,1.4244266467877031,16.222820178655923,4.4286198065873865,0.13954496992813803,5.545996085097164,6.1729926070443915,1.1130539063365101,0.5280961683401638,0.10029521382901911,0.0975278479949904,0.4466540483978878
0,471,80,11.192951343113661,125.2821597693099,4.830568471631808,1.0280373769391198,1.0615723974024556,4.456742135444994,0.17659413509676947,7.857543747666602,1.8932070981684321,6.794866218875648,0.8647570331241833,6.596937772310052,54.57641320539674,6.945734565156433,0.15988987876319286,12.602865832875267,18.307373924019956,1.4526357867163961,0.3711546094527807,0.06954496029718643,0.06939855381532263,0.3854235512897302
0,471,160,458.2791498311999,210019.77917000736,12.254956991788179,1.0280373769391198,1.0615723974024556,4.456742135444994,0.17659413509676947,14.7449295252126,3.396918888995021,32.65783264342877,2.214851728357643,33.073363399392115,373.6770555455861,25.342749513087156,0.1468035737425788,23.110132906493817,80.67808073018882,3.4910262548736246,0.4047918883029226,0.13562537858545623,0.13858041417420183,0.3252854731899511
0,530,1,1.057686863939259,1.1187015021496645,0.11216863963346872,1.0284437422756758,1.0576868639392583,4.433294257644327,0.19517198400197916,0.1951719840019792,0.04287015831655736,0.1951719840019792,0.9999999999999949,0.0,0.1951719840019792,0.9999999999999949,0.1951719840019792,0.1951719840019792,0.1951719840019792,0.9999999999999949,0.9999999999999949,nan,nan,nan
0,530,2,1.1182123575664134,1.2503988766142362,0.22346260170360996,1.0284437422756758,1.0576868639392583,4.433294257644327,0.19517198400197916,0.39085347543191146,0.0863264987938991,0.3908803380110387,1.0000687280037528,0.0003585160824073494,0.4031876749407719,1.0315570930902676,0.19594192074598366,0.3918808279108941,0.39129910041771165,0.9985155500046158,0.9989298150539399,0.15634540251405227,0.15634540251405146,0.942422308070768
0,530,5,1.314098676740836,1.7268553322120161,0.5463020273940685,1.0284437422756758,1.0576868639392583,4.433294257644327,0.19517198400197916,0.9763346427137135,0.21897502873750513,0.9767141762386572,1.0003887330310106,0.010051010044154384,1.1074073071320334,1.1342497322987573,0.1975670363870623,0.9878073520178828,0.9851784509604349,0.9973386500393233,0.9914083842236633,0.18816731923406704,0.18838164874638935,0.8684926498859148
0,530,10,1.6649813991218432,2.7721630594217306,1.0196279033428213,1.0284437422756758,1.0576868639392583,4.433294257644327,0.19517198400197916,1.9167984859298943,0.4395980418643314,1.9151164231537046,0.9991224623826981,0.08874388434763543,2.5465867524365686,1.3285625855454202,0.19853324296715674,1.985279410576369,1.9799347716097706,0.9973078656142171,0.9672623818796985,0.23765954845492,0.23815484433127151,0.7724893081171924
0,530,20,2.3928208356564578,5.725591551551669,1.7449458718843067,1.0284437422756758,1.0576868639392583,4.433294257644327,0.19517198400197916,3.465127898225635,0.8309037959763066,3.4865446752236062,1.0061806598852923,0.7584402682614927,6.440749332143555,1.8587335074822562,0.19306554995190717,3.8578314257795014,3.843754620233335,0.9963511092133002,0.9070674430856241,0.0854526280338078,0.0839449262501049,0.6329480112124157
0,530,40,5.40235211264081,29.185408348954624,3.3736688702986495,1.0284437422756758,1.0576868639392583,4.433294257644327,0.19517198400197916,5.277130954995785,1.340843658186172,6.436873377506964,1.2197676033438711,3.5994040794695614,17.935451964856117,3.3987126940400967,0.16877315077904678,6.653624554568609,8.411698712792239,1.264228037486196,0.7652287126877207,0.1321143976303994,0.1280040843979081,0.5649788182239608
0,530,80,16.171217650883058,261.50828031223176,5.566465947677589,1.0284437422756758,1.0576868639392583,4.433294257644327,0.19517198400197916,11.28254160027891,2.8226442717386666,15.053436477884468,1.334223884227676,13.348072045610563,64.3346033077085,5.702137478147487,0.1552322296039832,12.248088459997266,22.701484367793594,1.8534716206481952,0.6631036206267046,0.14810269227294956,0.14928477611415558,0.43805196502334864
0,530,160,259.00651811608685,67084.37642661882,11.11370645570849,1.0284437422756758,1.0576868639392583,4.433294257644327,0.19517198400197916,23.331102358673416,5.266084725069157,41.854857910335504,1.793951150138254,49.280004598864615,341.6828626993981,14.644951509219037,0.13444404903601262,20.939847482257004,86.48596672776368,4.130209964568556,0.48394970298573625,0.12364877455141929,0.12829500839257205,0.3605509017844789
0,589,1,1.0488741406263615,1.1001369628746884,0.0954346837576482,1.0184564358132373,1.0488741406263613,4.443108960160923,0.14225577131926828,0.1422557713192684,0.0336531486119393,0.14225577131926836,0.9999999999999928,2.3592239273284576e-16,0.14225577131926836,0.9999999999999928,0.1422557713192684,0.14225577131926836,0.14225577131926836,0.999999999999993,0.999999999999993,nan,nan,nan
0,589,2,1.0994576086129542,1.2088070331369158,0.18963395023950952,1.0184564358132373,1.0488741406263613,4.443108960160923,0.14225577131926828,0.282213991986173,0.06666614803105796,0.28226190862185785,1.000169788306195,0.0002066943586917142,0.29044542885493607,1.0291673591760304,0.14178327874873048,0.28356497764299105,0.28277437426959706,0.9972119146025489,0.9981877224587132,0.2699304220592643,0.26993042205926243,0.9485634378077833
0,589,5,1.261162887974031,1.5905318300029985,0.4640684445833601,1.0184564358132373,1.0488741406263613,4.443108960160923,0.14225577131926828,0.685857399748868,0.16210444368595112,0.6870133834811691,1.0016854578411247,0.0060136130556136605,0.7747090124414258,1.1295482307620948,0.14086796751451533,0.7043273687786487,0.6965942616328724,0.9890205783722602,0.9862461138723051,0.2636677643209246,0.26371626505781487,0.8795848834053576
0,589,10,1.5621711809319507,2.4403787985343257,0.892153272556759,1.0184564358132373,1.0488741406263613,4.443108960160923,0.14225577131926828,1.3036231771289621,0.31299653008358774,1.3099481756267064,1.0048518610352364,0.05166764025102499,1.7325707601884837,1.3290426179781598,0.13982574731595718,1.3981930260346953,1.3748975315343457,0.9833388566052162,0.9527605843941266,0.32130339838316435,0.3213340382937324,0.7865545209066974
0,589,20,2.2701342356928285,5.153509448064662,1.63967792882274,1.0184564358132373,1.0488741406263613,4.443108960160923,0.14225577131926828,2.42783696894929,0.6066653198853746,2.4236476003978704,0.9982744440401065,0.3217806271825766,4.158140920957472,1.712693633937461,0.13261687327864013,2.6456567996555505,2.7378017676107063,1.0348287684053166,0.885253135954032,0.19620993648290386,0.20227379507764912,0.6882491635941451
0,589,40,5.282456199913406,27.904343504003577,3.3287823578573494,1.0184564358132373,1.0488741406263613,4.443108960160923,0.14225577131926828,4.109469051535951,0.9561240968462,4.2226606224819605,1.0275440864808805,1.8952318082830966,12.099706049612987,2.9443477728809295,0.1208672104277244,4.802099099106558,5.9516503524915825,1.2393851583776978,0.7094940684333375,0.12348757153294226,0.11758311014543893,0.5446279636301988
0,589,80,26.546825563101198,704.7339474777232,6.557820352122496,1.0184564358132373,1.0488741406263613,4.443108960160923,0.14225577131926828,4.16010064755223,1.0088261160231997,8.452863602114071,2.031889206115161,7.497394441836502,55.50397783799103,13.341979567405204,0.11751168519654447,9.287113610657961,19.667979747001414,2.117770985856175,0.42977792894070865,0.15483736801670395,0.14331826114753887,0.4392198111039529
0,589,160,163.26798281771897,26656.434213366978,10.190785834350965,1.0184564358132373,1.0488741406263613,4.443108960160923,0.14225577131926828,7.578944933926597,1.6456903978336104,16.050018636501242,2.1177114725632187,18.604712405886854,389.3536918914017,51.37307307096112,0.12431195103548652,19.586064094802914,94.66935291385958,4.833505724050997,0.16953763961083884,0.1769331413032282,0.17266840455834004,0.3077923326880089
0,648,1,1.0535873522074213,1.1100463087314447,0.1044017340318835,1.0291705147215948,1.0535873522074215,4.451175024226452,0.11774515626254466,0.11774515626254468,0.027102717183444182,0.11774515626254468,0.9999999999999916,0.0,0.11774515626254468,0.9999999999999916,0.11774515626254468,0.11774515626254468,0.11774515626254468,0.9999999999999916,0.9999999999999916,nan,nan,nan
0,648,2,1.109427306578467,1.230828948581952,0.20768788432398824,1.0291705147215948,1.0535873522074215,4.451175024226452,0.11774515626254466,0.23142395127143298,0.05349368060145878,0.23142671779134166,1.0000119543370187,0.00012160760436078959,0.238359314233894,1.0299682160137593,0.11608720735934515,0.23215039041593527,0.2316439799294101,0.997818610230985,0.9990620859728984,0.025714144806695753,0.025714144806695538,0.9458240156344787
0,648,5,1.2896169210640829,1.6631118030948049,0.5086904277133315,1.0291705147215948,1.0535873522074215,4.451175024226452,0.11774515626254466,0.550979155655247,0.1290571706641509,0.5513154024387527,1.0006102713325058,0.0035990883186072095,0.6176316769433754,1.1209710396555044,0.11129568487768844,0.5560084359357154,0.5556389305665452,0.9993354320810809,0.9922188171311446,0.06269312861864682,0.06182045678575805,0.8836876931168449
0,648,10,1.6325236752195216,2.665133550152254,0.9802541689896995,1.0291705147215948,1.0535873522074215,4.451175024226452,0.11774515626254466,1.0331272643235196,0.24698514961548088,1.03902932952161,1.0057128152570378,0.031054295328384503,1.326430725647794,1.2838986748804126,0.10421017694756116,1.0386977335735257,1.0746640753760421,1.0346263793979573,0.9668410374265427,0.1587286792168105,0.15422669151257148,0.8154514176214868
0,648,20,2.5209003733618447,6.354938692415888,1.8492322574534024,1.0291705147215948,1.0535873522074215,4.451175024226452,0.11774515626254466,1.891526720903847,0.45901090884920315,1.9095263942272185,1.0095159498009996,0.2047681450129581,3.2324133290912918,1.708891179473644,0.09532602848514332,1.8937513770524745,2.2296484740330715,1.177371275369527,0.8564248653839118,0.24025918870717003,0.2210635490114346,0.728733729681633
0,648,40,4.84396008839363,23.463949337950424,3.155465172533304,1.0291705147215948,1.0535873522074215,4.451175024226452,0.11774515626254466,3.067310221811102,0.7007233203787598,3.206528053577339,1.0453875942434132,0.9935801444895096,10.489874376213178,3.41989352808905,0.09832276003439626,3.9129706976530327,5.387619677978189,1.3768617488522563,0.5951660000582394,0.09934511284685009,0.0992858362589841,0.5513232764385625
0,648,80,10.901188667780303,118.8359143705417,4.777743670758574,1.0291705147215948,1.0535873522074215,4.451175024226452,0.11774515626254466,6.470295438919713,1.5101325440807938,8.300439537022706,1.2828532507332546,8.205313366984742,55.134507200049136,8.521173062424246,0.1237384744780554,9.664306916585677,20.873066548058787,2.159809982052295,0.3976626777819886,0.2566347335287139,0.26495448937035715,0.4300885746323252
0,648,160,88.74610149992385,7875.870531434787,8.97155900125859,1.0291705147215948,1.0535873522074215,4.451175024226452,0.11774515626254466,13.523225188390136,2.6969028319530874,46.716481145238,3.4545369536066515,39.07320908116197,397.6155826720092,29.402422656791025,0.13724258220353772,21.447388610444975,100.90348397854046,4.704697891723751,0.46298184466230496,0.18727725271909554,0.18414156074589766,0.3352699756938369
0,707,1,1.0618807413442009,1.1275907088377095,0.12008324045596763,1.021913498136367,1.061880741344201,4.4469106853844265,0.16117241508615154,0.16117241508615152,0.03422736127133266,0.16117241508615152,0.9999999999999938,0.0,0.16117241508615152,0.9999999999999938,0.16117241508615152,0.16117241508615152,0.16117241508615152,0.9999999999999938,0.9999999999999938,nan,nan,nan
0,707,2,1.127294072701242,1.2707919263473528,0.23964027018825232,1.021913498136367,1.061880741344201,4.4469106853844265,0.16117241508615154,0.3212893181400633,0.06845860072614789,0.3213532827893159,1.00019908738212,0.00021931116851008452,0.3338971995191098,1.0392415205461303,0.16194404519361663,0.323884431122588,0.32172424006378586,0.9933303646263085,0.9988469713242701,0.28310462769864314,0.28310462769864136,0.928890110652853
0,707,5,1.3437761067213123,1.8057342249950878,0.5909672819256611,1.021913498136367,1.061880741344201,4.4469106853844265,0.16117241508615154,0.800049844917853,0.17302279926359831,0.8023795507518663,1.0029119508600761,0.006793241317511819,0.9268433937666526,1.1584820616543177,0.16382507564906718,0.8190805935540466,0.8093451514190063,0.9881141828879152,0.9913935350635902,0.3565362954668428,0.3568553481434673,0.8492167513381623
0,707,10,1.7679053020738502,3.1254891571008314,1.139590801211046,1.021913498136367,1.061880741344201,4.4469106853844265,0.16117241508615154,1.621902979459959,0.3633006800481724,1.647092590175807,1.0155308986017364,0.06747497720208304,2.1771673068991677,1.3423536022013425,0.16410938964615132,1.6409887560241359,1.6906696831908699,1.0302749954771793,0.9742249515394283,0.4785816107659179,0.47904619401580434,0.7744715317079743
0,707,20,2.880837863877154,8.299226797948283,2.1161623535894805,1.021913498136367,1.061880741344201,4.4469106853844265,0.16117241508615154,3.385618983640125,0.7911644459639255,3.5333684659889952,1.0436403160139458,0.6770442418833225,5.478148673450525,1.6180641412757462,0.152220098308562,3.0296644959114483,3.7167441605341467,1.2267840764381388,0.9506622768141246,0.44169405118804517,0.4447587320878333,0.7143830027222594
0,707,40,6.661747084368785,44.37887421609601,3.7927635502628285,1.021913498136367,1.061880741344201,4.4469106853844265,0.16117241508615154,5.517070423999807,1.1908350077505538,6.573893977589638,1.1915552045506872,3.4895571433096793,19.29863697234288,3.497986338617662,0.14079817198583536,5.577847894512535,8.023245150318258,1.438412323543547,0.8193559905531329,0.10842034146293038,0.11638266030580482,0.4862882658395556
0,707,80,33.49718226548779,1122.0612197273094,7.022922647630951,1.021913498136367,1.061880741344201,4.4469106853844265,0.16117241508615154,11.35767793799461,2.3815588466337263,15.893433330333618,1.3993558733661249,16.463139247277105,90.78714378401642,7.993459955428742,0.1459443476232634,11.555394977609193,26.790635852559838,2.318452627925905,0.5932458422339015,0.19659062619706238,0.19808013373687788,0.3927241914481311
0,707,160,100.17418198137071,10034.866735636775,9.213820981185783,1.021913498136367,1.061880741344201,4.4469106853844265,0.16117241508615154,27.783477717323834,5.64843230598833,94.17410776592742,3.389572346704712,86.74212412533821,686.5419965269341,24.71044134618376,0.1691853754677385,26.440036097363677,216.19520681790536,8.176812089884478,0.43559757476606503,0.2191172369370153,0.21020966396106555,0.33663874360986046
0,766,1,1.0618629773602244,1.1275529826883204,0.12004978258848505,1.0368350187223718,1.0618629773602246,4.438855778853583,0.16327938501362946,0.16327938501362924,0.03901858514418764,0.16327938501362924,0.9999999999999939,0.0,0.16327938501362924,0.9999999999999939,0.16327938501362924,0.16327938501362924,0.16327938501362924,0.9999999999999939,0.9999999999999939,nan,nan,nan
0,766,2,1.1266002672440179,1.2692281621542925,0.23840896938263417,1.0368350187223718,1.0618629773602246,4.438855778853583,0.16327938501362946,0.32853148726419135,0.07840596314196578,0.32853887333164533,1.000022482068658,0.00020596211146953387,0.33649871249191543,1.0242510247467274,0.16329035287101265,0.3265807050053877,0.3289726456453559,1.0073241946119496,0.9986814334886094,0.34414126216047025,0.34414126216046814,0.9565463039719102
0,766,5,1.3376201950672089,1.789227786251638,0.5817841224423508,1.0368350187223718,1.0618629773602246,4.438855778853583,0.16327938501362946,0.8322220187341816,0.1966146057342995,0.8314208478682735,0.9990373111406886,0.007613439292225596,0.9156080205950705,1.1001968224629755,0.16299054175378727,0.814951147978873,0.8399916928401872,1.0307264366992,0.9897965122215259,0.342433421467658,0.34241704675525575,0.9021436756254195
0,766,10,1.7412033301587624,3.031789036955964,1.109152886519024,1.0368350187223718,1.0618629773602246,4.438855778853583,0.16327938501362946,1.6724720107229094,0.3824965599315374,1.653452432150781,0.9886278643527742,0.10175845817515619,2.093254892572321,1.2515933774386638,0.1628962510304634,1.628954157618009,1.7175469227705928,1.0543862850518337,0.9626825388173842,0.35190695895139545,0.3518058187784534,0.8157397209920323
0,766,20,2.706059937121016,7.3227603832913974,1.9909873584308444,1.0368350187223718,1.0618629773602246,4.438855778853583,0.16327938501362946,3.2634022019590496,0.6890990264132595,3.3124178664777078,1.0150198049413686,0.8195637818052747,5.684945698167058,1.742030355545612,0.16279076771940265,3.2549869202501505,3.623421402772796,1.113190772052113,0.9141685435602119,0.3275717427875422,0.32811902896969714,0.6622903230665851
0,766,40,6.1706063805401135,38.07638310356236,3.6395942238880363,1.0368350187223718,1.0618629773602246,4.438855778853583,0.16327938501362946,6.0654013137522975,1.2077877909557142,6.143890797494478,1.0129405260562427,3.3049115961489415,19.983561079075674,3.294680771372249,0.1603222721173825,6.366943529958581,9.586082258156216,1.5056018972133989,0.6409178047963248,0.22794192635540178,0.2287560289372169,0.5529004564173011
0,766,80,29.393394738777477,863.9716542695915,6.761539960707533,1.0368350187223718,1.0618629773602246,4.438855778853583,0.16327938501362946,7.984137263155434,1.5647641868975617,8.132158392038171,1.0185394018168767,10.832591128713505,117.73630342454783,14.746277467932323,0.18368192912236117,14.42252487261949,26.367841066868323,1.8282402907778283,0.30841199214661447,0.12468835262682483,0.11341619984988745,0.3304259841257726
0,766,160,424.68266264608616,180355.36395216943,12.1026844277922,1.0368350187223718,1.0618629773602246,4.438855778853583,0.16327938501362946,14.536955210891477,3.6804239967443904,40.94374445624284,2.8165282111873524,43.35566293418161,1200.5380284015419,82.58524642781222,0.1734664636371089,27.23496449895918,170.4055166948441,6.256865754363527,0.2402724116588513,0.11467682680284706,0.11026265003467155,0.27575428469641655
0,825,1,1.0650276960376968,1.1342839933273645,0.12600160898489135,1.03614963798895,1.0650276960376976,4.43873897831184,0.1709211812329436,0.17092118123294361,0.035684764949048785,0.17092118123294361,0.9999999999999941,0.0,0.17092118123294361,0.9999999999999941,0.17092118123294361,0.17092118123294361,0.17092118123294361,0.9999999999999941,0.9999999999999941,nan,nan,nan
0,825,2,1.1334349922639715,1.284674881688429,0.2505056759754632,1.03614963798895,1.0650276960376976,4.43873897831184,0.1709211812329436,0.34428157991471403,0.0721196351172478,0.34430157152885477,1.0000580676263444,0.00038119105764326783,0.3578041624020798,1.039277682212085,0.17333242052017506,0.346631755225236,0.3446281258764606,0.9942197178458896,0.9990524442925942,0.1773303662968064,0.17733036629680538,0.9276414032987941
0,825,5,1.3578790142335762,1.8438354172959486,0.6118478680578043,1.03614963798895,1.0650276960376976,4.43873897831184,0.1709211812329436,0.8761672739725429,0.1847704642811538,0.875884701766153,0.9996774905719661,0.01248921019925328,1.0230708004727733,1.1676660734361473,0.18039495861769883,0.9013842942421739,0.8822129780114536,0.9787312510843785,0.9928268157428767,0.115888408727293,0.11508487748952587,0.8337067986690728
0,825,10,1.788543731330763,3.1988886788825686,1.162803461638093,1.03614963798895,1.0650276960376976,4.43873897831184,0.1709211812329436,1.7857695884325955,0.37446593266984285,1.767399875390206,0.9897132792710879,0.13310066211112953,2.517684188496914,1.4098594828836415,0.19212493278617795,1.9166834775445722,1.8195260873093362,0.9493096323031366,0.9713517644607041,0.047953790360872627,0.045601281142759194,0.7083368251469566
0,825,20,2.80724412317802,7.880619567117531,2.0644065260477054,1.03614963798895,1.0650276960376976,4.43873897831184,0.1709211812329436,3.6568487345660476,0.7209812406337894,3.5051205513063945,0.9585084879706791,0.8101974393193394,7.217293305348162,1.9736373662731292,0.2224734646962637,4.403412742348792,4.005526286395634,0.9096413442858584,0.8750711643588964,0.02866305350590623,0.02823131005230599,0.5627546583815959
0,825,40,5.858556148691977,34.32268014737657,3.5358063644429496,1.03614963798895,1.0650276960376976,4.43873897831184,0.1709211812329436,6.293966777075781,1.2642632832029284,6.924087439402849,1.10011502835098,2.4212668134808712,27.095992912226848,4.305074029134902,0.20855575466711873,8.228202254180754,10.410798713339426,1.2652579982522538,0.6650870533622909,0.16095715938557564,0.16554203553468758,0.460417136636178
0,825,80,39.99184893405685,1599.3479811644238,7.37735131340015,1.03614963798895,1.0650276960376976,4.43873897831184,0.1709211812329436,8.02383383836954,1.9730075937252363,13.602429243915946,1.695253106921265,9.866958053481744,129.7021422714769,16.16460969708124,0.18668335691943252,14.66440077327314,30.411639715629978,2.0738412831063124,0.4472770745381748,0.13419458633291612,0.12988886379706058,0.3541340400961482
0,825,160,1539.1943616722406,2369119.283003616,14.678028833500006,1.03614963798895,1.0650276960376976,4.43873897831184,0.1709211812329436,18.890745289497453,4.799375606212438,35.420867532950695,1.8750381199964288,37.39080160080194,690.9559321535451,36.57642520529302,0.1576856798127957,24.323008519028658,148.83763606087234,6.119211607578559,0.23798327137138953,0.22146625749650586,0.21394249430918025,0.34437357307519356
0,884,1,1.0554929636013664,1.1140653962119953,0.10801584374258069,1.0196906951007383,1.0554929636013666,4.452529494048707,0.15974902909869534,0.15974902909869534,0.035672403661967944,0.15974902909869534,0.9999999999999938,0.0,0.15974902909869534,0.9999999999999938,0.15974902909869534,0.15974902909869534,0.15974902909869534,0.9999999999999938,0.9999999999999938,nan,nan,nan
0,884,2,1.1122586452202268,1.2371192938671343,0.2127855268099225,1.0196906951007383,1.0554929636013666,4.452529494048707,0.15974902909869534,0.3197648296872422,0.07172136053665776,0.3198913505794183,1.0003956685677373,0.0003409638369771635,0.3309653101696247,1.0350272432816847,0.16113536034001483,0.32225889466333435,0.3201449807231546,0.99344032399047,0.9992077647347012,0.07977445464226197,0.07977445464226147,0.9357674103568282
0,884,5,1.2916050183424452,1.6682435234073882,0.5117712905266298,1.0196906951007383,1.0554929636013666,4.452529494048707,0.15974902909869534,0.7998112439444873,0.18180399506217684,0.8031800519350227,1.0042120037896944,0.010036489212159133,0.9171326725275735,1.146686395660659,0.16533910074089864,0.8264630492083346,0.8080539136295243,0.9777253978911152,0.993968395409892,0.07310713032299183,0.07288420755238395,0.8562547992588327
0,884,10,1.6286802138980714,2.6525992391430675,0.9755400042436732,1.0196906951007383,1.0554929636013666,4.452529494048707,0.15974902909869534,1.5915239750824701,0.3702832376139747,1.6171242836044017,1.016085405512414,0.09025304385363063,2.162358610396889,1.3586717160731665,0.17183238849028987,1.7167756831608991,1.6543483731426722,0.9636368859190225,0.9774992437248515,0.07835471418299464,0.07791092686383969,0.7540316756692573
0,884,20,2.453301240133717,6.018686974841634,1.7948691250397542,1.0196906951007383,1.0554929636013666,4.452529494048707,0.15974902909869534,3.0503997177530433,0.7465004487709218,3.1920170896586604,1.0464258408763338,0.639701237509157,5.816265251471765,1.9067223281006875,0.17692935620450725,3.535280194273974,3.440724073357944,0.9732535709420764,0.9277166728872388,0.09753591703203379,0.0982447215728146,0.6195026919883414
0,884,40,6.2689595951527615,39.299854405657875,3.671220814177714,1.0196906951007383,1.0554929636013666,4.452529494048707,0.15974902909869534,4.882457405542882,1.235913740555356,5.264994653137712,1.0783493261324815,3.2698242971604365,14.940103222383973,3.059955670155565,0.15914097461352308,6.291798194977149,6.634833237524201,1.0545209861976983,0.7935383550201109,0.041223781863723566,0.04091468851725307,0.5117333140798008
0,884,80,36.780217452147745,1352.7843958272736,7.20992026279525,1.0196906951007383,1.0554929636013666,4.452529494048707,0.15974902909869534,7.837506370432469,1.9937711453801665,12.829540055161752,1.6369415792198998,14.299233104496123,53.205523841222885,6.788578066353397,0.1384507326747971,10.838089121723778,18.258143071114702,1.684627508230969,0.7026749656408777,0.20513609752628692,0.20811007178068244,0.41443840593120346
0,884,160,292.59832781630007,85613.78144089499,11.35760154731232,1.0196906951007383,1.0554929636013666,4.452529494048707,0.15974902909869534,18.106010602143062,3.9453057580076476,51.952242487409656,2.8693367980940256,46.252083599573254,440.16717249251883,24.310555326882433,0.14675871817785538,22.99284245680392,127.60322908586974,5.549693532915503,0.4071389326084275,0.21943889275387993,0.2156236315614559,0.364712680827699
0,943,1,1.0506885487300308,1.1039464264324184,0.09889141989521143,1.0145887483169194,1.050688548730032,4.446519499671812,0.1260503896732179,0.12605038967321786,0.033117046027003855,0.12605038967321786,0.9999999999999921,0.0,0.12605038967321786,0.9999999999999921,0.12605038967321786,0.12605038967321786,0.12605038967321786,0.9999999999999921,0.9999999999999921,nan,nan,nan
0,943,2,1.1041948514105862,1.2192462698816464,0.19823285624853387,1.0145887483169194,1.050688548730032,4.446519499671812,0.1260503896732179,0.2497375748853588,0.06567427762756887,0.2497431992093045,1.0000225209360156,0.00017089774619834255,0.25973087039745846,1.040015186007496,0.1266670084123274,0.25333102961302634,0.24996636770192648,0.9867183190458725,0.9991072059226419,0.07734569068348424,0.07734569068348361,0.926277948616676
0,943,5,1.2820437043878437,1.6436360599605047,0.4969108974071003,1.0145887483169194,1.050688548730032,4.446519499671812,0.1260503896732179,0.6028673452182889,0.15864036118663846,0.6030662460961888,1.000329924782751,0.0048700000820744264,0.7071318096922982,1.1729476066351803,0.12767487881816747,0.6383579228692117,0.6072626087011121,0.9512885905318805,0.9930897069162548,0.08798169011201806,0.08777106346893368,0.8306557999789593
0,943,10,1.6336788987057647,2.66890674407648,0.9816689294134859,1.0145887483169194,1.050688548730032,4.446519499671812,0.1260503896732179,1.1144538257542396,0.29165591740189195,1.1198878302366035,1.0048759350605534,0.04157800012171171,1.609623448021197,1.4443159607189964,0.12549630221049324,1.2545054383966192,1.1505692033264838,0.9171496337210169,0.9733337438537583,0.08531832630253518,0.08596772120648037,0.7089711778101665
0,943,20,2.41558731752879,5.835062088605935,1.7638849064027187,1.0145887483169194,1.050688548730032,4.446519499671812,0.1260503896732179,1.893171918261515,0.4828106090856075,2.0021931341556196,1.0575865376210614,0.31393774092240145,4.032688960521755,2.13012295482649,0.11461532260283558,2.2787858681822923,2.231554193229485,0.9792733158423157,0.8972191400192093,0.1389536770400949,0.1410436332163985,0.6001773810386014
0,943,40,4.155646033741558,17.26939395775194,2.848935799345502,1.0145887483169194,1.050688548730032,4.446519499671812,0.1260503896732179,3.439751442107446,0.8752668779892231,4.005775512771444,1.1645537708728189,1.4698937759006716,12.254697041949246,3.5626693521904915,0.115319438461838,4.58043674782031,5.764699422876632,1.2585479813949783,0.694880204312982,0.17864783645387583,0.17287181879025823,0.5131823185662588
0,943,80,9.241573366516883,85.4066782887142,4.447424297839095,1.0145887483169194,1.050688548730032,4.446519499671812,0.1260503896732179,6.380124975713847,1.3874205198045868,16.14885660723297,2.5311191659574246,12.43851739843677,55.21514958743376,8.654242635937699,0.13777561302547311,10.811615379163891,23.591548364985197,2.182055829552608,0.6845187249854807,0.1510520592846442,0.13363077416616695,0.46661854246869394
0,943,160,106.42395963826233,11326.05918508649,9.334861472254877,1.0145887483169194,1.050688548730032,4.446519499671812,0.1260503896732179,8.304667573938604,1.7715677791511089,50.549969295540436,6.086934708160317,47.91643203336075,357.9880688141189,43.10685113243347,0.18153994284532265,27.92476773117606,134.05778360587638,4.800676764670461,0.37707597377676316,0.2457271324681479,0.22718419914064972,0.3905761383133936
0,1002,1,1.0595224544123325,1.1225878314039333,0.11563658381277918,1.0213032392104775,1.059522454412332,4.444001735605,0.14015576989439932,0.14015576989439918,0.03223928513521342,0.1401557698943992,0.9999999999999931,2.7194799110210365e-16,0.1401557698943992,0.9999999999999931,0.14015576989439918,0.1401557698943992,0.1401557698943992,0.9999999999999929,0.9999999999999929,nan,nan,nan
0,1002,2,1.1228797047508827,1.2608588313414295,0.23179310094704925,1.0213032392104775,1.059522454412332,4.444001735605,0.14015576989439932,0.2761018341101879,0.06312094909016963,0.2760694065437697,0.9998825521513695,0.00015149327100396297,0.28433176581348024,1.0298075951933259,0.13794185846783183,0.27584760015851983,0.2764421979056941,1.002155529889807,0.9986514672334774,0.102711071071424,0.10271107107142327,0.9469216137733977
0,1002,5,1.3363069945072859,1.7857163835690952,0.5798196700509454,1.0213032392104775,1.059522454412332,4.444001735605,0.14015576989439932,0.6589937733184966,0.14808621318854728,0.6572055726638791,0.9972864680562706,0.004527670927503761,0.7473988153878899,1.1341515590112645,0.13181895452852835,0.6584622275129776,0.6649309315269076,1.0098239560959503,0.988381712300119,0.10575942255702639,0.10608136913367373,0.8725328142167436
0,1002,10,1.7650066448935184,3.1152484565182745,1.1363089103807298,1.0213032392104775,1.059522454412332,4.444001735605,0.14015576989439932,1.228222251462849,0.2697296509204371,1.2052597277749229,0.9813042601527712,0.04517063177043434,1.6896262725622884,1.3756681826517083,0.1276705555895247,1.275215738481105,1.2835820341405098,1.0065606904047222,0.938981456360105,0.07587143973621202,0.07767702060059621,0.7555469779961327
0,1002,20,2.717976936629736,7.387398628051165,1.999775660546855,1.0213032392104775,1.059522454412332,4.444001735605,0.14015576989439932,2.406329795053212,0.5225815200665688,2.3534374656536174,0.9780195011056554,0.2919363433730847,4.746562048777931,1.9725318028042647,0.14416971166100406,2.8591243925752066,2.915637553060587,1.019765897780501,0.8071776490816491,0.044697023531847326,0.043385281743525135,0.6181131033095767
0,1002,40,7.125246106737407,50.76913208157658,3.9272885337093113,1.0213032392104775,1.059522454412332,4.444001735605,0.14015576989439932,4.8611046041704125,1.0658257920618,5.107753902367628,1.050739352118778,3.3431098377632744,17.687366690137058,3.6385488752829565,0.15973569641328939,6.325872602671783,8.104989355994693,1.281244480417055,0.6301987181006943,0.08384359119713143,0.08631865981619985,0.5081907151549547
0,1002,80,23.84282743396825,568.480420045989,6.342966871165614,1.0213032392104775,1.059522454412332,4.444001735605,0.14015576989439932,9.579909036146327,1.9326929304546034,7.73461133761184,0.8073783695051879,8.254365703309853,87.45095349363964,9.12857869147557,0.19355705034402768,15.128783415170584,25.67857378000732,1.697332368064559,0.30120875886159265,0.19310126805720262,0.18170700781788204,0.3451318284974846
0,1002,160,305.0423860038162,93050.8572589012,11.440901474912442,1.0213032392104775,1.059522454412332,4.444001735605,0.14015576989439932,16.837879808761066,3.421844092877256,35.05066967476612,2.081655770967589,40.600040665716236,701.4166732211515,41.6570661619874,0.20478611922459203,32.19783357598303,156.81433880112186,4.870338199340611,0.22351699431783953,0.17084757040817858,0.16408636832375717,0.2974609977147775
0,1061,1,1.076583076281255,1.1590311201352104,0.14758441484718912,1.0387818617161741,1.076583076281255,4.454645752173316,0.25080148315589357,0.25080148315589373,0.04946622393853872,0.25080148315589357,0.9999999999999953,6.901322157724297e-16,0.25080148315589357,0.9999999999999953,0.25080148315589357,0.25080148315589357,0.25080148315589357,0.999999999999996,0.999999999999996,nan,nan,nan
0,1061,2,1.1593848016859472,1.344173118380363,0.29577904212460104,1.0387818617161741,1.076583076281255,4.454645752173316,0.25080148315589357,0.49028133931199613,0.09643384719283606,0.49013704270342584,0.9997056861091761,0.0004117190094972957,0.5153510754568298,1.0511333679964499,0.24800438298589464,0.4959768571379325,0.49055782883426957,0.9890740299155594,0.9991422293028231,0.03887671987088248,0.03887671987088233,0.9082328777635333
0,1061,5,1.4466027561665855,2.0926595341487615,0.738435761406609,1.0387818617161741,1.076583076281255,4.454645752173316,0.25080148315589357,1.1281590843736309,0.2209096515205369,1.1252461539373975,0.9974179790097141,0.010043362768554954,1.3876053407898656,1.2299731128436389,0.23674887998405866,1.1824017973277572,1.1338720118277483,0.9589566037452854,0.9923925647688865,0.03951957215074779,0.040061491423074296,0.7919603036126394
0,1061,10,2.049210156183955,4.199262264207469,1.4349088584816385,1.0387818617161741,1.076583076281255,4.454645752173316,0.25080148315589357,1.9268144610025395,0.3791098921692101,1.9113373447046444,0.9919675108262146,0.10948276370746048,3.0533924968229145,1.5846842332884528,0.21268615731067717,2.1067848322988634,2.0043324887856846,0.9513702861618827,0.9536029353406422,0.02178397918834564,0.021735715678707558,0.6764113717304072
0,1061,20,3.575250226068992,12.782414179006379,2.548070334005131,1.0387818617161741,1.076583076281255,4.454645752173316,0.25080148315589357,3.2434980295217524,0.6541440148466725,3.1099702351716743,0.9588321641836276,0.7956258357251498,7.7555886789465545,2.3911186652054477,0.20012353376146988,3.964028418862225,4.029805757889865,1.016593558894444,0.7717419702135105,0.20292367175726875,0.1964820777729674,0.574578019894958
0,1061,40,7.452624520538007,55.54161224412435,4.017132509979558,1.0387818617161741,1.076583076281255,4.454645752173316,0.25080148315589357,5.945008281971134,1.2545932537179956,5.366525462000458,0.90269436264286,3.6957074372288665,24.78922757398472,4.169754926862032,0.2195991637074394,8.703255227782131,11.277276976913612,1.2957539083669296,0.4758706798623987,0.19611218928158547,0.1911380803916149,0.5026400078129961
0,1061,80,40.177283711323696,1614.2141264201964,7.38660350819642,1.0387818617161741,1.076583076281255,4.454645752173316,0.25080148315589357,8.924266496844881,1.8549871262739386,12.247238067048157,1.3723523464228784,12.319026437920247,125.27978177515615,14.038104063728714,0.2063640207715556,16.33593667594483,36.2162653665725,2.216969010408939,0.3381695473866369,0.18303065972441682,0.1836162832264791,0.3784551563835909
0,1061,160,514.8310395614961,265050.99929597083,12.487677536625675,1.0387818617161741,1.076583076281255,4.454645752173316,0.25080148315589357,17.9435773155458,3.9898325207124246,55.50408204480069,3.093256214674292,55.77151657373484,510.4247192667794,28.446095797439572,0.20852998798766167,33.07149415328444,160.8841923902892,4.864739151022339,0.34499400606215713,0.19027799969335568,0.18728812596304703,0.3568131896656641
0,1120,1,1.067369443065647,1.1392775279902696,0.13039431412669317,1.024372991681057,1.0673694430656475,4.45566724470231,0.21129666240395745,0.21129666240395734,0.04803091397397936,0.21129666240395734,0.9999999999999952,0.0,0.21129666240395734,0.9999999999999952,0.21129666240395734,0.21129666240395734,0.21129666240395734,0.9999999999999952,0.9999999999999952,nan,nan,nan
0,1120,2,1.140948653088159,1.3017638289836841,0.26372013638349817,1.024372991681057,1.0673694430656475,4.45566724470231,0.21129666240395745,0.42660660949762585,0.09714187964608842,0.4267030378503333,1.0002260357682222,0.0005509123346078249,0.43514121690523677,1.0200058021080833,0.2101262090007514,0.4202458616725906,0.4272560301874442,1.0166811125443376,0.9987057120367165,0.7082719757929911,0.7082719757929877,0.9651394120792502
0,1120,5,1.4026254624792849,1.9673581879952278,0.676691621453905,1.024372991681057,1.0673694430656475,4.45566724470231,0.21129666240395745,1.077705862610642,0.24545534859873225,1.0783445491774681,1.000592635327489,0.017966074518463805,1.1761347051055981,1.0913318243036372,0.20215276418400274,1.0099174647751443,1.0909876335877713,1.0802740537125735,0.9884113403112309,0.6644974716205356,0.6646231352366648,0.916934436994695
0,1120,10,1.9836932448729994,3.9350388897547695,1.3699207648585905,1.024372991681057,1.0673694430656475,4.45566724470231,0.21129666240395745,2.081256270906189,0.46528165792896503,2.0256587162613124,0.9732865407196252,0.1793132857146738,2.6383747520469356,1.2676837489590715,0.1860114363116568,1.85083188227176,2.164186451560884,1.1693047176734945,0.9359908499567301,0.4449021144157471,0.45374156964557383,0.822694569071926
0,1120,20,3.3937983845705135,11.517867475113427,2.4438995231243323,1.024372991681057,1.0673694430656475,4.45566724470231,0.21129666240395745,3.4210688178670274,0.7155082694089382,2.8838891564818874,0.8429789957513739,0.8841714407104349,6.7003501859126136,1.9585546338381334,0.18527942630665822,3.6899439505533564,4.006747921335212,1.0858560387439886,0.7197580714089088,0.1728091728582712,0.1762061880429969,0.616007342067671
0,1120,40,5.805701958971638,33.70617523640712,3.5176810620080676,1.024372991681057,1.0673694430656475,4.45566724470231,0.21129666240395745,6.329583568338238,1.2788819377657377,5.702440932936615,0.9009188158066656,2.0964217844741335,24.90296730220746,3.934376888043119,0.21246522618227823,8.416364206435063,9.814733015623078,1.166148799515928,0.5810082580809357,0.13256593890626198,0.13527307294979996,0.4407674928742015
0,1120,80,28.1373480239534,791.7103538210744,6.6741956100520525,1.024372991681057,1.0673694430656475,4.45566724470231,0.21129666240395745,9.761337308761773,2.100432016769477,9.192594775665956,0.9417351828846939,12.42592458722027,85.37680441785133,8.746424974088042,0.20791651684899742,16.478284476820477,26.589567663432657,1.6136126124558308,0.34572185949108475,0.10296005166843629,0.10073352379310385,0.3932151857213361
0,1120,160,609.3907250124826,371357.05573123915,12.824919293135707,1.024372991681057,1.0673694430656475,4.45566724470231,0.21129666240395745,32.67722845220193,7.945626549607474,34.95456460113557,1.0696918391431138,44.063602862759424,415.1771613131223,12.705397029629236,0.18651693707371383,29.203865594995765,120.83779843334241,4.137733001142445,0.28926846611176477,0.19940402374825933,0.19434890809018548,0.3841561131004965
0,1179,1,1.057340593687782,1.1179691310600313,0.1115137634930724,1.0280786802169772,1.0573405936877818,4.444519506812875,0.24519287528634745,0.24519287528634753,0.05052048030118851,0.2451928752863475,0.9999999999999958,3.0150272531948617e-16,0.2451928752863475,0.9999999999999958,0.2451928752863475,0.2451928752863475,0.2451928752863475,0.9999999999999959,0.9999999999999959,nan,nan,nan
0,1179,2,1.1162857446529528,1.2460938637153973,0.22001374956277547,1.0280786802169772,1.0573405936877818,4.444519506812875,0.24519287528634745,0.4854957723215349,0.10032214210681045,0.48569166223852733,1.0004034842899965,0.0005441818365995579,0.5040977156756911,1.0383153560023906,0.24514473420974878,0.4902894589637835,0.48611266813861753,0.9914809695603195,0.9991339334938477,0.20756765040293967,0.2075676504029388,0.9305599655170822
0,1179,5,1.3007805236357401,1.6920299706700703,0.5259289741891354,1.0280786802169772,1.0573405936877818,4.444519506812875,0.24519287528634745,1.1668901526385178,0.2439296644749282,1.1723525580424612,1.0046811650536178,0.015310752472580593,1.34821856708356,1.1553945879438863,0.24184021281747342,1.2090621254154672,1.1808410960295137,0.9766587433410363,0.9928114476913146,0.14354261473525282,0.14357845160736796,0.8535795629187372
0,1179,10,1.6267179100831788,2.646211158985385,0.9731288656021604,1.0280786802169772,1.0573405936877818,4.444519506812875,0.24519287528634745,2.1328543127992097,0.4555130830012153,2.174016895413376,1.0192992940807768,0.12814784927307224,2.9033806432644047,1.3612653362404001,0.2305459947830363,2.3016264093373677,2.2521035130304767,0.9784835209980279,0.9653272519822915,0.12025319613760432,0.11705448302696769,0.7763893763686277
0,1179,20,2.5677473554712638,6.593326481529669,1.8860579983241472,1.0280786802169772,1.0573405936877818,4.444519506812875,0.24519287528634745,3.489477003235478,0.7514205928916858,3.5143664453122017,1.0071327141728244,0.8574377135024934,6.843652080722766,1.9612257293506337,0.2123021675494416,4.22451770352319,4.327988126647982,1.0244928369073942,0.8120092621497256,0.1735033348670796,0.16725687927884234,0.6622862474718104
0,1179,40,5.921699928723008,35.06653004583808,3.557247115596677,1.0280786802169772,1.0573405936877818,4.444519506812875,0.24519287528634745,5.530354788679676,1.2207240090129414,4.4274871732118415,0.8005792290712808,2.6844928618050337,20.66563851206936,3.736765415913415,0.20565227270164035,8.199893397459444,9.203129286236015,1.122347430649208,0.48108496963456626,0.21184108361427362,0.20717795964324848,0.514060985492072
0,1179,80,50.25617794347152,2525.683421485873,7.834266967061719,1.0280786802169772,1.0573405936877818,4.444519506812875,0.24519287528634745,8.719924181521774,2.261252444516951,5.594374979599009,0.6415623419586539,9.604273461349194,62.98527618244078,7.223144934667169,0.17644794450523343,13.73782076091755,25.242243045901088,1.8374270188261763,0.2216274904502768,0.20966704037617728,0.1985924492732259,0.5075467531814514
0,1179,160,949.9942196187882,902489.0173091104,13.712911799928547,1.0280786802169772,1.0573405936877818,4.444519506812875,0.24519287528634745,14.147502949206732,3.2449222785561016,25.696568433151196,1.8163324316247647,26.123131129452684,394.1810730513625,27.862236499725533,0.1637983833884594,25.671654816407454,136.45368126415408,5.3153441895355655,0.18831715051649248,0.26021027716463574,0.2637958658237824,0.4145759441520188
0,1238,1,1.042304616984424,1.0863989145870465,0.0828684787303435,1.0177486303262508,1.042304616984424,4.4407462207406825,0.1318391122189351,0.1318391122189351,0.031870299939501016,0.13183911221893502,0.9999999999999918,2.9110293291727306e-16,0.13183911221893502,0.9999999999999918,0.13183911221893502,0.13183911221893502,0.13183911221893502,0.9999999999999925,0.9999999999999925,nan,nan,nan
0,1238,2,1.0857811653215745,1.1789207389670764,0.16459939195616924,1.0177486303262508,1.042304616984424,4.4407462207406825,0.1318391122189351,0.2589222924319353,0.06287100272028313,0.25903657906275035,1.000441393553798,0.0002118333021256045,0.26478615536268596,1.0226471922354508,0.12964135352407224,0.25924480116738824,0.2593218073450097,1.0002970403929943,0.9989000991271016,0.1564059883172695,0.15640598831726835,0.9602247090849144
0,1238,5,1.22321930551239,1.496265469378214,0.40297231660232485,1.0177486303262508,1.042304616984424,4.4407462207406825,0.1318391122189351,0.6163004384837948,0.15173667617218622,0.619621329165003,1.0053884282305188,0.0060397008408102915,0.6744295613433676,1.094319457248123,0.12386083339803027,0.6187041854348183,0.625501725981351,1.010986737614769,0.9905989119260651,0.3120487720480408,0.31001688228940644,0.9152965997015547
0,1238,10,1.477384440215382,2.1826647841905173,0.7805465083742419,1.0177486303262508,1.042304616984424,4.4407462207406825,0.1318391122189351,1.160516722971012,0.2924756024408398,1.1919518337811204,1.0270871674555717,0.054044049738984884,1.4310464515561045,1.233111443575336,0.11705227725224789,1.167664201720883,1.2364778126145581,1.0589327058175266,0.9639896661475165,0.4888099171395192,0.49005133015981156,0.8629122123995506
0,1238,20,2.3346445367369775,5.450565112915816,1.6957192937429393,1.0177486303262508,1.042304616984424,4.4407462207406825,0.1318391122189351,2.1780258393850382,0.5644934463209589,2.424474922837002,1.1131525067313008,0.3980135287035763,3.6144739566584074,1.659518400240351,0.11365391080344964,2.2673008473513856,2.7526908384465845,1.2140827458615475,0.8807654274045522,0.27949063605837265,0.2864011702781518,0.7710344753038442
0,1238,40,4.312752864233279,18.599837267952353,2.9231528316460627,1.0177486303262508,1.042304616984424,4.4407462207406825,0.1318391122189351,4.752671917374395,1.1680833457734154,5.674086016712081,1.1938728604365179,2.1332879419798543,12.745641636461816,2.6817844484209883,0.1404714163250824,5.513360541737394,7.821225368071651,1.418594940211726,0.7254727679725517,0.19260679650514673,0.17569684531674337,0.6201940179570303
0,1238,80,15.191448448387014,230.7801059600002,5.441465334904991,1.0177486303262508,1.042304616984424,4.4407462207406825,0.1318391122189351,7.320782617937452,1.5967845467292183,11.225721300175493,1.5334045396553808,9.943080193381928,60.28847986740349,8.235250657448026,0.14413742073940475,11.381765588482352,22.000790873740915,1.9329857659346243,0.510241716518199,0.18725513010960704,0.18219570662886528,0.4110250689019277
0,1238,160,100.6428810515703,10128.989506360527,9.223156839686707,1.0177486303262508,1.042304616984424,4.4407462207406825,0.1318391122189351,7.375303068843714,1.8797083548283267,54.60086472873309,7.403202854048045,52.966992027517705,429.6044512858875,58.24905733036405,0.15355475645736086,24.178009315856258,166.88741296797826,6.90244638372818,0.32717185650909275,0.2468560324304229,0.23278947845723902,0.43226858321323697
0,1297,1,1.0618703227248891,1.1275685822838601,0.12006361740411743,1.0330968857979859,1.0618703227248882,4.449997880912036,0.1629981727675955,0.16299817276759565,0.03781825067932292,0.1629981727675955,0.999999999999993,4.598555293716914e-16,0.1629981727675955,0.999999999999993,0.1629981727675955,0.1629981727675955,0.1629981727675955,0.9999999999999939,0.9999999999999939,nan,nan,nan
0,1297,2,1.127450502240543,1.2711446350024527,0.23991778195839353,1.0330968857979859,1.0618703227248882,4.449997880912036,0.1629981727675955,0.31505847838471157,0.0731307353422322,0.31511001041397424,1.0001635633788555,0.00021671511643170122,0.3293338940830175,1.0453103683211262,0.159566032840107,0.3190566020403692,0.3158469630688028,0.9899402207914153,0.9976667413621165,0.03652112329704643,0.03652112329704621,0.9221647967934504
0,1297,5,1.3452783112245335,1.8097737346511327,0.593201828983486,1.0330968857979859,1.0618703227248882,4.449997880912036,0.1629981727675955,0.701881104651054,0.16278252113095742,0.7029109816570911,1.0014673097754185,0.005692374699192513,0.8533816488191779,1.2158492986407468,0.14951980769603565,0.7460509690819337,0.7199914171447057,0.9650700112764454,0.9762768901393963,0.045815712832420474,0.04726688172851379,0.8217385562042772
0,1297,10,1.762500655176125,3.1064085594962703,1.1334672548707048,1.0330968857979859,1.0618703227248882,4.449997880912036,0.1629981727675955,1.1354043007716348,0.25975359589666697,1.1390177185144734,1.0031824943241643,0.0389109334629499,1.8789787194841863,1.6548983636993513,0.13869953355266848,1.3807523806268467,1.3002183452614902,0.9416738029965983,0.8760203412492243,0.10710643331814712,0.10742640641339335,0.695639703583499
0,1297,20,2.585571797594308,6.685181520515062,1.8998933635906539,1.0330968857979859,1.0618703227248882,4.449997880912036,0.1629981727675955,1.7153927036252088,0.3748537687336072,1.6927169583414843,0.9867810179932537,0.1575840977732281,4.663727925737045,2.7187523392637716,0.136460961581197,2.7218349081036544,2.613978422132379,0.960373612062158,0.6475634779573402,0.16528064393278763,0.16958914168274689,0.5848528462830163
0,1297,40,4.290201980997935,18.405833037758605,2.912667627298624,1.0330968857979859,1.0618703227248882,4.449997880912036,0.1629981727675955,3.4882018812961646,0.8031120702726232,3.6522376119680433,1.0470258707076108,1.013145651331376,14.169306203372743,4.062065982863249,0.13794160431041014,5.507435443874813,6.471281964404407,1.1750082284852836,0.5643762135628378,0.25721696014221573,0.26303007212480756,0.5209397260910333
0,1297,80,12.496728980118702,156.1682352025386,5.050933856946299,1.0330968857979859,1.0618703227248882,4.449997880912036,0.1629981727675955,7.853020683241512,1.7871473086430862,13.33664423557957,1.698282071768919,9.062710971858111,71.31133075322836,9.080751678829525,0.16164507517397114,12.772847395801245,28.97875401184587,2.2687779094089784,0.4602214515547441,0.2258643086166794,0.2112085863170945,0.4601201745381978
0,1297,160,66.07240042968716,4365.562098540924,8.381502233990126,1.0330968857979859,1.0618703227248882,4.449997880912036,0.1629981727675955,11.000795999204701,2.468257163385624,103.50318770234372,9.408699853158483,103.25813076013384,712.9711190438366,64.8108663314346,0.14370067852164864,22.469824372310388,183.56158806049007,8.169248901059207,0.5638608207520832,0.18087263076552945,0.17850331332381247,0.3336735426994798
0,1356,1,1.0651252426977245,1.1344917826318863,0.12618478204880063,1.0354288656562871,1.065125242697723,4.454815531863662,0.1854415221590207,0.1854415221590207,0.03988722692784308,0.1854415221590207,0.9999999999999946,0.0,0.1854415221590207,0.9999999999999946,0.1854415221590207,0.1854415221590207,0.1854415221590207,0.9999999999999946,0.9999999999999946,nan,nan,nan
0,1356,2,1.134855483792905,1.2878969690948285,0.2530106315437584,1.0354288656562871,1.065125242697723,4.454815531863662,0.1854415221590207,0.37203324580714786,0.07999904196006534,0.37201555749260884,0.9999524550164821,0.00029846166015870036,0.38505657725479875,1.0350058270179456,0.18646495632263457,0.3729243259895307,0.3723158787565158,0.9983684431649734,0.9991933697136126,0.10975467562980976,0.10975467562980917,0.9355142219664835
0,1356,5,1.3719362257045344,1.8822090074004032,0.6324460910013914,1.0354288656562871,1.065125242697723,4.454815531863662,0.1854415221590207,0.9418550231716313,0.2027961112667239,0.9402887640325338,0.9983370485896819,0.009168969900022021,1.0765632254528028,1.143024349785331,0.1892612129075239,0.9462170706413688,0.9460847986414873,0.999860209666485,0.9938736626808958,0.12859720588660675,0.12888740744447455,0.8557336060314316
0,1356,10,1.8523421451571218,3.4311714227252876,1.2329017255326933,1.0354288656562871,1.065125242697723,4.454815531863662,0.1854415221590207,1.9409790175159596,0.4213369148126387,1.9147827429479574,0.9865035766324105,0.09130854105396254,2.567059412548399,1.3225590742519657,0.1931262401547105,1.9307566988177958,1.9574717060806117,1.0138365477531024,0.9781917853524789,0.13425107899280223,0.135169571162319,0.7560966292123783
0,1356,20,3.0725143065592064,9.440344164011002,2.244992437544844,1.0354288656562871,1.065125242697723,4.454815531863662,0.1854415221590207,4.0983736955862256,0.9268308845223496,3.8916019132673467,0.9495478456389752,0.837911733730471,6.771237084482573,1.6521765918454208,0.1953345889440252,3.905674463654342,4.142056723048846,1.0605227756676199,0.9395337083657446,0.061640934095137274,0.06214921979746837,0.6362607304185378
0,1356,40,9.503471264303506,90.31596607144249,4.50331425621604,1.0354288656562871,1.065125242697723,4.454815531863662,0.1854415221590207,7.731238409636867,1.9650937870902148,8.30963427553778,1.0748128353123803,5.732342501523907,18.45823412380037,2.387487378579927,0.1725593250143519,6.779714281277,9.530086791905777,1.4056767581230174,0.8719368938586614,0.12443752411589482,0.10797573128445381,0.6006864132319001
0,1356,80,50.41777415599421,2541.9519508448375,7.8406875494640795,1.0354288656562871,1.065125242697723,4.454815531863662,0.1854415221590207,10.648052754611118,2.3161112447159153,24.294206492108984,2.2815633103985533,25.120589238350686,82.03025317648643,7.70377974892765,0.1456860724844712,11.255234797772937,29.29438029697624,2.60273382326708,0.8293128663526167,0.27954279523919423,0.28128570770168454,0.43758974551135976
0,1356,160,837.4355184765726,701298.247606126,13.46068853574265,1.0354288656562871,1.065125242697723,4.454815531863662,0.1854415221590207,11.436172085787383,2.852537949436834,101.33223600151287,8.860677789856474,95.5210148847858,659.38202653935,57.65758171467313,0.14059899522062602,21.94323976995732,168.56150240679705,7.6817053531710515,0.6011588325604932,0.20455600186018447,0.19881417541710472,0.36748065884479225
0,1415,1,1.0543830300575192,1.1117235740732754,0.10591158045967185,1.0296221606812554,1.0543830300575183,4.445588900031296,0.10928812833185332,0.10928812833185331,0.026677937495449718,0.10928812833185328,0.9999999999999906,2.8744111503786724e-16,0.10928812833185328,0.9999999999999906,0.10928812833185328,0.10928812833185328,0.10928812833185328,0.9999999999999909,0.9999999999999909,nan,nan,nan
0,1415,2,1.1129974038365567,1.2387632209469153,0.21411347941795447,1.0296221606812554,1.0543830300575183,4.445588900031296,0.10928812833185332,0.2187575354403925,0.05312941427901479,0.21874561729095818,0.9999455189079026,0.00012125899013854946,0.22604599280176746,1.0333175145107625,0.11001365057383453,0.22002254769134552,0.21885479805829564,0.9946925910762153,0.9995011269192765,0.08102877606021668,0.08102877606021593,0.9376368344581497
0,1415,5,1.3158700645801615,1.7315140268581986,0.5489961858140694,1.0296221606812554,1.0543830300575183,4.445588900031296,0.10928812833185332,0.5499074945698471,0.131361742621082,0.5494941147072321,0.9992482738156908,0.0035322847522727715,0.6269758901214857,1.1401479272653348,0.11225073005794609,0.561155738583372,0.5515881946551202,0.9829502876466955,0.996203544658532,0.1111913853143463,0.11130890738507926,0.8554458960518544
0,1415,10,1.7453734542049841,3.0463284946434377,1.11393709325548,1.0296221606812554,1.0543830300575183,4.445588900031296,0.10928812833185332,1.1249798786008407,0.2605247415820962,1.120514316477358,0.9960305404492766,0.03081804812327678,1.4914189967204472,1.3257294864467732,0.11594209163826183,1.1586754285802545,1.1360892339643045,0.9805068839307084,0.9862907621854669,0.1462598935190106,0.14642288726594774,0.7527718216948657
0,1415,20,2.8851678448566753,8.324193492994912,2.1191661534552293,1.0296221606812554,1.0543830300575183,4.445588900031296,0.10928812833185332,2.5042733012376606,0.5468241754791554,2.4323646322505765,0.9712856144928167,0.24900821745595417,4.01429117722768,1.602976470357184,0.12195849240691858,2.435282964161054,2.5656493601248624,1.0535323401355612,0.9480502948119924,0.2771660619740905,0.2801395947872971,0.6570427476037026
0,1415,40,6.192512088596248,38.34720596741067,3.6466816690290287,1.0296221606812554,1.0543830300575183,4.445588900031296,0.10928812833185332,5.806880117500111,1.2975029515840542,6.165499811913914,1.0617577231072906,2.6169090651891596,16.302136250215007,2.807382952695285,0.12379299375563858,4.923076861468263,7.3926046814555715,1.50162284471236,0.8340091317719364,0.2529608731469271,0.2698120153382214,0.5538713049629589
0,1415,80,26.62171765087534,708.7158506829276,6.5634546714232,1.0296221606812554,1.0543830300575183,4.445588900031296,0.10928812833185332,14.376510494130397,3.1387058866263517,21.492318868953234,1.4949607470970134,21.353489111166287,78.94374968719522,5.49116210915202,0.1344049315810829,10.614719810588191,30.175762626659317,2.8428223415335907,0.712237802731304,0.2480571221796428,0.2578157887372619,0.4411999580903999
0,1415,160,226.9427376832598,51503.00618717286,10.849395457514678,1.0296221606812554,1.0543830300575183,4.445588900031296,0.10928812833185332,40.99662010320081,10.196873738247424,59.9995897914681,1.4635252769723723,83.44661999616073,244.99024269749532,5.975864402499066,0.11801034087466263,18.369788503491616,89.14188265824026,4.852635219033509,0.6730796792962028,0.2816048437836507,0.28219916325816913,0.40444125199270403
0,1474,1,1.0669732924411752,1.1384320067827616,0.1296518829839705,1.042076105482329,1.066973292441175,4.45614869301294,0.17197041608697095,0.17197041608697103,0.03921011737745111,0.17197041608697103,0.9999999999999942,0.0,0.17197041608697103,0.9999999999999942,0.17197041608697103,0.17197041608697103,0.17197041608697103,0.9999999999999942,0.9999999999999942,nan,nan,nan
0,1474,2,1.1398233429493592,1.2991972531322524,0.26174657614675784,1.042076105482329,1.066973292441175,4.45614869301294,0.17197041608697095,0.34184933264999245,0.07794014906712399,0.34196564975042626,1.0003402583808811,0.0004675168302871429,0.35227095940795583,1.0304860234102977,0.17037804787472843,0.3407410722629798,0.3424620908159264,1.005050810404263,0.9985503765852789,0.42829416072088644,0.42829416072088394,0.9465457635803967
0,1474,5,1.3969431688247966,1.9514502169262642,0.6685727971549387,1.042076105482329,1.066973292441175,4.45614869301294,0.17197041608697095,0.8346267446312033,0.1898321039548661,0.837346126053912,1.0032582006749726,0.01432200288603839,0.9413287348679475,1.1278439624935472,0.16432111774654715,0.8210693296540299,0.8468284195250931,1.0313726124466447,0.9888025800120173,0.4436422071035912,0.44367302928088814,0.8840465889160973
0,1474,10,1.9718731405378045,3.888283682374424,1.3579678475101493,1.042076105482329,1.066973292441175,4.45614869301294,0.17197041608697095,1.5796694024424067,0.35480205927478603,1.5913469192591065,1.0073923802022395,0.1313822045614454,2.0966788770641567,1.3272896682194224,0.15372566619255312,1.5322951200815105,1.6685460109320736,1.088919483632705,0.9537327162888103,0.41942109769698604,0.4222681078986947,0.7977714800963344
0,1474,20,3.836137802111213,14.715953236786648,2.688932159525237,1.042076105482329,1.066973292441175,4.45614869301294,0.17197041608697095,2.8209067386812956,0.6158569407381475,2.806994512542034,0.9950681722481312,0.8951337234453371,5.405080292170128,1.9160790458095287,0.1467275842330791,2.9253405094473726,3.4281672058998716,1.171886552976866,0.8188032683211015,0.27413295079180544,0.2827439736537307,0.653041837798447
0,1474,40,13.46695017673385,181.35874706263186,5.2004770976103005,1.042076105482329,1.066973292441175,4.45614869301294,0.17197041608697095,4.8188536220849665,1.1873952483414112,4.820674343958484,1.0003778329902309,3.713588717621807,17.13244031185512,3.5552937805241838,0.13820223182708663,5.49899590942438,8.317903409094624,1.5126222216021465,0.5795540182262344,0.22781210109681602,0.2368638293121761,0.5442282628912787
0,1474,80,49.35260041234241,2435.6791674603405,7.797980915500935,1.042076105482329,1.066973292441175,4.45614869301294,0.17197041608697095,8.641619029151942,2.228645623278037,8.156144182174236,0.9438213087917913,10.559339340586488,45.52689042339843,5.268328801560958,0.1173375715527932,9.164353320514136,16.25965998820224,1.7742288429457935,0.5016183725915676,0.16344974248934888,0.16233696873733183,0.39893053172771725
0,1474,160,710.7939650870136,505228.0608041187,13.13276521186711,1.042076105482329,1.066973292441175,4.45614869301294,0.17197041608697095,28.59935065386692,6.458798535733551,25.559681860852542,0.8937154612423557,39.83249864173001,349.46870514281045,12.219462930203234,0.12535009953895035,19.385827513837256,97.59863108006267,5.034535204153577,0.26188565944009273,0.1771129442905752,0.1901054219925551,0.3437533054675725
0,1533,1,1.0461590515605663,1.0944487611621037,0.09025082204902848,1.012822371124321,1.0461590515605663,4.445639809758861,0.09072231650756032,0.09072231650756032,0.022873288273559066,0.09072231650756032,0.999999999999989,0.0,0.09072231650756032,0.999999999999989,0.09072231650756034,0.09072231650756032,0.09072231650756032,0.999999999999989,0.999999999999989,nan,nan,nan
0,1533,2,1.094961527993209,1.198940747785223,0.18143845679692927,1.012822371124321,1.0461590515605663,4.445639809758861,0.09072231650756032,0.17785687056056637,0.044796885598656834,0.17786460233121973,1.0000434718694193,0.00010051248424993578,0.18419226549915602,1.0356207489686555,0.08996034842932445,0.17991418758644825,0.17811816036087608,0.9900173118659128,0.9985764616637426,0.05594678743153794,0.05594678743153733,0.9360623166319817
0,1533,5,1.2565800785219576,1.5789934937382493,0.45678761476992347,1.012822371124321,1.0461590515605663,4.445639809758861,0.09072231650756032,0.41739717495629797,0.1049595339486553,0.41758763470020493,1.0004563033852012,0.002577042459265048,0.4848233788119962,1.1615396746821698,0.08787189264564642,0.43925161765791343,0.4227813577242281,0.962503814962582,0.987715345227185,0.025489508217254236,0.02520112353994784,0.8487353324798469
0,1533,10,1.5699644836326816,2.4647884798680324,0.9021059944286522,1.012822371124321,1.0461590515605663,4.445639809758861,0.09072231650756032,0.755895454639614,0.1906466130549118,0.7573378276495908,1.001908164682196,0.01859739918741269,1.084767727839917,1.435076400025579,0.08598596219807648,0.8595385690230737,0.7991506429308487,0.929743785481481,0.9476784312806003,0.1306912866050194,0.12945729670318928,0.729490446995594
0,1533,20,2.433993885768208,5.924326235957022,1.7790669651048112,1.012822371124321,1.0461590515605663,4.445639809758861,0.09072231650756032,1.3575761423487231,0.34942205650954344,1.3764297490972688,1.0138876974634559,0.1190589640684049,2.874800140089742,2.1175977172934766,0.08645106163149417,1.7285717923125432,1.6491806305345427,0.9540712383882017,0.834614307015679,0.26521405554485183,0.2641514288620262,0.5911206213743289
0,1533,40,5.050085898148996,25.503367578683353,3.238810505354125,1.012822371124321,1.0461590515605663,4.445639809758861,0.09072231650756032,2.4999821237102853,0.6278234431786274,2.6873692319677884,1.0749553792726312,0.5875947852090855,8.720013450183327,3.4880303212895525,0.08241314043062886,3.283566497273487,4.441594969511271,1.3526739821469589,0.6050459914546173,0.3360138628214094,0.33190270583217196,0.5595469154831397
0,1533,80,8.008747667148628,64.14003919605858,4.161068805366453,1.012822371124321,1.0461590515605663,4.445639809758861,0.09072231650756032,5.809040527772113,1.2364716636726307,7.131326770881608,1.2276255840853323,4.260771968948145,40.90165493090949,7.041034528054173,0.10854061813707014,8.416378808042536,15.802722011804526,1.8776153464841356,0.45127205082482336,0.14483299277814882,0.13559160507756113,0.41185448117682777
0,1533,160,44.7618542238781,2003.623593559714,7.602712616997937,1.012822371124321,1.0461590515605663,4.445639809758861,0.09072231650756032,8.474539921862926,1.7792753556831222,23.283027199290625,2.7474089937583774,22.375241628913813,234.63446869619028,27.68698606172964,0.14281221800235921,21.966094504902877,80.56147121716755,3.667537312979604,0.28900945883333173,0.16636416728868228,0.15984102820991256,0.3822672361211521
0,1592,1,1.055356705478676,1.113777775798805,0.10775763848073663,1.038386299254525,1.0553567054786752,4.4515840684614,0.11794326647222245,0.11794326647222231,0.02569810583030609,0.11794326647222234,0.9999999999999918,2.761644904721361e-16,0.11794326647222234,0.9999999999999918,0.11794326647222234,0.11794326647222234,0.11794326647222234,0.9999999999999916,0.9999999999999916,nan,nan,nan
0,1592,2,1.1131720482144927,1.2391520089260488,0.21442728190614038,1.038386299254525,1.0553567054786752,4.4515840684614,0.11794326647222245,0.23398785767200372,0.050567786082827436,0.23399096935515615,1.0000132984813075,0.00011476232985101618,0.24200927374563191,1.0342813347386226,0.1177344355624977,0.23546850005336523,0.23460774793721556,0.9963445126802286,0.9973710221103803,0.00728443755513343,0.0072844375551333685,0.9405423715470974
0,1592,5,1.3011278020764274,1.692933557336235,0.5264628568618148,1.038386299254525,1.0553567054786752,4.4515840684614,0.11794326647222245,0.5657070863643924,0.11963275947864858,0.5657993157775798,1.0001630338657752,0.00333354541619846,0.6563280490432098,1.1601906089973284,0.11736269887088019,0.5868107666696589,0.5772251423688736,0.9836648799830516,0.9802055978635922,0.022040728477060605,0.022027584617179928,0.8568661842383072
0,1592,10,1.6620374799108235,2.7623685846283212,1.0160884945370587,1.038386299254525,1.0553567054786752,4.4515840684614,0.11794326647222245,1.0270609392619465,0.21247367800088027,1.027673360263412,1.0005962849701056,0.030184969071518512,1.519217211287626,1.479188968455314,0.11690444843494623,1.1690294974410034,1.1177679380783319,0.9561503285632365,0.9193977794981205,0.040676853893189396,0.04063924550301677,0.7286604209633712
0,1592,20,2.55969887977724,6.552058355132857,1.8797792529721649,1.038386299254525,1.0553567054786752,4.4515840684614,0.11794326647222245,1.7591558129391018,0.3720835927727585,1.7726311869582059,1.0076601367087483,0.19558268624422773,4.487793191031008,2.5511061373995316,0.1313571358686831,2.6015799604542305,2.4452539384195204,0.939911121544995,0.724927239296847,0.11662305978067392,0.1291767490151683,0.5500504915457253
0,1592,40,4.464590729925649,19.93257038573804,2.9923550965929966,1.038386299254525,1.0553567054786752,4.4515840684614,0.11794326647222245,4.35027983637843,0.9882920777059035,4.908730069324329,1.1283711057564523,2.25408382726274,15.863651397129516,3.6465818277878563,0.15453545462812268,6.089085400111822,7.7993775495208,1.2808783318062134,0.6293745928001555,0.2427095893539611,0.24928568832578005,0.5352201688123603
0,1592,80,13.529226402355887,183.0399670462036,5.209704528155378,1.038386299254525,1.0553567054786752,4.4515840684614,0.11794326647222245,7.368474917227345,1.7302783820444114,12.30135265981884,1.6694570854897701,12.814821482130172,60.56203885214828,8.219073761187062,0.1600089977791209,12.649435880522649,23.666399018068926,1.8709450161734071,0.519781342756325,0.19932949304755462,0.20452219347384878,0.44545926390199364
0,1592,160,114.58588106833614,13129.924140206873,9.482649189687377,1.038386299254525,1.0553567054786752,4.4515840684614,0.11794326647222245,9.63602965799622,2.030703369208971,21.86151262923148,2.2687261668077414,24.560700604914917,281.99951293290786,29.265114672918997,0.16051398684199739,25.41316596493465,85.38708188699215,3.3599545214008417,0.2560283376139343,0.16386658814483798,0.16414514792509016,0.3310209987528403
0,1651,1,1.0625183484482803,1.1289452407892613,0.12128378159023687,1.0211046133935886,1.06251834844828,4.4393927310747285,0.1930541793934355,0.1930541793934355,0.04306274332124597,0.19305417939343547,0.9999999999999947,4.941739743737033e-16,0.19305417939343547,0.9999999999999947,0.19305417939343547,0.19305417939343547,0.19305417939343547,0.9999999999999948,0.9999999999999948,nan,nan,nan
0,1651,2,1.128560719893753,1.2736492984871062,0.2418862433418134,1.0211046133935886,1.06251834844828,4.4393927310747285,0.1930541793934355,0.3886384956647795,0.08706510508020146,0.3886177376332147,0.9999465878141324,0.0003206375027650043,0.4019329603752865,1.0342077917108168,0.19502758454097055,0.39003540002753057,0.3891913959180596,0.9978360833159955,0.998526025264529,0.3358109443614615,0.33581094436145975,0.9378313915592197
0,1651,5,1.3480686519851681,1.8172890904651082,0.5973458799313386,1.0211046133935886,1.06251834844828,4.4393927310747285,0.1930541793934355,0.977186246951685,0.2218279598236702,0.977053019581759,0.9998636622544141,0.008985884008329573,1.112996364547557,1.138980791041143,0.19799121024849706,0.989861873040774,0.9868075419867908,0.996914386605677,0.9901150710852965,0.3441212220505555,0.34412952764006316,0.8644543853661327
0,1651,10,1.7880214257951583,3.1970206191025508,1.1622193195728747,1.0211046133935886,1.06251834844828,4.4393927310747285,0.1930541793934355,1.8984528658175723,0.4390348527666591,1.9039421895342132,1.002891472216918,0.09084415595602353,2.4954651980022313,1.3144730864453424,0.19348674269807473,1.9335587152120541,1.9649139240236844,1.0162163210069317,0.9689697682203725,0.3260610206552883,0.32631780209926414,0.7841552456682942
0,1651,20,3.0133974184464942,9.080564001499996,2.2061363053868064,1.0211046133935886,1.06251834844828,4.4393927310747285,0.1930541793934355,3.3323901935297275,0.7825602881503232,3.429333435943081,1.0290912038456903,0.8774573308526048,5.779423226092057,1.734317679038176,0.17224820796646617,3.408247895610394,3.8005599244960377,1.1151066591696324,0.9023232113351869,0.20303211549330902,0.20953348025748633,0.6823178543374898
0,1651,40,7.372409147761145,54.35241664199221,3.995489077012784,1.0211046133935886,1.06251834844828,4.4393927310747285,0.1930541793934355,6.391306621307986,1.3625506915681331,5.655325095284041,0.8848464688628369,5.443065749279797,16.95144032109887,2.652265229238797,0.17277343907033563,6.8579074159272455,8.678390635747617,1.2654575381977835,0.651655973169598,0.09304769993436937,0.09837152687102178,0.533270302444096
0,1651,80,24.474755035034757,599.0136340249592,6.395284359166864,1.0211046133935886,1.06251834844828,4.4393927310747285,0.1930541793934355,8.415041728021967,1.8035629353608418,12.308668686042829,1.4626984730277852,13.492444555682221,66.20422699568131,7.867367641829057,0.16708312725387944,13.225955358833765,22.683467850441005,1.715072161897965,0.5426272899363369,0.09311185949750315,0.09575767190188776,0.3994432116990661
0,1651,160,233.83628204268288,54679.40679954513,10.909242442197202,1.0211046133935886,1.06251834844828,4.4393927310747285,0.1930541793934355,36.435226815102574,9.13007551786418,42.72640967930962,1.1726675916176628,46.977911662586564,431.5893380105981,11.84538634000495,0.1760961044563079,27.80167555348136,108.82590299787547,3.9143649018034874,0.39261249851649505,0.15383623817248623,0.15790220728979437,0.3139555570941831
0,1710,1,1.0578945723314248,1.1191409261682883,0.11256136078193835,1.0208909206545502,1.057894572331424,4.448886808660352,0.12496174060211379,0.12496174060211368,0.026368193367238807,0.12496174060211368,0.999999999999992,0.0,0.12496174060211368,0.999999999999992,0.12496174060211368,0.12496174060211368,0.12496174060211368,0.999999999999992,0.999999999999992,nan,nan,nan
0,1710,2,1.1194100347265745,1.2530788258465508,0.22560358362917457,1.0208909206545502,1.057894572331424,4.448886808660352,0.12496174060211379,0.252893175427137,0.05361747708046763,0.2528900779584163,0.9999877518690787,0.0001638539679664764,0.2634702171495798,1.0418241484950201,0.1280913672336813,0.25610807148970527,0.2538724252329506,0.9912706919241102,0.9961305475628796,0.11504775632942985,0.11504775632942893,0.927467427176175
0,1710,5,1.3267328129043452,1.7602199568370762,0.5654387767168877,1.0208909206545502,1.057894572331424,4.448886808660352,0.12496174060211379,0.6604353003434847,0.1418013158814318,0.6609985526860234,1.0008528501463272,0.0042142946331281145,0.7826465430239413,1.1850465028397101,0.1401369654393884,0.6984518306330947,0.6783540412318839,0.971225231977709,0.9744152942402404,0.17948925735624677,0.18143156032794353,0.8336563088360338
0,1710,10,1.7515906690601641,3.0680698719386337,1.1210486576715675,1.0208909206545502,1.057894572331424,4.448886808660352,0.12496174060211379,1.415633843081988,0.30761230392055694,1.4273306070523706,1.0082625631108935,0.04081003052113516,2.0513787946864555,1.449088551189466,0.16132832769587127,1.5974195436403456,1.5344946001073942,0.9606083800693,0.9301633299670623,0.22542003685310708,0.23145217389614411,0.7233701470631646
0,1710,20,2.9218638412703473,8.53728830692311,2.1444434289143057,1.0208909206545502,1.057894572331424,4.448886808660352,0.12496174060211379,2.926081398719371,0.6288563639932137,2.973151456978566,1.016086380330976,0.5676183788783477,5.588219366451911,1.9097962787014915,0.17206606805080946,3.4146289599945945,3.438306037871201,1.0069340119099333,0.8647140261020417,0.14924892653604016,0.1464070990615472,0.6302766466030262
0,1710,40,7.290989250765209,53.15852425477382,3.9732784730152813,1.0208909206545502,1.057894572331424,4.448886808660352,0.12496174060211379,5.3710658958512685,1.1294435336130986,4.46030472266385,0.8304319494774937,3.2569837159234263,18.79181533988824,3.4987124910166263,0.16039234330931704,6.369633451290525,7.5972542300965875,1.1927302078202535,0.5870943090194763,0.12903947674009963,0.12875641037409413,0.47719872408702146
0,1710,80,23.847847307889076,568.7198212203922,6.343387907266825,1.0208909206545502,1.057894572331424,4.448886808660352,0.12496174060211379,13.577086234911464,3.1725124395720954,10.9931933250295,0.8096872285278804,13.601554871437767,81.1522106803908,5.977144821524364,0.18192539844703218,14.328554974597427,24.10776834015317,1.6824982269944841,0.45600211392107864,0.13277923694080773,0.13642504787950926,0.3742134503647702
0,1710,160,451.89103122252556,204205.50409935755,12.226882138802706,1.0208909206545502,1.057894572331424,4.448886808660352,0.12496174060211379,30.901047355258736,7.283764363387364,31.25537486121476,1.0114665209202278,43.403387755007095,321.02051681433767,10.38866136554127,0.16853682443777457,25.918780016653663,104.64555060477916,4.037441212030079,0.29867848829291105,0.18135461825689603,0.19609109318021917,0.40290968047691056
0,1769,1,1.0617555514059538,1.127324850941361,0.11984743748194718,1.0281415111457706,1.0617555514059545,4.450183769008207,0.21428770671603728,0.21428770671603728,0.04605585071367773,0.21428770671603728,0.9999999999999953,0.0,0.21428770671603728,0.9999999999999953,0.21428770671603728,0.21428770671603728,0.21428770671603728,0.9999999999999953,0.9999999999999953,nan,nan,nan
0,1769,2,1.1281281944436496,1.272673223098689,0.2411195883497997,1.0281415111457706,1.0617555514059545,4.450183769008207,0.21428770671603728,0.4294746646693081,0.09254788837842923,0.42938354239135534,0.9997878285136472,0.0005086896047644847,0.4440842257504817,1.0340172827014644,0.21527579700391436,0.43054707946487947,0.4298268346612045,0.9983271404266146,0.9989686724185111,0.3038036466811813,0.3038036466811799,0.9374195093229161
0,1769,5,1.35645143716715,1.839960501392827,0.6097441047561496,1.0281415111457706,1.0617555514059545,4.450183769008207,0.21428770671603728,1.079317049706944,0.23477144511058792,1.077298650738872,0.9981299295062362,0.013344053501933338,1.2373342324415655,1.146404786969246,0.21753401433266575,1.0876207936713884,1.0871212680307498,0.9995407170922564,0.9909645615620492,0.3083892142083454,0.30843114400719174,0.855872911412708
0,1769,10,1.8363376298646308,3.3721358908568497,1.215546339107206,1.0281415111457706,1.0617555514059545,4.450183769008207,0.21428770671603728,2.174606562583161,0.48255583993809525,2.1577240497568484,0.9922365207956241,0.11024146319344166,2.948504119183146,1.3558793438389563,0.22018673148464163,2.2016401014733358,2.2428535305804056,1.018719421525566,0.9620441193939543,0.27227086747833484,0.2720444562693313,0.7563244921485569
0,1769,20,3.0692005110129292,9.419991776802027,2.2428342156369383,1.0281415111457706,1.0617555514059545,4.450183769008207,0.21428770671603728,4.41922624471096,1.0281756758746743,4.250224104271059,0.9617575269783555,1.080568108799074,7.54679553154721,1.707718752933141,0.2226678361735776,4.452441037928793,4.807035103460944,1.079640373114767,0.8841674780388028,0.15453186534101118,0.15328198787117966,0.6647247240524081
0,1769,40,6.091475910833582,37.10607877226582,3.613780804500773,1.0281415111457706,1.0617555514059545,4.450183769008207,0.21428770671603728,7.762837401053868,1.9314648326431727,8.523775747154215,1.098023223569908,6.102704479757445,23.45883474761847,3.0219407589850773,0.20322105770942894,8.078070976591816,11.012040859428877,1.3632017954953546,0.7740414202927581,0.17111863218381607,0.17280780509516774,0.5320886349144132
0,1769,80,26.44474270088315,699.3244165159126,6.550114749752955,1.0281415111457706,1.0617555514059545,4.450183769008207,0.21428770671603728,11.027629542988699,3.1194538287611078,28.474202366442352,2.5820782476816224,28.942298300926705,78.54114372299549,7.12221456268736,0.18625208078653702,14.482688785975524,35.390470823704334,2.4436395303871397,0.8045725785419756,0.28081681196146746,0.2962466996550333,0.5130299940356472
0,1769,160,389.1367772238944,151427.4313881988,11.927861788436099,1.0281415111457706,1.0617555514059545,4.450183769008207,0.21428770671603728,25.40522494459143,5.0377483122990965,104.54107343086362,4.114943821944768,106.96876013099529,477.3915656849454,18.79107808437564,0.17428599988768273,26.760410376151782,176.00958460724328,6.577237872409412,0.5939510263838295,0.20202490848926585,0.2181694885964812,0.37885866767422277
0,1828,1,1.052259333103162,1.1072497041027112,0.10187919658492905,1.0210042637706855,1.0522593331031607,4.452675227453531,0.17809149237824679,0.17809149237824676,0.04777815231034879,0.17809149237824676,0.9999999999999943,0.0,0.17809149237824676,0.9999999999999943,0.17809149237824676,0.17809149237824676,0.17809149237824676,0.9999999999999943,0.9999999999999943,nan,nan,nan
0,1828,2,1.107478327330712,1.2265082455072318,0.2041713074881277,1.0210042637706855,1.0522593331031607,4.452675227453531,0.17809149237824679,0.35171539510746075,0.09475790343563503,0.35170900216130757,0.999981823524807,0.00030738892388979493,0.3594967515619195,1.0221240143670147,0.17507432130923356,0.35009572577459774,0.35189388378501507,1.0051361895562645,0.9994746097268873,0.3984099072638683,0.3984099072638661,0.9594497537752914
0,1828,5,1.292003032048752,1.6692718348231688,0.5123875042892325,1.0210042637706855,1.0522593331031607,4.452675227453531,0.17809149237824679,0.8427102807470337,0.2299932676393975,0.8422058185246204,0.9994013811935851,0.008759073893346013,0.9250784669927341,1.0977419976088136,0.16586832082751793,0.8281470279712463,0.8456988796861443,1.0211941251034793,0.9958696159526411,0.37460794035589573,0.37453601726912056,0.9010915096185127
0,1828,10,1.6708745601775523,2.791821795848529,1.0266943561612991,1.0210042637706855,1.0522593331031607,4.452675227453531,0.17809149237824679,1.551052082924888,0.4320905201458058,1.5452652793766057,0.9962691107461905,0.0766274504512026,1.9533702745264323,1.2593840632629651,0.15094040718691867,1.4985475644989679,1.571798218707247,1.048881100569383,0.9831193730754672,0.3059427997677203,0.3083263510938006,0.8103230017119646
0,1828,20,2.689340133020064,7.232550351072375,1.9785917196237162,1.0210042637706855,1.0522593331031607,4.452675227453531,0.17809149237824679,2.5452120377047565,0.7210688074165688,2.526649954153032,0.9927070580852414,0.5436794271859958,4.561369643890989,1.7921373843589,0.12598587188248472,2.4358875806228246,2.73574262657304,1.123098885324398,0.9235700499056335,0.160555336935008,0.18196102314210263,0.6564933756309319
0,1828,40,5.113567590873179,26.148573506428523,3.26379463859962,1.0210042637706855,1.0522593331031607,4.452675227453531,0.17809149237824679,3.0479772286392413,0.7356790620099419,2.8995548767123815,0.9513046388495746,2.0473674371466237,11.17504930346422,3.6663821495980398,0.1062204000581676,4.038292287425609,5.07515633160412,1.256758047803297,0.5713232632177677,0.10178918835262692,0.09978419723203923,0.5469963032279949
0,1828,80,10.859541766091244,117.92964736948014,4.770088237929343,1.0210042637706855,1.0522593331031607,4.452675227453531,0.17809149237824679,4.494040078112915,0.948383964652708,8.053922978701147,1.7921342130271019,7.693488127114904,65.07357062890586,14.479971139071544,0.14253922574886568,10.748230862633797,17.901694024164136,1.6655479634699077,0.44989725373642114,0.12693287134734035,0.12490619216911746,0.35620317317176026
0,1828,160,59.020874992700186,3483.463684903942,8.155782389528204,1.0210042637706855,1.0522593331031607,4.452675227453531,0.17809149237824679,16.754840540788372,3.9603344798835534,26.695647140857144,1.5933095320047148,32.96051635589724,671.9611613479198,40.10549427266001,0.1648348814031129,25.462699021235828,112.80935755874812,4.430377057226549,0.23664390719497502,0.165472217547405,0.1831116751952856,0.27233367999429614
0,1887,1,1.062987302449091,1.1299420051679954,0.12216630854700505,1.0435048877115165,1.0629873024490926,4.45726631850734,0.22267658270157303,0.2226765827015731,0.04691302684977969,0.2226765827015731,0.9999999999999956,0.0,0.2226765827015731,0.9999999999999956,0.2226765827015731,0.2226765827015731,0.2226765827015731,0.9999999999999956,0.9999999999999956,nan,nan,nan
0,1887,2,1.128946499640315,1.2745201990501196,0.24256979331583606,1.0435048877115165,1.0629873024490926,4.45726631850734,0.22267658270157303,0.43990670339304094,0.09295299173836624,0.4399622982053688,1.0001263786432397,0.00038138029481858687,0.45964231124992005,1.0448631669048358,0.22289275662049352,0.44578530378641684,0.44021784414363774,0.9875108946044404,0.9994195011818137,0.10798929740580882,0.10798929740580833,0.9178786104217757
0,1887,5,1.3441228203016558,1.8066661560556772,0.5914832441573963,1.0435048877115165,1.0629873024490926,4.45726631850734,0.22267658270157303,1.0528347472496404,0.2249992151877715,1.05481604213894,1.0018818669259106,0.012484362367185682,1.2445990750191283,1.1821409563755751,0.22008696992628832,1.1003072111491043,1.059614117792786,0.9630166075946902,0.9954718651127057,0.030236585963144436,0.030113919005538274,0.8259622369559387
0,1887,10,1.773151490223401,3.1440662072814676,1.1455169326408694,1.0435048877115165,1.0629873024490926,4.45726631850734,0.22267658270157303,1.926972407505064,0.4182573249645701,1.947031622009836,1.0104097051035321,0.12721969239029116,2.733465782455689,1.4185287613925026,0.20710138829921626,2.0648613785043812,1.982386330768353,0.9600578282907459,0.9821655808407361,0.16468784691406324,0.15866073992295504,0.7334145833070835
0,1887,20,2.9661288453126673,8.797920326995857,2.174515367076915,1.0435048877115165,1.0629873024490926,4.45726631850734,0.22267658270157303,3.1445453891847777,0.6671218632266074,3.281233882031591,1.0434684432658958,0.862950475138316,6.308926397264818,2.0063079448506236,0.1778172048223313,3.486338551539209,3.666168439292231,1.0515813037358712,0.8950035810861561,0.21661547673039944,0.20065514892244202,0.6470308153688699
0,1887,40,8.02553538694063,64.40921824703629,4.165256763348617,1.0435048877115165,1.0629873024490926,4.45726631850734,0.22267658270157303,4.482306248782852,0.8874134218530715,5.680251114890765,1.2672608250347033,3.2542933366621107,19.739584577670662,4.403890203403849,0.1844088421875579,7.280438309932692,9.586823031699703,1.3167920149286083,0.5925060988513605,0.19694539672700642,0.19134979403153024,0.5266059597399435
0,1887,80,26.426148534594166,698.3413263724334,6.548707989502004,1.0435048877115165,1.0629873024490926,4.45726631850734,0.22267658270157303,7.730363340056661,1.677606834957172,8.439849690405183,1.0917791724836727,9.655431194542757,93.36443406773326,12.077625586360721,0.18443403403194983,14.645154410925045,30.507193645574265,2.0830912935145562,0.27665113312150125,0.18584055562250093,0.18236590068941014,0.38855811313132876
0,1887,160,226.77329859062039,51426.12895367067,10.847901667681658,1.0435048877115165,1.0629873024490926,4.45726631850734,0.22267658270157303,22.451602624784755,4.687011791202602,60.78910218303385,2.707561825271555,62.02964530085555,1727.3833977003603,76.93808885578032,0.1748040658206477,27.62089420650419,468.4363024458802,16.9594908457226,0.12977026303390948,0.2680427827930817,0.2763934807477374,0.37666537298010383
0,1946,1,1.0617387617029281,1.1272891981024673,0.11981581092580848,1.0226836473545502,1.061738761702927,4.443898356465882,0.1879248764755051,0.18792487647550485,0.03889865883193558,0.18792487647550485,0.9999999999999947,0.0,0.18792487647550485,0.9999999999999947,0.18792487647550485,0.18792487647550485,0.18792487647550485,0.9999999999999947,0.9999999999999947,nan,nan,nan
0,1946,2,1.1280374879357948,1.2724685741884985,0.2409587730185284,1.0226836473545502,1.061738761702927,4.443898356465882,0.1879248764755051,0.3759475473150419,0.07795734852056029,0.3760873103328082,1.0003717620151096,0.0004206758263947813,0.39046786665505817,1.0386232586000816,0.189437003894238,0.3788620328660758,0.3764556408856833,0.9936483686101,0.9990215831219595,0.13141235509611313,0.1314123550961124,0.9297740896586743
0,1946,5,1.355464755105887,1.837284702334262,0.6082887764423743,1.0226836473545502,1.061738761702927,4.443898356465882,0.1879248764755051,0.9408190153628972,0.19607898235582957,0.9437453515975827,1.0031104135725357,0.01107428369390672,1.09127004739699,1.1599149566253812,0.19339691942565748,0.9668146016201771,0.9506286244459254,0.9832584477446571,0.992759240915604,0.113290155696106,0.11286488837877846,0.8456024449768246
0,1946,10,1.8339051614668758,3.3632081412548476,1.212895322384663,1.0226836473545502,1.061738761702927,4.443898356465882,0.1879248764755051,1.8775250379564794,0.3949103434644357,1.89030652041755,1.0068076229092429,0.09229463963905446,2.591614275754049,1.380335400786341,0.1966608492677093,1.9661681237853412,1.9400567801798965,0.9867196791110745,0.9743562867486103,0.11797064381112429,0.11730975786744274,0.7413739131679256
0,1946,20,3.2209155664954507,10.37429708649271,2.339331313122082,1.0226836473545502,1.061738761702927,4.443898356465882,0.1879248764755051,3.5753221983986516,0.7733040438885099,3.7105903196061325,1.0378338269116179,1.0272801070779478,7.38660167338031,2.065996087482322,0.1922407225829297,3.842369485778222,4.077153764504394,1.0611040347876952,0.9100932988867,0.21602060133066217,0.21525540057900522,0.5887580994804921
0,1946,40,9.366304990736092,87.72766917948782,4.4742373476748245,1.0226836473545502,1.061738761702927,4.443898356465882,0.1879248764755051,5.515842152062433,1.2919153233228113,11.335487351839834,2.055078270795217,10.316265214958356,30.601346641508883,5.5479010816266205,0.1855651231951791,7.412724549595313,13.506478121259985,1.8220666410702324,0.8392630003225722,0.2949349510833675,0.29658191593510835,0.51254659307519
0,1946,80,46.415214760108924,2154.3721612270333,7.675254619592065,1.0226836473545502,1.061738761702927,4.443898356465882,0.1879248764755051,8.22091595834353,1.8071023969127256,60.66686330355938,7.3795746861987634,61.28130402422518,164.43055121173143,20.00148791751707,0.16394954686644375,12.928708836957245,66.77291151198497,5.164700694713757,0.9085550102554742,0.28372550588307904,0.29791832625417586,0.4468904804001765
0,1946,160,550.3646907643302,302901.29284011683,12.621162265213934,1.0226836473545502,1.061738761702927,4.443898356465882,0.1879248764755051,15.203932109776932,2.9940294540650823,404.98312809886244,26.63673615317164,406.5760460224168,1148.6546127001438,75.54983831856879,0.17040124536397278,26.72633407351274,438.87871550627295,16.421208920726087,0.9227677574468155,0.2218534243246186,0.2223868849406477,0.36160262409491245
0,2005,1,1.0563301898237414,1.1158334699330614,0.10960163233454587,1.0338807820157019,1.0563301898237405,4.451891831414399,0.122408951824793,0.12240895182479311,0.02976420872579331,0.12240895182479311,0.9999999999999918,0.0,0.12240895182479311,0.9999999999999918,0.12240895182479311,0.12240895182479311,0.12240895182479311,0.9999999999999918,0.9999999999999918,nan,nan,nan
0,2005,2,1.115033821761698,1.243300423672498,0.2177694757411929,1.0338807820157019,1.0563301898237405,4.451891831414399,0.122408951824793,0.24460404824490817,0.059290782022327654,0.24461867026033013,1.0000597783050849,0.00013596115088430275,0.25090624732251116,1.025764900960641,0.12200025772991396,0.24399914174769083,0.2447750027584592,1.0031797694254583,0.9993613216367345,0.20296328826541726,0.2029632882654156,0.9525871366066696
0,2005,5,1.3049477388340551,1.7028886010881132,0.532325986204607,1.0338807820157019,1.0563301898237405,4.451891831414399,0.122408951824793,0.6102139880654108,0.14611022732612,0.6109638516123369,1.001228853421244,0.004143110061471434,0.6785140028940684,1.1119279730790688,0.12120303235384541,0.6060045356569461,0.6144326749402046,1.0139077165059842,0.9943544289401499,0.2175046906355672,0.21755518981383662,0.8881624396843578
0,2005,10,1.6645116427712234,2.770599008920957,1.0190635455287924,1.0338807820157019,1.0563301898237405,4.451891831414399,0.122408951824793,1.2238928165115297,0.2851551364080852,1.2336677731491896,1.0079867750719547,0.04150880527479609,1.5902161810000324,1.2993100045579442,0.12257073729320907,1.2254821199618646,1.2693879851266952,1.0358274220811934,0.9718602882680181,0.11199481739489595,0.1121264213103412,0.7914944986692172
0,2005,20,2.51069128831979,6.303570745244886,1.8411162577950642,1.0338807820157019,1.0563301898237405,4.451891831414399,0.122408951824793,2.624322126044686,0.5791027681293865,2.6847529945889717,1.0230272297537515,0.4717511150635186,4.924284242970256,1.8764023646716017,0.14036011446977756,2.7785727962256797,3.05880959891768,1.1008563832024354,0.877711707044118,0.17213210968911752,0.18296662937949273,0.6318913487631048
0,2005,40,4.72172731540164,22.29470884100998,3.1043493786091005,1.0338807820157019,1.0563301898237405,4.451891831414399,0.122408951824793,5.434296169436003,1.138679248773704,6.078378541873947,1.1185217647982535,3.623116388360823,18.62274674226205,3.4268921239518684,0.16896544041026634,6.6451185249839675,8.772627303168365,1.3201611483956985,0.6928800611053714,0.19970937944667116,0.21132075135297998,0.5322835866017596
0,2005,80,10.67989244170242,114.06010256633246,4.73672552495938,1.0338807820157019,1.0563301898237405,4.451891831414399,0.122408951824793,8.121756165462514,1.7969661305119697,9.768726462612035,1.2027849966923658,11.154973397569282,64.03991261591452,7.884983408913703,0.15790851587321428,12.352666651765038,21.702074412050287,1.756873639016992,0.4501286963235116,0.16765789074382392,0.17512558949932958,0.4124051300103322
0,2005,160,52.55240830769459,2761.7556189386473,7.923621850307623,1.0338807820157019,1.0563301898237405,4.451891831414399,0.122408951824793,14.09754717171342,3.1321080893652287,23.767262428419254,1.685914729628145,24.055641547721446,305.6657467091736,21.68219357495669,0.17079787913079075,26.75724068938357,89.0836101260129,3.329327233706817,0.26679725254510184,0.1841961549437855,0.18289861073547262,0.36053598852477453
0,2064,1,1.0601600603719825,1.1239393536079256,0.11683979415099445,1.0284217722352877,1.060160060371983,4.442618436787927,0.0964284778177355,0.09642847781773575,0.020089617011660905,0.09642847781773575,0.9999999999999897,0.0,0.09642847781773575,0.9999999999999897,0.09642847781773575,0.09642847781773575,0.09642847781773575,0.9999999999999897,0.9999999999999897,nan,nan,nan
0,2064,2,1.1233110928060555,1.2618278112211345,0.23256131362238525,1.0284217722352877,1.060160060371983,4.442618436787927,0.0964284778177355,0.18735137214044903,0.03913710495867526,0.18735927312981734,1.0000421720389718,7.697594583217956e-05,0.19645217460453135,1.0485761185525708,0.09533734359231785,0.190662053746031,0.18827012849858488,0.9874546339953242,0.9951619761667323,0.04873222232653501,0.04873222232653451,0.9199554072164301
0,2064,5,1.3290867881630737,1.7664716904696351,0.5689841619143126,1.0284217722352877,1.060160060371983,4.442618436787927,0.0964284778177355,0.44174461485294325,0.0933391092160552,0.44183649314939855,1.0002079896242422,0.0019395877437673374,0.5420228516143394,1.2270050010564986,0.09635862322203471,0.4816641933391951,0.4602433567338416,0.9555274465040634,0.9600062373195999,0.09747744455679996,0.09778014896740365,0.8192356736110865
0,2064,10,1.713222652755282,2.935131857913846,1.0767523783062976,1.0284217722352877,1.060160060371983,4.442618436787927,0.0964284778177355,0.8858399399850776,0.1920972261630789,0.8846050870532342,0.9986060089683185,0.016649044259137467,1.3740636787480134,1.551142160931645,0.10738385823190712,1.0671307464573034,1.002085941562401,0.9390470145192223,0.8827636935750264,0.24139056045370197,0.2524756509872752,0.7080723929872114
0,2064,20,2.5497735702190303,6.5013452593875005,1.8720091184704002,1.0284217722352877,1.060160060371983,4.442618436787927,0.0964284778177355,2.0495757464563495,0.4547514861902096,1.9884736979757194,0.9701879530013592,0.16587751074390464,4.048295485453981,1.975187056371716,0.13191317248553086,2.5885501440487486,2.625007700944925,1.014084160965548,0.7575115673984222,0.2134116645310927,0.21997193805133536,0.6406045964742207
0,2064,40,4.0260626112855755,16.209180149991628,2.7855777576635767,1.0284217722352877,1.060160060371983,4.442618436787927,0.0964284778177355,4.100124744593815,0.8088238940467273,4.4376471583073505,1.0823200353010165,1.8052058691737982,16.46952421609375,4.016834911622993,0.17416415727718315,6.737788941425379,8.905988051715012,1.3217968281789114,0.4982767922592035,0.2120599310086961,0.1905933475113249,0.5540504666075796
0,2064,80,14.160578789957158,200.52199166658454,5.300923924854376,1.0284217722352877,1.060160060371983,4.442618436787927,0.0964284778177355,8.629447258739514,1.8999947996580566,11.451846867842962,1.3270660940936914,11.39965607283819,93.38069502586583,10.821167593474085,0.1804278143908191,14.17303538325312,30.83160716133871,2.175370788798663,0.37143204400330465,0.16413297019242576,0.1707957797112277,0.3757660526383443
0,2064,160,151.12483913787435,22838.717004448397,10.036212489006903,1.0284217722352877,1.060160060371983,4.442618436787927,0.0964284778177355,19.74768096009579,4.447202452289607,38.06936983382961,1.92778939009378,45.66676898041122,651.0451336061222,32.96818167772163,0.17610715345379943,27.463214775851597,146.85217094771514,5.347231638622375,0.25923600303725663,0.19052850691986617,0.20621778686165743,0.2933524430061927
0,2123,1,1.0736165885906563,1.1526525792970386,0.14206587697149092,1.0246978362898151,1.073616588590657,4.457809063547518,0.17218944499865269,0.1721894449986525,0.03518098994940791,0.1721894449986525,0.9999999999999942,0.0,0.1721894449986525,0.9999999999999942,0.1721894449986525,0.1721894449986525,0.1721894449986525,0.9999999999999942,0.9999999999999942,nan,nan,nan
0,2123,2,1.1534364659188063,1.3304156809112657,0.2854914354411194,1.0246978362898151,1.073616588590657,4.457809063547518,0.17218944499865269,0.3400686676845539,0.06965635986172897,0.3402012230065916,1.0003897898707907,0.00034227532883227224,0.3554263132695674,1.0451604250682045,0.1713951105523701,0.3427865225632297,0.34071346293888144,0.9939523304217223,0.9984965667987628,0.0215668475115168,0.021566847511516676,0.9203976022810079
0,2123,5,1.4308483438003654,2.047326982956249,0.7165350315659557,1.0246978362898151,1.073616588590657,4.457809063547518,0.17218944499865269,0.8165213669887855,0.16861056235716843,0.8200780806309635,1.0043559345608966,0.00983472881506617,0.9822476030653269,1.2029661963259026,0.1696019999346983,0.8479705385494685,0.8310270666588596,0.9800187965025374,0.9868247540096168,0.01539793289738151,0.015384944331056704,0.8203629736005487
0,2123,10,2.009023725868233,4.036176331101477,1.3952977911062472,1.0246978362898151,1.073616588590657,4.457809063547518,0.17218944499865269,1.5287504914615626,0.32096768309687446,1.555352132642078,1.017400904417752,0.08757486602771784,2.369443047959241,1.5499213646655525,0.16945662504582065,1.6944841233097563,1.6543999968111482,0.976344348142776,0.9401306429158693,0.05904017031136209,0.05902145026275398,0.6964785708015959
0,2123,20,3.472556944377557,12.058651731944796,2.489782388361496,1.0246978362898151,1.073616588590657,4.457809063547518,0.17218944499865269,2.880703774976579,0.6316443328848825,2.981700925820455,1.0350598876986914,0.6040725721924748,6.922296181116695,2.4029878536098264,0.17607149365617522,3.5184913436213363,3.8206198685655024,1.0858687702875534,0.7804233418646722,0.18805666669249824,0.19284920068825975,0.5863294679272587
0,2123,40,9.385777092064345,88.09281162191982,4.478390936218431,1.0246978362898151,1.073616588590657,4.457809063547518,0.17218944499865269,5.143347973511148,1.1448978187984826,4.110781036680143,0.7992422557935321,2.622091138840928,16.96506731866928,3.298448288165877,0.16419942290804893,6.485903753680557,7.922248474067594,1.2214563729182621,0.5188906975256111,0.15223693884496872,0.15333621307140619,0.5147493051706282
0,2123,80,53.75457379943799,2889.5542043592254,7.968857514661041,1.0246978362898151,1.073616588590657,4.457809063547518,0.17218944499865269,7.328724740184586,1.6516378155683227,8.972086808387703,1.224235747208828,11.483040232722967,80.0406817062221,10.92150197255275,0.17937011760062285,13.966992234659859,23.132558889108317,1.6562305255460512,0.3878553536337089,0.1540630710613477,0.16748097031443163,0.3930490695546272
0,2123,160,382.282265969187,146139.73087453624,11.892318503784297,1.0246978362898151,1.073616588590657,4.457809063547518,0.17218944499865269,26.34808827190469,6.143600388632525,26.10515579733007,0.9907798823175471,42.22560395928059,377.60762063332345,14.331499755751592,0.15847987150927434,24.5598723215612,80.24820978670522,3.2674522381883486,0.32530514844774683,0.20348499109588014,0.20696223665738442,0.33763781564265705
0,2182,1,1.0612687889128531,1.1262914423205541,0.11893032599643887,1.0256261643522897,1.0612687889128525,4.445262315779605,0.2282699814822804,0.2282699814822803,0.049124196190387805,0.2282699814822803,0.9999999999999957,0.0,0.2282699814822803,0.9999999999999957,0.2282699814822803,0.2282699814822803,0.2282699814822803,0.9999999999999957,0.9999999999999957,nan,nan,nan
0,2182,2,1.1269220658889998,1.2699533425875311,0.23898016167558442,1.0256261643522897,1.0612687889128525,4.445262315779605,0.2282699814822804,0.4610170774545666,0.09918431852272329,0.46111041480394355,1.000202459635316,0.00048163260862924294,0.47841234534497235,1.037732372055391,0.23225752093454288,0.46444772729123385,0.4616851077427512,0.9940518181354964,0.9987552274717754,0.27217339239268484,0.2721733923926836,0.9309461256391086
0,2182,5,1.3502484698031196,1.823170930205666,0.6005772544418306,1.0256261643522897,1.0612687889128525,4.445262315779605,0.2282699814822804,1.1787393022577064,0.2543694325861984,1.1828833959058571,1.003515699900913,0.014407645579423077,1.36281903976169,1.1561666240799844,0.24234494411313617,1.210863487687429,1.194119705348743,0.9861720313570068,0.9905902989519754,0.33101188887222105,0.33210614024644036,0.8498595248661973
0,2182,10,1.7922140117410192,3.2120310638808385,1.1669034672335274,1.0256261643522897,1.0612687889128525,4.445262315779605,0.2282699814822804,2.3930468592943024,0.5250788426532956,2.4380486526983254,1.0188052286687328,0.13523467166527914,3.234514268630511,1.3516301429986841,0.24853597097109772,2.4836299786902254,2.520009164104524,1.0146475866882083,0.9674761058119707,0.3551970782667405,0.35653164500506196,0.7719901496150451
0,2182,20,2.7314660538268747,7.460906803208559,2.009676962218299,1.0256261643522897,1.0612687889128525,4.445262315779605,0.2282699814822804,4.602350462318028,1.037926469025401,4.790981075029327,1.040985712464907,1.1776072053571176,7.581198251706375,1.6472448836258364,0.2236663984428322,4.413954984906741,5.226909977696492,1.1841783605790275,0.9165991179248738,0.2646720536646768,0.26760026882705445,0.721637466843011
0,2182,40,7.266624650146108,52.803833806111044,3.9665837980404643,1.0256261643522897,1.0612687889128525,4.445262315779605,0.2282699814822804,7.343584849297154,1.6334348017138904,11.621977940133071,1.58260279940054,7.481160617594804,26.54915161090333,3.615284926331901,0.18762974947978095,7.263708641748192,14.385831493395472,1.9805077823073538,0.807876690719526,0.30640136326112705,0.3448724771984122,0.5704622717668182
0,2182,80,51.75619441066043,2678.703659874078,7.893088247477754,1.0256261643522897,1.0612687889128525,4.445262315779605,0.2282699814822804,12.788990709328619,3.3701750361590634,17.74540922853987,1.387553531929295,18.34639717380377,64.33000357867584,5.030107929607914,0.15815057841711752,12.029643395288607,24.66812192179634,2.050611236859903,0.7193660419223209,0.1788952638831441,0.2027948014797587,0.4032578873939952
0,2182,160,208.57720795559115,43504.451678549915,10.680618549278586,1.0256261643522897,1.0612687889128525,4.445262315779605,0.2282699814822804,38.47308500311356,7.842755065564343,72.33620279897076,1.8801768247364805,90.26540658135343,326.7239189825625,8.492272427753617,0.1545150091711306,23.8457120761977,119.0124781196663,4.990938317940277,0.6078035172600739,0.27144275785005834,0.2922626736289437,0.3861520487417341
0,2241,1,1.047984589240589,1.0982716992857662,0.09373776173525987,1.0342463345707562,1.047984589240588,4.440126951854848,0.10378048114406392,0.10378048114406395,0.02791511146943875,0.10378048114406395,0.9999999999999903,0.0,0.10378048114406395,0.9999999999999903,0.10378048114406394,0.10378048114406395,0.10378048114406395,0.9999999999999903,0.9999999999999903,nan,nan,nan
0,2241,2,1.0978159209406992,1.2051997962708756,0.18664535923223877,1.0342463345707562,1.047984589240588,4.440126951854848,0.10378048114406392,0.20358448722904138,0.05508838420086769,0.20359016689311343,1.0000278983145934,0.00012555578389879512,0.20997141998546165,1.0313723940529598,0.10249077902481124,0.20496512080706797,0.2040410205129943,0.9954914265879192,0.9977903775488461,0.037169516483114735,0.03716951648311438,0.9454860282206267
0,2241,5,1.2594311701583671,1.586166872366474,0.46132033354574525,1.0342463345707562,1.047984589240588,4.440126951854848,0.10378048114406392,0.48009328677957785,0.1314367674893165,0.48017734455528516,1.0001750863384702,0.0031630693259860733,0.5490215488233403,1.1435726429463862,0.09928805004825288,0.49621185109719146,0.4877377366663556,0.982922386049226,0.984499062625857,0.07614109152851868,0.07504221331337746,0.8690695190947783
0,2241,10,1.5771718300110846,2.487470981380514,0.9112665242058872,1.0342463345707562,1.047984589240588,4.440126951854848,0.10378048114406392,0.8691848701103936,0.23806585965672925,0.8689964369487296,0.99978320703898,0.022918745504545653,1.2178138503488987,1.4010987676237678,0.09520320048806352,0.9508107820028666,0.9211285141367692,0.9687821505309676,0.9434041218049841,0.13007092122769107,0.1254356542246308,0.7553873122233737
0,2241,20,2.379488570155195,5.661965855499214,1.7337711562051195,1.0342463345707562,1.047984589240588,4.440126951854848,0.10378048114406392,1.4621213646896365,0.3870441353671264,1.4522746004344966,0.9932654261862652,0.1416864939709966,3.3875885568816715,2.3168997038770103,0.0988149584265383,1.9683114894691673,1.9124325170007586,0.971610706553626,0.7593860633117021,0.20215175899518756,0.20586758310486006,0.5807223647293679
0,2241,40,3.784896883429533,14.325444418194591,2.662037286077308,1.0342463345707562,1.047984589240588,4.440126951854848,0.10378048114406392,3.252351583453795,0.7645792163584475,3.3682029155730846,1.0356207898028853,1.0659840963531757,12.581358408373198,3.8683881756143275,0.12563369791296017,4.915822133865358,6.433480038282662,1.3087292141760127,0.5235429185340543,0.3391497802481893,0.3574439166831864,0.5365146403019153
0,2241,80,9.347921589123949,87.38363803640962,4.470308057314518,1.0342463345707562,1.047984589240588,4.440126951854848,0.10378048114406392,7.840239765988776,1.6866275636170525,8.660673312749847,1.104643935804124,7.134736804764655,53.82675798483531,6.865447944377618,0.1279692700414487,10.040152774350451,20.005901951335176,1.9925893958948704,0.4329059161549995,0.16603578233286692,0.16073413337393253,0.4219779568985574
0,2241,160,239.7682279109807,57488.80311557198,10.959345479398566,1.0342463345707562,1.047984589240588,4.440126951854848,0.10378048114406392,20.421807332638167,4.423663287848283,25.54506155987369,1.2508717345035143,36.54999525709489,268.669096232556,13.155990155835454,0.13796507851294992,21.51915428683081,82.02332050881245,3.811642382201269,0.3114365695196304,0.2099939073149976,0.21253193107928336,0.3432267948009176
0,2300,1,1.0735177213784555,1.152440298113591,0.1418816924762561,1.0338859417195723,1.0735177213784561,4.455365230661925,0.10868450221026903,0.10868450221026905,0.02475521201391566,0.10868450221026905,0.9999999999999908,0.0,0.10868450221026905,0.9999999999999908,0.10868450221026904,0.10868450221026905,0.10868450221026905,0.9999999999999908,0.9999999999999908,nan,nan,nan
0,2300,2,1.1506485468381193,1.3239920783406758,0.28065147437053967,1.0338859417195723,1.0735177213784561,4.455365230661925,0.10868450221026903,0.21830383077480367,0.04961132319350677,0.2182771655696642,0.9998778527841411,0.0001432691409525002,0.22706851771065678,1.040149029473026,0.10963038327115422,0.2192526750796186,0.21934867740309877,1.0004378615834189,0.9951150294311261,0.49312302158677584,0.4931230215867713,0.9337354724737192
0,2300,5,1.3988746608001896,1.9568503166288456,0.6713361993511912,1.0338859417195723,1.0735177213784561,4.455365230661925,0.10868450221026903,0.5457654491511627,0.12309258808356338,0.5450308723180837,0.9986540429882059,0.004318765857692992,0.6473053599139985,1.1860504561451466,0.11349687709956637,0.5671797389233435,0.5655876787955217,0.9971930236244952,0.9636540765505767,0.40559049565242367,0.40414386048373935,0.8473832398680342
0,2300,10,1.835328154313487,3.3684294340157503,1.2144465924135617,1.0338859417195723,1.0735177213784561,4.455365230661925,0.10868450221026903,1.052944480126425,0.23474311038345902,1.046918273235489,0.9942768047084367,0.03745310248159126,1.5811323921971763,1.5016294040568323,0.12192508279277989,1.2157456318061621,1.1829063933401789,0.972988396908984,0.8850389845973352,0.22290760938521817,0.2154130368427248,0.730244791570993
0,2300,20,2.700782430233726,7.294225735459192,1.9870830400100452,1.0338859417195723,1.0735177213784561,4.455365230661925,0.10868450221026903,1.916261083456814,0.4145559816448789,1.8733841232716155,0.9776246772658702,0.21180438091098594,4.2099775206490655,2.1969749096268916,0.1406291867398972,2.7826576682866597,2.4850238003531584,0.893039711163335,0.7538696905057326,0.13087338956283862,0.1310048083660628,0.5867369485510167
0,2300,40,4.910036749499158,24.108460881432254,3.1825628528029317,1.0338859417195723,1.0735177213784561,4.455365230661925,0.10868450221026903,4.692736376422449,0.9487997293162477,5.387890142097072,1.1481339904724372,1.8146809962820363,14.21603531149634,3.029370109712846,0.16630929094883573,6.543922765977511,7.622685981666942,1.1648496252581135,0.7068230483395617,0.35791079379937724,0.3852514286973797,0.565659871059675
0,2300,80,11.60968255506788,134.78472902944748,4.903678905929153,1.0338859417195723,1.0735177213784561,4.455365230661925,0.10868450221026903,6.2146775458760946,1.514696490100873,14.476863122738202,2.329463277196849,11.236745103301782,73.4572573378533,11.81996278899421,0.14535849038725782,11.346890306714775,25.580697298545747,2.254423600394533,0.5659291830000742,0.20081704480526436,0.21481370625894838,0.4056511323852401
0,2300,160,78.34446564751502,6137.855297594661,8.722230660055693,1.0338859417195723,1.0735177213784561,4.455365230661925,0.10868450221026903,15.726402590051132,3.9675912985681596,46.02195054065377,2.926413099062354,50.21212816628938,353.01068560347,22.447008054263616,0.14091098925885084,21.95386983182277,84.42149265342832,3.8454037169819104,0.5451449517670289,0.22235033598385756,0.2293424637978941,0.32633897542303497
0,2359,1,1.0580962457626137,1.1195676652969375,0.1129425976570231,1.0264714660467746,1.058096245762611,4.44570701502184,0.10613107196350204,0.1061310719635019,0.024291004918568015,0.1061310719635019,0.9999999999999906,0.0,0.1061310719635019,0.9999999999999906,0.10613107196350188,0.1061310719635019,0.1061310719635019,0.9999999999999906,0.9999999999999906,nan,nan,nan
0,2359,2,1.1206686873148428,1.255898306727973,0.22785109878717175,1.0264714660467746,1.058096245762611,4.44570701502184,0.10613107196350204,0.21402875137403246,0.04931942159179782,0.21405879354722998,1.0001403651285337,0.0001289569114877015,0.22022749928337998,1.0289622205874278,0.10700565506338262,0.2140042196647034,0.2142917256423111,1.001343459386255,0.9989130140494975,0.08795988496348697,0.08795988496348614,0.947169170063455
0,2359,5,1.3372596250116922,1.7882633046864116,0.5812449280381851,1.0264714660467746,1.058096245762611,4.44570701502184,0.10613107196350204,0.5518979331279537,0.12966574358757194,0.5525779349863891,1.0012321152474344,0.0035819806246423173,0.6192240984468267,1.1219902472496899,0.11028763578895051,0.5512155479741294,0.557213345967375,1.010881039214674,0.9916810840685457,0.05696611856220448,0.05705235482226385,0.8792761245932224
0,2359,10,1.7975359380746676,3.231135448669975,1.1728336075576018,1.0264714660467746,1.058096245762611,4.44570701502184,0.10613107196350204,1.1764580962936049,0.2837222943016811,1.1779861612704337,1.0012988690218902,0.028291260957913563,1.5195683036904215,1.2916467730366032,0.11719856601235386,1.169494640686917,1.2139607884069346,1.038021677204009,0.9703659068068327,0.039287886071796466,0.041269882736912386,0.7892716340876859
0,2359,20,2.8969055130722516,8.392061551668405,2.1272862056319704,1.0264714660467746,1.058096245762611,4.44570701502184,0.10613107196350204,2.506927289315502,0.6119734524941093,2.429246400690502,0.9690135055148684,0.2280539791450619,4.236431013633159,1.6898898630561734,0.12600916918461944,2.5117083977160006,2.6794228203064243,1.0667730468803354,0.9066304811170817,0.14834374329492991,0.15444735029537296,0.6513470116381042
0,2359,40,4.436067770049258,19.678697260469793,2.979536693318708,1.0264714660467746,1.058096245762611,4.44570701502184,0.10613107196350204,3.454499995114639,0.7605428163929843,3.5385949098027933,1.0243435851229066,1.0176191015270533,13.259221040035387,3.838246072886554,0.13575121449353983,5.360259549790528,5.98553831406375,1.1166508372337411,0.5911907541362543,0.14743467536446225,0.15709793497415797,0.4803159318207126
0,2359,80,9.708845383287198,94.26167867657713,4.546074730339522,1.0264714660467746,1.058096245762611,4.44570701502184,0.10613107196350204,2.7732571556294467,0.6628376308676246,5.370053127350246,1.9363704214914041,5.020998113321783,55.7482220125733,20.102074522519388,0.1414025486083062,11.102166497144983,19.255951201937137,1.7344318522775681,0.2788775828851302,0.23439707204646754,0.2355384487627261,0.4271731331821293
0,2359,160,10.438906686193091,108.97077280304683,4.6910797068517525,1.0264714660467746,1.058096245762611,4.44570701502184,0.10613107196350204,5.49779566574076,1.2184053516669977,21.983859231702265,3.99866793316703,19.853803043499894,448.8498621949682,81.64178690596918,0.12382768625418629,19.276069629448962,126.39395180986793,6.557039595705232,0.1739312595018168,0.24339386730377519,0.2549862479148648,0.3817907004162016
0,2418,1,1.0575629974569483,1.1184394935901252,0.11193440445451829,1.026489186341971,1.057562997456949,4.43904798521248,0.1767680194074475,0.1767680194074475,0.03621686222984241,0.1767680194074475,0.9999999999999943,0.0,0.1767680194074475,0.9999999999999943,0.1767680194074475,0.1767680194074475,0.1767680194074475,0.9999999999999943,0.9999999999999943,nan,nan,nan
0,2418,2,1.118815485777012,1.2517480912144514,0.2245410473331666,1.026489186341971,1.057562997456949,4.43904798521248,0.1767680194074475,0.35292045305203307,0.07257990490440303,0.3530053535529593,1.0002405655444195,0.00033646868195432453,0.3645975945124393,1.033087176896159,0.17723405016244426,0.35446687812279176,0.35318845786824177,0.9963933999663909,0.9994815676695987,0.3093716169218359,0.3093716169218341,0.9389555172990376
0,2418,5,1.3254080761407172,1.7567065682990373,0.5634407880289222,1.026489186341971,1.057562997456949,4.43904798521248,0.1767680194074475,0.8704957182680415,0.18183208961280947,0.8730467121803069,1.0029305071337282,0.009733705844624062,0.9838552849250216,1.1302241519148672,0.1756062185590338,0.8779587889461584,0.8764365108041641,0.9982661166319405,0.9961322941455875,0.35751504861115024,0.35744988148203766,0.8712059165211586
0,2418,10,1.7463152309461196,3.049616885834399,1.1150159715277361,1.026489186341971,1.057562997456949,4.43904798521248,0.1767680194074475,1.6664409996950922,0.3613686967617783,1.6861831316737252,1.0118468832573395,0.08543033243468988,2.1379652035841312,1.2829528341989378,0.16523383443330766,1.6472807145878885,1.7107095367899416,1.0385051689371112,0.985663021928176,0.41639302110801035,0.4140858364874929,0.8031842939593292
0,2418,20,2.870387639359466,8.239125200187607,2.1088941732596993,1.026489186341971,1.057562997456949,4.43904798521248,0.1767680194074475,2.9380994136118024,0.696587929603127,3.074061848776119,1.0462756415029462,0.6046696401179097,4.636350510728325,1.5780100868094393,0.13817440358212513,2.6782619684743483,3.2750433902942353,1.2228241407467086,0.9386324034320472,0.5284741545351848,0.5172814632944445,0.746453707065257
0,2418,40,6.8862172694100074,47.41998828152062,3.859043833516196,1.026489186341971,1.057562997456949,4.43904798521248,0.1767680194074475,4.680677534722258,1.1843828854883862,6.160051671274613,1.316059828000977,3.4606214717756516,13.153042422041814,2.810072329159562,0.12105114559437788,4.688990287801746,7.805079746010103,1.6645544705679511,0.7892362245784336,0.3750413948915022,0.40506419944182337,0.5858026716472543
0,2418,80,36.59238973594925,1339.0029865876038,7.199680576149928,1.026489186341971,1.057562997456949,4.43904798521248,0.1767680194074475,10.020823659628165,2.355125476673146,17.00403801169495,1.696870296221329,18.7630042504299,47.981765364701396,4.788205739814586,0.10909746911440414,8.50358739952199,22.42288746817753,2.636873876246392,0.7583340029613496,0.2708043491055758,0.2966527968897588,0.45287242845700965
0,2418,160,988.2093538274004,976557.7269919682,13.791789143774789,1.026489186341971,1.057562997456949,4.43904798521248,0.1767680194074475,16.315087695212764,3.337793436114589,86.85800096130014,5.323783885439141,92.08885361036359,328.82607667783145,20.154723212080366,0.14752295462160833,22.14787606577073,120.4571980068026,5.438769733453933,0.7210694121939893,0.19333860916947415,0.1925941990995659,0.3501277285435012
0,2477,1,1.058333423788322,1.120069635907512,0.11339085829164451,1.0266658231003147,1.0583334237883224,4.454478944873301,0.0895084527224924,0.08950845272249225,0.02216410872688362,0.08950845272249225,0.9999999999999888,0.0,0.08950845272249225,0.9999999999999888,0.08950845272249225,0.08950845272249225,0.08950845272249225,0.9999999999999888,0.9999999999999888,nan,nan,nan
0,2477,2,1.1201190451051113,1.2546666752071864,0.2268699398620265,1.0266658231003147,1.0583334237883224,4.454478944873301,0.0895084527224924,0.18053284860690616,0.044674043841004006,0.18052783541656992,0.9999722311458777,0.00010314565868066087,0.1863459043855139,1.0321994353020159,0.09053917407524535,0.18106674549644325,0.18076132215302532,0.9983132002368434,0.9987083147341734,0.2596624400153308,0.2596624400153279,0.9410832055208432
0,2477,5,1.3242964337970087,1.753761044567475,0.5617626501010753,1.0266658231003147,1.0583334237883224,4.454478944873301,0.0895084527224924,0.4621925906095257,0.11401969291376944,0.46247640386659794,1.0006140584311336,0.0034877943104589322,0.5245007361029317,1.1348099185476659,0.09331131165613214,0.46638481470377363,0.46668842926138043,1.0006509958043952,0.9909746521861496,0.24581270507690695,0.2454099978698228,0.8670661521572378
0,2477,10,1.7133999769134276,2.935739480886934,1.076959374147355,1.0266658231003147,1.0583334237883224,4.454478944873301,0.0895084527224924,0.9428759901432924,0.23020148412764532,0.9524153738695208,1.010117325953732,0.037770905600295106,1.2573386887857287,1.3335143772137468,0.09583729579061824,0.9578736756757091,0.9840442689685424,1.0273215497590231,0.9678582599417246,0.20903082639945264,0.20748099523719196,0.7747140330626066
0,2477,20,2.811626595530825,7.905244112696257,2.0675263509811237,1.0266658231003147,1.0583334237883224,4.454478944873301,0.0895084527224924,1.766084937918911,0.4164301549945291,1.8792558116019424,1.064080085421252,0.28600279205014745,3.503333885141895,1.9836723647448642,0.09821282877708637,1.9628670901597784,2.196260010602329,1.1189040876035834,0.8556618080418228,0.20476877726896386,0.20270877320296796,0.6416208596450717
0,2477,40,4.54623158420455,20.668221617219015,3.028597333089485,1.0266658231003147,1.0583334237883224,4.454478944873301,0.0895084527224924,2.711438946704168,0.6077658605208314,3.089606567700892,1.1394711916550422,1.1229686486794355,11.565570674855886,4.265473389660558,0.10536053543557837,4.183237068549796,5.945368280018054,1.421236277694187,0.5196661370978198,0.19653020980549796,0.18975431516167796,0.5691503737464882
0,2477,80,13.06359920312879,170.65762413998715,5.139659351412957,1.0266658231003147,1.0583334237883224,4.454478944873301,0.0895084527224924,5.457817026515281,1.2070445442482713,8.354341343673868,1.5307111438669765,7.403864402199724,51.66270281337678,9.465818029880435,0.13558719910310746,10.584934949058516,19.37596557723612,1.8305228771348778,0.43117032337676,0.22242721587998857,0.22465447769573071,0.4249347420715207
0,2477,160,517.6360725420707,267947.10359677987,12.498544865373175,1.0266658231003147,1.0583334237883224,4.454478944873301,0.0895084527224924,16.268840572577737,3.9148650293873692,22.78164359916975,1.4003237352740303,29.13830572657168,270.9789619347699,16.656316762457173,0.17228678828527155,26.440935239761714,86.97141106619632,3.2892713619073977,0.26194404942826577,0.15481882309331405,0.15835618653985747,0.38219506708322065
0,2536,1,1.063820177595867,1.1317133702601017,0.12373274123480793,1.0295028598389808,1.063820177595868,4.444539547521167,0.15590024583362277,0.15590024583362275,0.03395701137398876,0.15590024583362275,0.9999999999999936,0.0,0.15590024583362275,0.9999999999999936,0.15590024583362275,0.15590024583362275,0.15590024583362275,0.9999999999999936,0.9999999999999936,nan,nan,nan
0,2536,2,1.131707999689258,1.2807629965606617,0.24745599140283545,1.0295028598389808,1.063820177595868,4.444539547521167,0.15590024583362277,0.3189547619767908,0.06992484588222715,0.31898791381994,1.0001039390129898,0.00027696924663084385,0.32346563502666087,1.0141426734685257,0.1567586012379843,0.3135125279476596,0.3196341358644782,1.0195258797372193,0.9979782445864507,0.7420015525535297,0.742001552553525,0.976898271304764
0,2536,5,1.359669020133474,1.8486998443107214,0.614482605160714,1.0295028598389808,1.063820177595868,4.444539547521167,0.15590024583362277,0.8421862026990597,0.18823389339822097,0.8426221303020535,1.0005176142776926,0.00834414370879896,0.897659116834267,1.0658677546098776,0.15853012889990822,0.7926102719050258,0.8550005686312188,1.0787149737237671,0.9855223039804721,0.6790095078943242,0.6785961733091735,0.9431119003530446
0,2536,10,1.8181873708189942,3.305805315405687,1.195680109402808,1.0295028598389808,1.063820177595868,4.444539547521167,0.15590024583362277,1.7525001281599717,0.39995530207377106,1.7485676500560903,0.997756075425791,0.07822948169582937,2.088127127432843,1.1915132523415333,0.15881149858732105,1.5880539496936965,1.84423275198056,1.1613161834560304,0.9481274249024512,0.3720950492956836,0.37120591615501586,0.8768894917070079
0,2536,20,3.0599799744365104,9.363477443952467,2.2368167432821626,1.0295028598389808,1.063820177595868,4.444539547521167,0.15590024583362277,3.2640264455570134,0.7261644759748317,3.272279243258152,1.0025284101825742,0.712812823763736,5.934101412912832,1.8180310459770685,0.15902949576419848,3.1794431240261023,3.9434044469615035,1.2402814873970769,0.8298107098244838,0.23160455674786976,0.23111651920934737,0.6715816447671843
0,2536,40,7.682837773806999,59.025996258635686,4.077977961416779,1.0295028598389808,1.063820177595868,4.444539547521167,0.15590024583362277,6.616905008984077,1.3572330020839545,6.229136074861335,0.9413972342664357,2.2947660147037365,23.123024699370575,3.494537803999812,0.20488285899113687,7.9928887040862655,10.90915488529659,1.3648575989453497,0.5710007915697478,0.1708899479453629,0.1656992206370777,0.507134062329997
0,2536,80,46.4165154977004,2154.4929109482614,7.675310666703885,1.0295028598389808,1.063820177595868,4.444539547521167,0.15590024583362277,11.528768298692686,2.5952786622775235,8.063590715657867,0.6994321081613066,11.359233121087952,87.1863438686379,7.5625029152962036,0.20334950558589043,15.949563766154434,30.065160123492227,1.8850145724544272,0.26820381739318133,0.17598380261325028,0.16582739030203167,0.44306419367294375
0,2536,160,169.06773992387525,28583.90068296712,10.260598925129868,1.0295028598389808,1.063820177595868,4.444539547521167,0.15590024583362277,26.4104189545014,5.220825389439623,30.502137670687908,1.154928201753843,44.821910910030894,389.98424441840785,14.766302840187956,0.19612514133532627,30.782583216130917,115.22474886297327,3.743179968164347,0.2647186300832075,0.22021003809479808,0.22828433436358583,0.3583484814243916
0,2595,1,1.0601557916518216,1.1239303025729006,0.11683174116180071,1.025803617290071,1.0601557916518216,4.440145946964856,0.20259315505376002,0.20259315505376008,0.04185024775513665,0.20259315505376008,0.9999999999999951,0.0,0.20259315505376008,0.9999999999999951,0.20259315505376008,0.20259315505376008,0.20259315505376008,0.9999999999999951,0.9999999999999951,nan,nan,nan
0,2595,2,1.1242966565045345,1.2640429718272752,0.2343152918455847,1.025803617290071,1.0601557916518216,4.440145946964856,0.20259315505376002,0.40006828386660814,0.0829131767736441,0.4000970234186505,1.0000718366168986,0.0003630243097481292,0.41078292473107336,1.0267820302097146,0.19931678567152086,0.3985788066362601,0.4009492666439335,1.0059472806085137,0.9978744362536999,0.010699000490150545,0.010699000490150493,0.9542188876842118
0,2595,5,1.3406823346596426,1.79742912246843,0.5863573786636912,1.025803617290071,1.0601557916518216,4.440145946964856,0.20259315505376002,0.9610451799485981,0.20132964012024693,0.9604337353524365,0.9993637712264524,0.010822146710463998,1.0721672408273717,1.1156262610720507,0.18962213152598992,0.9469841517500189,0.9791209553525333,1.0339359465975484,0.9809142885790147,0.11089692127345968,0.10935983347195276,0.9002858773632395
0,2595,10,1.7789054438958047,3.16450457832213,1.1519965120080116,1.025803617290071,1.0601557916518216,4.440145946964856,0.20259315505376002,1.7953310053800697,0.38385384906874565,1.7721359393239313,0.9870803400673018,0.09727917866126855,2.3585123249087636,1.3136921926045986,0.17831604078604046,1.778046603844341,1.9380119339117359,1.0899668938494245,0.9144091985785676,0.18797137122138352,0.18388407514379485,0.8236547841031734
0,2595,20,2.9521043410947763,8.714920040710624,2.1650365040257777,1.025803617290071,1.0601557916518216,4.440145946964856,0.20259315505376002,3.1024028234065093,0.6952606479484951,2.894733164235082,0.9330616715519224,0.6363237631385547,5.681474957838898,1.8313143976579116,0.16994493456699614,3.389185866082617,4.045938372163636,1.1937788401201272,0.715466450045573,0.36624540467365013,0.35230851851128786,0.7426467133962471
0,2595,40,6.033132709120063,36.39869028585439,3.5945327928375113,1.025803617290071,1.0601557916518216,4.440145946964856,0.20259315505376002,4.3049553237017175,1.0324357209335013,4.400990023537663,1.0223079434314237,2.819684905515524,16.26602751799085,3.778442816452766,0.16320362338188307,6.51051740613099,8.720358425702251,1.339426328465114,0.5046799464763112,0.08787615777278394,0.091582729002508,0.5696888073647235
0,2595,80,14.900163281581563,222.01486581779145,5.402744342773553,1.025803617290071,1.0601557916518216,4.440145946964856,0.20259315505376002,7.3211252375848295,1.4989818019249206,9.294079283095513,1.269487815258511,8.757138240537426,69.93445838871433,9.552419350742461,0.16887983703020576,13.430606422305845,22.500976701972323,1.6753507618689658,0.41305226018392527,0.17471576016920085,0.1843185953118957,0.4010380885748224
0,2595,160,53.58235534370803,2871.0688041793965,7.962439645065319,1.025803617290071,1.0601557916518216,4.440145946964856,0.20259315505376002,7.540990665231661,1.7014437534148255,106.56096665156858,14.130897567991484,107.05826050417298,765.5599141888338,101.51980663741023,0.19400214368439442,30.638852351898073,196.24849004649357,6.405216742210515,0.5429899951144747,0.2528863128687212,0.24760980314290068,0.3350659032714786
0,2654,1,1.0530704951712748,1.108957467800274,0.10342035578451399,1.027899448168867,1.0530704951712744,4.439297584738593,0.16897010274193647,0.1689701027419364,0.03909127487888818,0.1689701027419364,0.9999999999999941,0.0,0.1689701027419364,0.9999999999999941,0.1689701027419364,0.1689701027419364,0.1689701027419364,0.9999999999999941,0.9999999999999941,nan,nan,nan
0,2654,2,1.1083436945613574,1.2284257452739196,0.20573346774484752,1.027899448168867,1.0530704951712744,4.439297584738593,0.16897010274193647,0.341760283874666,0.0786023114317065,0.34186753489047794,1.0003138194251098,0.0003691029533478211,0.34988705788729724,1.0237791645082157,0.17054847195596945,0.34108246996873287,0.34217244434658023,1.003195632944567,0.9991089011954614,0.2956501823963304,0.2956501823963286,0.9566045452698906
0,2654,5,1.2868773447762425,1.6560533004983522,0.5044372417363758,1.027899448168867,1.0530704951712744,4.439297584738593,0.16897010274193647,0.8818895815198328,0.19890047176191114,0.8854660284614101,1.0040554362093865,0.01081822279334878,0.9678221763420096,1.0974414446240321,0.1754659007525431,0.8770309044060287,0.8906056897792709,1.0154781152010086,0.9942290270802833,0.34282652435259997,0.34343391354558295,0.9032013368999755
0,2654,10,1.624756489274068,2.6398336494381947,0.9707159035964706,1.027899448168867,1.0530704951712744,4.439297584738593,0.16897010274193647,1.839482483736957,0.400439504999183,1.8778248341216013,1.0208440964910683,0.10016601834624157,2.259167280084823,1.2281537334866401,0.1824479719700763,1.8227890216709692,1.9080852990297448,1.0467943773770276,0.9841409265489693,0.40558101702497906,0.4073957542173463,0.8360065433970397
0,2654,20,2.508196853110212,6.291051453951971,1.839128219532663,1.027899448168867,1.0530704951712744,4.439297584738593,0.16897010274193647,3.734984759315271,0.7678375878454917,4.116122538441429,1.1020453371799115,0.8710975459905504,6.225125083375671,1.6667069571970388,0.1911020795996057,3.8160946235943674,4.322279917923577,1.1326448487937215,0.952303556595847,0.39184587363695655,0.39121618776381767,0.7040061856281505
0,2654,40,5.577140970937509,31.10450140970978,3.437352548573436,1.027899448168867,1.0530704951712744,4.439297584738593,0.16897010274193647,6.601020373221138,1.3071019415401144,10.545572324449456,1.597567001494266,6.0102148041033905,26.213947580402817,3.9711962845542685,0.21387621881093424,8.500413697964609,12.653313537118326,1.4885526736361208,0.8334237742164659,0.32443082628169867,0.3259348077222048,0.5297898323019626
0,2654,80,9.64474148288934,93.02103827176649,4.532825685545811,1.027899448168867,1.0530704951712744,4.439297584738593,0.16897010274193647,8.709999490769757,1.7166437052005683,45.61082321865522,5.2366045792528855,47.04214939203617,168.1065533082212,19.300409085714488,0.21627198432576053,17.21055007371986,52.188241797631996,3.0323401386991304,0.8739674234575341,0.2603373933782184,0.2546326563120379,0.3876672975087453
0,2654,160,269.2736829069648,72508.31630628061,11.19145654193718,1.027899448168867,1.0530704951712744,4.439297584738593,0.16897010274193647,13.032094124971689,2.9475054594486956,104.62610355454537,8.028341611964274,105.27323459727495,412.3261598307928,31.639286508889334,0.19246889536447784,30.182655829114108,141.7103212507395,4.695091182600509,0.7383096914262297,0.22528725291630766,0.22030482063923743,0.4123067128558951
0,2713,1,1.0670337544981734,1.1385610332384681,0.1297652135507108,1.0407230070791835,1.0670337544981734,4.4519040875002345,0.21287766651924098,0.21287766651924092,0.04111033398056148,0.21287766651924092,0.9999999999999953,0.0,0.21287766651924092,0.9999999999999953,0.21287766651924095,0.21287766651924092,0.21287766651924092,0.9999999999999953,0.9999999999999953,nan,nan,nan
0,2713,2,1.1375131292928369,1.2939361193135823,0.25768882802363674,1.0407230070791835,1.0670337544981734,4.4519040875002345,0.21287766651924098,0.42315627984988186,0.08162783667673998,0.42308177642333705,0.999823934016595,0.00045106755036673416,0.4336015184996615,1.0246841158861784,0.2097206711045051,0.41939308694679844,0.4236144208637793,1.010065339769216,0.9987426196696582,0.3278604061313287,0.32786040613132716,0.9560206559508934
0,2713,5,1.3673203321441503,1.8695648906947895,0.62570572501975,1.0407230070791835,1.0670337544981734,4.4519040875002345,0.21287766651924098,1.0431782236575344,0.20086234413197018,1.0397128224670578,0.9966780353424868,0.012684404337658873,1.1544086030554603,1.1066264391600649,0.2016067652886691,1.0073246430871718,1.051428498361212,1.0437831592592364,0.9888573726958934,0.39982020443065613,0.39915491083012067,0.8972865931167737
0,2713,10,1.775314137897655,3.1517402882192935,1.147954772731393,1.0407230070791835,1.0670337544981734,4.4519040875002345,0.21287766651924098,2.0723861870199416,0.39985735337732403,2.042843144650201,0.9857444319235578,0.12205043055380492,2.6752946437060996,1.290924761254624,0.19571322756414947,1.955480959633886,2.140324824833688,1.094526036824418,0.9544547261927578,0.3838845645669105,0.3831570625869486,0.8006589702951994
0,2713,20,2.6893693977593878,7.232707757604692,1.978613483014475,1.0407230070791835,1.0670337544981734,4.4519040875002345,0.21287766651924098,3.993643664636592,0.7847769046030358,4.140279673779127,1.036717349231977,1.2709062444470804,7.543986364878563,1.8889983680016276,0.2001840797848077,4.000517243660997,4.633723729501374,1.1582811539792064,0.893510255568183,0.3546309855418849,0.35557528836141167,0.6456441121000985
0,2713,40,5.901892384509729,34.832333718333935,3.5505460852436643,1.0407230070791835,1.0670337544981734,4.4519040875002345,0.21287766651924098,6.243822411687882,1.384213871831087,8.873481445944165,1.421161727683637,6.973025135495329,21.13177676862712,3.384429500920831,0.1956480911668612,7.816388194617549,10.808156417137942,1.382755839145829,0.8209986147012026,0.37604958731678634,0.37188901842024147,0.5783733026586388
0,2713,80,19.070692297975175,363.69130472404964,5.896305443882152,1.0407230070791835,1.0670337544981734,4.4519040875002345,0.21287766651924098,15.435898792829613,3.485566754945354,9.877374668108054,0.6398963092901566,19.08573595450534,69.00092746099088,4.470159359495389,0.18358776244229513,14.566509836244514,24.58487549693101,1.687767061108812,0.40176630828742943,0.1557091133292572,0.1616855549167394,0.4392444925230496
0,2713,160,282.2093398809067,79642.11151601713,11.285298271086546,1.0407230070791835,1.0670337544981734,4.4519040875002345,0.21287766651924098,22.9363853698469,5.080326151698866,36.36485284888252,1.5854657245465202,43.929442987956534,389.62878840480954,16.987366671865885,0.16482897483025583,25.95030003973366,124.7472683093165,4.807160923700705,0.2915082096925299,0.22596754833776822,0.21425640812003277,0.41186810168543714
0,2772,1,1.0475507688423598,1.097362613302219,0.09290967662993625,1.0220809970781715,1.0475507688423618,4.440157722513225,0.15846437069283928,0.1584643706928394,0.04240380317979952,0.1584643706928394,0.9999999999999937,0.0,0.1584643706928394,0.9999999999999937,0.15846437069283942,0.1584643706928394,0.1584643706928394,0.9999999999999937,0.9999999999999937,nan,nan,nan
0,2772,2,1.0964147452214208,1.202125293538953,0.18409106823386512,1.0220809970781715,1.0475507688423618,4.440157722513225,0.15846437069283928,0.3111561042924726,0.08328109970329405,0.3111918853297641,1.000114993846487,0.0003092967861844615,0.31961202729578997,1.0271758223176883,0.1560644677776509,0.31209144977190423,0.31173148123165684,0.9988465927518634,0.9982690362238623,0.02099505737830923,0.020995057378309097,0.9525225259952874
0,2772,5,1.249022616427662,1.5600574963478027,0.4447226772154635,1.0220809970781715,1.0475507688423618,4.440157722513225,0.15846437069283928,0.7355557456171746,0.19472000209060802,0.7364636956738623,1.001234372869897,0.00944411999267969,0.8256990126404927,1.1225512377007965,0.150002527401133,0.749476986147474,0.7468070330650881,0.9964375782956174,0.9861499196803556,0.06531663338840366,0.0640167525894182,0.8884453407665498
0,2772,10,1.511194631228449,2.283709213453688,0.8258009690886107,1.0220809970781715,1.0475507688423618,4.440157722513225,0.15846437069283928,1.3508765703347905,0.3410720270209711,1.3606787033908914,1.0072561278146015,0.0741553617779575,1.8004257119927043,1.3327832842244793,0.14457129693617923,1.4441062868773475,1.4435678142129564,0.9996271239386704,0.9425803831271634,0.06253832025025285,0.060967345056385236,0.8004843189462417
0,2772,20,2.005199225516078,4.020823934010279,1.3914868403387877,1.0220809970781715,1.0475507688423618,4.440157722513225,0.15846437069283928,2.4191531989885724,0.5498211976604062,2.5154083264807254,1.0397887688685428,0.3892852694202712,4.707145513107571,1.9457823155125469,0.14628575498301705,2.9232442486066184,3.1574004179064468,1.0801014726742177,0.7966706763624859,0.0539801422481765,0.054540321175258755,0.6909795431585921
0,2772,40,3.356789909340579,11.268038495450732,2.4219702663599705,1.0220809970781715,1.0475507688423618,4.440157722513225,0.15846437069283928,3.325114229259646,0.7535313418430696,3.9004401424401896,1.1730244056333192,1.6648487503835405,14.185308662788346,4.2661116836117765,0.13809527501982613,5.482127561497997,7.833233908623749,1.428867500938506,0.4979348488682464,0.2555409176523989,0.24084425578786983,0.6126679157301417
0,2772,80,15.864071197502229,251.6687549594198,5.528113758398487,1.0220809970781715,1.0475507688423618,4.440157722513225,0.15846437069283928,5.952987089629545,1.2223786503558136,8.491616092224682,1.4264462469635752,6.017397060196856,57.29882216849862,9.625221977772561,0.13976208775614368,11.103057921832708,24.05321807352745,2.1663597760964524,0.35303451148478154,0.1502906562431602,0.1564786174423644,0.46691938540264527
0,2772,160,63.20120257785797,3994.3920072874407,8.292646658204886,1.0220809970781715,1.0475507688423618,4.440157722513225,0.15846437069283928,6.653183874050181,1.780997952589217,31.932450250588385,4.799574287302725,31.643568528637086,473.61923910821224,71.18685550770634,0.14357098266573207,22.811632546504704,164.26608454396796,7.20097889570545,0.1943946636290661,0.31635382190211003,0.31623164037269297,0.39604318657805804
0,2831,1,1.061560074527604,1.126909791831052,0.1194791891131892,1.030427515741189,1.061560074527604,4.461388867616124,0.15265460302275743,0.15265460302275738,0.03174185616992157,0.15265460302275738,0.9999999999999934,0.0,0.15265460302275738,0.9999999999999934,0.15265460302275738,0.15265460302275738,0.15265460302275738,0.9999999999999934,0.9999999999999934,nan,nan,nan
0,2831,2,1.1267763356917075,1.2696249106748316,0.23872151092197316,1.030427515741189,1.061560074527604,4.461388867616124,0.15265460302275743,0.3005804673921569,0.06235668805566817,0.3006592693582487,1.0002621659576703,0.00020926088576202423,0.3137273381698247,1.0437382737864815,0.1521511974698369,0.3043007238401887,0.3009372042549021,0.9889467249934837,0.9990764355728546,0.0010758480804476944,0.0010758480804476873,0.921088117896384
0,2831,5,1.3443791866937278,1.807355397615289,0.5918646705311642,1.030427515741189,1.061560074527604,4.461388867616124,0.15265460302275743,0.716941315590188,0.14813605932117635,0.7195942584670337,1.0037003626644962,0.006157999818200683,0.8498762360046916,1.1854195281033149,0.1502225807976323,0.7510556192560669,0.7253962053481353,0.9658355343465127,0.9920016856466487,0.06781130319012511,0.06760409177852278,0.8278525113364414
0,2831,10,1.7770981920978939,3.158077984357603,1.1499636097519865,1.030427515741189,1.061560074527604,4.461388867616124,0.15265460302275743,1.3331973658838774,0.2751962126476855,1.3600241819721024,1.020122164035659,0.05379273807906549,1.939215541457516,1.4545599857016382,0.14727126779123118,1.4723311375356043,1.4104555108574206,0.9579743815092082,0.9642446511094406,0.18656114190631,0.18545179276223497,0.724094967702482
0,2831,20,2.915731471003636,8.501490011001028,2.140241443545711,1.030427515741189,1.061560074527604,4.461388867616124,0.15265460302275743,2.495961424200152,0.5128656320963354,2.6878897254467664,1.076895539885244,0.37380296626369064,5.019707926224479,2.011132014122805,0.1484377591880319,2.96721251592256,3.096671504574862,1.0436298337101244,0.8679931731460107,0.3057436642872955,0.3042944796344732,0.6373957116555117
0,2831,40,7.515911832115207,56.48893066812937,4.0340447015798375,1.030427515741189,1.061560074527604,4.461388867616124,0.15265460302275743,5.864639550307473,1.2804499335036728,7.269388217517845,1.2395285601374635,4.539887195228522,16.775697054636115,2.8604822019720872,0.15555320437958478,6.208937929973395,9.309584317381775,1.4993843427617684,0.7808499251621026,0.3117548765743144,0.30867696653070503,0.5921821679499851
0,2831,80,22.602650221680165,510.8797970436184,6.236134331698186,1.030427515741189,1.061560074527604,4.461388867616124,0.15265460302275743,6.430127811542929,1.4844062298632243,16.680642170636876,2.594138508521233,17.55816789465827,70.25940812603409,10.92659589128371,0.1504622184088794,11.987609487506921,27.875505179823374,2.3253597982879133,0.5983978429460186,0.21061401311205505,0.21391586046592698,0.4424611744112514
0,2831,160,525.829243182912,276496.392986314,12.529953054601982,1.030427515741189,1.061560074527604,4.461388867616124,0.15265460302275743,15.532012177317508,3.413125574110568,49.87224190398416,3.2109324493587574,52.59287180618438,411.7816198144398,26.51180124721982,0.13511806341070226,20.978856638417327,98.53439290764102,4.696842854972413,0.5061404493630034,0.1849373219052067,0.18447773831831096,0.33366991028562165
0,2890,1,1.060980725199631,1.125680099245135,0.11838738566246651,1.0247844797502448,1.0609807251996295,4.449829413648816,0.15091043081422617,0.15091043081422587,0.03527472985153441,0.15091043081422587,0.9999999999999933,0.0,0.15091043081422587,0.9999999999999933,0.15091043081422587,0.15091043081422587,0.15091043081422587,0.9999999999999933,0.9999999999999933,nan,nan,nan
0,2890,2,1.1261582397161891,1.2682323808806657,0.23762410490268956,1.0247844797502448,1.0609807251996295,4.449829413648816,0.15091043081422617,0.3036946964971994,0.0706878222145724,0.30368741486983347,0.9999760231987885,0.00034214189171002355,0.3144102987156343,1.0352841269275597,0.15245807464052244,0.3049005958172383,0.30410837872477925,0.9974017200906524,0.9986157439768283,0.3992981032656674,0.3992981032656648,0.9357816269539456
0,2890,5,1.346502188759185,1.813068144333276,0.5950205175711996,1.0247844797502448,1.0609807251996295,4.449829413648816,0.15091043081422617,0.7743712719128191,0.17778503053529962,0.7744442668260908,1.0000942634572307,0.009425941648572642,0.889404312451618,1.1485502429017647,0.15616334563044215,0.7806354982349738,0.7816850229391329,1.0013444491142551,0.9907369900912034,0.4095552979852949,0.40972292082015926,0.8552169365919342
0,2890,10,1.7908310618689858,3.207075892154799,1.1653595849632277,1.0247844797502448,1.0609807251996295,4.449829413648816,0.15091043081422617,1.6107760086628076,0.36356414659444364,1.619059227348759,1.0051423777368194,0.08175688373605765,2.172188793623964,1.3485356014379766,0.15853674991448746,1.5850042939090259,1.6664784687699215,1.0514031256407252,0.9715452420719451,0.4421757955858992,0.44260337724402465,0.763225796072178
0,2890,20,2.9266240688007428,8.565128440083814,2.147699127587033,1.0247844797502448,1.0609807251996295,4.449829413648816,0.15091043081422617,3.5505499760217853,0.8153456300841229,3.8513894298581235,1.08473038145302,0.8435889589106029,6.248081734710671,1.7597503983626035,0.15710234000163525,3.1414940655382764,4.156025489493855,1.3229455166205266,0.9267001464726742,0.5036655489611924,0.50412151563092,0.6952110179184484
0,2890,40,6.424036042931518,41.268239080883234,3.7200931745935306,1.0247844797502448,1.0609807251996295,4.449829413648816,0.15091043081422617,6.523514259989052,1.7263542879668425,11.068366359098532,1.696687692856688,8.046262660540242,20.339539581581775,3.1178807573597465,0.14868230594712334,5.924905804581537,12.735385870025373,2.149466386482889,0.8691033371159627,0.5082606396825204,0.5172010658108107,0.6604258447815712
0,2890,80,16.733883306364206,280.0228505110146,5.634871208807328,1.0247844797502448,1.0609807251996295,4.449829413648816,0.15091043081422617,7.743067314867094,1.82557738689597,18.910084988031077,2.442195607898529,21.51966143411297,57.93637045368341,7.482353968748605,0.12067305736487219,9.23047950696213,26.601248691362688,2.88189239478822,0.7108720800076991,0.2307654210738447,0.24142299479363483,0.4778413510156618
0,2890,160,247.0491585387055,61033.28673468245,11.019174678499102,1.0247844797502448,1.0609807251996295,4.449829413648816,0.15091043081422617,19.471925869768118,4.202958434419698,54.65978468218309,2.8071072706294156,50.1355697163849,422.42141894734317,21.69386951103741,0.1402121769240129,21.58983524046168,99.38312188498834,4.603236698107526,0.5499906185824834,0.14995002513332056,0.14540474543773665,0.29808582132210265
0,2948,1,1.0589230327881163,1.121317989369182,0.11450476967107007,1.0177933061196847,1.0589230327881156,4.444291324557737,0.06825604713768559,0.06825604713768553,0.018509704489368617,0.06825604713768553,0.9999999999999853,0.0,0.06825604713768553,0.9999999999999853,0.06825604713768554,0.06825604713768553,0.06825604713768553,0.9999999999999853,0.9999999999999853,nan,nan,nan
0,2948,2,1.1216763146188171,1.2581577547768517,0.22964855166962805,1.0177933061196847,1.0589230327881156,4.444291324557737,0.06825604713768559,0.1354967129291032,0.036580800040057815,0.13550192389233273,1.0000384582261508,3.724727890442466e-05,0.1393269502210155,1.0282681196400343,0.06764910723543202,0.13529271955390865,0.13561838757829117,1.002407136359261,0.999141239709164,0.23308154140224394,0.23308154140224055,0.9486990124351349
0,2948,5,1.3336735916210545,1.7786852489874032,0.5758744672223883,1.0177933061196847,1.0589230327881156,4.444291324557737,0.06825604713768559,0.33375658289020976,0.08865273179883036,0.33392270933946927,1.0004977473337602,0.001125376028939213,0.3744613114824006,1.1219593280818663,0.06646537635679675,0.33228329696730874,0.3365497730705864,1.012839875317887,0.9921941301366822,0.22357269868170931,0.22378722071366342,0.8812849956729653
0,2948,10,1.767632653554602,3.124525197912484,1.1392823349768149,1.0177933061196847,1.0589230327881156,4.444291324557737,0.06825604713768559,0.6657533889744429,0.17088672689689982,0.6676304101959116,1.0028193941668988,0.011403727335804966,0.874710619221862,1.3138658153423823,0.06696361069305455,0.6694740449408707,0.6920854757574426,1.0337749177693185,0.9646646744973697,0.19114424469245844,0.1910296289351026,0.7863160261034965
0,2948,20,2.9353975766108387,8.616558932772785,2.153685809241758,1.0177933061196847,1.0589230327881156,4.444291324557737,0.06825604713768559,1.3848030468856782,0.3305136255595428,1.401737439346929,1.0122287371473755,0.10862480889974752,2.4945064996335216,1.8013438844198704,0.0754153324868828,1.4965691363313616,1.5913585246897137,1.0633377944641533,0.8808432654233223,0.12554028465491873,0.11659501463563078,0.6463761850151227
0,2948,40,6.058467810571735,36.70503221173388,3.602913863146718,1.0177933061196847,1.0589230327881156,4.444291324557737,0.06825604713768559,3.688950414614519,0.8161422567138995,3.62597604133253,0.9829289184716324,1.0721002018494843,8.446772337562434,2.2897494919147854,0.11056461991189925,4.184170643333427,4.571825752922071,1.0926480162099237,0.7931133506159975,0.14305940781071233,0.1484432876713609,0.5430707450130259
0,2948,80,11.563885256675338,133.72344222955326,4.895773803290224,1.0177933061196847,1.0589230327881156,4.444291324557737,0.06825604713768559,7.065369870993992,1.699954148211159,11.374151807824404,1.6098452049226164,10.222776198987964,52.41668174979169,7.418816382845282,0.14877354270965887,11.313522761114246,18.826601424268514,1.6640795110235247,0.6041532165844072,0.16040691475679797,0.16691436693616143,0.40421872257785707
0,2948,160,102.1486424035373,10434.345144885738,9.252858061901042,1.0177933061196847,1.0589230327881156,4.444291324557737,0.06825604713768559,8.20344365224328,1.9303331136364221,28.650978836032618,3.4925550842538953,23.933948637300894,274.7994901824884,33.498065182338735,0.13987327004339642,21.71660609476111,84.16986297873272,3.8758295201126183,0.340394742513385,0.13600925034592978,0.13181578531562083,0.36484005694928096
0,3007,1,1.0564508918821531,1.1160884869585967,0.10983015020530532,1.030139043682876,1.0564508918821522,4.447514432269806,0.1820940544578656,0.1820940544578656,0.039416256061485216,0.1820940544578656,0.9999999999999946,0.0,0.1820940544578656,0.9999999999999946,0.18209405445786564,0.1820940544578656,0.1820940544578656,0.9999999999999946,0.9999999999999946,nan,nan,nan
0,3007,2,1.1163541990706827,1.2462466977827453,0.22013639256742787,1.030139043682876,1.0564508918821522,4.447514432269806,0.1820940544578656,0.3592150004218069,0.07785842301004509,0.35931405863365634,1.000275763015832,0.00046519225450153786,0.3728369356559581,1.037921398655832,0.18119349605534496,0.36238249378943366,0.35970241387013224,0.9926042787241822,0.9989203429793576,0.14518722110879065,0.14518722110878987,0.9317859031020534
0,3007,5,1.3183751571461284,1.7381130549800787,0.5528000736229399,1.030139043682876,1.0564508918821522,4.447514432269806,0.1820940544578656,0.8608238267011427,0.18784388089479595,0.8645870934873475,1.0043717037905717,0.014232914297409494,1.0056248615024257,1.168212159456819,0.17871396824599073,0.8934941302406401,0.8717878262224221,0.9757062712741349,0.9917402692278036,0.12418230573054043,0.12424032489407985,0.8434717341572472
0,3007,10,1.7420319194494012,3.034675208380565,1.1101044034243046,1.030139043682876,1.0564508918821522,4.447514432269806,0.1820940544578656,1.6080103409756634,0.35896774066490794,1.6531203235117922,1.028053291316993,0.12965809231930284,2.298904663600198,1.4296578852878097,0.17504166897202741,1.7498873303564704,1.7011950922891994,0.9721740724545088,0.9717405904852942,0.049765976330149515,0.0500586443637531,0.7395327536929002
0,3007,20,3.0647831421057807,9.392895708135782,2.2399536278032643,1.030139043682876,1.0564508918821522,4.447514432269806,0.1820940544578656,2.896702376215645,0.6935720451701167,3.2584826173625596,1.1248938255160186,0.7791746516344592,5.85068472528369,2.0197742002501586,0.1662842049114194,3.318867370655737,3.533664850276696,1.0647201155189636,0.9221255425814959,0.15841852561315886,0.15590367154042903,0.6479514595901457
0,3007,40,9.814747382444477,96.32926618120071,4.56777217898074,1.030139043682876,1.0564508918821522,4.447514432269806,0.1820940544578656,4.792750104851137,1.0542886786032866,5.417369938830382,1.1303259757580548,2.99630064792378,17.35761753337068,3.621640426401869,0.14781027967267144,5.843595557647628,7.045155428303714,1.2056199575762185,0.768949669593697,0.1098590765149735,0.10610973141525892,0.5053056327590039
0,3007,80,31.341641190660702,982.2984725241196,6.889895205680245,1.030139043682876,1.0564508918821522,4.447514432269806,0.1820940544578656,7.8554966019142825,1.7354963853977652,13.023300752848504,1.6578583650172918,9.847104081298378,63.82960157865006,8.125469949677735,0.1395370995353844,11.058701504012179,19.11556440477887,1.728554152387927,0.681293027873804,0.12328803660387744,0.11838079475405233,0.3979805171459933
0,3007,160,210.73676206282144,44409.982884722216,10.701219562893645,1.030139043682876,1.0564508918821522,4.447514432269806,0.1820940544578656,16.981322131556574,3.699205211151578,40.67008336869781,2.394989215422759,48.25704822939606,274.076124083666,16.139857777878635,0.13351560256708134,21.15880175678101,84.55370589850313,3.99614812173403,0.4809970531335138,0.20443229438500354,0.2046293285602391,0.37947222140206394
0,3066,1,1.0579186421973132,1.119191853508607,0.11260686549043374,1.0172762772267487,1.0579186421973141,4.455576181038163,0.11778462711448456,0.11778462711448473,0.02422155506464465,0.11778462711448465,0.9999999999999908,5.79553433516819e-16,0.11778462711448465,0.9999999999999908,0.11778462711448465,0.11778462711448465,0.11778462711448465,0.9999999999999916,0.9999999999999916,nan,nan,nan
0,3066,2,1.1193205109136075,1.2528784061518994,0.22544362902777945,1.0172762772267487,1.0579186421973141,4.455576181038163,0.11778462711448456,0.23308607936684933,0.04799234986350081,0.23309298533758985,1.0000296284134955,0.00015198533994831604,0.24116910067229752,1.0346782670479666,0.11714674085631013,0.23428998923148237,0.23371100481092916,0.9975287701260588,0.9973556252781495,0.018602002783470822,0.018602002783470663,0.9401742964891108
0,3066,5,1.3211408454040874,1.7454131333950267,0.5569912802948082,1.0172762772267487,1.0579186421973141,4.455576181038163,0.11778462711448456,0.5637262349886791,0.11713440250653478,0.563493441479947,0.9995870451040161,0.00438817972645031,0.6532724332932969,1.158846959298275,0.11627597488354005,0.5813649688807164,0.5760241729778196,0.9908133510122217,0.9782461707586079,0.016686662775869592,0.01659033089791035,0.85979583503316
0,3066,10,1.6888688791665276,2.852278091017203,1.0481180051678007,1.0172762772267487,1.0579186421973141,4.455576181038163,0.11778462711448456,1.0782586866873127,0.23076774773330064,1.0686229870943638,0.9910636476089486,0.03869448523737678,1.5373078153763133,1.4257319086380984,0.12029324079680112,1.2016890753680014,1.1665160771803618,0.9707303670237083,0.91608080505618,0.05025916111922969,0.049738288633601566,0.7451997340774608
0,3066,20,2.5560821579822997,6.53355599835545,1.8769513583685409,1.0172762772267487,1.0579186421973141,4.455576181038163,0.11778462711448456,2.0301426660533894,0.4487389285223566,1.9929733344659546,0.9816912711559858,0.1796160872343043,4.3314235268312595,2.1335562269875217,0.13093894645559945,2.6088528554147064,2.419787483700358,0.9275293080167624,0.8236150273073912,0.07095418680927489,0.0725468695077028,0.5703667726825882
0,3066,40,5.3106234272412385,28.202721185963476,3.339418469244784,1.0172762772267487,1.0579186421973141,4.455576181038163,0.11778462711448456,2.807619528329849,0.6564160354993893,2.6220961906769875,0.9339214819597642,0.8292576321028223,13.22848492978581,4.711637312786092,0.13259057513465486,5.29184720990688,5.760192339221083,1.088503146583184,0.4552098326340883,0.05760517960706363,0.057167897534003496,0.5003143454315478
0,3066,80,8.636588843275016,74.59066684778247,4.312015390103841,1.0172762772267487,1.0579186421973141,4.455576181038163,0.11778462711448456,4.2125763450195635,0.9463645764397396,5.476478697195964,1.3000307290978081,3.284097223817844,56.128554282416275,13.32404440545649,0.12706223497420627,10.082001786336633,19.576893360357698,1.9417665038394223,0.2797419690851246,0.11372172321957827,0.114572983130636,0.4219803137296846
0,3066,160,55.21017386570356,3048.163298281216,8.022294490922999,1.0172762772267487,1.0579186421973141,4.455576181038163,0.11778462711448456,6.811988130759435,1.7753869895369656,28.34745175438123,4.161406510146239,26.533085120976672,319.1545132164518,46.85188921209568,0.13297942737797133,21.1550308682981,100.55987180463875,4.753473177641772,0.28189625986648864,0.161119631387788,0.16188082158389502,0.34872171615644804
0,3125,1,1.0624770853121601,1.1288575568134231,0.12120610963768608,1.0260234568701931,1.06247708531216,4.447489490301232,0.09164043662563316,0.09164043662563302,0.021137201361516207,0.09164043662563302,0.9999999999999891,0.0,0.09164043662563302,0.9999999999999891,0.09164043662563302,0.09164043662563302,0.09164043662563302,0.9999999999999891,0.9999999999999891,nan,nan,nan
0,3125,2,1.1266069214186192,1.2692431553883388,0.23842078218819385,1.0260234568701931,1.06247708531216,4.447489490301232,0.09164043662563316,0.18633229330277065,0.04281062243107542,0.18634355582121123,1.000060443191247,6.891037609561449e-05,0.19268772764159087,1.034108066970937,0.09354586985347767,0.18705369518203546,0.18683564332005587,0.998834281986419,0.9973662011696416,0.2819016317148516,0.28190163171484856,0.9398394627431993
0,3125,5,1.3256452563657986,1.7573353457251437,0.5637986536709383,1.0260234568701931,1.06247708531216,4.447489490301232,0.09164043662563316,0.4936917327848743,0.11214699947905217,0.4941975074469413,1.0010244746437478,0.0020689720335828046,0.5657247188021124,1.1459068103306183,0.10136459248827945,0.5055007901111388,0.5022133993111694,0.9934967642696507,0.9840388729667039,0.225901334552111,0.2254276753680464,0.8605280422153776
0,3125,10,1.6968603001938896,2.879334878374097,1.0575593224669553,1.0260234568701931,1.06247708531216,4.447489490301232,0.09164043662563316,1.0849591806286607,0.2430489963465957,1.0904227160215418,1.0050357059421482,0.019881282844210577,1.4542235666240069,1.3403486440673102,0.11610711590071826,1.1503884853311745,1.1379853343333928,0.9892182935104635,0.9582045419419107,0.09760806043133981,0.09723335152491047,0.7609024930796795
0,3125,20,2.6194000285726013,6.861256509686145,1.925890589642473,1.0260234568701931,1.06247708531216,4.447489490301232,0.09164043662563316,2.2722809598658484,0.5097819889492917,2.3089816409803343,1.0161514714785322,0.20357212306136083,4.0676864354793585,1.790133573851495,0.13085557054793484,2.5911682618663483,2.599352520745424,1.0031585208106784,0.8882910734701657,0.08385846228105281,0.0819964403543331,0.6445372223739497
0,3125,40,3.85803504768004,14.884434429127529,2.7003159977181617,1.0260234568701931,1.06247708531216,4.447489490301232,0.09164043662563316,3.22670072922458,0.7045421782384432,3.3326227077569404,1.032826712924757,1.2237057393659048,11.038239847841627,3.4209059885433697,0.13079420094931996,5.203122872214591,5.175715342237916,0.994732484577092,0.6438960583013738,0.15186601426629429,0.15305023246923563,0.5108723398373991
0,3125,80,9.586234602189142,91.89589384820842,4.520656347712816,1.0260234568701931,1.06247708531216,4.447489490301232,0.09164043662563316,7.693091395483329,1.7532425348727678,7.667777923879339,0.9967095839237199,6.926382894772934,54.842762639458414,7.128832847567234,0.1379102549807749,10.987413523489948,18.727939663797216,1.7044902900722563,0.4094298711727399,0.18451184398796475,0.1863127805723656,0.41208382036693664
0,3125,160,121.9405697169257,14869.502542888416,9.607067585154761,1.0260234568701931,1.06247708531216,4.447489490301232,0.09164043662563316,14.181262962201735,3.3012009946689767,28.027512183183056,1.9763763113261947,35.491299138794936,474.1040472825833,33.431722445754254,0.12991172114095229,20.669736672845076,104.65080093241468,5.062996330761194,0.2678193758047176,0.1826885452711606,0.18084763619417854,0.30843021509517937
0,3184,1,1.0501259347645007,1.1027644788650164,0.09782018969682732,1.0255823738402294,1.0501259347645004,4.430852115966642,0.13865818692167936,0.13865818692167936,0.030536304646923418,0.13865818692167936,0.9999999999999928,0.0,0.13865818692167936,0.9999999999999928,0.13865818692167936,0.13865818692167936,0.13865818692167936,0.9999999999999928,0.9999999999999928,nan,nan,nan
0,3184,2,1.1026122445846827,1.215753761908072,0.19536426460753795,1.0255823738402294,1.0501259347645004,4.430852115966642,0.13865818692167936,0.2755623059404774,0.06068102796103735,0.2755152320874109,0.9998291716535509,0.0002773783163830309,0.2845837169154105,1.0327381894419214,0.13880314014077094,0.2776061290635823,0.2761035346053164,0.9945873152608863,0.9978692684295134,0.3215792413120139,0.32157924131201154,0.9417712967621971
0,3184,5,1.2755308764418838,1.6269790167566003,0.486724931261664,1.0255823738402294,1.0501259347645004,4.430852115966642,0.13865818692167936,0.6823638262160979,0.15028194519330956,0.6819150850977999,0.9993423726448287,0.007714817282601305,0.7771616943611869,1.1389256940403318,0.14042730507402035,0.7020854697552205,0.692846800488869,0.9868411045886287,0.9842220309260911,0.3373614730156095,0.33725514696909203,0.8694027655974537
0,3184,10,1.6278554016315279,2.649913208620943,0.9745268879979948,1.0255823738402294,1.0501259347645004,4.430852115966642,0.13865818692167936,1.3665540210265417,0.30242202552327074,1.3730000134137406,1.0047169685852269,0.06091082596050297,1.8376468206214085,1.3447304624232748,0.14443028574684583,1.4436500080705488,1.4458772980793224,1.0015428185476545,0.9495964942790154,0.30522723802596574,0.3037677852748963,0.7767731565645705
0,3184,20,2.626948224483037,6.900856974114581,1.931645603038179,1.0255823738402294,1.0501259347645004,4.430852115966642,0.13865818692167936,2.6963844636637315,0.6126770587673698,2.768763943005946,1.0268431599119465,0.3531306597708485,4.9876980594285065,1.8497725849715936,0.14420918259550278,2.882765218447701,3.167102313440228,1.0986334555353192,0.8742262386839053,0.16499412571947228,0.1644515342746494,0.658752835150689
0,3184,40,4.951225550688393,24.514634453789576,3.1992702638677977,1.0255823738402294,1.0501259347645004,4.430852115966642,0.13865818692167936,5.241942459572401,1.3386021017623393,4.764414431137104,0.9089024665726203,2.1642703440961153,15.823547419866717,3.0186419522730668,0.13962352617923263,5.579209919202042,6.753544795712801,1.2104840817100346,0.7054686946270924,0.10164468189502578,0.10215698385083372,0.4813026547751893
0,3184,80,15.408375279740051,237.4180287613043,5.469822421841801,1.0255823738402294,1.0501259347645004,4.430852115966642,0.13865818692167936,8.057635201587754,1.8130428435311892,11.153745545946943,1.3842455344403157,12.683890467240099,59.84264899983797,7.4268253032907205,0.12786098927233008,10.170805484139468,17.73539757431473,1.7437554579105479,0.6288974069631426,0.10130679775678665,0.10125301495426858,0.37030557534677544
0,3184,160,51.692350974306926,2672.09914925093,7.890619640723686,1.0255823738402294,1.0501259347645004,4.430852115966642,0.13865818692167936,26.957474872706207,5.883062407839261,43.307749647553436,1.6065210058454507,60.18900445709211,400.19728798165636,14.845503515125092,0.1253923353730834,19.97557431686321,88.40872745649283,4.425841583030677,0.48985830803713115,0.17020330728065125,0.16959095428474974,0.32927321191577474
0,3243,1,1.0532139679351977,1.1092596622538038,0.10369282185765435,1.0210691729093861,1.053213967935197,4.452714608271029,0.10882780871211742,0.1088278087121174,0.0297810433127093,0.1088278087121174,0.9999999999999908,3.206940271197429e-16,0.1088278087121174,0.9999999999999908,0.10882780871211742,0.1088278087121174,0.1088278087121174,0.9999999999999908,0.9999999999999908,nan,nan,nan
0,3243,2,1.1094690073432782,1.230921478255279,0.20776305821031077,1.0210691729093861,1.053213967935197,4.452714608271029,0.10882780871211742,0.21756258225766126,0.059059822047360766,0.21753491178276466,0.9998728160209791,0.00013928631715745882,0.2240835798096808,1.0299729736811802,0.10910379394149959,0.21820689151946765,0.21777006227535262,0.9979980960222008,0.9989201890740536,0.15308566026631273,0.15308566026631135,0.9449584131457384
0,3243,5,1.2965270533439912,1.6809824000528526,0.5193783844447515,1.0210691729093861,1.053213967935197,4.452714608271029,0.10882780871211742,0.5446168546639804,0.14368295685784305,0.5438074721421498,0.9985138496634832,0.0039716094048310125,0.6146858594373992,1.128657429848823,0.11019341615191723,0.5509426504749741,0.5483554810237179,0.9953041038862631,0.9917060938771352,0.1437966646193776,0.14389733697741489,0.870903874376729
0,3243,10,1.6683002741246629,2.783225804644425,1.0236106163864953,1.0210691729093861,1.053213967935197,4.452714608271029,0.10882780871211742,1.0924350582184008,0.2726459831881869,1.0862942826735627,0.9943788186779231,0.03267699869670169,1.4382207798571767,1.3165274851236461,0.11165466526762705,1.1164248318122005,1.1231294638710563,1.0060054487035832,0.9672030853232751,0.11442885380694776,0.11483975262851266,0.7746925381851102
0,3243,20,2.601998952807624,6.770398550411971,1.9125599552670323,1.0210691729093861,1.053213967935197,4.452714608271029,0.10882780871211742,2.1126820116204192,0.47841274077958074,2.075643542982572,0.9824685075964463,0.278332045071877,3.837968943368092,1.8166335124065276,0.11277814276761866,2.2552694275732414,2.415965701909991,1.0712536925176448,0.859136179516799,0.10209990174818498,0.10255054899002658,0.651972066950102
0,3243,40,5.749733269515232,33.059432670570324,3.498306931645825,1.0210691729093861,1.053213967935197,4.452714608271029,0.10882780871211742,3.5595984453982648,0.820946597177082,3.79695217978472,1.066679918543424,1.7992671730471115,12.541291839772482,3.5232321937845152,0.11717331450565159,4.682268892153343,6.299101472456905,1.3453096388832102,0.6027767922753837,0.23486667482239468,0.23672575317973626,0.5401550620396639
0,3243,80,21.45173913869346,460.1771120745528,6.131611441628583,1.0210691729093861,1.053213967935197,4.452714608271029,0.10882780871211742,4.2334565823087615,0.95949641102502,8.572742882849342,2.024998418236783,6.866359364425802,45.97845984150832,10.860737307109325,0.11760608985174507,9.394860860885736,19.20508002319271,2.044211224367412,0.4463789201865655,0.1964674177399229,0.19573418689761346,0.4821075758379151
0,3243,160,271.87393600679684,73915.43707982787,11.210676976594144,1.0210691729093861,1.053213967935197,4.452714608271029,0.10882780871211742,12.958787266134253,2.8295521578142018,30.60718717062171,2.3618866906325997,39.58422363044968,252.8470784366463,19.511631238628496,0.1322607342088566,20.93824161632994,93.80776922320062,4.480212376097477,0.32627561047525594,0.23565088278306068,0.23630062772339408,0.4251518774801293
0,3302,1,1.0582755582193826,1.1199471571245458,0.11328150305513988,1.0298008550514255,1.058275558219384,4.446350120001399,0.12424877580502557,0.12424877580502555,0.029637743553855875,0.12424877580502555,0.999999999999992,0.0,0.12424877580502555,0.999999999999992,0.12424877580502557,0.12424877580502555,0.12424877580502555,0.999999999999992,0.999999999999992,nan,nan,nan
0,3302,2,1.119025256425699,1.2522175245186016,0.22491599921485408,1.0298008550514255,1.058275558219384,4.446350120001399,0.12424877580502557,0.24850265396260018,0.059210601167260346,0.24853190124968258,1.0001176940632828,0.00014843736157998401,0.25717434944579254,1.0348957862015284,0.12500148344824608,0.24999846144867546,0.24878401064947459,0.9951421669070903,0.9989866334289939,0.3961962094801774,0.39619620948017426,0.9361585675505365
0,3302,5,1.3131824668659318,1.7244481912840939,0.5449071101972174,1.0298008550514255,1.058275558219384,4.446350120001399,0.12424877580502557,0.6191493905469467,0.14688996840664112,0.6200186589932115,1.0014039720615664,0.004364587071265392,0.7085380090765663,1.1443732641820965,0.12682325397209557,0.6340619198225456,0.6247928039874289,0.9853813712110139,0.9923588348589328,0.3506651520014544,0.3503666900221863,0.8583855709306267
0,3302,10,1.6516130831033784,2.727825776278247,1.0035048729411171,1.0298008550514255,1.058275558219384,4.446350120001399,0.12424877580502557,1.2211024116579727,0.28662861322252153,1.2283461161047151,1.0059321023180243,0.038213642377771535,1.62478468462619,1.3305883839997574,0.12774761280951674,1.2773745895248245,1.263867914835713,0.9894262225036611,0.9718943741556915,0.256759028679298,0.25589371925468823,0.7714652414409038
0,3302,20,2.445127815700083,5.978650035110259,1.7881947958408524,1.0298008550514255,1.058275558219384,4.446350120001399,0.12424877580502557,2.4004733931497233,0.5456845568146319,2.44651573190355,1.019180524510381,0.2635899530767896,4.141919147648625,1.7254593029310372,0.12311012004853039,2.459636134776092,2.7089966736616233,1.1013810682644853,0.9031076913788562,0.11964444648359579,0.12245798660034417,0.6834302054316442
0,3302,40,5.8346627441834515,34.043289338362364,3.5276329305984064,1.0298008550514255,1.058275558219384,4.446350120001399,0.12424877580502557,4.7850344896191555,1.048706306358237,5.078246177798413,1.061276818132735,1.7714548753619073,14.232086288172324,2.974291265621591,0.12740737608505873,5.087093137634509,6.765970437576157,1.3300268452962356,0.7505569562638593,0.17728770353853726,0.18294953502154698,0.5406056813383844
0,3302,80,28.889179306016604,834.584680975178,6.726934213058706,1.0298008550514255,1.058275558219384,4.446350120001399,0.12424877580502557,13.54268428722699,3.13701958299151,17.63318009727238,1.3020446850336316,16.2623825084873,56.17031322055047,4.147649906712249,0.1342021591280559,10.674229463510269,24.198796866085978,2.267029854361786,0.7286800329310938,0.25081966254678173,0.24106885386136215,0.4853678376352876
0,3302,160,220.32964073894584,48545.150588152945,10.79024958383163,1.0298008550514255,1.058275558219384,4.446350120001399,0.12424877580502557,35.43417189136922,8.083238320136987,47.01569005123614,1.326846022968237,64.91866462171237,267.31548746573554,7.544002673048109,0.14932909586125567,23.53223586573926,90.51878173756151,3.846586540012903,0.5194025941218186,0.1638937346847853,0.15807116422927783,0.36377658014043734
0,3361,1,1.0559572079604231,1.1150456250435723,0.10889532339649899,1.0191090037538055,1.0559572079604227,4.441692852230276,0.12687675475462537,0.12687675475462543,0.027447608300942523,0.12687675475462543,0.9999999999999921,2.8066088919804617e-16,0.12687675475462543,0.9999999999999921,0.12687675475462543,0.12687675475462543,0.12687675475462543,0.9999999999999921,0.9999999999999921,nan,nan,nan
0,3361,2,1.115542781867196,1.2444356981760023,0.2186821726887045,1.0191090037538055,1.0559572079604227,4.441692852230276,0.12687675475462537,0.2538228689568016,0.05499409610490702,0.25386872807102906,1.0001806736895493,0.00017054326835671868,0.2628749780318005,1.0356630949457057,0.12789387381224457,0.2557797222159655,0.25419585076019025,0.9938076738763563,0.9987131076758967,0.2774892051882659,0.27748920518826375,0.9352168618306612
0,3361,5,1.315517783591516,1.7305870389455347,0.5484606798209183,1.0191090037538055,1.0559572079604227,4.441692852230276,0.12687675475462537,0.638904017575756,0.13933217538432718,0.6404283820091904,1.0023859052244144,0.005388231299359102,0.7322166872946484,1.1460511550278787,0.13139877655119261,0.6567844284927491,0.6467901166774301,0.9847829647267128,0.990164143662366,0.26212190741035196,0.2619182693156492,0.8589959364333907
0,3361,10,1.7132051739270957,2.93507196797057,1.0767319735826955,1.0191090037538055,1.0559572079604227,4.441692852230276,0.12687675475462537,1.317354312059204,0.29246804427310524,1.3346876876184444,1.0131577172523503,0.05651972336563295,1.750002659059202,1.3284221587461222,0.13840949066715505,1.3818743005738618,1.3844820220934475,1.0018870902501782,0.9640339609468448,0.22582953517782625,0.2242263627448081,0.7792944558186059
0,3361,20,2.731697097658361,7.462169033355113,2.009846127096021,1.0191090037538055,1.0559572079604227,4.441692852230276,0.12687675475462537,2.8093286769855457,0.6498984048721403,2.8744094799336777,1.0231659625594125,0.48323857479573046,4.8265150025746335,1.71803144363783,0.1517746460393399,3.021724304063727,3.2303983488757475,1.0690579364012087,0.8898003185687725,0.06103803774750831,0.056274896294420784,0.673508007870729
0,3361,40,5.633993642910624,31.74188436835732,3.457637082219344,1.0191090037538055,1.0559572079604227,4.441692852230276,0.12687675475462537,4.688053872123347,1.024969369436663,5.4154914049654135,1.1551683390772534,3.056723612779908,16.27562089954025,3.471722241999019,0.15812598794249488,6.297268971670897,8.184567187698494,1.2997010647818694,0.6616710793339156,0.19252030065880854,0.1961785423571377,0.5398390840028079
0,3361,80,15.91337983679976,253.23565783026513,5.534320509068116,1.0191090037538055,1.0559572079604227,4.441692852230276,0.12687675475462537,5.354781987983524,1.2086674504327122,11.191723085077847,2.090042715126926,11.980113571727395,64.27736976041015,12.003732347022288,0.16969468603935098,13.505915926959089,22.93326599285019,1.6980163446059375,0.4880126140152495,0.1935613618999512,0.19427796102553613,0.4244643868193525
0,3361,160,490.3700787784372,240462.81416117068,12.390320737700751,1.0191090037538055,1.0559572079604227,4.441692852230276,0.12687675475462537,9.919335588060711,2.6557894033465286,23.314174675838256,2.3503766425545756,25.574648060047846,373.6187546024757,37.66570364371756,0.15291293344547552,24.05396504780132,111.5809334585199,4.638775072499704,0.20894407272999987,0.22326471166840348,0.2358055282788353,0.35087825629914515
0,3420,1,1.0607243437225762,1.12513613336569,0.11790403577174308,1.0303998308018378,1.060724343722576,4.449464054362256,0.174405514933462,0.174405514933462,0.03761681258343181,0.174405514933462,0.9999999999999942,0.0,0.174405514933462,0.9999999999999942,0.174405514933462,0.174405514933462,0.174405514933462,0.9999999999999942,0.9999999999999942,nan,nan,nan
0,3420,2,1.1244443447594046,1.2643750844614068,0.23457799574078553,1.0303998308018378,1.060724343722576,4.449464054362256,0.174405514933462,0.35048544291619455,0.07565183582064194,0.3504786041204371,0.9999804876467863,0.00031830123279476843,0.3621708713808247,1.0333406956003683,0.17584954720371931,0.3516873325693949,0.3509491803153487,0.9979011121934523,0.9986591329420123,0.22220142187711073,0.22220142187710945,0.9393058115762786
0,3420,5,1.333628364298532,1.778564614061578,0.5758066423967417,1.0303998308018378,1.060724343722576,4.449464054362256,0.174405514933462,0.8971579909242422,0.19475700059303028,0.8967367071214271,0.9995304240645707,0.008300142392288566,1.0175480841329227,1.1341905154126253,0.18158181949962685,0.9075052636687921,0.9042110862187307,0.9963700734508745,0.9917338117047854,0.31295828314740637,0.3142090304718088,0.8656436079641122
0,3420,10,1.7452699691064353,3.0459672650647778,1.113818507555333,1.0303998308018378,1.060724343722576,4.449464054362256,0.174405514933462,1.8897443927405089,0.41758114085568654,1.8829301205259077,0.9963940772938502,0.05957110547035665,2.412852704068204,1.2768143212051455,0.18952200051378704,1.8931610791604978,1.925959046581609,1.0173244462830673,0.9776584418385871,0.4581603522740046,0.4618670167577576,0.7902170674737254
0,3420,20,2.8153312360566884,7.926089968716481,2.0701598457909363,1.0303998308018378,1.060724343722576,4.449464054362256,0.174405514933462,3.881707197269356,0.875976669209821,3.6461040081451355,0.9393042346702606,0.7156180239839554,5.754467483214529,1.4824578956554457,0.18567781846005638,3.7073344602127083,3.9758486203442542,1.0724278219333196,0.9170630867302568,0.2482099984446229,0.24775939645857886,0.7083040357965381
0,3420,40,5.512543402211074,30.388134761260844,3.414052228317888,1.0303998308018378,1.060724343722576,4.449464054362256,0.174405514933462,4.7994223477617215,1.0983601425021627,4.670054635653987,0.9730451494505233,3.1791756988849342,16.637852808502576,3.4666365247604998,0.15806726022537598,6.175447335644326,7.368021701538906,1.1931154620995807,0.6338274810833667,0.11319832638681766,0.10990268639820205,0.5193617795031396
0,3420,80,15.96050552055697,254.7377364717295,5.540234531480813,1.0303998308018378,1.060724343722576,4.449464054362256,0.174405514933462,7.432104615740345,1.9606372658197087,17.781487997567115,2.3925239103749916,16.79130589518156,68.42539389272127,9.206731798124064,0.15403042329213312,12.131516198641652,28.415415895469224,2.342280670461525,0.6257690565916487,0.2126931054502372,0.21592173181970276,0.4661175705207328
0,3420,160,114.66032025526448,13146.989041039815,9.483948041125085,1.0303998308018378,1.060724343722576,4.449464054362256,0.174405514933462,26.59496275061232,5.885494706050416,57.694844332122315,2.1693899282033757,66.54411542335579,404.0023027265223,15.190933204718272,0.15738276263638534,24.49820267221078,121.74640769337901,4.969605702196287,0.4738936074190217,0.18335479521486042,0.17801561201836033,0.3449527887221107
0,3479,1,1.0630801692205254,1.130139446189941,0.12234102881855038,1.0399848389891602,1.0630801692205272,4.454901241053899,0.1714357052290434,0.1714357052290434,0.03860005828473142,0.17143570522904336,0.999999999999994,2.4196749845665633e-16,0.17143570522904336,0.999999999999994,0.17143570522904333,0.17143570522904336,0.17143570522904336,0.9999999999999942,0.9999999999999942,nan,nan,nan
0,3479,2,1.1298942886752126,1.2766611035808646,0.2442481570064898,1.0399848389891602,1.0630801692205272,4.454901241053899,0.1714357052290434,0.34162406741538803,0.07734681570098838,0.3416440717585486,1.000058556597932,0.00021892968894941624,0.3543175784931768,1.037156372423707,0.17173305198378705,0.3434655900164046,0.341972265240109,0.9956521851978672,0.9990402921086863,0.33192709973635515,0.3319270997363532,0.9322756627060559
0,3479,5,1.353208904301514,1.8311743386809043,0.6049574761683986,1.0399848389891602,1.0630801692205272,4.454901241053899,0.1714357052290434,0.8466154194598227,0.1960292365289156,0.8472952321907019,1.0008029770250488,0.006080994963221926,0.9719902326322266,1.148089451586409,0.17131340144210314,0.8565583263571559,0.8531756473069834,0.9960508479737047,0.9931076149033979,0.31472851421754094,0.3147337297804497,0.8561108115835844
0,3479,10,1.801018282074574,3.2436668523668497,1.1767044344218227,1.0399848389891602,1.0630801692205272,4.454901241053899,0.1714357052290434,1.6912704142161803,0.4112982819099776,1.6925962691035092,1.0007839402121526,0.06318625578241177,2.228660741578777,1.317743586623106,0.16719291895513516,1.671183686059699,1.7311037201257413,1.0358548462182036,0.9777555494944947,0.26745024400088296,0.2682734602120253,0.7787025803554622
0,3479,20,2.991491191634039,8.949019549624044,2.1915439787579554,1.0399848389891602,1.0630801692205272,4.454901241053899,0.1714357052290434,3.3910970949099775,0.89088338410054,3.4025938635316417,1.00339027998901,0.6559097714443022,5.6003610183208945,1.651489432941042,0.1556996154748761,3.1023706301631404,3.6527836052724427,1.177416898470431,0.9315071001250452,0.2174021023938362,0.22046775226611562,0.6916471047224594
0,3479,40,5.365203472442184,28.785408300705672,3.3598686025227678,1.0399848389891602,1.0630801692205272,4.454901241053899,0.1714357052290434,5.346736328066464,1.4391886179498554,5.965242399956071,1.1156791795852923,3.9612809115486307,15.376400348984737,2.875847882804666,0.13626287526096847,5.352073905673377,7.490480329812848,1.399547252490794,0.7963764855257438,0.16452629713195124,0.17844768963068577,0.52280153547103
0,3479,80,7.52346373039425,56.60250650255777,4.036053268726095,1.0399848389891602,1.0630801692205272,4.454901241053899,0.1714357052290434,5.542022816946856,1.1808956848036727,17.849075957105615,3.220678901307521,16.82574118042066,63.713410983997285,11.496418020721448,0.15878939731919786,12.247545195612272,27.44216317272626,2.240625589408522,0.6504252541886036,0.24207040305443162,0.2330886829090677,0.46710576175274837
0,3479,160,42.8836385085017,1839.0064517278497,7.516980732878673,1.0399848389891602,1.0630801692205272,4.454901241053899,0.1714357052290434,8.107777833961594,2.013858509595765,104.21059189835793,12.853163225790919,105.67254108429006,533.9973836468353,65.86236014139959,0.16018603374867213,25.062900525195897,163.59425695271784,6.527347335088192,0.637006419659811,0.23659013601920925,0.23104717453282922,0.37683979848962523
0,3538,1,1.0610030871798595,1.1257275510051925,0.11842953863290635,1.032055475741088,1.0610030871798588,4.459398838490952,0.18159115949609825,0.18159115949609828,0.04256891614878862,0.18159115949609828,0.9999999999999944,0.0,0.18159115949609828,0.9999999999999944,0.18159115949609828,0.18159115949609828,0.18159115949609828,0.9999999999999944,0.9999999999999944,nan,nan,nan
0,3538,2,1.1246528511116278,1.2648440355135133,0.2349488224942106,1.032055475741088,1.0610030871798588,4.459398838490952,0.18159115949609825,0.36596935163086836,0.08514694671511382,0.3660503756305198,1.000221395587607,0.00040686877805714953,0.37574483023049043,1.02671119468354,0.18241526824180324,0.3648268300635963,0.3664817474319765,1.004536172320689,0.9988229378284719,0.04777342556834058,0.047773425568340314,0.9518823789230082
0,3538,5,1.3294921347387227,1.7675493363321262,0.5695940314582231,1.032055475741088,1.0610030871798588,4.459398838490952,0.18159115949609825,0.9390175401047942,0.21391938354880694,0.9411846801838024,1.00230788029664,0.012587028557472488,1.0430384924185698,1.11077636771531,0.18601028360819716,0.9298796234199304,0.9514237738430571,1.0231687520411408,0.9892381355808493,0.0959759827678222,0.09642594220824112,0.8945485044843215
0,3538,10,1.6963480232247263,2.8775966158984367,1.0569554373833079,1.032055475741088,1.0610030871798588,4.459398838490952,0.18159115949609825,1.9463270249491746,0.43018114644313915,1.9600605564008804,1.0070561274008223,0.13334457831272492,2.5193322224569448,1.2944033505996926,0.19694301220385804,1.965616247915571,2.0567954535971835,1.0463870838360751,0.9529681490557936,0.1346301385585046,0.13385244889595732,0.805041270911672
0,3538,20,2.70431197647105,7.313303266084756,1.9896950548785572,1.032055475741088,1.0610030871798588,4.459398838490952,0.18159115949609825,3.7175714454598694,0.7928445563443126,3.9700327561466313,1.0679102780916512,1.2398419353994123,6.747122162094084,1.8149273688698275,0.20906424555187628,4.169282049563985,4.587134478798005,1.1002216746832267,0.8654711943799221,0.18484386395035834,0.18653639646541062,0.6911886703916964
0,3538,40,6.3401678620098245,40.19772851846223,3.69381048951267,1.032055475741088,1.0610030871798588,4.459398838490952,0.18159115949609825,4.926260981521027,1.0798614777163056,7.022072861241486,1.4254366318759988,4.75763651969619,22.170154751608898,4.500401995503628,0.188884851997789,7.449496343835265,10.008345596955225,1.3434929201941956,0.7016217408976929,0.1424999851133344,0.13430022461669427,0.504079938877076
0,3538,80,32.20499789012465,1037.1618891029332,6.944243308969892,1.032055475741088,1.0610030871798588,4.459398838490952,0.18159115949609825,9.511632893608786,2.0086110982644394,14.416055929997324,1.5156236674865782,19.24911908503657,79.67720729990712,8.37681691368105,0.16944935120407714,13.339366225699038,26.638472874865997,1.9969818973517257,0.5411742631687869,0.1656517728529583,0.15447662585642793,0.441678872187805
0,3538,160,930.3351260079581,865523.4466842434,13.671089743565657,1.032055475741088,1.0610030871798588,4.459398838490952,0.18159115949609825,22.54381208114073,4.915551213389917,101.03522861521807,4.481727768647442,102.97601760085304,662.9926523796133,29.409074649546383,0.16896692862914292,26.74151681816692,145.46383376706015,5.439625386853109,0.6945728432883995,0.146952401757843,0.14735864905730306,0.29783371505091144
0,3597,1,1.0560126656853968,1.1151627500879775,0.10900035846480821,1.0212255721254295,1.056012665685397,4.450087771627935,0.15674502350260283,0.15674502350260303,0.03617972199966795,0.15674502350260303,0.9999999999999937,0.0,0.15674502350260303,0.9999999999999937,0.15674502350260303,0.15674502350260303,0.15674502350260303,0.9999999999999937,0.9999999999999937,nan,nan,nan
0,3597,2,1.1147966093836004,1.2427714802931717,0.21734395032781773,1.0212255721254295,1.056012665685397,4.450087771627935,0.15674502350260283,0.3119789235015255,0.07163629813429984,0.3120938484115579,1.000368373955335,0.0002797818756551969,0.32299401158061236,1.0353071545842165,0.15714151039121377,0.31428202291300283,0.31247547272787524,0.9942518182606052,0.9987787063317745,0.18622743558882196,0.1862274355888208,0.9364273613141502
0,3597,5,1.3055532418235585,1.704469267236003,0.5332537820642502,1.0212255721254295,1.056012665685397,4.450087771627935,0.15674502350260283,0.7699182787913919,0.17340400383003776,0.7725191889036259,1.0033781638699577,0.008436374149890399,0.8741278121666115,1.1353514213726752,0.15671785772265148,0.7835748552948583,0.7786268268672091,0.9936853149457071,0.9921558855245739,0.23892040466878864,0.23892230123494235,0.8705593984721431
0,3597,10,1.6515022988747938,2.7274598431887287,1.003370715679484,1.0212255721254295,1.056012665685397,4.450087771627935,0.15674502350260283,1.523762613789097,0.3305784583131887,1.5378134413202742,1.009221139437354,0.07553581199264686,1.9380589950151634,1.2718903702433322,0.1510356208578393,1.508776005365891,1.5775099797573793,1.0455561157832827,0.9748359509946102,0.3283024578488131,0.32744747797907103,0.8152832747583132
0,3597,20,2.2976463552417683,5.279178773755782,1.6637705503477789,1.0212255721254295,1.056012665685397,4.450087771627935,0.15674502350260283,3.106582421718482,0.6538011133920117,3.2455230351989672,1.0447245862556662,0.5496449409395291,4.98032625743521,1.6031527837848962,0.1484193224873319,2.9628343963464756,3.655714953786299,1.233857335494088,0.8877943374216066,0.30147444760674796,0.30239791935434424,0.7523842666490189
0,3597,40,4.47727983691189,20.046034738017763,2.9980313655163564,1.0212255721254295,1.056012665685397,4.450087771627935,0.15674502350260283,5.922592416651336,1.461860108722308,8.114398036841646,1.3700753767941314,3.823163825605559,16.563971312053972,2.796743410112851,0.16714555898636502,6.638956453408486,10.725675483424435,1.615566476252122,0.7565395810624436,0.4335697811670033,0.42258758360930193,0.6600294417029549
0,3597,80,14.730486689094295,216.98723809758422,5.3798385412008365,1.0212255721254295,1.056012665685397,4.450087771627935,0.15674502350260283,8.376597308998107,1.9275074390818125,23.708379095341492,2.8303114284691757,24.796971952142,90.91097571263529,10.852971959745405,0.1665402613662017,13.230565760436765,36.11443391650143,2.729621285319036,0.6564793220947772,0.2686182217226555,0.2663097424759369,0.4331139068222497
0,3597,160,65.25377610211966,4258.055295585563,8.356567831650354,1.0212255721254295,1.056012665685397,4.450087771627935,0.15674502350260283,16.331410066911275,3.9150160120865576,52.08373449004228,3.1891755994522506,60.08374799197155,428.42225675545575,26.233023051908607,0.17580325183592652,27.815626710443134,157.41850916450267,5.6593551101043955,0.33086156619368484,0.22892217996142344,0.2329805439069166,0.41578640991437704
0,3656,1,1.06029472094673,1.124224895267504,0.11709381621477974,1.0350619110883397,1.0602947209467295,4.454192161298836,0.15646215455634832,0.15646215455634857,0.036933787101504134,0.15646215455634857,0.9999999999999936,0.0,0.15646215455634857,0.9999999999999936,0.15646215455634857,0.15646215455634857,0.15646215455634857,0.9999999999999936,0.9999999999999936,nan,nan,nan
0,3656,2,1.125181300138261,1.2660329581808272,0.23588835670131242,1.0350619110883397,1.0602947209467295,4.454192161298836,0.15646215455634832,0.31863895901236533,0.07488850153082517,0.31860179843305714,0.9998833771632183,0.00023804353922225442,0.329155708641814,1.0330052221550206,0.15983679272454676,0.31960379488316626,0.3191378013214806,0.9985419648666657,0.9983204656853403,0.16207781735673393,0.1620778173567329,0.9396562747843434
0,3656,5,1.3506109873293402,1.824150039094735,0.6011141465447355,1.0350619110883397,1.0602947209467295,4.454192161298836,0.15646215455634832,0.832446267974041,0.19358731682877733,0.8310620409667773,0.9983371575313401,0.007231079804030499,0.9547402587293006,1.1469091705496985,0.1694921245389776,0.8463170838153687,0.8402243315500986,0.992800863433119,0.9890954234014872,0.10542140734249023,0.10700839021524952,0.8532462943876654
0,3656,10,1.8478295036377954,3.4144738745143015,1.2280234180540497,1.0350619110883397,1.0602947209467295,4.454192161298836,0.15646215455634832,1.729112399894815,0.3985779755023682,1.712900161589679,0.9906239534768687,0.06624667733975956,2.3951071076292583,1.3851656536468973,0.1804518088386215,1.8001216854615492,1.7755608436257986,0.9863560102441327,0.9647093580256232,0.11011615171558198,0.11448777907914692,0.7281614529216534
0,3656,20,3.409312745736381,11.623413398240542,2.4530214602871405,1.0350619110883397,1.0602947209467295,4.454192161298836,0.15646215455634832,3.4275086948885445,0.7888516366856493,3.289415471145087,0.9597103213919203,0.4610855045122721,7.054705053091494,2.058260293726519,0.18043068562024445,3.601781407484708,3.7481624757240875,1.0406412970912644,0.8776074923245214,0.1488914148898152,0.14819157411552572,0.5691514629010884
0,3656,40,9.031288374900893,81.56416971062,4.401390068855305,1.0350619110883397,1.0602947209467295,4.454192161298836,0.15646215455634832,6.203616228899339,1.3671760218757176,4.973697678710873,0.8017416769820589,3.0562106472353734,23.036167441108343,3.713345021859206,0.17024638799998948,6.7870746086335485,8.663994450563656,1.2765432752930925,0.5740651967277398,0.04943257172729514,0.04764636970957271,0.44975943396824447
0,3656,80,53.80917802718975,2895.4276399618,7.970888095837879,1.0350619110883397,1.0602947209467295,4.454192161298836,0.15646215455634832,15.7859222216312,3.203734698089538,14.682524833833652,0.9301024436642934,16.91086694210957,79.34716476867126,5.026451014685926,0.18553469208017162,14.688503596501437,27.88827366244975,1.898646344689072,0.526476647911089,0.18113337434637053,0.18193365516982574,0.43247820556880223
0,3656,160,759.8295518710019,577340.9478964875,13.26618826854658,1.0350619110883397,1.0602947209467295,4.454192161298836,0.15646215455634832,22.56195894537467,4.951906983465442,84.04181531624471,3.7249343250610676,88.4385600822629,621.5362886791011,27.547975341322015,0.15887423436055226,24.36529916651415,162.28791916398706,6.660616726061935,0.517856262802427,0.20718262119822034,0.20516052606581703,0.348087169610856
0,3715,1,1.0537166802291151,1.1103188421930672,0.10464721929621279,1.0352224736594597,1.0537166802291158,4.450762724356342,0.2270110636510737,0.22701106365107365,0.04450891118112873,0.22701106365107365,0.9999999999999956,0.0,0.22701106365107365,0.9999999999999956,0.22701106365107365,0.22701106365107365,0.22701106365107365,0.9999999999999956,0.9999999999999956,nan,nan,nan
0,3715,2,1.1111793933611618,1.2347196442304795,0.21084393558930134,1.0352224736594597,1.0537166802291158,4.450762724356342,0.2270110636510737,0.45691868409119357,0.08941014418592923,0.4570189624512957,1.0002194665344022,0.0005831205372724203,0.46936981825696805,1.02725021891048,0.22852659445908446,0.4570432042969884,0.45751527592735763,1.001032881849965,0.998915198022499,0.32115240524927957,0.3211524052492782,0.9504693851468085
0,3715,5,1.3075106916853676,1.7095842088715485,0.5362501882414594,1.0352224736594597,1.0537166802291158,4.450762724356342,0.2270110636510737,1.1525178942573298,0.2247471534283268,1.156135048482007,1.0031384798819172,0.018139788700906396,1.287260377492856,1.1169114023364917,0.23090113938977264,1.1544544797874725,1.1661833817222984,1.0101596919932123,0.9913835736319168,0.3498092594745852,0.3496771416905086,0.8874325541576733
0,3715,10,1.7232054862088806,2.9694371477003845,1.0883724222960411,1.0352224736594597,1.0537166802291158,4.450762724356342,0.2270110636510737,2.2597407693931824,0.44076199643830816,2.290782974856661,1.0137370648367836,0.18704737209658692,2.9211865240511323,1.2927086874816927,0.2284790717557345,2.284423777016414,2.374664658542592,1.0395026887892214,0.9646764087787397,0.3223092913253668,0.3225886347256001,0.8080243707410943
0,3715,20,2.938219078320695,8.633131352207714,2.1556072842665275,1.0352224736594597,1.0537166802291158,4.450762724356342,0.2270110636510737,3.916838336295087,0.7893769844317566,4.039588551010922,1.0313391067428999,1.3797125285339997,7.509719947243294,1.917291269760878,0.2182308159568639,4.358692695009629,4.766095065023118,1.093468936334955,0.8475677668824105,0.18296118127841182,0.1885598637712985,0.6505066477083252
0,3715,40,6.749669913429731,45.558043940258514,3.8189872039491934,1.0352224736594597,1.0537166802291158,4.450762724356342,0.2270110636510737,6.225073764440241,1.4860625580550288,7.35142708837844,1.1809381489376582,6.608793145963477,22.419646628977183,3.6015069824627464,0.20050324397468783,7.956238404488644,11.271484268911983,1.4166850835632312,0.6522146429866826,0.18157390351270314,0.18958912406780784,0.5494438845847148
0,3715,80,19.357457709576472,374.7111689780416,5.9261555131430725,1.0352224736594597,1.0537166802291158,4.450762724356342,0.2270110636510737,9.721323987477803,2.308949231217906,21.221932586494198,2.183029041499956,22.420003704178374,76.74129186781859,7.894119357267621,0.15709148803577874,11.711572879018215,29.540295605044776,2.5223166785707734,0.7184062363570255,0.1422826709020104,0.16777291811996714,0.45651237434481534
0,3715,160,251.85990459713938,63433.41154368015,11.057745997568816,1.0352224736594597,1.0537166802291158,4.450762724356342,0.2270110636510737,21.222938960077986,5.071334172112272,57.959573035264036,2.7309871240873163,64.36413147702795,606.4712952657463,28.57621634810176,0.14686123285197034,22.498601893919073,139.44254373958884,6.197831509578264,0.41565200605852726,0.1459752855650588,0.15717598192640891,0.3147695075462813
0,3774,1,1.0557181528574984,1.1145408182728482,0.10844249791322316,1.0258137274323922,1.0557181528574977,4.444102233792286,0.07185437953636202,0.07185437953636198,0.017377715560238833,0.07185437953636198,0.9999999999999861,0.0,0.07185437953636198,0.9999999999999861,0.07185437953636198,0.07185437953636198,0.07185437953636198,0.9999999999999861,0.9999999999999861,nan,nan,nan
0,3774,2,1.1137013726624858,1.2403307474703051,0.2153780758812263,1.0258137274323922,1.0557181528574977,4.444102233792286,0.07185437953636202,0.14254238527571786,0.03450698782397359,0.1425269066063608,0.9998914100579409,7.169220462322562e-05,0.1459397875348866,1.023834330066781,0.07099172888676686,0.1419728455928072,0.14272118192198008,1.0052709821096224,0.9986387772788592,0.24483541165075862,0.2448354116507552,0.9575501250816146
0,3774,5,1.3009424195552797,1.6924511789983454,0.5261778798924459,1.0258137274323922,1.0557181528574977,4.444102233792286,0.07185437953636202,0.35476757913620655,0.0860283063444517,0.35436750704225517,0.9988722980410824,0.002188350173304102,0.3893305077893124,1.0974241466406234,0.06979907624882095,0.34894961073934794,0.358945608919668,1.0286459645538497,0.9872456947134897,0.24360552873035363,0.2431551348609573,0.9083125061879767
0,3774,10,1.660938998593328,2.7587183570482074,1.0147662084906608,1.0258137274323922,1.0557181528574977,4.444102233792286,0.07185437953636202,0.7380258848218322,0.17859386101257899,0.7365322746855735,0.997976209009769,0.021865624854896234,0.9187577980353067,1.2448856021589323,0.07253120874919597,0.7243267481874758,0.777194045183059,1.0729881881731897,0.9476813149180665,0.224780553286587,0.2251804740957233,0.8393251565703186
0,3774,20,2.6943752361862923,7.259657913373938,1.9823327083565714,1.0258137274323922,1.0557181528574977,4.444102233792286,0.07185437953636202,1.6274666972628575,0.38737592760064005,1.6571635768057027,1.0182473039803452,0.231156639015734,2.71000444806081,1.665167374926079,0.08713635617715075,1.7161256467070567,1.9421998652185999,1.1317352368373137,0.8532404962447999,0.13339128002831444,0.12458898172206574,0.7135737015393684
0,3774,40,7.045404384993872,49.637722948090875,3.9047510879726595,1.0258137274323922,1.0557181528574977,4.444102233792286,0.07185437953636202,3.6754118837272958,0.8160309118024417,4.167693269640405,1.1339391070950877,2.023803616018557,10.490735851440183,2.8543020981913334,0.10477075286315664,4.112626152840797,5.4286983390543915,1.320007736493266,0.7677150228919079,0.2626319254999861,0.2256871303302496,0.5349860482460074
0,3774,80,17.612236217221017,310.1908645711917,5.737187800183667,1.0258137274323922,1.0557181528574977,4.444102233792286,0.07185437953636202,8.158609322073383,1.870832098982953,13.569812244321888,1.663250648319232,11.881266121433926,49.11696922127658,6.02026243472512,0.12565449279868185,9.815392072582114,18.120971407022772,1.8461790698754765,0.7488457400833884,0.21608102489517708,0.23012938163897304,0.4255662225596398
0,3774,160,255.98980304860962,65530.77926486594,11.090275223689769,1.0258137274323922,1.0557181528574977,4.444102233792286,0.07185437953636202,17.365611532356237,3.7151165004440077,27.116710790354375,1.5615177582332496,33.036562023649125,228.7657545077147,13.173492570732106,0.12762850697051092,19.971675217610624,67.1317520437113,3.361348074823281,0.40393271387730134,0.2013617414804796,0.20655669886422884,0.40215272220481585
0,3833,1,1.0639006514395968,1.1318845961335984,0.1238840277056083,1.028104555397417,1.063900651439597,4.450040818896122,0.16604042881538755,0.1660404288153878,0.033497325085235875,0.16604042881538777,0.9999999999999938,5.578801654593729e-16,0.16604042881538777,0.9999999999999938,0.16604042881538777,0.16604042881538777,0.16604042881538777,0.999999999999994,0.999999999999994,nan,nan,nan
0,3833,2,1.132466539133965,1.2824804622580603,0.2487960638399718,1.028104555397417,1.063900651439597,4.450040818896122,0.16604042881538755,0.3332017934048391,0.06730797911017895,0.33317293283944194,0.999913384123467,0.00031484719028685397,0.3423067713117857,1.0273257169894134,0.16574336430766679,0.3314861952249579,0.33361782062109446,1.0064305103103584,0.9986664747679687,0.1824266868991408,0.18242668689913968,0.9508713031711242
0,3833,5,1.368033147967353,1.8715146939374658,0.6267480997541617,1.028104555397417,1.063900651439597,4.450040818896122,0.16604042881538755,0.8375072237035998,0.17079708101943852,0.8364782504979625,0.9987713858740371,0.008999589125984397,0.9362834442308293,1.1179407385770634,0.16368564646251704,0.8183596462658035,0.8453426154424359,1.0329720182315385,0.9895138790088857,0.20596128945842745,0.20594972144502816,0.8863403617803303
0,3833,10,1.8632386030581802,3.471658091926199,1.2446323161213333,1.028104555397417,1.063900651439597,4.450040818896122,0.16604042881538755,1.673915406196937,0.35230354967997957,1.667498588683843,0.996166581961466,0.07758581300536702,2.170720748002578,1.2967923826774255,0.15815494718404563,1.580242166439996,1.7383873954016633,1.1000765783373185,0.9592215136250213,0.2651862578793531,0.2652009587389909,0.8011130751039077
0,3833,20,3.2138594139244288,10.328892332470673,2.334945049160571,1.028104555397417,1.063900651439597,4.450040818896122,0.16604042881538755,3.2315731443215103,0.7363918809217951,3.403208479728685,1.0531120069829674,0.6891523260174229,5.770266898795892,1.785590683266863,0.14449179183825706,2.8700335995502835,3.846229823610634,1.340134075159717,0.8848167259370723,0.33924378287691975,0.3472904367808505,0.6894684315390058
0,3833,40,7.641377312716132,58.390647235292825,4.067155726928186,1.028104555397417,1.063900651439597,4.450040818896122,0.16604042881538755,6.065922517831187,1.4478641019682743,8.758006260793293,1.443804505423296,4.7879050532515,19.686090447753422,3.245358045686346,0.13825116442297028,5.48722590864144,10.93447300454881,1.9927142032422773,0.800953668013987,0.22134240022129467,0.23287213857537414,0.5777511539865176
0,3833,80,32.679811397644066,1067.970072985587,6.973514997578453,1.028104555397417,1.063900651439597,4.450040818896122,0.16604042881538755,9.401533415083495,2.0684840274050718,13.171187682448718,1.4009616411422117,8.199746604207983,51.78077234522457,5.5076943365588935,0.12949910372545642,10.252583619831857,22.4233255054715,2.187090233733616,0.5873877930922791,0.2012639512568433,0.19640226500539834,0.5292724502967178
0,3833,160,839.669701202288,705045.2071171396,13.466017203308988,1.028104555397417,1.063900651439597,4.450040818896122,0.16604042881538755,36.840621237886396,10.207791132986493,51.65223539506846,1.4020457218009668,64.14977169818133,269.05446520277883,7.303201090596346,0.13654691258387072,21.364465277938983,87.21841391346955,4.082405657188695,0.5922170912935114,0.23811479221445295,0.2320864614650052,0.37740252181754574
0,3892,1,1.0590523298393666,1.1215918373381906,0.11474895957751076,1.0223779837739555,1.0590523298393664,4.4488140167021095,0.10264704634458358,0.10264704634458362,0.023750487808624054,0.10264704634458362,0.9999999999999902,0.0,0.10264704634458362,0.9999999999999902,0.10264704634458363,0.10264704634458362,0.10264704634458362,0.9999999999999902,0.9999999999999902,nan,nan,nan
0,3892,2,1.118956154900842,1.252062876590477,0.22479249233579007,1.0223779837739555,1.0590523298393664,4.4488140167021095,0.10264704634458358,0.20455884651168033,0.04715124768160334,0.2045741924254313,1.0000750195555541,9.863269384928316e-05,0.21128200937597158,1.0328666443859045,0.1026966340413238,0.20539324415047847,0.20504726420550182,0.998315524220825,0.9976928647065615,0.020147672057909266,0.020147672057909072,0.9425558709123002
0,3892,5,1.2997231063004278,1.6892801530512331,0.5243024932545696,1.0223779837739555,1.0590523298393664,4.4488140167021095,0.10264704634458358,0.5131865736175835,0.116925539622259,0.5135642704857606,1.000735983534241,0.0028388701174265553,0.5784730880263764,1.1272178926049652,0.10389795024575697,0.5194490183523635,0.5229543524026538,1.00674817725406,0.9820441652818215,0.08392356900490339,0.08433266597709839,0.8852432888142459
0,3892,10,1.5983933599415823,2.5548613331053405,0.9379979494256431,1.0223779837739555,1.0590523298393664,4.4488140167021095,0.10264704634458358,1.0717752474327438,0.24007122659722913,1.07261635566715,1.0007847804252057,0.02562403921343412,1.3591989603816297,1.2681753601208456,0.10851661955459597,1.0838963289479844,1.1417044525137785,1.0533336279696606,0.9394868814827576,0.2881832654008753,0.2936879837957741,0.8324564156706759
0,3892,20,2.3875412169346095,5.700353062561597,1.7405281137225324,1.0223779837739555,1.0590523298393664,4.4488140167021095,0.10264704634458358,2.31018998691258,0.509121219524187,2.2626977816236953,0.9794422945480965,0.22033265817054012,3.487311298081548,1.5095344183108133,0.11358560066765791,2.2643322300732676,2.577339837841602,1.1382339586087178,0.8779198413813348,0.28746242729978483,0.2868390786774149,0.7452475139693439
0,3892,40,4.718467688590768,22.263937328275105,3.1029682092840862,1.0223779837739555,1.0590523298393664,4.4488140167021095,0.10264704634458358,3.3518814968330943,0.7181563394743813,2.931144166477134,0.8744772657525394,1.2358270639081943,11.18294374316418,3.3363183494792352,0.12451480233610454,4.844430305765334,5.834063506485594,1.2042826789235677,0.5024189680517958,0.1365207118887712,0.13702183499025353,0.5360052987827939
0,3892,80,17.161947420814556,294.5324392748034,5.685389147364429,1.0223779837739555,1.0590523298393664,4.4488140167021095,0.10264704634458358,9.015144114908555,2.318974187496134,8.483173914054325,0.9409914923074274,7.509797881936455,47.98169130964996,5.322343236898621,0.14416818634528114,11.211150746205956,17.4579420980889,1.5571944837149714,0.4859206123144931,0.13367429213012588,0.12413482395388323,0.42050852178024273
0,3892,160,116.0250669954116,13461.81617128975,9.50761252509856,1.0223779837739555,1.0590523298393664,4.4488140167021095,0.10264704634458358,23.728041281623927,5.373270326041733,54.22495825152776,2.2852690455120723,52.868225001188975,627.6200671650869,26.45056369027579,0.13823300671117916,21.65250277723942,127.98908341241926,5.911052626533237,0.42366861927433813,0.20198924618347674,0.19888505764714492,0.28692123304664674
0,3951,1,1.0552221142718847,1.1134937104484266,0.10750255924708896,1.0175666791950853,1.0552221142718852,4.440180170297605,0.13800365119786523,0.1380036511978653,0.03149511124358952,0.1380036511978653,0.9999999999999928,0.0,0.1380036511978653,0.9999999999999928,0.1380036511978653,0.1380036511978653,0.1380036511978653,0.9999999999999928,0.9999999999999928,nan,nan,nan
0,3951,2,1.112469700303069,1.2375888340924002,0.21316499800945138,1.0175666791950853,1.0552221142718852,4.440180170297605,0.13800365119786523,0.2711379755227642,0.06221845157454179,0.27117563549827145,1.0001388959825108,0.00017842543859385545,0.2804855009673891,1.0344751613144618,0.13652194414456967,0.2730276295205467,0.2717337101419208,0.995260848211959,0.9979462443457644,0.15568718190740138,0.15568718190740027,0.9398343241130185
0,3951,5,1.2953050387686988,1.6778151434595805,0.5174924371728394,1.0175666791950853,1.0552221142718852,4.440180170297605,0.13800365119786523,0.6494522217391229,0.15145074073292217,0.6502184684446265,1.0011798353748806,0.00531996244884427,0.744154803514017,1.1458191666837254,0.13402117291864588,0.6700079540412539,0.6618236188211595,0.9877847193145538,0.9824648893655306,0.18937680156724102,0.18880663597435426,0.8692901619199933
0,3951,10,1.6314652654792117,2.6616789124651548,0.9789570937892172,1.0175666791950853,1.0552221142718852,4.440180170297605,0.13800365119786523,1.2369501904983466,0.2962425442665436,1.2389665353630885,1.0016300938228793,0.04825160702980424,1.6868715136674064,1.3637343901356225,0.13481278753327663,1.3479091548661684,1.3291883248843157,0.9861112079295044,0.9321226436975508,0.19605970602796757,0.19587422856399353,0.7787760481305213
0,3951,20,2.4847306783503287,6.173886543935285,1.8203285494834034,1.0175666791950853,1.0552221142718852,4.440180170297605,0.13800365119786523,2.244203714916038,0.5729341943078303,2.2569808424676974,1.0056933902509544,0.28153982459301713,4.400690524297515,1.9609140182098643,0.13774137351140123,2.753791361158978,2.7802250736371183,1.009599025129854,0.8117978878289489,0.1222157462874261,0.1234851483995126,0.6454466761603899
0,3951,40,4.8992117576500185,24.002275846296182,3.178148652781164,1.0175666791950853,1.0552221142718852,4.440180170297605,0.13800365119786523,2.7897280795676958,0.779632324899324,3.66848523784239,1.314997423838838,1.9535285235393378,13.348835690531917,4.784995279038267,0.12439855147899069,4.926420368094869,6.433329707949448,1.3058832229612038,0.570231187328914,0.3041383312892195,0.2845567315766775,0.5543807427944861
0,3951,80,14.333298906035903,205.44345752977003,5.3251708502361925,1.0175666791950853,1.0552221142718852,4.440180170297605,0.13800365119786523,6.598705593725226,1.5472713560611284,6.819396816177647,1.0334446232397876,4.762726147825667,59.32619914548945,8.990581304597573,0.13443759661931917,10.640395453257792,20.365403816187065,1.9139705761548311,0.33485203032200006,0.24803459518361853,0.25532750241054625,0.399154998373595
0,3951,160,186.9396518115567,34946.43341942605,10.461571694369605,1.0175666791950853,1.0552221142718852,4.440180170297605,0.13800365119786523,8.815901558814693,2.011975696953343,13.882704988866978,1.5747345743653607,15.44546589332261,528.3974164730728,59.93685534575278,0.13420232511189403,21.206817304771363,142.2944512046079,6.709844723969627,0.09756322099239677,0.2183913032382604,0.2190801462871274,0.3453280076317238
0,4010,1,1.0545367416716032,1.1120477395353614,0.10620312614370725,1.018017257485675,1.0545367416716025,4.449112775658878,0.15373635436954955,0.15373635436954955,0.03705332498289551,0.15373635436954955,0.9999999999999934,0.0,0.15373635436954955,0.9999999999999934,0.15373635436954955,0.15373635436954955,0.15373635436954955,0.9999999999999934,0.9999999999999934,nan,nan,nan
0,4010,2,1.1115229037580212,1.2354831655786633,0.2114621207597392,1.018017257485675,1.0545367416716025,4.449112775658878,0.15373635436954955,0.31055996527902685,0.07439134756285282,0.310574138314987,1.0000456370348523,0.000201654312366263,0.3188714268596845,1.0267628236408035,0.15526887389006575,0.31052276877889357,0.31096822930740425,1.0014345502916306,0.9987326969276058,0.3801784803648895,0.38017848036488705,0.9512404174031721
0,4010,5,1.2964165949145041,1.6806959875697174,0.5192079859409072,1.018017257485675,1.0545367416716025,4.449112775658878,0.15373635436954955,0.7938940242855836,0.18724683651097843,0.7945943187660576,1.0008821007074629,0.006381603011429639,0.8823749912160751,1.1114518616135363,0.15881531531721893,0.7939148333353361,0.8020492996554105,1.010246018815267,0.9907050839735702,0.38908215443017474,0.3893333034741777,0.8902094277697744
0,4010,10,1.6482441797614513,2.7167088761174996,0.9994211756851258,1.018017257485675,1.0545367416716025,4.449112775658878,0.15373635436954955,1.6068020145135042,0.3732977867628815,1.6154357483056319,1.0053732405823133,0.05768424617714213,2.0444629894352238,1.2723801507394985,0.1601428888126186,1.6011711918689666,1.6758537271240077,1.0466424425035195,0.9639479401808758,0.44675550276474585,0.44770783093139077,0.8138128043161642
0,4010,20,2.5847909068665005,6.681144032219746,1.8992892351931847,1.018017257485675,1.0545367416716025,4.449112775658878,0.15373635436954955,3.151040169727376,0.7372152772575279,3.1636449224526033,1.0040001878891682,0.3882379102814251,5.699904644059186,1.808896217452008,0.15599909070246865,3.118402378004164,3.680180342677598,1.1801492869027956,0.8596439923785968,0.4075388639257865,0.40816198428156863,0.6679791452500968
0,4010,40,5.743986724687229,32.99338349338312,3.4963070411631163,1.018017257485675,1.0545367416716025,4.449112775658878,0.15373635436954955,6.001250147381223,1.3711045958782058,6.42008384357966,1.069791074511567,3.3526836319489433,21.028487477541407,3.5040178231393413,0.143441599374424,5.703335392168855,9.180789886326988,1.6097229524556738,0.69929536816229,0.2774003573662584,0.28398296630944436,0.49011027669378265
0,4010,80,19.31977778356607,373.2538136063731,5.922258653664821,1.018017257485675,1.0545367416716025,4.449112775658878,0.15373635436954955,7.720629087230612,1.7300567495787045,9.033273643635775,1.1700178238812413,10.957522770094627,62.06897648470369,8.039367748848536,0.14543755396920865,11.545224480044716,21.491257239285225,1.8614845710823276,0.4203231827276854,0.22293045883247253,0.21991180752764708,0.43389154464433816
0,4010,160,349.4948269266914,122146.63404851798,11.712977520420157,1.018017257485675,1.0545367416716025,4.449112775658878,0.15373635436954955,16.93680553887625,3.9519514689469473,51.85185443358075,3.06148962474426,49.070980542143396,354.3540764621096,20.922131723643847,0.14869789214671533,23.405168826230582,106.43087817875505,4.547323668927186,0.4871880728682274,0.26557789322382624,0.27665284012683966,0.37379682609548465
0,4069,1,1.0647390353924022,1.133669213488343,0.1254594638892765,1.017254981257499,1.064739035392404,4.445571904933868,0.16858307482462837,0.16858307482462842,0.037102566813926506,0.16858307482462842,0.9999999999999941,0.0,0.16858307482462842,0.9999999999999941,0.16858307482462842,0.16858307482462842,0.16858307482462842,0.9999999999999941,0.9999999999999941,nan,nan,nan
0,4069,2,1.1324304870538346,1.2823988080089852,0.24873239281260667,1.017254981257499,1.064739035392404,4.445571904933868,0.16858307482462837,0.33173377301738677,0.07308471323615875,0.3318144218351657,1.000243113075417,0.0003278742454845215,0.3450068566683629,1.0400112521864917,0.1671533595563002,0.3342943843499269,0.33215227793338165,0.9935921555466394,0.9989828276948179,0.17800345798602812,0.17800345798602707,0.9283050865467155
0,4069,5,1.3498364239567022,1.8220583714402179,0.599966835338982,1.017254981257499,1.064739035392404,4.445571904933868,0.16858307482462837,0.7869803331351353,0.1739038992912407,0.788634489403706,1.0021019029306362,0.009286433730743834,0.9168839485076167,1.1650658979684745,0.16217678115416437,0.8105279473629472,0.7955186035975137,0.9814820157475539,0.9913463818914137,0.1744833916206408,0.17473670164282595,0.8461863242371054
0,4069,10,1.731925085367234,2.999564501324301,1.0984671119052405,1.017254981257499,1.064739035392404,4.445571904933868,0.16858307482462837,1.4314939271477802,0.3177261623289397,1.438189935113813,1.0046776363064098,0.07641716918301901,1.9869279392688255,1.3880100373375204,0.1541050883816629,1.538180396739811,1.4941351395858127,0.971365350093296,0.96255679758157,0.134681524032975,0.13733968002778132,0.753219646703549
0,4069,20,2.5800399598581785,6.656606194464991,1.8956097742614135,1.017254981257499,1.064739035392404,4.445571904933868,0.16858307482462837,2.32884052712482,0.5214451017550022,2.432639175706635,1.0445709559640668,0.4975524157861292,4.385744508770091,1.883230928733758,0.13993775057270014,2.7763137481071416,2.7708968937151113,0.9980489040924412,0.8779248268761981,0.13011786347418383,0.134615249938532,0.6687810495513695
0,4069,40,6.309453276338944,39.809200646304234,3.6840980575919526,1.017254981257499,1.064739035392404,4.445571904933868,0.16858307482462837,3.4387177764722154,0.7864105952609212,4.515410662114692,1.3131088259144825,2.200708041005696,12.857039630512007,3.7389051577539045,0.12437734152944521,4.900641500215424,6.72533193944165,1.3723370581475949,0.6714033898659237,0.21695383906494442,0.21620281167477406,0.589108870801304
0,4069,80,24.358959701599844,593.3589177441652,6.385799473481926,1.017254981257499,1.064739035392404,4.445571904933868,0.16858307482462837,4.460511189674872,0.8991661449441293,9.901847173381364,2.219890669998098,8.614738720309859,44.57168738510304,9.99250657374808,0.14844580795680856,11.551849527675673,20.35683326648019,1.7622141993548064,0.4864139251798985,0.23428922215713205,0.24510471741832218,0.4741644612344849
0,4069,160,78.83762957982842,6215.371837766236,8.734780831240599,1.017254981257499,1.064739035392404,4.445571904933868,0.16858307482462837,6.7164872325042495,1.5375320732994475,35.978704600057185,5.356774062777825,36.83045411949323,573.4335427046093,85.37700182462848,0.14112846599815662,22.10359041264561,150.53680665355355,6.810513760127877,0.23900270903752346,0.19673041749187575,0.21500888931441278,0.31461238678182457
0,4128,1,1.0485653685366934,1.0994893320944916,0.09484582845946243,1.0223544355343877,1.0485653685366936,4.446357153170577,0.129843922667876,0.12984392266787587,0.027869817179866006,0.12984392266787587,0.9999999999999923,0.0,0.12984392266787587,0.9999999999999923,0.12984392266787587,0.12984392266787587,0.12984392266787587,0.9999999999999923,0.9999999999999923,nan,nan,nan
0,4128,2,1.099544229822089,1.2089975133350508,0.18979151483571063,1.0223544355343877,1.0485653685366936,4.446357153170577,0.129843922667876,0.2606051275146975,0.05574493310491326,0.2605617088939687,0.9998333930681108,0.00025681376770797423,0.26830190034637913,1.029534234053958,0.13098622305924212,0.26196257013623947,0.2617052398279918,0.9990176829151018,0.9956304622147584,0.2216115105474942,0.2216115105474925,0.9515604130539005
0,4128,5,1.2669024821470196,1.6050418992702793,0.47314986170558593,1.0223544355343877,1.0485653685366936,4.446357153170577,0.129843922667876,0.6796573762247714,0.14362023910749963,0.678118977452926,0.997736508385458,0.0068268647130237635,0.7686517557766446,1.1309400628390156,0.14032135113206506,0.7000489785722666,0.7016015418042838,1.002217792296737,0.9665300559474692,0.16077572387404634,0.15946893754940758,0.8911602343076599
0,4128,10,1.5863998803792518,2.5166645804673045,0.9229344456390911,1.0223544355343877,1.0485653685366936,4.446357153170577,0.129843922667876,1.5064258282507292,0.3092142473895448,1.4876604989518263,0.9875431442112922,0.04866459598014674,2.017342784923336,1.3391583887444927,0.1658519130655171,1.6370899020355232,1.645975870828146,1.0054279052003028,0.903816711604243,0.06631216274082866,0.06573780226641777,0.7928083266989393
0,4128,20,2.323980472643246,5.400885237227126,1.6865628729545503,1.0223544355343877,1.0485653685366936,4.446357153170577,0.129843922667876,3.2172931054878875,0.6456621819064315,3.0747961612103656,0.955709057395343,0.470731821125746,5.943677439128945,1.847415589518572,0.18942969083522448,3.737999279948622,3.812738071424197,1.0199943300889565,0.8064535521743343,0.24640413365418487,0.2696267898662158,0.6467311657568815
0,4128,40,4.770429319524216,22.756995892576274,3.124872609886503,1.0223544355343877,1.0485653685366936,4.446357153170577,0.129843922667876,5.880338734024294,1.3582868417579856,7.308525332224096,1.2428748857503997,5.293258983545953,19.63222376949297,3.338621235524875,0.17237935306608979,6.802151163603127,9.684116699641937,1.4236844296344953,0.7546919929717826,0.33312029122239006,0.34786697539236355,0.5409207337689411
0,4128,80,13.380492742002327,179.03758601877695,5.187595761557041,1.0223544355343877,1.0485653685366936,4.446357153170577,0.129843922667876,7.7508306440871655,1.7205677062609797,32.5246145647936,4.196274703744879,32.386038729489606,106.32653292537714,13.718082333083858,0.1561738617980425,12.317158287239955,44.875087155521086,3.6432987308452254,0.7247810896071324,0.2727809258600486,0.2926753273350089,0.440574035157151
0,4128,160,303.2984178320776,91989.9302594415,11.42943439633896,1.0223544355343877,1.0485653685366936,4.446357153170577,0.129843922667876,13.517646864653248,3.3639247329541737,206.97668956848054,15.311591702376509,205.9399073810433,1145.5310626476844,84.74337834960664,0.14099616257551206,22.148325173804885,372.75623972493275,16.82999670628804,0.5552601606916477,0.23808500759826326,0.250085020747915,0.3258590609835158
0,4187,1,1.0655322658095465,1.135359009481226,0.126948908831539,1.0229698129097469,1.0655322658095474,4.452536966637486,0.12935599395305664,0.1293559939530566,0.03030967082444732,0.1293559939530566,0.9999999999999922,0.0,0.1293559939530566,0.9999999999999922,0.1293559939530566,0.1293559939530566,0.1293559939530566,0.9999999999999922,0.9999999999999922,nan,nan,nan
0,4187,2,1.1357735252483894,1.2899815006551538,0.25462787769335354,1.0229698129097469,1.0655322658095474,4.452536966637486,0.12935599395305664,0.25678646736148547,0.059933116888754086,0.25681311133308876,1.0001037592513191,0.00017244022617503055,0.2668487429193681,1.0391853809948506,0.129159339387041,0.25831837889614945,0.25710636261193837,0.9953080524529796,0.9988594164847907,0.06630350570315797,0.06630350570315746,0.9293448572402936
0,4187,5,1.3748120487163806,1.8901081692957318,0.636634059865442,1.0229698129097469,1.0655322658095474,4.452536966637486,0.12935599395305664,0.6322928989762546,0.14579185864989835,0.6328125985087235,1.0008219284659203,0.0045685043018834125,0.7389303223904891,1.16865193897779,0.1294570184404944,0.6472791800139962,0.6386870869417232,0.9867258312370124,0.9908022433001896,0.08430280604599627,0.08429954485971462,0.8400372872717339
0,4187,10,1.8565598504294625,3.446814478226668,1.2374504648581934,1.0229698129097469,1.0655322658095474,4.452536966637486,0.12935599395305664,1.2637114916449514,0.2860508234936278,1.2674079124493012,1.0029250511915002,0.036286227861196424,1.7908945347650287,1.417170411605461,0.13268624998969197,1.326329679773718,1.311421951952144,0.9887601641967939,0.9664379268340553,0.11437287497439737,0.11411980606215888,0.7267555168712608
0,4187,20,2.9564263410586595,8.740456710105493,2.167962443463002,1.0229698129097469,1.0655322658095474,4.452536966637486,0.12935599395305664,2.495273508797548,0.5541130768808207,2.5895625078660713,1.0377870396716389,0.3387087216676067,5.067579206412463,2.030871240585761,0.1351720294486386,2.701369498511254,2.8190204820705826,1.0435523476607573,0.9186036512810385,0.13804304725502378,0.1374913424126573,0.5910551743935596
0,4187,40,5.579349080807738,31.12913616551015,3.438144234807662,1.0229698129097469,1.0655322658095474,4.452536966637486,0.12935599395305664,4.079013495993472,0.9319774739996173,4.119471608741463,1.0099186023257167,1.9592419404419772,17.964148650113536,4.404042464620049,0.11991500275164368,4.740860090493699,5.727215603532119,1.2080541281984347,0.7192799946628307,0.08270715568174955,0.07905697458795,0.42790461967239896
0,4187,80,26.929858083764326,725.2172564116869,6.586471273980501,1.0229698129097469,1.0655322658095474,4.452536966637486,0.12935599395305664,6.716917590492981,1.6869084631449873,8.642036120581,1.2866074362461735,7.740408097343346,89.23190664978335,13.28465109890298,0.1263660924462436,10.022046116241999,18.519319495641728,1.8478581400287926,0.46664976661884294,0.16127103025573764,0.16066355231080642,0.32777058900886663
0,4187,160,933.1351317700553,870741.1741435184,13.677100052252122,1.0229698129097469,1.0655322658095474,4.452536966637486,0.12935599395305664,14.564416211992173,3.217347736904779,36.49162341486122,2.5055328606178144,37.69255964377883,389.7173555981315,26.75818583632914,0.1486423686716187,23.14936492959655,101.99020156506174,4.4057451198009705,0.3577953848005922,0.21146934196764525,0.22307879823943078,0.35487653181513124
0,4246,1,1.05248933844295,1.1077338075360783,0.10231631355535485,1.0242853595878652,1.0524893384429495,4.437211791472016,0.13905559461860684,0.13905559461860675,0.032704057514352985,0.13905559461860675,0.9999999999999928,0.0,0.13905559461860675,0.9999999999999928,0.13905559461860675,0.13905559461860675,0.13905559461860675,0.9999999999999928,0.9999999999999928,nan,nan,nan
0,4246,2,1.1077318586618745,1.2270698706944911,0.20462910843879611,1.0242853595878652,1.0524893384429495,4.437211791472016,0.13905559461860684,0.27536431137263695,0.06503172085330096,0.27535607992784683,0.9999701070746965,0.0002496450228227594,0.2848014783935084,1.0342715690854345,0.13879883349744193,0.27759719113664505,0.27570551537461946,0.9931855370932214,0.9987325772344495,0.016137160766220245,0.01613716076622013,0.9378095831730979
0,4246,5,1.291439715400155,1.6678165385128332,0.5115153089861532,1.0242853595878652,1.0524893384429495,4.437211791472016,0.13905559461860684,0.6657052591978232,0.15934835686238735,0.6648864542179882,0.9987700187605207,0.0075848872364553295,0.7656238293912441,1.150094307973204,0.1382882233767038,0.6914371513223413,0.6722035680354392,0.9721831792663734,0.9891147352299292,0.04118080057370228,0.04109060546262768,0.8543883030891091
0,4246,10,1.6673947783614025,2.7802053469068704,1.0225247907684405,1.0242853595878652,1.0524893384429495,4.437211791472016,0.13905559461860684,1.2414183888322348,0.30380760773161364,1.2286731291563173,0.9897333084554132,0.07011238824644206,1.7327038172139104,1.3957452481784256,0.13742571105846324,1.3742103983925555,1.2888951165150817,0.9379168706791403,0.9532762700493476,0.08740459843791464,0.08707547186154176,0.7347549749098228
0,4246,20,2.7666229344321414,7.654202461325912,2.035254838355514,1.0242853595878652,1.0524893384429495,4.437211791472016,0.13905559461860684,2.0857979841990635,0.5233785187131103,2.0143992712908902,0.9657691140517662,0.47010887374246757,4.352079365310199,2.0865296631214143,0.12942856289420462,2.579906810508443,2.3993123628634367,0.9299996236649279,0.8395735805265571,0.16252987956181847,0.1585646194665062,0.5821431553802137
0,4246,40,6.497160585220874,42.213095670147645,3.7427304968386004,1.0242853595878652,1.0524893384429495,4.437211791472016,0.13905559461860684,4.377992266048615,1.0905192364020102,4.579655283905312,1.0460628995214531,2.0004083402067336,14.554771562754258,3.3245311271165763,0.12678660248305712,5.051159442630706,6.0318361766505335,1.194148837540768,0.7592472921650841,0.22630109472069973,0.2221083187792043,0.4839304545548434
0,4246,80,22.672032098273714,514.0210394651536,6.242264197429024,1.0242853595878652,1.0524893384429495,4.437211791472016,0.13905559461860684,13.711150926781151,3.053868471970867,8.909013733079684,0.649764106649738,14.439803925470125,57.96660690190103,4.227698113123268,0.14416700569460167,11.374244843456864,18.566062024106955,1.6322896402909108,0.4798547867346261,0.14188983635971883,0.14743841244470496,0.3747966005462827
0,4246,160,344.1923051035143,118468.34289247067,11.682401055280037,1.0242853595878652,1.0524893384429495,4.437211791472016,0.13905559461860684,31.451930671568398,6.551617392345243,28.92551762726261,0.9196738327231024,40.16682802813793,274.59942174491783,8.730765198880064,0.1616411548847732,25.27506163995976,88.57596414458743,3.504480638122331,0.3265617022248371,0.23451208051940772,0.24209969977632192,0.40822346014843947
0,4305,1,1.0646098753474815,1.1333941866873802,0.12521683564845124,1.0218625457825758,1.0646098753474809,4.446306449663456,0.13536368478533486,0.13536368478533484,0.032069059354131416,0.13536368478533484,0.9999999999999927,0.0,0.13536368478533484,0.9999999999999927,0.13536368478533484,0.13536368478533484,0.13536368478533484,0.9999999999999927,0.9999999999999927,nan,nan,nan
0,4305,2,1.133284742833025,1.2843343083381158,0.2502405361280617,1.0218625457825758,1.0646098753474809,4.446306449663456,0.13536368478533486,0.264816984061794,0.062393978976259236,0.26482899257137804,1.0000453464479462,0.00013793590526957756,0.2750064724320276,1.038477473060621,0.13310647314465107,0.2661740025257636,0.26553126125458293,0.9975852590219833,0.997355231621739,0.07684698991625874,0.07684698991625818,0.9342894323519939
0,4305,5,1.362490946160859,1.8563815783703128,0.6186292050272617,1.0218625457825758,1.0646098753474809,4.446306449663456,0.13536368478533486,0.6319106462472133,0.1464029788338377,0.6319326918196443,1.0000348871672933,0.003534682104432567,0.7417531957700814,1.1738260783786427,0.1297464303481103,0.6485421092271296,0.6487739202007622,1.0003574339589265,0.9740414528748206,0.04703047974146787,0.04692700868031295,0.8543305868660069
0,4305,10,1.8175857053821811,3.303617796409641,1.1950181699146218,1.0218625457825758,1.0646098753474809,4.446306449663456,0.13536368478533486,1.2477046655787154,0.2819807900042251,1.2377555547893786,0.992026069098072,0.03615875962378854,1.8452053853820969,1.4788799275077205,0.1364752358354228,1.3617970555478143,1.3713332653258774,1.007002665881243,0.9025928168491143,0.036815001335883384,0.03850667191403673,0.7325537730327536
0,4305,20,2.940580286934475,8.64701242390764,2.1572138767654696,1.0218625457825758,1.0646098753474809,4.446306449663456,0.13536368478533486,2.478001991317623,0.5517657751940325,2.459913673991877,0.9927004427804642,0.34924559972834895,5.949031804871054,2.4007372979179027,0.1606296579579476,3.1700884145725543,3.2152926113339837,1.0142596012633684,0.7650668139256196,0.12994472084291844,0.1447074101295021,0.551070492046795
0,4305,40,4.914994340737143,24.15716936947814,3.184581204343279,1.0218625457825758,1.0646098753474809,4.446306449663456,0.13536368478533486,6.7211348642121145,1.4708181164876546,6.574541822204253,0.9781892425952612,4.077014669121507,18.63868032391828,2.7731448186173537,0.1892060148072599,7.445270457897644,9.502321208644373,1.276289593827272,0.6918879795626477,0.290974652872137,0.313411297985882,0.553180328759334
0,4305,80,16.737054724154973,280.1290008393583,5.63525021435505,1.0218625457825758,1.0646098753474809,4.446306449663456,0.13536368478533486,11.814069382293281,2.3966836125012927,11.124369053966545,0.9416204267971839,13.51484003341692,56.52170917544945,4.784270969337896,0.1695798929008476,13.243440515600023,22.584875603631424,1.705363162769351,0.4925583496319039,0.10242920718368312,0.11128705416784332,0.4430752077352444
0,4305,160,72.38550059107018,5239.660695819822,8.5640120225124,1.0218625457825758,1.0646098753474809,4.446306449663456,0.13536368478533486,20.813368120394152,4.4138482024153705,38.87059430439136,1.8675782833199248,44.45666228610541,305.6168380806166,14.683680042210728,0.17618642944216825,27.71960112583749,111.60938432364613,4.026370502843016,0.34827353040201336,0.2434794830425435,0.24110563957889267,0.43317254961458584
0,4364,1,1.0717940532206272,1.1487424925191005,0.13866785931850487,1.0230758620368883,1.071794053220626,4.453709844326744,0.11649665978299095,0.1164966597829908,0.026144195723667035,0.11649665978299079,0.9999999999999913,3.3103687685155823e-16,0.11649665978299079,0.9999999999999913,0.11649665978299079,0.11649665978299079,0.11649665978299079,0.9999999999999915,0.9999999999999915,nan,nan,nan
0,4364,2,1.1491231745220454,1.3204840702236231,0.27799838923936515,1.0230758620368883,1.071794053220626,4.453709844326744,0.11649665978299095,0.2320472518252179,0.051770435034377435,0.232029022874497,0.9999214429363911,0.00017848881125784232,0.24160499808357166,1.0411887931581787,0.11658346020125052,0.23316685582465013,0.2328115140498096,0.9984760193571047,0.9966389498452977,0.2904460610586141,0.2904460610586116,0.9296154162807885
0,4364,5,1.4116795725340971,1.9928392155100512,0.6895603633701909,1.0230758620368883,1.071794053220626,4.453709844326744,0.11649665978299095,0.571606937073294,0.1252077032429834,0.5710166851958334,0.9989673815358439,0.004531350307111689,0.6786867211196262,1.1873311485591729,0.11771225482836768,0.5885278893478628,0.5868932042154794,0.9972224168778208,0.9729481975500641,0.2471834886632827,0.2469833112295804,0.8398341491213175
0,4364,10,1.921086354122615,3.6905727799961214,1.305781670937491,1.0230758620368883,1.071794053220626,4.453709844326744,0.11649665978299095,1.1234377194381029,0.23905670921486397,1.120692676777486,0.9975565689017537,0.03540803893450568,1.6653172944954553,1.4823405567407657,0.12344637925434045,1.2326548340346604,1.2399830971448271,1.0059451055622595,0.9037967367119608,0.1386868707825191,0.135806625521342,0.7340597642782378
0,4364,20,3.2095182841649272,10.30100761638898,2.332241717284739,1.0230758620368883,1.071794053220626,4.453709844326744,0.11649665978299095,2.3599230133646065,0.48030492769064087,2.4251594689280678,1.0276434676868764,0.3619255298656461,4.833599773308453,2.0482023125055493,0.14674814783293189,2.893049973195807,3.0332448547572137,1.0484591980298699,0.7995264428206477,0.03975282095591377,0.04080399764686324,0.6321015838127494
0,4364,40,7.469759490053975,55.79730683925142,4.021725603692951,1.0230758620368883,1.071794053220626,4.453709844326744,0.11649665978299095,5.303882737575302,1.0939513725923489,7.698638596329151,1.4515099554875572,3.759896049769339,17.178356477466252,3.238826596931784,0.17193696802165767,6.767711344055939,10.195126282697283,1.5064363363623112,0.7551293022622916,0.24967369030108977,0.26586558393767457,0.6265885361175698
0,4364,80,18.69086754087189,349.34852943041835,5.856070075544683,1.0230758620368883,1.071794053220626,4.453709844326744,0.11649665978299095,8.185885436513265,1.7875357447511389,15.685687690381329,1.9161870529503233,16.967374304261504,74.59001429591333,9.112027632735176,0.1822324701485499,14.40695674855662,33.831696564989926,2.3482888964999074,0.4636388145728807,0.2637591469019698,0.26154320537069337,0.5062093595290508
0,4364,160,140.72866587994523,19804.55740034926,9.893667361931987,1.0230758620368883,1.071794053220626,4.453709844326744,0.11649665978299095,20.602181171822036,5.234953134106468,25.048887001619285,1.215836653056866,33.130988254989155,293.3752523651189,14.240009342621128,0.15475144928605283,23.871043372684564,93.8160086113835,3.9301176386255654,0.26700013539672046,0.21977031406731787,0.2112508989799449,0.4030172448285111
0,4423,1,1.0574025324545566,1.1181001156413097,0.11163091959780531,1.0222764965216948,1.0574025324545573,4.452052824416078,0.209317057122441,0.20931705712244078,0.04463616509410648,0.20931705712244078,0.9999999999999952,0.0,0.20931705712244078,0.9999999999999952,0.20931705712244078,0.20931705712244078,0.20931705712244078,0.9999999999999952,0.9999999999999952,nan,nan,nan
0,4423,2,1.1181387983677205,1.2502343724152098,0.22333103167083723,1.0222764965216948,1.0574025324545573,4.452052824416078,0.209317057122441,0.412788674252124,0.08773738402709415,0.41297915101988764,1.0004614389387203,0.0004723612792018286,0.4252220920106694,1.0301205399616906,0.20664375225322992,0.4132524642693838,0.41330018806355817,1.0001154833867907,0.9992232351860867,0.2572520503587534,0.2572520503587522,0.9461246213053758
0,4423,5,1.318856964766766,1.7393836935138067,0.5535308513531135,1.0222764965216948,1.0574025324545573,4.452052824416078,0.209317057122441,0.9843368315408658,0.20733533800792206,0.9897827458918579,1.0055325719575747,0.012967601301868413,1.1130860383450674,1.1307979166061057,0.19846972127709364,0.9915807631133571,0.9964801184286076,1.004940954380626,0.9932789702344367,0.24404984344628453,0.2438963841824567,0.8785311924056313
0,4423,10,1.6985342506941419,2.88501860078111,1.0595313473504084,1.0222764965216948,1.0574025324545573,4.452052824416078,0.209317057122441,1.8030746605750227,0.3777210774066985,1.8567310123577816,1.0297582529198464,0.11060686992922374,2.410308660578453,1.336776958425989,0.18729407376905613,1.8683210579849656,1.9097113749371755,1.0221537496327582,0.9722573980158976,0.19729203338050139,0.19754047318279996,0.7936965517077024
0,4423,20,2.48569917938354,6.178700410388004,1.821107959774416,1.0222764965216948,1.0574025324545573,4.452052824416078,0.209317057122441,3.1395809712291793,0.6824750395336051,3.6401715609790153,1.1594450324222243,0.8247558884298561,5.699905833556846,1.8154989107751123,0.17848329368499485,3.560354041996897,3.990226239835612,1.1207386099157746,0.9122719721097772,0.14264977445868512,0.13738613551399975,0.7208291984763106
0,4423,40,4.28633304090036,18.37265093751413,2.9108631967913685,1.0222764965216948,1.0574025324545573,4.452052824416078,0.209317057122441,5.315779819258757,1.1244816087667842,7.0958391277828285,1.334863250369216,4.133440532813755,15.550825880795996,2.9254082015316487,0.16619844098904146,6.606876038962184,9.64745289729174,1.4602140013523204,0.7355142547288094,0.22953456274646114,0.22191566565896786,0.6698436505654686
0,4423,80,19.059227574792928,363.2541557477471,5.8951027428467455,1.0222764965216948,1.0574025324545573,4.452052824416078,0.209317057122441,9.012295664341988,2.2871177105941816,14.173869140099555,1.5727257147343519,13.568698809928284,58.95722190068489,6.541865036003511,0.14001540285317352,10.808760648674854,24.990707661475923,2.3120789213275588,0.567165577385753,0.3049554352990265,0.30079886519461824,0.4912805050699858
0,4423,160,251.26522732987647,63134.2144651345,11.053018127649729,1.0222764965216948,1.0574025324545573,4.452052824416078,0.209317057122441,19.569085846693966,4.6351238065982985,39.4906031824338,2.018009604117783,42.90078547146503,306.20079267188055,15.647168961835314,0.13636884580625566,21.278633164621272,86.3499812906617,4.058060525909658,0.4573319251744239,0.1237021734851942,0.1267253906778415,0.32680741591337115
0,4482,1,1.0550021201261928,1.1130294734707618,0.1070855530485952,1.0160833428215166,1.0550021201261932,4.449695698254773,0.08511418481511782,0.0851141848151178,0.021093370480287206,0.0851141848151178,0.9999999999999882,0.0,0.0851141848151178,0.9999999999999882,0.0851141848151178,0.0851141848151178,0.0851141848151178,0.9999999999999882,0.9999999999999882,nan,nan,nan
0,4482,2,1.112945631270163,1.238647978163342,0.21402044457279204,1.0160833428215166,1.0550021201261932,4.449695698254773,0.08511418481511782,0.16477235617391953,0.04116865921657059,0.16477569754262206,1.0000202786971013,6.656059297947465e-05,0.17111201274247578,1.0384752437591147,0.08322794521855043,0.16641213850315373,0.16511687296585095,0.9922165200870896,0.9979337337420359,0.13128931834918545,0.1312893183491839,0.9332494284331259
0,4482,5,1.3083887142655868,1.7118810276175553,0.5375927820907404,1.0160833428215166,1.0550021201261932,4.449695698254773,0.08511418481511782,0.3810350108535608,0.09712341007727296,0.38117143684002924,1.0003580405542312,0.001792210482198996,0.4448536935447495,1.1674877133947,0.07923873177400216,0.3957656955330531,0.38808914406237294,0.9806032924093089,0.9821749530277176,0.07538347295121296,0.07590643820705538,0.8529109952813057
0,4482,10,1.728830861235478,2.988856146760204,1.0948907545960267,1.0160833428215166,1.0550021201261932,4.449695698254773,0.08511418481511782,0.7302332575723474,0.1893268039119766,0.7323694245373289,1.002925321385775,0.015707978665521056,1.0338727203146707,1.4158116048449616,0.07786523199674716,0.7780012141326748,0.7817821629793155,1.0048598238382633,0.9367947482279729,0.20420707809597724,0.20089295594772358,0.7566310520734415
0,4482,20,2.730482057389599,7.455532265726538,2.008956342814464,1.0160833428215166,1.0550021201261932,4.449695698254773,0.08511418481511782,1.6391164136939202,0.41748638556757234,1.6731047299936725,1.0207357549566323,0.15921842080563312,3.0866228325048404,1.8831016556955897,0.08690796966121273,1.7247416534843323,1.954009608760463,1.132928867817949,0.8562418129842335,0.3486256867663484,0.36237893900383805,0.6551645678302797
0,4482,40,3.9437479577912016,15.553147954582274,2.744263058946017,1.0160833428215166,1.0550021201261932,4.449695698254773,0.08511418481511782,3.4705075070615785,0.8768327506562679,3.858275401178031,1.1117323311727305,1.488760216270071,9.485447922701686,2.733158739291377,0.10241909559784068,4.0373003127675045,5.22506227580428,1.2941970799845164,0.738417113044674,0.26457696863980334,0.27416907538641055,0.5677347691753659
0,4482,80,10.11413225213148,102.2956712136062,4.627867357434786,1.0160833428215166,1.0550021201261932,4.449695698254773,0.08511418481511782,4.799987140366185,1.1126757757942243,6.02548982049421,1.2553137423685954,4.398640762147041,58.74467335031416,12.238506402713526,0.11670049315583507,9.127923360195911,14.584419159581829,1.597780632468939,0.4131456833874332,0.12360686246068674,0.13125497521930718,0.3326006995616043
0,4482,160,78.9803411079141,6237.8942815224655,8.73839794952854,1.0160833428215166,1.0550021201261932,4.449695698254773,0.08511418481511782,13.024414685038751,2.737128868578505,21.802609184506945,1.6739799608462846,24.813366439313317,272.8565718909679,20.949622573396745,0.12609153997239653,19.829191286579594,70.86192868132294,3.5736166774124736,0.3076773323875597,0.1953115498644174,0.20196748127666458,0.36301813815393624
0,4541,1,1.0615702738301547,1.1269314462798297,0.11949840470691618,1.0334267128686472,1.0615702738301538,4.448002814582894,0.13365402124677478,0.13365402124677478,0.033392136533460404,0.13365402124677478,0.9999999999999926,0.0,0.13365402124677478,0.9999999999999926,0.13365402124677478,0.13365402124677478,0.13365402124677478,0.9999999999999926,0.9999999999999926,nan,nan,nan
0,4541,2,1.1263769411436955,1.268725013540228,0.23801246985263905,1.0334267128686472,1.0615702738301538,4.448002814582894,0.13365402124677478,0.26917733041139913,0.0668349934121559,0.2691833137007443,1.000022228058117,0.000143129516721061,0.27799054228213904,1.0327412856694476,0.13492918147138855,0.26984642422742744,0.26954009869278095,0.9988648152906806,0.9986763194279143,0.22220474221204645,0.22220474221204478,0.9404051165199632
0,4541,5,1.3408862283939567,1.7979758774965702,0.5866615196616373,1.0334267128686472,1.0615702738301538,4.448002814582894,0.13365402124677478,0.6827870189103941,0.1661991180067854,0.6826079425872318,0.9997377274051737,0.003792339520238659,0.7780639991861404,1.1395412883329128,0.13839577033254238,0.6917944065033135,0.689609409673494,0.9968415517539893,0.9898471990259265,0.1365941574041004,0.1359382995318939,0.8632636002759343
0,4541,10,1.768170384618297,3.126426509041216,1.139890661924934,1.0334267128686472,1.0615702738301538,4.448002814582894,0.13365402124677478,1.3709517204944686,0.32382005668345576,1.3655071260401037,0.9960286023402762,0.03344109492049424,1.8566826808974595,1.35430201745383,0.14280208389728055,1.4271239159750537,1.4204638228100204,0.995333206114422,0.9613107381635386,0.07291911760693139,0.07302315405058113,0.7556351559725882
0,4541,20,2.874302222292991,8.261613265078426,2.111619879004448,1.0334267128686472,1.0615702738301538,4.448002814582894,0.13365402124677478,2.641712333612526,0.611858716971227,2.592773160837594,0.9814744504341967,0.32946559876911174,5.141088552396527,1.9461197523222056,0.147206570097858,2.941944087453546,2.9806512611487186,1.0131570052130647,0.8698680032223427,0.15384017082941473,0.15642096339697792,0.6032856000361102
0,4541,40,5.109071319016101,26.10260974279292,3.262035299475289,1.0334267128686472,1.0615702738301538,4.448002814582894,0.13365402124677478,4.692560886529357,1.110825682099397,4.56149293812641,0.9720689935469572,1.8907887428131607,16.410528284127235,3.4971369963969816,0.14939328703494884,5.972852684978507,7.0498224036675605,1.1803107787000322,0.6470365743899256,0.0984764326206499,0.09847734010448926,0.48965569908218004
0,4541,80,13.669567842437234,186.8570849989941,5.230344073323372,1.0334267128686472,1.0615702738301538,4.448002814582894,0.13365402124677478,7.264184158862522,1.6653398555310228,7.072250337716297,0.9735780623193507,7.144772506470375,49.68483761724249,6.839699618108594,0.14242200063373778,11.352540740704367,20.74294825682226,1.827163516132448,0.3409472101146599,0.1721139304630278,0.1665733614978886,0.4891990666387527
0,4541,160,256.54505128170024,65815.3633371302,11.094608575426662,1.0334267128686472,1.0615702738301538,4.448002814582894,0.13365402124677478,15.56126416974443,3.8599468028321335,10.434116235424668,0.6705185466686947,18.647209198053925,202.568592875686,13.017489496100037,0.12342613786947242,19.32526289452362,68.11848252101048,3.524841182901261,0.15317599349348934,0.24438196904297108,0.23632534364967236,0.3971183014927433
0,4600,1,1.0574361161039152,1.1181711396409328,0.11169443961978764,1.0267493016875655,1.0574361161039145,4.449522204871062,0.11428606529173205,0.114286065291732,0.027329736078080306,0.114286065291732,0.9999999999999912,0.0,0.114286065291732,0.9999999999999912,0.114286065291732,0.114286065291732,0.114286065291732,0.9999999999999912,0.9999999999999912,nan,nan,nan
0,4600,2,1.1186435629918485,1.2513634210230977,0.22423369371148313,1.0267493016875655,1.0574361161039145,4.449522204871062,0.11428606529173205,0.23118145913906943,0.05541055021139699,0.23119262119085257,1.000048282642664,0.00015125755307446437,0.23762708938448018,1.027881259463512,0.11550765756461892,0.23100253024961404,0.2317344131315605,1.0031682894605294,0.9976620134515742,0.24385519435141545,0.2438551943514133,0.9512641979903348
0,4600,5,1.3234866308070676,1.7516168619250434,0.5605392824830616,1.0267493016875655,1.0574361161039145,4.449522204871062,0.11428606529173205,0.6036022478180505,0.14596589010722572,0.6038616568519515,1.000429768170741,0.004514520529489632,0.6729023217198298,1.1148108280780755,0.12041943011661019,0.601645051248562,0.6137314237439959,1.020088875443005,0.9839184266762225,0.2794905453820983,0.2802102577778164,0.892923101638618
0,4600,10,1.719494156573489,2.956660154490374,1.0840603051110569,1.0267493016875655,1.0574361161039145,4.449522204871062,0.11428606529173205,1.2961608337222317,0.3176188364035363,1.2961046897403872,0.9999566844018235,0.03909657080526595,1.6343112004349343,1.260886116842169,0.12969134872137883,1.292966923108957,1.3640055785603793,1.0549423610007036,0.9502194933163997,0.17756771507628372,0.17551290292907576,0.8224076871309007
0,4600,20,2.559729301838651,6.552214098691387,1.8798030228623415,1.0267493016875655,1.0574361161039145,4.449522204871062,0.11428606529173205,2.5514154379533722,0.5916205817651674,2.5393096223847254,0.9952552550288092,0.3965363348805306,4.40646602406131,1.727067242172044,0.13774359348084553,2.7460328005179697,2.9778313754478845,1.0844121653922674,0.8527378827831702,0.10587431128945397,0.10599935578173283,0.6812133141796154
0,4600,40,5.3625158565376045,28.756576311617238,3.3588664823597063,1.0267493016875655,1.0574361161039145,4.449522204871062,0.11428606529173205,2.671720115319444,0.5587305209205253,2.9933551745956803,1.12038501242402,1.2491743096873107,14.081893862948498,5.270721952574285,0.12932343634421153,5.140860090934347,6.537209594474548,1.2716178769390347,0.45789493687425237,0.1538729989289199,0.15224571758330582,0.5165095657872985
0,4600,80,10.518880371319602,110.6468442661328,4.706343546127707,1.0267493016875655,1.0574361161039145,4.449522204871062,0.11428606529173205,3.6493408264481766,0.8694979527390934,4.39030127318083,1.2030395301427115,2.378472201854102,39.85554258752301,10.921299073705189,0.11488284538132457,9.0593982615826,16.367166434075745,1.8066505038731493,0.2682383227948614,0.19309837024692192,0.20159675772694974,0.4794897849887325
0,4600,160,44.4131724492875,1972.5298870101503,7.587072204448156,1.0267493016875655,1.0574361161039145,4.449522204871062,0.11428606529173205,5.124065779443846,1.2357848696044549,14.667011102405382,2.8623775989068787,14.376548214532633,253.0973322724004,49.39384917495554,0.10703271876089993,16.84319812750745,62.36951265836663,3.702949534061939,0.23516315066858004,0.16906136289755108,0.1613065094710349,0.3372669691285951
0,4659,1,1.0521446535356362,1.1070083719636241,0.101661216447337,1.0161626334329132,1.0521446535356365,4.444241891571964,0.09864496775664687,0.0986449677566467,0.021004786348043095,0.09864496775664681,0.999999999999991,3.7089020784843903e-16,0.09864496775664681,0.999999999999991,0.09864496775664681,0.09864496775664681,0.09864496775664681,0.9999999999999899,0.9999999999999899,nan,nan,nan
0,4659,2,1.107367800005115,1.2262634444881684,0.2039716957420571,1.0161626334329132,1.0521446535356365,4.444241891571964,0.09864496775664687,0.19649931771234325,0.04185615789234734,0.19651487280529004,1.0000791610532132,8.148307843429791e-05,0.20253041662903634,1.0306927219234472,0.09868331566208816,0.19736661642813516,0.1968410058871512,0.99733688224231,0.9983431649295211,0.007092560623803951,0.00709256062380388,0.9451933506790893
0,4659,5,1.291284596924634,1.6674159102548145,0.5112750689032806,1.0161626334329132,1.0521446535356365,4.444241891571964,0.09864496775664687,0.4878561581928695,0.10435573559839127,0.48838691107268806,1.0010879290358528,0.002437925664328131,0.5481163021976692,1.1235203102242592,0.09882241099552211,0.4941114963296174,0.4946251297055161,1.0010395090575976,0.9873879868648343,0.011994965845045332,0.01199932498751013,0.8837707002396804
0,4659,10,1.650884516434998,2.725419686604817,1.0026224296893167,1.0161626334329132,1.0521446535356365,4.444241891571964,0.09864496775664687,0.9819712198244015,0.21438926988415527,0.9860864976704393,1.0041908334612624,0.023544171323236336,1.246983760887758,1.2698781142595457,0.09974621927361645,0.9973917199604777,1.0320400717790108,1.034738960756467,0.9554730718649725,0.014032632916218594,0.013986270462752946,0.8228588025930412
0,4659,20,2.415525566020428,5.834763760098309,1.7638337782176783,1.0161626334329132,1.0521446535356365,4.444241891571964,0.09864496775664687,2.081816128085831,0.4920434277609147,2.060987947093267,0.9899951870332967,0.19043814817423552,3.2022817383046767,1.5382154528935652,0.1044785267742717,2.0870563692731015,2.3530045435661537,1.1274274035950824,0.8758962887380086,0.28130347259667,0.2835701548152559,0.7419211021892298
0,4659,40,4.748166831649295,22.545088261174502,3.115517226754473,1.0161626334329132,1.0521446535356365,4.444241891571964,0.09864496775664687,4.043414155456027,1.0040018310232228,3.7433704210263143,0.9257944591144971,2.0212589787830955,9.9803537176266,2.4682986540370826,0.09695272783081246,3.8426145029477157,5.643888655234158,1.468762648687414,0.6632608560685728,0.2965618926156525,0.2911596662027119,0.5914450460342995
0,4659,80,14.04929775575772,197.38276742993892,5.2851448254680395,1.0161626334329132,1.0521446535356365,4.444241891571964,0.09864496775664687,5.013458127276161,1.2604516203449838,7.928861792757909,1.5815155111439418,7.316076297890097,45.00296157736885,8.976431124960685,0.10182184591795462,8.053966613442515,18.12059714913697,2.2498972269009276,0.4375607342021583,0.23050990666341675,0.2149640246106865,0.4413861799056869
0,4659,160,103.70384617681691,10754.487711864904,9.2830784080118,1.0161626334329132,1.0521446535356365,4.444241891571964,0.09864496775664687,19.15034749306068,5.158331810863215,21.136352230126242,1.103705937335352,30.47262866415872,242.9508803062445,12.686499834756534,0.10254916413976234,16.252814019691233,78.93143672609786,4.856478184668071,0.2677811668812273,0.25859932260909496,0.25770080472657425,0.39987401607034506
0,4718,1,1.061588293413875,1.1269697047133835,0.1195323533417449,1.017581005352964,1.061588293413875,4.4396087863135385,0.11836105190927448,0.1183610519092744,0.02979020335514021,0.1183610519092744,0.9999999999999916,0.0,0.1183610519092744,0.9999999999999916,0.1183610519092744,0.1183610519092744,0.1183610519092744,0.9999999999999916,0.9999999999999916,nan,nan,nan
0,4718,2,1.1260321189162916,1.2679483328311134,0.2374001082062363,1.017581005352964,1.061588293413875,4.4396087863135385,0.11836105190927448,0.23780644646423033,0.05989240355364863,0.23786787326660025,1.000258305875565,0.00015959522794897654,0.24570613980812242,1.0332190042000367,0.11924436181934206,0.23848222840340627,0.23810895492348738,0.9984347954041738,0.9989875153709965,0.1280098514893895,0.12800985148938843,0.9395056168815341
0,4718,5,1.3327292585501898,1.7761672765957386,0.574457827407011,1.017581005352964,1.061588293413875,4.4396087863135385,0.11836105190927448,0.5968762337013414,0.1504777180265163,0.598850381143766,1.0033074653185328,0.004810324212507538,0.683199473299055,1.1446250239558138,0.12149772644205747,0.6074011715396974,0.6034283905656499,0.9934593788089379,0.9924133343848911,0.11074067212812644,0.11075879214074572,0.8600830697831775
0,4718,10,1.6958269365828873,2.8758289988401002,1.056340980107829,1.017581005352964,1.061588293413875,4.4396087863135385,0.11836105190927448,1.1589146672094814,0.2918517482359952,1.1764788378945676,1.015155706612444,0.043638002566703894,1.5939814106011612,1.375408781769294,0.12311480627307436,1.2309485662946442,1.2102308684450764,0.9831693228971113,0.9721110810915978,0.08253948006980735,0.08246566047959422,0.7512052561908928
0,4718,20,2.422136591102022,5.866745665955324,1.7693000790731728,1.017581005352964,1.061588293413875,4.4396087863135385,0.11836105190927448,1.969573433446028,0.49488192391064334,2.0662971636110194,1.0491089738125474,0.3486119916929886,4.077369240665315,2.070178837420354,0.11618484772979959,2.314632858389891,2.2874348472592847,0.9882495355442561,0.9033250350657093,0.04270815413661228,0.04369411544945404,0.5930334053007515
0,4718,40,4.085201075392371,16.688867826386986,2.814741899925661,1.017581005352964,1.061588293413875,4.4396087863135385,0.11836105190927448,3.1532307756087405,0.7757444502576206,3.2422807824014024,1.028240878365609,1.2320821212468436,12.498382649853914,3.963675207832215,0.10417942716308334,4.121299317037488,5.152144283228787,1.2501262070264525,0.6293070621014332,0.06520513707638728,0.05724372028169159,0.4811597507564005
0,4718,80,7.3051429824110485,53.365113993469386,3.977157236472883,1.017581005352964,1.061588293413875,4.4396087863135385,0.11836105190927448,5.05720152017627,1.1228712203014206,9.93197636954835,1.963927347946017,6.1353694954232845,43.298639463164086,8.561778543018173,0.10718068134142729,8.492833623019957,18.288037628001845,2.153349334247151,0.5430859544132248,0.24195570435008076,0.23979928382315308,0.4822131012667325
0,4718,160,76.61695790701182,5870.1582389248215,8.6776368696862,1.017581005352964,1.061588293413875,4.4396087863135385,0.11836105190927448,6.778943981204808,1.7141380512122495,19.622442448018035,2.8946164037382376,20.230602495817283,139.37356369902216,20.559775104418485,0.10546984450584852,16.680061685751923,62.628030284476694,3.7546641891602497,0.313317253614501,0.22050410622890787,0.22153453783355181,0.4551862300053105
0,4777,1,1.0551960463382937,1.1134386962079663,0.107453151155216,1.0170949944603072,1.0551960463382937,4.451896218998075,0.1285985014665243,0.12859850146652424,0.026754756874311395,0.12859850146652424,0.9999999999999922,0.0,0.12859850146652424,0.9999999999999922,0.12859850146652424,0.12859850146652424,0.12859850146652424,0.9999999999999922,0.9999999999999922,nan,nan,nan
0,4777,2,1.1135366040096217,1.239963768469281,0.21508216021367663,1.0170949944603072,1.0551960463382937,4.451896218998075,0.1285985014665243,0.259417767102081,0.05395726158645131,0.25945003612614176,1.000124390185068,0.0001072024974418469,0.26675752634120575,1.028293201815416,0.12981944243616936,0.2596275085200776,0.2596362464197248,1.000033655523238,0.9992828031673088,0.028486934782076027,0.028486934782075805,0.9475329137983991
0,4777,5,1.3060954468000003,1.7058853161516925,0.5340842229831897,1.0170949944603072,1.0551960463382937,4.451896218998075,0.1285985014665243,0.6553869947182249,0.1365672696293283,0.6565420330294762,1.0017623760015972,0.0034875003404679678,0.7318853389537257,1.1167224019579287,0.13110985626230937,0.6555146659253254,0.6598928979951436,1.0066790756903004,0.9949221078513667,0.025462204940972347,0.02552842492652268,0.8826147566690923
0,4777,10,1.6776210672520535,2.814412445287919,1.0347535169953304,1.0170949944603072,1.0551960463382937,4.451896218998075,0.1285985014665243,1.2754338798651106,0.2679501054409783,1.2864124015056693,1.0086076760339147,0.03770825170086304,1.6473786791547356,1.2916221727848098,0.12761618988016224,1.275291550584391,1.3135370154901296,1.0299895854310428,0.9793499431956699,0.06490659054444753,0.0634329660105574,0.7963202331701813
0,4777,20,2.5878974847500036,6.697213391575395,1.9016915281764928,1.0170949944603072,1.0551960463382937,4.451896218998075,0.1285985014665243,2.1760922715079998,0.4790361412793422,2.2757200467091905,1.0457828817764925,0.35721944567731073,4.126890272118331,1.8964684200906863,0.11785421230585187,2.3466795735559147,2.550903166205618,1.087026620485831,0.892123259266735,0.24661206133974625,0.23108717406912532,0.6562656607465708
0,4777,40,5.274408512940197,27.819385161376022,3.3257330856535203,1.0170949944603072,1.0551960463382937,4.451896218998075,0.1285985014665243,3.2065691990179666,0.8635126942535396,4.153092118916191,1.295182439907457,1.7167092862554756,13.23416479838439,4.127203867122979,0.10971567966604422,4.364461206332559,6.293300584566951,1.441942152088731,0.6599227326120113,0.36583987840248827,0.3503443136998943,0.587910117327398
0,4777,80,10.29566129802311,106.0006415636109,4.663445146580647,1.0170949944603072,1.0551960463382937,4.451896218998075,0.1285985014665243,3.8508832842204503,0.8691176013301752,7.922032821360349,2.0571988909199144,5.945268293538328,34.10094094926901,8.855355624254447,0.11141510667485953,8.84303897598354,17.055629787545996,1.928706843186681,0.46448198747518604,0.27384820892705175,0.2793993522404861,0.533774940335018
0,4777,160,56.802904610087396,3226.5699721426877,8.079174923842334,1.0170949944603072,1.0551960463382937,4.451896218998075,0.1285985014665243,6.433095514750871,1.7526538252513544,10.010430287442428,1.5560829564070435,9.235252760487173,194.64661015524754,30.257068266580124,0.11099757730523982,17.523321875943466,51.557889487080175,2.942244047794406,0.19415903922814626,0.13650249285589713,0.13950158975087038,0.30585061824793486
0,4836,1,1.0540294884551917,1.1109781625331132,0.10524085477855073,1.0291846294973486,1.054029488455193,4.450478402341609,0.1286846962410326,0.1286846962410326,0.02893121071372314,0.1286846962410326,0.9999999999999922,0.0,0.1286846962410326,0.9999999999999922,0.1286846962410326,0.1286846962410326,0.1286846962410326,0.9999999999999922,0.9999999999999922,nan,nan,nan
0,4836,2,1.1108868939836951,1.2340696912247415,0.2103173997594354,1.0291846294973486,1.054029488455193,4.450478402341609,0.1286846962410326,0.2591159841648011,0.05770425401794999,0.25913022663324564,1.0000549656112088,0.00022039148045127345,0.26446384870472583,1.0206388832289188,0.12877206987902962,0.25754408051401656,0.2595536104057051,1.0078026638689457,0.9983688002960209,0.2919838467592364,0.2919838467592341,0.963789995266031
0,4836,5,1.2972275045318493,1.6827991985139292,0.5204585964528753,1.0291846294973486,1.054029488455193,4.450478402341609,0.1286846962410326,0.6565749930949253,0.14287968284233338,0.6572953935440492,1.0010972096968347,0.006524377797378606,0.7151635524671556,1.089233613811665,0.12879309087593543,0.6439650945890557,0.6655915662830043,1.0335832980322457,0.987535640234617,0.35931656935671025,0.3593233098822653,0.9173079886368509
0,4836,10,1.6575020277794845,2.747312972093103,1.0106233329470058,1.0291846294973486,1.054029488455193,4.450478402341609,0.1286846962410326,1.2914062434914333,0.2762091422493942,1.2991309294150506,1.0059816080048767,0.05778601641584543,1.6068756238195872,1.2442836109226578,0.1265767445533253,1.2653779816221207,1.3613360662007132,1.0758335343053624,0.9543058188715524,0.3714695786783904,0.37265054243431756,0.8426054865779398
0,4836,20,2.6992703558108917,7.2860604537594575,1.9859629958013953,1.0291846294973486,1.054029488455193,4.450478402341609,0.1286846962410326,2.2095956110696204,0.4943797257270565,2.2048636008406737,0.9978584270328736,0.3552814048180199,3.881909514468057,1.7568416116598375,0.11229929826349018,2.216777578556072,2.5909421188106085,1.1687875878365084,0.850989138210788,0.32555043717948307,0.3383153570230639,0.6904027240123058
0,4836,40,5.365239869129152,28.785798853292995,3.3598821701586274,1.0291846294973486,1.054029488455193,4.450478402341609,0.1286846962410326,2.9285856567247484,0.7419460282411274,3.000490365010848,1.024552707932919,1.1801064204483707,10.929262969693792,3.731925321903264,0.0986476484872379,3.864389475645209,4.933027672027463,1.2765348066278517,0.6082451923035033,0.19228911722380168,0.197517834048069,0.5049696933297158
0,4836,80,13.773403267755688,189.70663757622307,5.245478866187684,1.0291846294973486,1.054029488455193,4.450478402341609,0.1286846962410326,5.691805932211428,1.3627147312325145,5.626696273807369,0.988560808435933,3.782035771865861,37.71540425831425,6.626263211975104,0.1142272420683364,8.977299801361948,12.47280745428556,1.3893718300900793,0.4511170636145817,0.09701210047968069,0.09591918557468267,0.3836037673741931
0,4836,160,105.16261607574803,11059.17581989518,9.311015753302827,1.0291846294973486,1.054029488455193,4.450478402341609,0.1286846962410326,14.529312693061874,3.6349863044084376,22.81103681445227,1.57000109339963,24.81520853619193,238.97239713880026,16.447605071705546,0.11572791642997368,18.1536327220561,62.8033612403692,3.459547860305946,0.3632136300340184,0.2024816183780255,0.19777048276977116,0.3217133571929728
0,4895,1,1.0509114281544907,1.1044148298257113,0.09931562893165395,1.0185283120894961,1.0509114281544927,4.445154686241892,0.12551983852203238,0.12551983852203238,0.030206976357372798,0.12551983852203238,0.999999999999992,0.0,0.12551983852203238,0.999999999999992,0.12551983852203238,0.12551983852203238,0.12551983852203238,0.999999999999992,0.999999999999992,nan,nan,nan
0,4895,2,1.1047672979194672,1.2205107825522807,0.19926944534874874,1.0185283120894961,1.0509114281544927,4.445154686241892,0.12551983852203238,0.2508685714977296,0.06031152245586991,0.25090200504781573,1.0001332711781532,0.0001440900080686327,0.25753831651616427,1.026586610585033,0.12557540889806262,0.25115079321566736,0.251343454852512,1.0007671153826627,0.9982436391472523,0.027524633224923142,0.027524633224922924,0.9530362704699764
0,4895,5,1.2866038877794252,1.6553495640491318,0.504012203473983,1.0185283120894961,1.0509114281544927,4.445154686241892,0.12551983852203238,0.6248287751357533,0.14997592157793743,0.6258434752565996,1.001623965094477,0.004786149274324472,0.6996768567339071,1.119789748130423,0.1262948193196655,0.631462163000663,0.6343753123233162,1.0046133394735945,0.9865508053340365,0.08239311448318742,0.08246425259992812,0.8880309556492134
0,4895,10,1.6667891737102323,2.778186149597639,1.0217982505816536,1.0185283120894961,1.0509114281544927,4.445154686241892,0.12551983852203238,1.2342640384570513,0.29619316053450934,1.2432002703262441,1.0072401298188698,0.04980287024553665,1.6306407205962934,1.3211441553743635,0.12884707976238238,1.2881507277287167,1.3048114884545239,1.0129338596541277,0.9527815177338331,0.11794106095075528,0.11824249538902386,0.7908859448408162
0,4895,20,2.6557526664867366,7.053022225551412,1.9534562094406165,1.0185283120894961,1.0509114281544927,4.445154686241892,0.12551983852203238,2.3499466268031592,0.5625757034036842,2.4136431773724483,1.0271055307566455,0.33180563696339477,4.271524724484847,1.8177113793838708,0.13017630656900347,2.6025605062119697,2.746638234088417,1.055359991643826,0.8787626806533233,0.09918626794295392,0.09878834763928664,0.6571630752555272
0,4895,40,5.289980628260185,27.983895047368023,3.3316291678178134,1.0185283120894961,1.0509114281544927,4.445154686241892,0.12551983852203238,3.5932594986347786,0.960316565502879,4.266336857577928,1.1873166575358325,1.8579605580139502,13.813304629715908,3.8442268461167712,0.1154356076906507,4.558466017945238,5.780768801383524,1.2681390578818543,0.7380223987779714,0.17930300277203792,0.18050226754245458,0.4880792922807758
0,4895,80,10.988078842534813,120.7378766497612,4.793621887076166,1.0185283120894961,1.0509114281544927,4.445154686241892,0.12551983852203238,5.004125509441473,1.0236594052845054,7.580850826764628,1.5149202018337766,5.5242061806629925,43.93361306247133,8.779478648083488,0.11204107484729955,8.835296019666806,16.540671690613646,1.8721129041738007,0.45831577873990104,0.31556129940332733,0.30307524709427985,0.48343359003717007
0,4895,160,31.869659938978774,1015.6752246261485,6.923308916234988,1.0185283120894961,1.0509114281544927,4.445154686241892,0.12551983852203238,7.239084290647412,1.7360226118136362,17.12895104849951,2.3661764887348227,19.246720494004922,269.35957523813903,37.209067393529324,0.11189938831189297,17.426456351456988,80.24173230198167,4.604592619616141,0.21346686514738278,0.2684947338120309,0.2547101435325097,0.41337310623749673
0,4954,1,1.046618704016774,1.0954107115977516,0.09112937202859321,1.0251200979718191,1.0466187040167747,4.443988095627178,0.11580571960363081,0.115805719603631,0.02972725504375451,0.115805719603631,0.9999999999999913,0.0,0.115805719603631,0.9999999999999913,0.115805719603631,0.115805719603631,0.115805719603631,0.9999999999999913,0.9999999999999913,nan,nan,nan
0,4954,2,1.095931918857111,1.2010667707698295,0.18321013753065676,1.0251200979718191,1.0466187040167747,4.443988095627178,0.11580571960363081,0.23400836893093865,0.05911217427419489,0.23401817728155985,1.0000419145292325,0.00011452426359495296,0.237070473604036,1.0130854494097177,0.11576131092350987,0.2315226048042976,0.23438314989155964,1.0123553598132633,0.9984428376776673,0.7112433902691275,0.7112433902691214,0.9778554244020876
0,4954,5,1.2609049221383548,1.5898812226727306,0.4636593107201998,1.0251200979718191,1.0466187040167747,4.443988095627178,0.11580571960363081,0.5991673530432239,0.14405065251034482,0.599316850605278,1.000249508858074,0.003300685113177861,0.634653667979042,1.0592260488752916,0.1147838297142763,0.5738967750669873,0.6072353515217689,1.058091590514495,0.9869597497961085,0.6826090474774135,0.682729893900504,0.9484481637853568
0,4954,10,1.5894928823084817,2.526487622909325,0.9268300468299797,1.0251200979718191,1.0466187040167747,4.443988095627178,0.11580571960363081,1.2222529842279066,0.2726314336663702,1.2249177779517764,1.002180230900031,0.033373372391450606,1.4537501259156358,1.18940198524773,0.11379631810349726,1.137876198390597,1.294897340961614,1.137994926682802,0.9459574432689231,0.5662426367666498,0.5669779714952025,0.8849302922443273
0,4954,20,2.3072528150056537,5.323415552351514,1.6721151184648695,1.0251200979718191,1.0466187040167747,4.443988095627178,0.11580571960363081,2.3837573217647856,0.4891623915458603,2.5110885966140866,1.0534162071309474,0.35718970123699734,4.094807632687042,1.7177955135363776,0.1207661322443369,2.410014666069517,3.013726416689136,1.2505012766599504,0.8332171701812119,0.4341772002971217,0.43365558775001917,0.7378349858271388
0,4954,40,4.962357358510982,24.624990553568086,3.2037618034466306,1.0251200979718191,1.0466187040167747,4.443988095627178,0.11580571960363081,3.902335233860045,0.9435630448868999,4.445151828476328,1.1391004519310217,2.6216545201930934,15.497331053096765,3.9712967042473637,0.13426720788255275,5.337150343904537,6.795551132347931,1.273254582402575,0.6541267576248053,0.16125367073847788,0.15834555395942757,0.47398894762538746
0,4954,80,13.117849525276439,172.0779761677953,5.147947723894238,1.0251200979718191,1.0466187040167747,4.443988095627178,0.11580571960363081,5.375120540850844,1.1241187863153037,8.533505200800766,1.5875932708757394,8.451643064571023,38.5811071756576,7.177719435767384,0.11293109894078532,8.6998836722098,16.946299540013676,1.9478765669184235,0.5035615699257184,0.2371006838744738,0.21830058646169426,0.4841700299969675
0,4954,160,126.75241866396048,16066.175637163919,9.68447144890131,1.0251200979718191,1.0466187040167747,4.443988095627178,0.11580571960363081,13.174634226761139,3.1983840677231257,17.06059718719173,1.2949579391386197,22.461869595985277,224.3339424217589,17.027716941551045,0.11842282264542438,18.332295652259596,68.12459968826603,3.7160975897674406,0.25043225597302543,0.19983526316425004,0.1856687716657241,0.3526362487778532
0,5013,1,1.0489934875598501,1.1003873369429775,0.09566224231666094,1.0283623501169847,1.048993487559849,4.44729171499007,0.08112052344057145,0.08112052344057147,0.020289110505389313,0.08112052344057147,0.9999999999999877,0.0,0.08112052344057147,0.9999999999999877,0.08112052344057147,0.08112052344057147,0.08112052344057147,0.9999999999999877,0.9999999999999877,nan,nan,nan
0,5013,2,1.1023175468128583,1.2151039740115182,0.19482964844927506,1.0283623501169847,1.048993487559849,4.44729171499007,0.08112052344057145,0.16248382067805514,0.04002250676681218,0.16248061669384653,0.9999802812107923,8.088659464129435e-05,0.16561454607354253,1.0192679208454212,0.08072872988734024,0.1614555490220324,0.1626753944452614,1.007555301942961,0.9988026600330057,0.36092532398129945,0.360925323981295,0.9655350826163006
0,5013,5,1.2905267815402086,1.6654593738725294,0.5101009856026809,1.0283623501169847,1.048993487559849,4.44729171499007,0.08112052344057145,0.40528085979765854,0.09535064149121576,0.40517338289262267,0.9997348088308672,0.002185665302247011,0.44351958425880844,1.0943511728637765,0.07938393621145319,0.396865545570817,0.40963312033260824,1.0321710335005938,0.9891128494776853,0.4004140896648537,0.4006301732752313,0.9096711076898721
0,5013,10,1.7019332123528599,2.8965766593097246,1.0635295773910005,1.0283623501169847,1.048993487559849,4.44729171499007,0.08112052344057145,0.7730277259729785,0.1703324171100598,0.7716146781077199,0.998172060564217,0.015751576546460533,1.0007577980456386,1.2945949600785978,0.07614128696057484,0.7604147827751497,0.8182884042317571,1.0761079647155138,0.9429617652130151,0.36393575199530936,0.36859675732183445,0.8134157812131539
0,5013,20,2.8225811451860308,7.966964321159685,2.075303532060058,1.0283623501169847,1.048993487559849,4.44729171499007,0.08112052344057145,1.1703608199667883,0.24459548800481773,1.1528569805050333,0.9850440657589231,0.08507990363637073,2.4913921626322306,2.1287385224523554,0.06985613407290565,1.389183713859973,1.6695965873428684,1.2018544204666362,0.690500321601509,0.29884978530743883,0.3130695176786158,0.6835185434554769
0,5013,40,5.6947003748961285,32.4296123598421,3.4790719671131005,1.0283623501169847,1.048993487559849,4.44729171499007,0.08112052344057145,2.025324791261344,0.4802023883487521,1.9710315655541752,0.9731928301369597,0.25741610126677056,8.4168151215539,4.1557853623625585,0.09628926976173076,3.694113149099398,5.266191068407052,1.4255630122458256,0.37428029859736633,0.3434062679831658,0.3724662820173153,0.6239800224571493
0,5013,80,11.294879593554342,127.5743050328903,4.848698979417191,1.0283623501169847,1.048993487559849,4.44729171499007,0.08112052344057145,3.4266510333186817,0.6958406608236385,3.1641100069002674,0.9233826193955483,1.7709256502713855,27.031710601383,7.888667488618768,0.10133187070936668,7.845244194430528,12.793598723346152,1.630745762181443,0.24731977884583028,0.16588063108664433,0.15854879518278564,0.49055844760665296
0,5013,160,48.26464700274207,2329.476150299299,7.753398693084373,1.0283623501169847,1.048993487559849,4.44729171499007,0.08112052344057145,7.25038800316527,1.6524767247554428,6.140313315092279,0.8468944437748199,8.536671946343011,176.46003095495885,24.338012100583093,0.12297353545646987,19.06410886957723,54.672599432042944,2.867828745947325,0.11231061590046726,0.1767034710042527,0.17302608744525488,0.36484993014791844
0,5072,1,1.047599680326153,1.0974650902194578,0.09300305700521481,1.0266052323599186,1.0475996803261531,4.449930320027171,0.12865285047299768,0.1286528504729977,0.027196755627810227,0.1286528504729977,0.9999999999999922,0.0,0.1286528504729977,0.9999999999999922,0.1286528504729977,0.1286528504729977,0.1286528504729977,0.9999999999999922,0.9999999999999922,nan,nan,nan
0,5072,2,1.0964449316998728,1.2021914882503386,0.18414613145340727,1.0266052323599186,1.0475996803261531,4.449930320027171,0.12865285047299768,0.2600114742743797,0.05435813088721141,0.260044010407143,1.0001251334497951,0.00021006768129011645,0.26627440357383025,1.0240871266044225,0.130131671339544,0.260246725088873,0.26026927807261646,1.0000866600097842,0.9991344823056234,0.1492375536452421,0.14923755364524094,0.9554120736852133
0,5072,5,1.2494902466002844,1.5612258763492395,0.4454713308405899,1.0266052323599186,1.0475996803261531,4.449930320027171,0.12865285047299768,0.6622802007738798,0.13448803594350595,0.6629064633485433,1.0009456157287062,0.00616576224577186,0.7225634618229602,1.0910238007698823,0.13188130439221185,0.6593498600107822,0.6675811943189203,1.0124840161610142,0.9929975095012267,0.22055765119974097,0.22025130003179058,0.9081945370266229
0,5072,10,1.5811725804881716,2.5001067292876233,0.916333422677939,1.0266052323599186,1.0475996803261531,4.449930320027171,0.12865285047299768,1.313081626970233,0.2588920966216638,1.3084200240421004,0.996449875748479,0.05401325860046371,1.619871217895746,1.2336409135762483,0.12797312005357883,1.2785334605771008,1.34836772606368,1.054620600586438,0.970373288199206,0.0158108240402675,0.01578929790931397,0.829159463184333
0,5072,20,2.4664123674490726,6.0831899663057385,1.805529223900062,1.0266052323599186,1.0475996803261531,4.449930320027171,0.12865285047299768,2.273085617222096,0.45810826741894717,2.1867859059727537,0.9620341131915616,0.3827872163558676,4.156668594027483,1.8286458558948975,0.11895459374086094,2.3687773216815784,2.5910387614194295,1.0938296047093476,0.8439803906193909,0.08846987326686642,0.08490984896533499,0.649886080922933
0,5072,40,4.8273293657343945,23.30310880528163,3.1485867767906988,1.0266052323599186,1.0475996803261531,4.449930320027171,0.12865285047299768,3.717829549744192,0.8989638841209012,4.015396243196284,1.0800377449989782,2.2431397792052135,16.62699756729363,4.4722323454655575,0.13841774405595225,5.470581243141108,6.592385855884846,1.2050613203396312,0.6090960588436806,0.12249069322442221,0.12015198197467887,0.44726446061202996
0,5072,80,13.857533282385038,192.03122867240904,5.257658008137276,1.0266052323599186,1.0475996803261531,4.449930320027171,0.12865285047299768,4.522049311312633,1.0934024936087599,4.898962904502779,1.083350173171981,5.700632511928169,50.73497966628113,11.21946625822045,0.13281848040404867,10.54033881963531,16.089072235514724,1.5264283730180312,0.30449008076978473,0.1633122333701178,0.15979824174151538,0.41138147292440624
0,5072,160,64.25213832746387,4128.337279651551,8.325630009165645,1.0266052323599186,1.0475996803261531,4.449930320027171,0.12865285047299768,8.056153419433874,1.9034807927422008,14.494043704473476,1.7991270709305838,16.390182915128328,262.82887667643183,32.624611646844905,0.14862418414084894,23.39997737037595,73.38012812620322,3.1359059440417,0.19752001086105786,0.19809950288284636,0.2074079688431351,0.3893893785026445
0,5131,1,1.0555306069882413,1.1141448622889651,0.10808717101225855,1.0214004506919436,1.05553060698824,4.441186295734726,0.13535693896785586,0.13535693896785586,0.03111950364118643,0.13535693896785586,0.9999999999999927,0.0,0.13535693896785586,0.9999999999999927,0.13535693896785586,0.13535693896785586,0.13535693896785586,0.9999999999999927,0.9999999999999927,nan,nan,nan
0,5131,2,1.1135596833865362,1.2400151684639227,0.21512361217432316,1.0214004506919436,1.05553060698824,4.441186295734726,0.13535693896785586,0.26934716917959134,0.06185635288216167,0.2693836964521144,1.000135614094751,0.00012258143391932007,0.27790727014758293,1.0317809204903245,0.13521864159023886,0.27043714158937654,0.26955593760437124,0.9967415570959396,0.9993610188898505,0.1366448622434639,0.1366448622434629,0.9415283623204836
0,5131,5,1.3035718243832153,1.6992995013257843,0.5302161080992699,1.0214004506919436,1.05553060698824,4.441186295734726,0.13535693896785586,0.6640324663701549,0.1524734776735053,0.6650271762507889,1.0014979838050246,0.003889088892367904,0.7479928081161014,1.1264401155035437,0.13407586613032438,0.6703527319900418,0.6682809270186097,0.9969093808788061,0.9951311632035681,0.05903352064184536,0.05915269385232111,0.8739630442026732
0,5131,10,1.671996725124244,2.795573048826197,1.028037112005686,1.0214004506919436,1.05553060698824,4.441186295734726,0.13535693896785586,1.3081437181369164,0.30301523338696285,1.3141569899005856,1.0045967974927343,0.041179188359620325,1.6654688313172474,1.273154324120624,0.13054885940428831,1.3048336303217019,1.3399692801343197,1.0269273024515424,0.9807366552230602,0.04561601152151025,0.04526494810608444,0.8033396439304145
0,5131,20,2.541769138344298,6.460590352639516,1.8657206994765876,1.0214004506919436,1.05553060698824,4.441186295734726,0.13535693896785586,2.571468488734869,0.6190208052582779,2.561659758144273,0.996185552872389,0.4011764147542638,4.111945317639346,1.5990650228276264,0.12343936833226309,2.4635104650952,2.803211029248889,1.137892884551055,0.9138305077340753,0.19713834675780445,0.19367367916260309,0.7023552444949968
0,5131,40,6.505741753130623,42.32467575842711,3.745370267232079,1.0214004506919436,1.05553060698824,4.441186295734726,0.13535693896785586,4.283566773673678,0.9974996514315981,4.570334519126995,1.0669460196618756,2.0626946155588826,12.965635986895144,3.026831767063954,0.13715775621928974,5.433053467040972,6.890268800665987,1.2682129565749816,0.6633027899702901,0.22152037246227357,0.22628610762552898,0.5717293036698483
0,5131,80,29.060963422575146,844.5395950482505,6.7387916209370875,1.0214004506919436,1.05553060698824,4.441186295734726,0.13535693896785586,9.957214567024822,1.9926050457916173,11.324805869964424,1.1373467744150692,10.946952362067167,42.57183965595194,4.275476778107859,0.14511373541901046,11.469027089653554,20.463677820188718,1.7842557751606865,0.553410094190976,0.20634662376843238,0.20483171100508074,0.5223072915744891
0,5131,160,229.05010149642857,52463.94899552423,10.867881526903494,1.0214004506919436,1.05553060698824,4.441186295734726,0.13535693896785586,18.697536859999563,3.6791705332016624,87.9830550793545,4.705596022521041,87.61622437692735,383.16910952007527,20.49302602739109,0.1556906763693534,24.627620017845587,128.41193950788198,5.2141432836316515,0.6851625745747268,0.2062145877259729,0.1948428569380726,0.36509454586526857
0,5190,1,1.0529301289810082,1.1086618565159627,0.10315375341248298,1.0200334144999808,1.0529301289810076,4.446514210673949,0.13046471409183852,0.13046471409183852,0.025791011346273325,0.13046471409183852,0.9999999999999923,0.0,0.13046471409183852,0.9999999999999923,0.13046471409183852,0.13046471409183852,0.13046471409183852,0.9999999999999923,0.9999999999999923,nan,nan,nan
0,5190,2,1.1070842259347131,1.2256354833134628,0.20345947137480014,1.0200334144999808,1.0529301289810076,4.446514210673949,0.13046471409183852,0.26720522853649503,0.05265224230265842,0.2672864302150582,1.0003038925510812,0.00021105255502607698,0.275830157100288,1.0322782926480571,0.13457349777579866,0.26902520984788225,0.267711629553833,0.9951172594761918,0.9984117263060839,0.06479427328817627,0.06479427328817579,0.9408570876699741
0,5190,5,1.273545268957669,1.6219175520844613,0.4836091233806037,1.0200334144999808,1.0529301289810076,4.446514210673949,0.13046471409183852,0.714993517364514,0.13987482816349248,0.7178578212969273,1.0040060558072894,0.007253991436145134,0.8069465073225031,1.1286067463897145,0.14732232240087767,0.7343358326942573,0.7253570435534593,0.9877729116011457,0.9896613366849035,0.07308671264051297,0.07389150273762735,0.8727880145949356
0,5190,10,1.5538792676643423,2.4145407784770727,0.881509115183281,1.0200334144999808,1.0529301289810076,4.446514210673949,0.13046471409183852,1.5364319566714586,0.299422193866198,1.5650291114417725,1.0186127050053462,0.07722020321152336,1.983228315634154,1.2908012665465758,0.16340119614276188,1.6241608756187365,1.6250924034916643,1.0005735440909276,0.9630400758007106,0.062030121363851456,0.06846491271706334,0.8015803418604095
0,5190,20,2.1968836645388143,4.82629783551749,1.5740796800763257,1.0200334144999808,1.0529301289810076,4.446514210673949,0.13046471409183852,3.0150277685911178,0.6009089028963848,3.1581200836202337,1.0474597005439787,0.6124006642998885,5.239391960689848,1.7377591063242992,0.1675148150818975,3.337435962315644,3.719850233381484,1.1145832535466853,0.8489911919785499,0.22912388924784088,0.23416099677971877,0.7179799396773686
0,5190,40,5.837107548168266,34.07182452888294,3.5284707825983457,1.0200334144999808,1.0529301289810076,4.446514210673949,0.13046471409183852,4.9930700809948885,1.155316363251685,6.01668971749893,1.2050080651581963,2.6181987540752734,16.518269927260576,3.30823915132576,0.1794520018716618,7.135471725468445,9.986969886545927,1.3996229360561692,0.6024539761158576,0.2505931191277182,0.27206985106164117,0.6294009864083119
0,5190,80,57.13069953219034,3263.9168290374137,8.090683234459531,1.0200334144999808,1.0529301289810076,4.446514210673949,0.13046471409183852,10.996389921462928,2.4253388491836976,10.708076091956395,0.9737810470922098,12.706321146381928,71.99148393692947,6.54682895487503,0.16744808253811913,13.300228725755424,25.796370238541744,1.9395433545129928,0.41510010877257886,0.22401541609688969,0.22292310606039162,0.4253409191339366
0,5190,160,1538.935697031695,2368323.079598429,14.677692701320765,1.0200334144999808,1.0529301289810076,4.446514210673949,0.13046471409183852,28.27029772601647,6.720127249222589,47.248337256106396,1.671306673669195,53.866060631302965,503.9914242746989,17.827595208199305,0.1629317324470571,25.90758270305328,166.23746641625755,6.416556431436809,0.28422195233532294,0.2481683499895837,0.2529978799338656,0.36772230247824605
0,5249,1,1.0547162444655391,1.112426356339491,0.1065435363183978,1.023728148318195,1.0547162444655402,4.44629678461097,0.15231528295326827,0.15231528295326832,0.03600160859235521,0.15231528295326832,0.9999999999999934,0.0,0.15231528295326832,0.9999999999999934,0.15231528295326832,0.15231528295326832,0.15231528295326832,0.9999999999999934,0.9999999999999934,nan,nan,nan
0,5249,2,1.1114939189488748,1.235418731860328,0.21140996675199272,1.023728148318195,1.0547162444655402,4.44629678461097,0.15231528295326827,0.2997309314762812,0.07029727929145103,0.2998513983725333,1.0004019167980351,0.00019469465954948052,0.3110515974792849,1.0377694285579548,0.151387075950448,0.3027684255210433,0.30026188671162596,0.99172126748321,0.9986328989550115,0.24741433083210207,0.24741433083210043,0.9328156004140629
0,5249,5,1.2906036502978384,1.6656577821621052,0.5102201097766542,1.023728148318195,1.0547162444655402,4.44629678461097,0.15231528295326827,0.7123605864014805,0.1633394551587186,0.7153721239027266,1.0042275464964423,0.004965809224243272,0.8273068075119583,1.1613596025730906,0.14850680100542335,0.7424072678423681,0.7228685834389936,0.9736819866268819,0.989629567935289,0.2448073353653332,0.2448877082184464,0.8512511313139786
0,5249,10,1.5904130612231833,2.529413705309297,0.9279875388523555,1.023728148318195,1.0547162444655402,4.44629678461097,0.15231528295326827,1.3168538773450118,0.29321561733864926,1.3348882646481837,1.0136950557791051,0.03604540975427955,1.8380828931654842,1.3958138596754197,0.1443363272846104,1.4425676488339558,1.3921616458844115,0.9650581357551661,0.9588601069383402,0.27259938703447406,0.2733075553611943,0.7534406361105657
0,5249,20,2.129466972891368,4.534629588635127,1.5117434018707399,1.023728148318195,1.0547162444655402,4.44629678461097,0.15231528295326827,2.3707922052301433,0.5222072340279662,2.4308633083804145,1.0253379874532018,0.38228693114128987,4.666041554179401,1.9681360280693372,0.1443506334897424,2.8854776204991075,2.827192701541522,0.9798005991994126,0.8598152177794566,0.283315881913863,0.2836915308907108,0.6217657793355675
0,5249,40,3.282553621485395,10.775158277926883,2.377243325248688,1.023728148318195,1.0547162444655402,4.44629678461097,0.15231528295326827,3.81663368368225,0.764143414539373,4.841094896372451,1.2684201046252388,3.425183290201651,14.432167371314543,3.7813865745141486,0.15170684499915665,6.056722888152871,6.530545666277361,1.0782308827520077,0.7413002134524608,0.18537980792742947,0.18179379947410101,0.4999078168417825
0,5249,80,7.394393383209068,54.67705350564605,4.001444124259838,1.023728148318195,1.0547162444655402,4.44629678461097,0.15231528295326827,5.135951669145568,1.2208207158229671,16.708517110244404,3.253246561999693,15.526614130578881,66.97735455440964,13.04088489710266,0.1598166038176396,12.743515467077263,26.24912782228167,2.0598027200654334,0.6365360869651949,0.26697310444744476,0.2687524184511042,0.46189633310324724
0,5249,160,70.79712533723101,5012.232956015597,8.519636794587768,1.023728148318195,1.0547162444655402,4.44629678461097,0.15231528295326827,8.804446215283901,2.1696472923209544,77.91019204421616,8.848959961725873,76.85060458682729,450.9273106495102,51.21586294283131,0.14123950744911873,22.26568700888918,136.7959139843883,6.143799377480469,0.5695359588964592,0.24971910892263194,0.24406799433045304,0.3929023143638593
0,5308,1,1.052634549601725,1.1080394950152266,0.10259223301041433,1.0208332195635044,1.0526345496017253,4.446412414053319,0.17857802844502702,0.17857802844502696,0.036060330239889464,0.17857802844502696,0.9999999999999944,0.0,0.17857802844502696,0.9999999999999944,0.17857802844502696,0.17857802844502696,0.17857802844502696,0.9999999999999944,0.9999999999999944,nan,nan,nan
0,5308,2,1.1069804364790545,1.2254056867473582,0.2032719620260508,1.0208332195635044,1.0526345496017253,4.446412414053319,0.17857802844502702,0.35534713154887626,0.07243177776859044,0.3553397738991898,0.9999792944728289,0.00034919059198832716,0.3683179300033489,1.036501767716359,0.17953017032523222,0.35905531751681274,0.3557652489364753,0.9908368754901273,0.9988040567802549,0.040509194929177955,0.040509194929177726,0.933173774298146
0,5308,5,1.2790370700914344,1.635935826668081,0.49221501165819864,1.0208332195635044,1.0526345496017253,4.446412414053319,0.17857802844502702,0.8735779904674928,0.1834149705652058,0.8736834812672756,1.0001207571629926,0.009887802542027792,1.002767945695135,1.147886000605974,0.1815215243826304,0.9075628577015059,0.8818665675032684,0.9716864898335341,0.9907207206423964,0.025083654098436367,0.024941939638577805,0.8550426882149204
0,5308,10,1.5987570789366379,2.556024197450011,0.9384530033914519,1.0208332195635044,1.0526345496017253,4.446412414053319,0.17857802844502702,1.6844788387539245,0.3713942219741958,1.691304312386622,1.0040519794465008,0.08304993179221751,2.266173851210177,1.3453263995210256,0.18171334147375562,1.817051886319577,1.7509381079013053,0.9636148098378272,0.9659418027138823,0.10841137248847588,0.10870997701254281,0.7640982602574158
0,5308,20,2.445559661459581,5.980762057758301,1.7885479942512086,1.0208332195635044,1.0526345496017253,4.446412414053319,0.17857802844502702,3.00589581450574,0.711393628385635,3.117299882213738,1.037061852633211,0.513849266052626,5.6918797237578165,1.893571858442383,0.17271883236943825,3.4466001658084515,3.4578728848073546,1.003270677901873,0.9015079460873267,0.1926258419991329,0.1946535772501121,0.6360492959499267
0,5308,40,4.457616438585948,19.87034431355167,2.989228384725201,1.0208332195635044,1.0526345496017253,4.446412414053319,0.17857802844502702,4.484639567814719,1.0701220228128765,4.746355668217059,1.0583583354793142,1.9938345404387041,17.199728543812178,3.8352532647775925,0.1567172815223708,6.223943431185381,7.048301678180211,1.1324495082754675,0.673404159602106,0.18973933773864335,0.18422654135025032,0.5159566100470396
0,5308,80,11.405779824434774,130.09181340348334,4.868240458123379,1.0208332195635044,1.0526345496017253,4.446412414053319,0.17857802844502702,5.439167897148557,1.307498557166017,9.222262284122433,1.6955281503549713,10.805554803966926,68.39100261905868,12.57379877074803,0.1387237433816896,10.934524523876433,23.51060546720799,2.1501259991571327,0.3922596675353774,0.145388878370667,0.14713341577931435,0.43221223421141214
0,5308,160,64.81342590503573,4200.780177547556,8.343025543579788,1.0208332195635044,1.0526345496017253,4.446412414053319,0.17857802844502702,8.698423605149385,2.116620011581823,53.65573180689696,6.16844318493908,52.64441384182308,343.43452195208243,39.48238641180597,0.13424258025456776,21.06420924781417,116.26953322689484,5.519767291476185,0.46147714124034694,0.1998455950178111,0.19487165398091794,0.39192217633422927
0,5367,1,1.0624673075377882,1.128836779586597,0.12118770393369707,1.0238212714074735,1.0624673075377873,4.45458082101102,0.11906191804892835,0.11906191804892848,0.02760797130533336,0.11906191804892853,0.9999999999999921,3.9350319887992495e-16,0.11906191804892853,0.9999999999999921,0.11906191804892853,0.11906191804892853,0.11906191804892853,0.9999999999999916,0.9999999999999916,nan,nan,nan
0,5367,2,1.1286394770400827,1.2738270691333113,0.24202580942278143,1.0238212714074735,1.0624673075377873,4.45458082101102,0.11906191804892835,0.2382536902058323,0.055206028018658614,0.23831571567327328,1.0002603337114584,0.00015967683793663878,0.24508795749121087,1.0286848328748792,0.11878925548918295,0.23757788368166083,0.2385006850182555,1.003884205559429,0.9992244494183777,0.18768403128267463,0.18768403128267305,0.9479563181693413
0,5367,5,1.34810802475687,1.8173952464138696,0.5974042926786104,1.0238212714074735,1.0624673075377873,4.45458082101102,0.11906191804892835,0.5953542896027761,0.13783949075594645,0.5972722382162295,1.0032215248079124,0.005120609595698024,0.668778485176537,1.1233285740206034,0.11770522261616817,0.5885021017107341,0.6010551085283431,1.0213304366817337,0.9937062837359844,0.14037560921278322,0.1403629833163207,0.8811102593300132
0,5367,10,1.7701530485618981,3.133441815332982,1.1421320219233053,1.0238212714074735,1.0624673075377873,4.45458082101102,0.11906191804892835,1.1725333797889737,0.272721955800306,1.1913258482329276,1.016027235358822,0.05168932293171338,1.5449155418703988,1.3175876853488324,0.11525103597856368,1.1521613264828259,1.2233533165997366,1.0617899494459127,0.9738199358008616,0.039403503400512345,0.03959305257766751,0.7915153279777858
0,5367,20,2.9898906236058114,8.939445941125948,2.1904736119993227,1.0238212714074735,1.0624673075377873,4.45458082101102,0.11906191804892835,2.093866030192751,0.5015528879741121,2.273051316468098,1.085576289834957,0.3987103469512411,4.0738522891164255,1.9456126754878413,0.11195180708969367,2.2376677191673857,2.5139888218052553,1.123486208551413,0.9041612662525108,0.18018712445621732,0.17972677960210642,0.6470674947742541
0,5367,40,7.6903963050390605,59.14219532855844,4.079944634610554,1.0238212714074735,1.0624673075377873,4.45458082101102,0.11906191804892835,3.9171706156152624,0.9662533720433247,4.461509323169922,1.1389622155809929,1.7391806845685462,12.918146852722167,3.2978259362065434,0.10775436233716341,4.303674141685346,5.689671160005497,1.3220497121042223,0.784141859468309,0.2661556814044714,0.26685042715011326,0.531847841991848
0,5367,80,13.941516983228954,194.36589579366137,5.269742443475963,1.0238212714074735,1.0624673075377873,4.45458082101102,0.11906191804892835,7.872692462227872,1.8992218702930128,12.577377695345993,1.5975954548828843,8.608471968707956,48.32581024942111,6.138409506186339,0.1312190013386109,10.293588026101864,19.47440838768838,1.891897007953528,0.6458413239037004,0.08664286406082028,0.07395897527371656,0.43512562655655224
0,5367,160,62.465703621322,3901.9641289068404,8.269235328138965,1.0238212714074735,1.0624673075377873,4.45458082101102,0.11906191804892835,13.048332509194672,3.130515628489205,46.64245078323646,3.5745909103994142,44.7274641734482,259.1519097878872,19.860921662233277,0.1327135085374788,20.769374470530114,88.45147579502863,4.258745294449448,0.5273224710384988,0.192216731002847,0.18352486944350946,0.37575742705549775
0,5426,1,1.053511626058803,1.1098867462410633,0.10425797970532959,1.0189886043046756,1.0535116260588024,4.440373684665908,0.15843725793665775,0.15843725793665775,0.03901005519003136,0.15843725793665775,0.9999999999999937,0.0,0.15843725793665775,0.9999999999999937,0.15843725793665778,0.15843725793665775,0.15843725793665775,0.9999999999999937,0.9999999999999937,nan,nan,nan
0,5426,2,1.1102644301740636,1.232687104909738,0.20919642467024285,1.0189886043046756,1.0535116260588024,4.440373684665908,0.15843725793665775,0.3183043263241769,0.07832074277583491,0.318266280343065,0.9998804729374802,0.00029124064892256787,0.3280026714402823,1.0304687819612828,0.15973637969330615,0.3194622786401531,0.3185226679305677,0.997058774157669,0.999195072711247,0.2700481667636672,0.27004816676366555,0.9432259139598376
0,5426,5,1.300726196609563,1.6918886385463794,0.5258454425560825,1.0189886043046756,1.0535116260588024,4.440373684665908,0.15843725793665775,0.8044614421357912,0.19734344173957336,0.8029126292012727,0.9980747207343991,0.00878654381935482,0.9097304213105951,1.1308564632946494,0.16350950320281848,0.8173598218794582,0.808294203629489,0.9889086568640915,0.9933420598538845,0.23791079601517903,0.23782088857672334,0.865353312079233
0,5426,10,1.6834777809446217,2.834097438934228,1.0417235227996064,1.0189886043046756,1.0535116260588024,4.440373684665908,0.15843725793665775,1.614082132468543,0.3929587624130006,1.5960206810909885,0.9888100791067349,0.07907633723266509,2.154187597389252,1.3346208064980447,0.16860885732274064,1.6850983521299527,1.6405808771469543,0.9735816755581479,0.9728387690746102,0.1648201903532886,0.1644520176181528,0.7504432601587622
0,5426,20,2.566997382212463,6.5894755602856385,1.8854737642074015,1.0189886043046756,1.0535116260588024,4.440373684665908,0.15843725793665775,2.9653242690755843,0.7151006330095565,2.8639465217568305,0.9658122558885075,0.5620357180964746,5.738528626907155,1.935211162823718,0.16643797193881868,3.3237484519396094,3.1273306915791097,0.9409047455905156,0.9157798788175845,0.005445732551522864,0.005260220840867067,0.5712089837964066
0,5426,40,4.053133794533252,16.42789355638752,2.7989807166715384,1.0189886043046756,1.0535116260588024,4.440373684665908,0.15843725793665775,4.75141026026598,1.1614329376786177,4.444649319704094,0.9354379176373807,2.7226942597840837,15.494779701701216,3.2610906768622896,0.13953203484088633,5.4297012295210765,5.986800806865585,1.1026022526461636,0.7424080845661389,0.21063066110180292,0.2007284103103717,0.47677347292137373
0,5426,80,15.057817039116639,226.73785398351137,5.423794521886955,1.0189886043046756,1.0535116260588024,4.440373684665908,0.15843725793665775,7.576547851089421,1.7363145438344314,8.87641356854409,1.171564377735404,8.639883402581674,51.212435571064454,6.759336386122168,0.14359407701183285,11.183404120009637,16.381881647297167,1.464838565386927,0.5418433461829216,0.15128302324334555,0.1422848315890871,0.40772215245151056
0,5426,160,136.60331110658936,18660.46460528364,9.834162372552447,1.0189886043046756,1.0535116260588024,4.440373684665908,0.15843725793665775,16.713152128686108,3.4424064160378043,44.96385591224596,2.6903276872033572,47.875934609521146,500.7467763987481,29.9612408564915,0.1450497291881627,22.730649722133613,117.05566248813159,5.149683969400596,0.3841237147908577,0.2892956233751369,0.28842603897608565,0.36626773429607545
0,5485,1,1.0514003290310479,1.1054426518865956,0.10024584469760699,1.031567552439886,1.0514003290310476,4.442104706315996,0.1856739882599628,0.18567398825996279,0.039636026444826465,0.18567398825996279,0.9999999999999947,0.0,0.18567398825996279,0.9999999999999947,0.18567398825996279,0.18567398825996279,0.18567398825996279,0.9999999999999947,0.9999999999999947,nan,nan,nan
0,5485,2,1.105659676472528,1.222483320177335,0.20088429824708967,1.031567552439886,1.0514003290310476,4.442104706315996,0.1856739882599628,0.3707668606965231,0.07891175850307751,0.37076549554578214,0.9999963180346286,0.00033620172187733536,0.3847411773313778,1.0376903065408853,0.1875224002007375,0.37502675754979997,0.37128276585793596,0.9900167344956238,0.9986068022549888,0.16444795576916488,0.164447955769164,0.9311197035262168
0,5485,5,1.285329410088725,1.6520716924390295,0.5020300715173355,1.031567552439886,1.0514003290310476,4.442104706315996,0.1856739882599628,0.9211640470542821,0.19578010057704567,0.9220983622011325,1.001014276609945,0.00958866427043309,1.0585932789882122,1.1491908334605578,0.19037424170444112,0.9517814051481098,0.9310857899459787,0.9782559156018481,0.9903473688011406,0.18125828516764422,0.18130380944701474,0.8555706542690383
0,5485,10,1.635547126181399,2.675014401960233,0.9839547642438442,1.031567552439886,1.0514003290310476,4.442104706315996,0.1856739882599628,1.8115676051690435,0.3920534793186601,1.822763298329443,1.006180113360635,0.07941616887472587,2.4009222348647974,1.3253285320482189,0.18607018688128862,1.8594409039027073,1.8760326545596129,1.008922978203868,0.9716053150243935,0.17340964467885298,0.17325220845797606,0.7808345997821253
0,5485,20,2.443350273256832,5.969960557824235,1.7867403206530774,1.031567552439886,1.0514003290310476,4.442104706315996,0.1856739882599628,3.2851286096262715,0.7503816444040694,3.378581944250046,1.0284473899590816,0.7254011145050524,5.570609753848994,1.695705226737752,0.16243716909152747,3.1942806124302763,3.659031973653806,1.145494844571572,0.9233540369630301,0.14284944636173535,0.13975187811973971,0.7083217291343721
0,5485,40,5.597468620446233,31.331654956880257,3.444628926961278,1.031567552439886,1.0514003290310476,4.442104706315996,0.1856739882599628,4.736601572924022,1.1248446069772893,5.644115922013923,1.1915960916530433,3.767481542051296,14.94690528472623,3.1556180216144143,0.14700088116342647,5.776729557699535,8.050299978146478,1.3935739760253456,0.7011062863912604,0.14714918068167485,0.13857398101211488,0.5580562459501187
0,5485,80,14.863632722826175,220.92757771906903,5.397834945182866,1.031567552439886,1.0514003290310476,4.442104706315996,0.1856739882599628,7.050358388988345,1.4761402469848073,8.578821074951398,1.216792197166926,10.691782910249922,67.88391437604632,9.62843456044324,0.14870351775452667,11.670809250309095,33.47466091337889,2.868238199719727,0.25627805751790844,0.34540712121052136,0.3312583855532714,0.5038059099368039
0,5485,160,166.65947537174497,27775.38073118527,10.23190532210732,1.031567552439886,1.0514003290310476,4.442104706315996,0.1856739882599628,7.812622623372584,1.849035974606808,56.64559495356802,7.25052235136823,57.66238584050744,467.3279089657693,59.81703347192153,0.1499912313947756,23.65663576904857,200.287029267972,8.46642063661562,0.2828220836896014,0.3419645395259607,0.33167588176293317,0.4552832704211967
0,5544,1,1.0623270902395123,1.128538846656749,0.12092373994993263,1.0317720615578745,1.0623270902395123,4.450397075913985,0.13908790240972102,0.139087902409721,0.03380439342270048,0.139087902409721,0.9999999999999928,0.0,0.139087902409721,0.9999999999999928,0.139087902409721,0.139087902409721,0.139087902409721,0.9999999999999928,0.9999999999999928,nan,nan,nan
0,5544,2,1.128524236683983,1.2735669527831663,0.24182158789379052,1.0317720615578745,1.0623270902395123,4.450397075913985,0.13908790240972102,0.28401475494647693,0.06859255945667278,0.28395780717343044,0.9997994900896673,0.00019780591152899772,0.29452141447775015,1.0369933580854,0.1429524050963141,0.285803053804883,0.28445938091952927,0.9952986055695819,0.9982367473891054,0.23587608343399016,0.23587608343398844,0.9319241732496909
0,5544,5,1.3507126367295574,1.8244246270209135,0.6012646644602639,1.0317720615578745,1.0623270902395123,4.450397075913985,0.13908790240972102,0.7511471025219439,0.17745180275610659,0.749356426791997,0.997616078496561,0.006243255615316095,0.8706095911027265,1.159040071085532,0.1548218880911905,0.7722124893827444,0.7574888897369882,0.980933227773192,0.9892639178538765,0.13179446798244943,0.12837652939087577,0.839254366135417
0,5544,10,1.798289738750638,3.233845984495838,1.1736721361791316,1.0317720615578745,1.0623270902395123,4.450397075913985,0.13908790240972102,1.606820495323566,0.3637677785026538,1.5913456733283071,0.9903692901352096,0.06654270203090053,2.23777975318864,1.3926756347092872,0.17075233762149067,1.6983867934112276,1.6328216558643627,0.9613956386135235,0.9745985837540226,0.0671849795277227,0.061768614651834974,0.7105281936946043
0,5544,20,2.9599787650710527,8.761474289671554,2.1703641886955074,1.0317720615578745,1.0623270902395123,4.450397075913985,0.13908790240972102,3.2063515684194193,0.6744356232744113,3.153980443892437,0.9836664434920965,0.5828149351190866,6.678183289731702,2.0827982045099724,0.1744053968343164,3.47406514832997,3.345672912223653,0.9630426515841138,0.9427043607189289,0.06995161350966304,0.06635903801876293,0.5341405569430847
0,5544,40,5.5865272646901545,31.20928687912646,3.440715706906823,1.0317720615578745,1.0623270902395123,4.450397075913985,0.13908790240972102,5.115802119218914,1.052171817568996,6.133158642819139,1.198865495555085,2.51489462138388,21.845741018467873,4.270247462543234,0.1621252883546362,6.438334469827726,7.677343744927764,1.1924425145829973,0.7988646655128824,0.2464388436744305,0.23625690382556117,0.46161190151482856
0,5544,80,17.780430976855783,316.1437257227327,5.756196938420398,1.0317720615578745,1.0623270902395123,4.450397075913985,0.13908790240972102,8.962885066526814,2.05763282451565,21.78248478005487,2.4302983490667187,15.343947820926951,82.29464554741212,9.181713804939138,0.16043763431032873,12.708338676273263,28.325377819419728,2.2288812519848724,0.7690095051484508,0.2454036291884605,0.23632803036208774,0.4506637896153934
0,5544,160,310.9794347762503,96708.2088537561,11.479453567742848,1.0317720615578745,1.0623270902395123,4.450397075913985,0.13908790240972102,23.628925488707885,5.190047408747068,79.10412201393565,3.347766365920406,84.58430415975698,458.3872005450424,19.39940945533485,0.15457638418045666,24.52840575948536,128.19457739034112,5.226372176298784,0.6170629337391598,0.23546733353904875,0.22766445144288744,0.3636897683753468
0,5603,1,1.0579373345595622,1.119231403854991,0.11264220317400912,1.0218980326285516,1.0579373345595615,4.446650793722243,0.15196529165661624,0.15196529165661604,0.0334302725588246,0.15196529165661604,0.9999999999999934,0.0,0.15196529165661604,0.9999999999999934,0.15196529165661601,0.15196529165661604,0.15196529165661604,0.9999999999999934,0.9999999999999934,nan,nan,nan
0,5603,2,1.1194594863098373,1.2531895414890848,0.2256919346166817,1.0218980326285516,1.0579373345595615,4.446650793722243,0.15196529165661624,0.2999431618734436,0.06636179383434217,0.3000143148803416,1.0002372216337674,0.0002551077702377266,0.3090908960173838,1.0304982253531052,0.15014812566542685,0.30027398800784577,0.3004430867646164,1.0005631482030513,0.998572868196459,0.2634699885119628,0.2634699885119611,0.946214137692334
0,5603,5,1.3224875162027572,1.748973230512138,0.5590288903230712,1.0218980326285516,1.0579373345595615,4.446650793722243,0.15196529165661624,0.7241873506755747,0.16282053838985802,0.7262934863439191,1.0029082745872027,0.007281461237687107,0.8181764624571004,1.1297856303259712,0.14552780917380093,0.7273183887416512,0.7349009814059999,1.0104254103590953,0.9882875444721626,0.28723323122777394,0.28692651365694927,0.8816212076543307
0,5603,10,1.6881783496728902,2.849946140304283,1.0473000959631389,1.0218980326285516,1.0579373345595615,4.446650793722243,0.15196529165661624,1.3843474033326462,0.31715935405095436,1.4061924996527755,1.015780068115517,0.06233962897899967,1.8294378588890103,1.3215164448496541,0.14020887832758447,1.4006390710559609,1.4736170310643357,1.0521033301986604,0.9542455536342008,0.3336465790888264,0.33289335894510796,0.806125170857841
0,5603,20,2.341082606081852,5.4806677684989955,1.7012269491016478,1.0218980326285516,1.0579373345595615,4.446650793722243,0.15196529165661624,2.536952047510613,0.5829021407702023,2.7152505596874397,1.0702806000419998,0.4169420718330626,4.665559111375752,1.8390411107509246,0.13482868903322545,2.6927892302283833,3.1744633023658224,1.1788755193798015,0.8553416124432286,0.26499809846110045,0.2674397340687932,0.7015314736796999
0,5603,40,4.512657418129784,20.36407697340177,3.013772415909285,1.0218980326285516,1.0579373345595615,4.446650793722243,0.15196529165661624,4.995919719229122,1.1734292887881974,5.540760512209393,1.1090571553588413,2.8939605137653506,13.8968779256308,2.7816455641074844,0.13727428067748745,5.483160799637252,7.728483968596271,1.4094943137738294,0.7169272181612306,0.32774727719356994,0.3302516764657722,0.6051953025148832
0,5603,80,16.19102504231048,262.14929192072503,5.568914157968642,1.0218980326285516,1.0579373345595615,4.446650793722243,0.15196529165661624,7.171664051535954,1.5468698984277536,11.84765371683037,1.6520090221310575,12.978605007229145,49.91677765978971,6.960278298186463,0.14468840601075206,11.512147531386198,21.796890896018805,1.8933818244243956,0.5435478744812334,0.19643506342407388,0.19561875500800488,0.486808765284099
0,5603,160,112.04382863205623,12553.819534529584,9.437780243637112,1.0218980326285516,1.0579373345595615,4.446650793722243,0.15196529165661624,12.360778296878818,2.8730257767334773,27.111750953400044,2.1933692444144834,28.7399611650386,285.99818218428436,23.137554554837443,0.1475227700340413,23.10929220520651,94.6444826567279,4.095516289131718,0.28645886365857565,0.18953059528472463,0.1984024431747728,0.3906187428662741
0,5662,1,1.0466922368357112,1.0955646386521445,0.09126988210291109,1.016840597754402,1.046692236835711,4.437998833283957,0.1681966101937395,0.1681966101937395,0.04151963068997087,0.1681966101937395,0.999999999999994,0.0,0.1681966101937395,0.999999999999994,0.1681966101937395,0.1681966101937395,0.1681966101937395,0.999999999999994,0.999999999999994,nan,nan,nan
0,5662,2,1.0948821290394746,1.1987668764900126,0.1812934255230952,1.016840597754402,1.046692236835711,4.437998833283957,0.1681966101937395,0.33702911241427336,0.08278814891122573,0.33696040284305706,0.999796131643569,0.00029854513666427305,0.3459731964860484,1.0265380162790805,0.16909862883559754,0.3381924715183423,0.33737585904143214,0.9975853617520078,0.998768565719087,0.008479673661341225,0.008479673661341175,0.9511452003933979
0,5662,5,1.2478832475905934,1.5572125996172463,0.4428974279218194,1.016840597754402,1.046692236835711,4.437998833283957,0.1681966101937395,0.8381286796555784,0.20174974028849255,0.8363165617155484,0.9978379000933655,0.008177032192082266,0.9336406647830833,1.1139586169116102,0.17071565150830287,0.8535468023668165,0.8449271100584522,0.9899013243509747,0.989809122893087,0.038803538200171434,0.03882182733874521,0.885464675207614
0,5662,10,1.5267008421819384,2.3308154615190397,0.8462181898322417,1.016840597754402,1.046692236835711,4.437998833283957,0.1681966101937395,1.5933481132921081,0.3676988479676996,1.5813163209933732,0.9924487359677626,0.0661740952436172,2.1010749025415345,1.3186540248259881,0.17013519521634154,1.7012565181102575,1.6551756851506951,0.9729136479601855,0.9553767223504142,0.027865964872410515,0.027745776289670458,0.7788559620647113
0,5662,20,2.150993891557779,4.626774721518878,1.5318600209329762,1.016840597754402,1.046692236835711,4.437998833283957,0.1681966101937395,2.4996987244139617,0.5412508046677704,2.5514434465695155,1.0207003834702857,0.3601481723914813,5.61852398039688,2.2476804606579557,0.1636045230332048,3.2688177947620187,3.276381630336779,1.002313936122986,0.7787381735220058,0.2353746089900292,0.22776312153601025,0.6104483275941581
0,5662,40,4.574071509787208,20.922130176647027,3.0408074589004452,1.016840597754402,1.046692236835711,4.437998833283957,0.1681966101937395,3.3828844045364534,0.7401813980910226,3.3788655035604687,0.9988119898597196,1.5783734014948294,20.122688149440833,5.94838183724406,0.15725981671785075,6.273284702144957,8.880894547231055,1.4156689786762753,0.38046454505125876,0.2218799056945762,0.22094082609328905,0.5155627424434152
0,5662,80,10.253818289004975,105.14078950393292,4.655300304436087,1.016840597754402,1.046692236835711,4.437998833283957,0.1681966101937395,6.12692619852541,1.406490701564855,8.172561934800516,1.333876346799711,5.227071533169405,62.1160091144319,10.138200967620856,0.16474666320670275,13.02002798931845,27.62163892809925,2.121473083679994,0.29587534454686687,0.28990755182504024,0.2984076886419193,0.5187916672834422
0,5662,160,51.72884670146399,2675.873581063562,7.89203117837717,1.016840597754402,1.046692236835711,4.437998833283957,0.1681966101937395,8.773706522578642,1.9736195283363003,20.569305390979505,2.344425966157581,18.537571249872112,282.5408548816416,32.20313491846787,0.14771999965523525,23.101484825202313,98.78463503759401,4.27611626633739,0.20822373219429863,0.1874843126570351,0.20143010935347408,0.36182939716561235
0,5721,1,1.054927626585977,1.1128722973343226,0.10694432836495288,1.0190916488218549,1.054927626585977,4.4414367431237025,0.19259914705910464,0.19259914705910466,0.04352888035782993,0.19259914705910466,0.9999999999999948,0.0,0.19259914705910466,0.9999999999999948,0.19259914705910466,0.19259914705910466,0.19259914705910466,0.9999999999999948,0.9999999999999948,nan,nan,nan
0,5721,2,1.113593224064624,1.2400898686826438,0.21518385173484572,1.0190916488218549,1.054927626585977,4.4414367431237025,0.19259914705910464,0.38150085489380975,0.08644129887140478,0.3814595582482487,0.9998917521545959,0.0003241805493421517,0.39254479404744036,1.0289486616136252,0.19098618066932857,0.3819586225690992,0.3819473302032969,0.9999704356306258,0.9987229339846685,0.24546855628321984,0.24546855628321856,0.9478433583665131
0,5721,5,1.3125322463220297,1.7227408976351533,0.5439165676162927,1.0190916488218549,1.054927626585977,4.4414367431237025,0.19259914705910464,0.9275372747483699,0.21174783020950438,0.9257514992253003,0.9980747129288631,0.009618608568811164,1.041315577733228,1.122667094986262,0.18651534352275517,0.932338951739496,0.935380224574841,1.0032619819537412,0.9897060841179123,0.19061175155422758,0.19150682122759694,0.880425327577384
0,5721,10,1.718105371769948,2.951886068504751,1.0824443113134699,1.0190916488218549,1.054927626585977,4.4414367431237025,0.19259914705910464,1.7605415382152256,0.4053381188754909,1.740856074646713,0.9888185179723336,0.08775703057637371,2.2946488603172175,1.3033767227346702,0.1795584374969986,1.7936658918720698,1.8127897797644559,1.010661900847334,0.9603187827288553,0.12361032151343197,0.12729683705361147,0.787083849365357
0,5721,20,2.7758427389548825,7.705302911408544,2.041908781614964,1.0190916488218549,1.054927626585977,4.4414367431237025,0.19259914705910464,2.9296280103745374,0.6726270553683127,2.8109536568448363,0.9594916647746927,0.5363731905479666,5.175247041015101,1.7665201939250545,0.15715130270301716,3.0848060512373703,3.169027213371138,1.0273019310565683,0.8870083680520395,0.1166997319871675,0.11634926574189021,0.6413139568329175
0,5721,40,5.915333455509729,34.99116988987267,3.5550957407984445,1.0190916488218549,1.054927626585977,4.4414367431237025,0.19259914705910464,3.435775020100016,0.7947065581436185,3.776195705186388,1.0990811921894879,1.6249839775146602,14.205887399499584,4.13469663071421,0.12905291647092595,4.92632715727443,5.639821405185294,1.144832899872938,0.6695594477006886,0.14348934950694966,0.13649195441170175,0.4706458083825193
0,5721,80,15.095967464100854,227.88823367719155,5.428855305595374,1.0190916488218549,1.054927626585977,4.4414367431237025,0.19259914705910464,6.4380597189246,1.4236111538408833,10.219786447726559,1.5874016231451873,7.622368586939142,52.86182540043858,8.210831789126136,0.13695933086525264,10.669584600208081,17.8989576938342,1.6775683744505974,0.5709710376737218,0.1360287037877092,0.14319196114636462,0.3758208322021226
0,5721,160,211.52753748131747,44743.89911291016,10.70871038173646,1.0190916488218549,1.054927626585977,4.4414367431237025,0.19259914705910464,12.267647336078143,2.6356938562067773,25.99954008689001,2.119358290519772,29.421210744636728,281.3480227734363,22.934146626958768,0.136633548074029,21.438715918159968,70.68657660735559,3.2971460080535664,0.36781439043667763,0.1491107281258283,0.14942468503060477,0.30450449324758105
0,5780,1,1.0589704075458835,1.1214183240578945,0.11459424491448478,1.0283576577479736,1.0589704075458841,4.4525399029688115,0.1454406122038613,0.14544061220386123,0.03320220558018358,0.14544061220386123,0.9999999999999931,0.0,0.14544061220386123,0.9999999999999931,0.14544061220386123,0.14544061220386123,0.14544061220386123,0.9999999999999931,0.9999999999999931,nan,nan,nan
0,5780,2,1.1224126396769394,1.259810133706555,0.2309610220743993,1.0283576577479736,1.0589704075458841,4.4525399029688115,0.1454406122038613,0.29405435010280656,0.06655570271458058,0.29400655034385953,0.9998374458363519,0.00025707523900243715,0.3029270153065536,1.0301735553330327,0.14707426060730272,0.29413057349289934,0.29449783793419915,1.0012486442226574,0.9983317786175042,0.3419453379875117,0.34194533798750937,0.9453492066089566
0,5780,5,1.337125992408534,1.7879059195745066,0.5810450576793272,1.0283576577479736,1.0589704075458841,4.4525399029688115,0.1454406122038613,0.7535143426410593,0.1666111303102184,0.7521198933898144,0.9981494058276869,0.007727021818689598,0.8529129792097334,1.131913396923915,0.15108500696762714,0.7552028326425536,0.761878097083169,1.008839035226148,0.9871919094003166,0.3261564629109102,0.3264838311945919,0.8717727591237382
0,5780,10,1.7564060061939748,3.084962058594269,1.1265393586088754,1.0283576577479736,1.0589704075458841,4.4525399029688115,0.1454406122038613,1.5339661030956249,0.3317294916227337,1.5212820160002862,0.9917311816279756,0.07183483324948825,2.051295662347654,1.3372496681693482,0.15577789092735614,1.556809574623765,1.6037913989363919,1.0301782729747022,0.9485535444379951,0.26144595092170286,0.2620104419161838,0.7742377061402773
0,5780,20,2.8437603980208093,8.086973201351471,2.0902545203146334,1.0283576577479736,1.0589704075458841,4.4525399029688115,0.1454406122038613,2.965470766020647,0.6529240444416573,2.864089003361492,0.9658125907627139,0.6270849057043207,5.691638777218358,1.9193036203340972,0.15814167942826887,3.160849901243087,3.335820689892738,1.0553556145076166,0.8585860181392377,0.08757353599298934,0.08843765524250324,0.610122304285602
0,5780,40,5.0591867017066185,25.595370082725093,3.242411478985521,1.0283576577479736,1.0589704075458841,4.4525399029688115,0.1454406122038613,3.9009673008302843,0.887562337685635,4.238678838586894,1.0865712300856074,3.7461685552347714,16.50626008895332,4.231324903810425,0.14188124800239726,5.6194571864263825,6.586623552821608,1.172110282952486,0.6435283274647006,0.14753582788594313,0.15076143129711586,0.46434572460131857
0,5780,80,14.067010652870964,197.8807887079852,5.287664772140857,1.0283576577479736,1.0589704075458841,4.4525399029688115,0.1454406122038613,5.86180711306006,1.3521395662345623,6.340953421675018,1.081740374490901,7.840903353954539,62.03617325385786,10.58311405635333,0.144970764132732,11.458520803351403,15.997834324832796,1.3961517895183928,0.39636323848111177,0.10391414371716585,0.09716563330650875,0.3648366196918022
0,5780,160,69.86590808276058,4881.24511222875,8.493155612251515,1.0283576577479736,1.0589704075458841,4.4525399029688115,0.1454406122038613,8.678832572688792,1.9446009332514844,20.663592618667398,2.3809184525224225,22.025274344886995,309.89089168667437,35.70651802430922,0.14034938733151098,22.161911654921376,65.29504427401373,2.94627310543917,0.31646494536326,0.11597287595822542,0.11174910305786624,0.29955523897547576
0,5839,1,1.0546696712271209,1.1123281154063231,0.10645522011588711,1.0240643977093289,1.0546696712271206,4.441063407736528,0.1640438891130907,0.1640438891130907,0.03493389963541986,0.1640438891130907,0.9999999999999939,0.0,0.1640438891130907,0.9999999999999939,0.1640438891130907,0.1640438891130907,0.1640438891130907,0.9999999999999939,0.9999999999999939,nan,nan,nan
0,5839,2,1.1122489831558409,1.2370978005312019,0.21276815296186238,1.0240643977093289,1.0546696712271206,4.441063407736528,0.1640438891130907,0.3238610193577303,0.069354099247693,0.32382754433458466,0.9998966376897934,0.00019069688748531724,0.33355387627082556,1.029929063189873,0.1623152306302299,0.32461185177607477,0.32414409530010874,0.9985590283490644,0.9990234251676496,0.16445444419655245,0.16445444419655145,0.9456037733104165
0,5839,5,1.301545643443032,1.694021061965536,0.5271050294262042,1.0240643977093289,1.0546696712271206,4.441063407736528,0.1640438891130907,0.7768167700023629,0.16984771761797568,0.7759297173096757,0.9988580927614559,0.004967939599845487,0.8761143358726161,1.1278262387022746,0.15703266265709773,0.7847550842313603,0.781969405667666,0.9964502573864509,0.9922763111776292,0.13518375684947023,0.13542248754561523,0.8748364159153026
0,5839,10,1.6605049543646135,2.757276703469427,1.014243490977034,1.0240643977093289,1.0546696712271206,4.441063407736528,0.1640438891130907,1.4249411675022159,0.32365404640021345,1.4213182515719318,0.9974574978862911,0.04107246524491055,1.8856288538958323,1.323302952360592,0.14772034091632205,1.4730061430438988,1.4658816672340644,0.9951633088269997,0.9695995818364934,0.07821844223261512,0.0795456425496279,0.7804193703120296
0,5839,20,2.440792326767423,5.957467182406731,1.7846454213573302,1.0240643977093289,1.0546696712271206,4.441063407736528,0.1640438891130907,2.2417293236065254,0.5193665085529303,2.3111801019939424,1.0309808939268736,0.2897258500818872,4.14724555248379,1.8500206553981469,0.1313499939319037,2.597804105962509,2.723418823692293,1.048354191696545,0.8486319040934526,0.10527447725093489,0.10128307262555519,0.6921638482643344
0,5839,40,5.318234108566407,28.283614033519125,3.3422826275422217,1.0240643977093289,1.0546696712271206,4.441063407736528,0.1640438891130907,3.3041871915894476,0.7051155078902865,3.8823571628773674,1.1749809976745886,1.402387471776782,13.753795849726146,4.162535308149418,0.12788392485191616,5.0821566854394025,6.544512129093036,1.287743085104665,0.5932233123411446,0.13614659592436637,0.14296418002115754,0.5253906930684689
0,5839,80,11.005164761962362,121.1136514379381,4.79672937284263,1.0240643977093289,1.0546696712271206,4.441063407736528,0.1640438891130907,4.532907850609195,1.1121518624972586,5.634843487805628,1.2430968538326537,5.674502093159326,47.14602867110627,10.40083545152371,0.12590453636314966,10.02141302520976,16.82920219057227,1.679324277747749,0.3348253484625831,0.15418216070787524,0.15261048385495557,0.4197504882155971
0,5839,160,50.37238725037826,2537.37739730207,7.838886305848612,1.0240643977093289,1.0546696712271206,4.441063407736528,0.1640438891130907,7.358402380296007,1.7910361562272918,18.968062539523352,2.5777419552802874,17.520952534236667,241.68136275580264,32.84427111555708,0.1398360596204574,22.02812546842285,72.7898981524817,3.304407279540216,0.2605864690150917,0.18354268452187797,0.1807146215242962,0.3499509377443064
