seed,test_index,horizon,sigma1_phi,Gmax,log_Gmax,spectral_radius_J,sigma1_J,fro_J,one_step_error,rollout_error,relative_rollout_error,linear_predicted_error,linear_to_actual_ratio,linear_vector_error,defect_amplification_bound,bound_to_actual_ratio,defect_l2_rms,defect_l2_sum,propagated_defect_norm_sum,effective_defect_gain,defect_cancellation_ratio,tg_alignment_mean,tg_alignment_weighted,gain_efficiency_mean
3,0,1,1.0654969071307443,1.135283659105182,0.12688253962504598,1.035401520429282,1.0654969071307436,4.455683151348291,0.17403966322648406,0.17403966322648415,0.035667446207354174,0.17403966322648415,0.9999999999999942,0.0,0.17403966322648415,0.9999999999999942,0.17403966322648415,0.17403966322648415,0.17403966322648415,0.9999999999999942,0.9999999999999942,nan,nan,nan
3,0,2,1.135726522553723,1.2898747340319723,0.25454510825697413,1.035401520429282,1.0654969071307436,4.455683151348291,0.17403966322648406,0.3508374545322561,0.07235987597605349,0.3509043002173483,1.0001905317811073,0.0003292901849459603,0.36196959459949046,1.0317301927813691,0.17535041420117564,0.3506911029179276,0.3511326229407613,1.0012589997840238,0.9993497536016398,0.2638837349617521,0.2638837349617506,0.9415223421358456
3,0,5,1.3779227741112385,1.8986711714144113,0.6411542580235878,1.035401520429282,1.0654969071307436,4.455683151348291,0.17403966322648406,0.8921525003523226,0.18706617169585227,0.8935186492466669,1.0015312952592788,0.010563042715689398,1.0054146476845485,1.126953796898508,0.17735450584436124,0.886724652047,0.8972676656733993,1.0118898393115154,0.9958217413040068,0.22746687193344545,0.2272917231419188,0.8722722607377442
3,0,10,1.9057706004071433,3.6319615813762036,1.2897728828681794,1.035401520429282,1.0654969071307436,4.455683151348291,0.17403966322648406,1.8033989941072661,0.38462875729080154,1.8018196293020254,0.9991242288531809,0.10037880955035776,2.3302279206726855,1.2921310970488886,0.17555679899102414,1.7552799721228558,1.831475747518661,1.0434094711988606,0.9838075288428931,0.09143760097216716,0.09132588829415679,0.7846178624807986
3,0,20,3.56881576253375,12.736445946909353,2.5444676431646993,1.035401520429282,1.0654969071307436,4.455683151348291,0.17403966322648406,3.446324164396651,0.7398901926960284,3.377725044924507,0.9800949892697762,0.7459577083833209,6.019394939345894,1.7466131020207465,0.16394010611093435,3.2666468006274347,3.6805794840272648,1.1267148573639256,0.9177155552768074,0.25271309680441706,0.2395299581100972,0.6588921674506631
3,0,40,10.000272679603867,100.0054536664315,4.605224721165337,1.035401520429282,1.0654969071307436,4.455683151348291,0.17403966322648406,4.973950198810518,1.1021185011598353,5.711530869345296,1.1482887124023002,4.186235526239586,14.938487308456626,3.003344768515987,0.1424830690234625,5.603108756429032,7.751167456539662,1.3833690891053894,0.7368607247062474,0.24682720853203086,0.239453055014103,0.6038720316294235
3,0,80,41.486206658268735,1721.1053428925811,7.450722004618674,1.035401520429282,1.0654969071307436,4.455683151348291,0.17403966322648406,9.113133413116245,2.1721328106986184,9.225155436670937,1.0122923717317098,12.116795892089183,40.24565148309281,4.416225425293183,0.1317470120997461,10.377179127640158,16.839470847503165,1.6227406928584622,0.5478292946502399,0.12585367288483512,0.1264046129655727,0.4666682188631768
3,0,160,562.7832762775193,316725.01605765865,12.665789219169309,1.035401520429282,1.0654969071307436,4.455683151348291,0.17403966322648406,26.56613609324009,5.976765121324894,24.623935993056698,0.9268918862206086,38.71250207858994,230.40591236150723,8.67291771572816,0.13608306202003556,21.47550944045083,79.26555705683707,3.69097446915667,0.31065114417098205,0.2604110236441896,0.2579280017441374,0.4039636737705241
3,58,1,1.0425169303320265,1.0868415500289115,0.08327582937118838,1.0182661951333516,1.0425169303320265,4.44188023447786,0.11942771569462159,0.11942771569462154,0.0278263210539098,0.11942771569462154,0.9999999999999917,0.0,0.11942771569462154,0.9999999999999917,0.11942771569462154,0.11942771569462154,0.11942771569462154,0.9999999999999917,0.9999999999999917,nan,nan,nan
3,58,2,1.0868276415729528,1.1811943224870267,0.16652606431243752,1.0182661951333516,1.0425169303320265,4.44188023447786,0.11942771569462159,0.2379919768402794,0.055720225237981244,0.23804820073148103,1.0002362428009006,0.00019912546881808294,0.24451535321886164,1.0274100684619263,0.11964379518931736,0.23928720083689675,0.23826367205643895,0.9957225928638095,0.9990956601856288,0.10148393972553194,0.10148393972553109,0.949848480790477
3,58,5,1.2309359607767947,1.5152033395334905,0.41554964746882295,1.0182661951333516,1.0425169303320265,4.44188023447786,0.11942771569462159,0.587604785143251,0.13988370025274513,0.588896020271376,1.0021974550935784,0.00568232508190345,0.6570454957089246,1.1181758765779004,0.11979708797742866,0.5989847076536564,0.5940327655243192,0.9917327736984538,0.9913527577078847,0.16546195912857742,0.16550463500794285,0.8850077863577948
3,58,10,1.5018725498386862,2.255621155958957,0.8134253922112835,1.0182661951333516,1.0425169303320265,4.44188023447786,0.11942771569462159,1.1520543964567294,0.28231131847656327,1.154847728546546,1.0024246529490333,0.04386717352126193,1.5147333496381248,1.3148106151036385,0.12169269040258217,1.2166162173909696,1.2109641534615334,0.9953542753674959,0.9536597142412679,0.19935466100956664,0.199696973613347,0.7902128692477822
3,58,20,2.0752745041843785,4.3067642677177185,1.460186872212301,1.0182661951333516,1.0425169303320265,4.44188023447786,0.11942771569462159,2.123203577910119,0.5144832736453606,2.0979705432625395,0.9881155839646721,0.226524160041686,4.056188817487856,1.9104097504773343,0.129031265762283,2.5761872636090883,2.552419447981048,0.9907740341846328,0.821953674158855,0.0788010649070908,0.07676611284167044,0.6387693944828216
3,58,40,2.8033118593903867,7.858557380998787,2.061603050282583,1.0182661951333516,1.0425169303320265,4.44188023447786,0.11942771569462159,2.484860839963468,0.5403088704692982,2.6983305211722053,1.0859081030919522,1.7541516370758061,13.509407466963685,5.436685728912808,0.13708130798979223,5.46763628723334,6.862997161286839,1.2552036749978406,0.3931708636560557,0.24113204474152866,0.24843971840636883,0.5418870605972761
3,58,80,5.069191773360177,25.696705235102495,3.246362782713953,1.0182661951333516,1.0425169303320265,4.44188023447786,0.11942771569462159,4.195297858053549,1.0530427095732366,4.753158661000344,1.132972871491327,3.7112109636204713,47.61479502839513,11.349562448108626,0.14511446541434078,11.562843564034855,22.935046788258138,1.9835126767255988,0.2072443411553788,0.36650987040295807,0.36852692704288964,0.5395286367879288
3,58,160,31.32429359632842,981.2113693089817,6.888787899464556,1.0182661951333516,1.0425169303320265,4.44188023447786,0.11942771569462159,6.065268985435019,1.3271627682659213,14.344451823510052,2.3650149495358654,17.69694853430483,246.3824774641274,40.621855033269576,0.13416551681514477,21.16895642908964,71.57353860174143,3.381061264946797,0.20041557401999183,0.1760641862318042,0.17466052645055724,0.3610942502353005
3,117,1,1.0451559600215472,1.092350980768562,0.08833223664149742,1.0253233343619732,1.0451559600215474,4.449309332109836,0.14752837773548194,0.1475283777354818,0.037490948622649845,0.1475283777354818,0.9999999999999932,0.0,0.1475283777354818,0.9999999999999932,0.1475283777354818,0.1475283777354818,0.1475283777354818,0.9999999999999932,0.9999999999999932,nan,nan,nan
3,117,2,1.0918381606806378,1.1921105691184781,0.17572532366885993,1.0253233343619732,1.0451559600215474,4.449309332109836,0.14752837773548194,0.2952985863146466,0.0753452510648354,0.29534109243380285,1.0001439428467496,0.0002064032748482326,0.30325919363084197,1.0269578239961912,0.1482606817551074,0.2965177641753066,0.2957951086076391,0.9975628591100488,0.9984650991154845,0.18248784342586316,0.1824878434258619,0.9516166827514027
3,117,5,1.2414454343025716,1.5411867663507006,0.4325527471450824,1.0253233343619732,1.0451559600215474,4.449309332109836,0.14752837773548194,0.7413627155168097,0.19057724840064943,0.7426010100087244,1.0016702950741871,0.006055269481418875,0.8259567615747306,1.1141061511286667,0.15065189616694522,0.753176207232469,0.7509229847797003,0.9970083727670459,0.9889176720653738,0.27941840879322066,0.2799758696412562,0.8902151366603535
3,117,10,1.5265009064196973,2.330205017300157,0.8459562539642718,1.0253233343619732,1.0451559600215474,4.449309332109836,0.14752837773548194,1.4984044458304882,0.3851807017843561,1.5078648651087405,1.0063136620453683,0.05093621921699867,1.894414817483839,1.264288038356601,0.15381244197805058,1.5377079618477656,1.5660848114914856,1.018453991491089,0.9628245252392816,0.39345443578985634,0.3950342645931086,0.8193295677911878
3,117,20,2.2952848080808104,5.268332350206562,1.6617138703888679,1.0253233343619732,1.0451559600215474,4.449309332109836,0.14752837773548194,2.947493494907894,0.7415310647341175,2.9877972003133677,1.0136738912147225,0.30019897787792893,4.507242933983728,1.5291782464560022,0.14999255815763987,2.995227732286934,3.33145202335945,1.112253331340452,0.896845333315189,0.37419844626084536,0.37372799002054,0.7553615017321034
3,117,40,5.261913224235517,27.687730779384616,3.3209893829176913,1.0253233343619732,1.0451559600215474,4.449309332109836,0.14752837773548194,3.9652093116045486,0.9143236299027172,4.243603637138308,1.0702092383166284,1.8533620884905286,15.103919949719597,3.809110380507931,0.13030820283592837,5.132398518715027,6.780480886950248,1.3211134837299896,0.6258558512133808,0.2732516172455288,0.2536763123764794,0.5332792836004066
3,117,80,20.662212566177313,426.9270281298957,6.056613104315151,1.0253233343619732,1.0451559600215474,4.449309332109836,0.14752837773548194,6.609003132884938,1.5198717517104756,8.926241591972905,1.3506184537207888,10.308453157128504,70.63430814596212,10.687588842937812,0.1353126584308582,10.726970039956349,21.971253135100305,2.0482254591241222,0.4062691161530853,0.1807957565282285,0.17700272098256348,0.4212229339722234
3,117,160,99.3782910350077,9876.044729038693,9.19786737951908,1.0253233343619732,1.0451559600215474,4.449309332109836,0.14752837773548194,8.001774704171545,1.814061811321259,23.163545980472893,2.8948010706171337,24.370707992499803,190.07393225622732,23.753971997878985,0.12528845676582714,19.72314221303316,65.32648197409296,3.312174159091388,0.3545812552658055,0.1607923599172954,0.1540138393566053,0.4125000272164813
3,176,1,1.0693479671127584,1.143505074768189,0.13409817239668329,1.0282864035608272,1.0693479671127584,4.449884493421544,0.14320491801232127,0.14320491801232116,0.03227211588997338,0.14320491801232116,0.999999999999993,0.0,0.14320491801232116,0.999999999999993,0.14320491801232116,0.14320491801232116,0.14320491801232116,0.999999999999993,0.999999999999993,nan,nan,nan
3,176,2,1.143026914384365,1.3065105270070425,0.267359863356741,1.0282864035608272,1.0693479671127584,4.449884493421544,0.14320491801232127,0.2817643239070668,0.06387408752580107,0.28181364544472476,1.0001750453605094,0.00025077237830138963,0.29320915020622207,1.0406184365020217,0.14165292416281422,0.28328865477300436,0.2825165828395968,0.9972746104709799,0.9975118720897451,0.19653530466721994,0.19653530466721858,0.9301711771676083
3,176,5,1.3872670706172028,1.9245099252188351,0.6546713510257591,1.0282864035608272,1.0693479671127584,4.449884493421544,0.14320491801232127,0.6700341429116875,0.15452534120919278,0.6711280542739004,1.00163262032806,0.006540829274214132,0.7930377240789634,1.1835780795180866,0.13809542213944717,0.690285249529533,0.6860164011865859,0.9938158198428005,0.9782973892651335,0.14043488151561156,0.14130883448653267,0.8433847044163079
3,176,10,1.8467815235415952,3.4106019956946154,1.2268888140412355,1.0282864035608272,1.0693479671127584,4.449884493421544,0.14320491801232127,1.2599017480441046,0.29674474137768797,1.2648232178851315,1.0039062330444941,0.04941113991339599,1.8523022572008878,1.4701957990584864,0.13689158365909962,1.3686244118757815,1.3860653296107577,1.0127433922584146,0.9125278519449909,0.08665879451880652,0.08784107222737435,0.7478510806636618
3,176,20,2.847580387223721,8.108714061701196,2.0929392934959905,1.0282864035608272,1.0693479671127584,4.449884493421544,0.14320491801232127,2.4973556545131608,0.5778161628210723,2.4832920384012476,0.9943685970051969,0.43541835756675634,4.820738872228859,1.9303373404252353,0.1379385387003721,2.75809964394568,3.18390296882492,1.1543828649606342,0.7799521727629009,0.16472769467614076,0.165683858064466,0.6922561843964639
3,176,40,4.751406251237061,22.575861364294617,3.1168812542471054,1.0282864035608272,1.0693479671127584,4.449884493421544,0.14320491801232127,3.7657114392673647,0.8235917654587525,3.7237248163900625,0.9888502813998218,1.9499796887204754,12.837355396004716,3.4090119763670144,0.12034825749157983,4.720053641982161,6.299357098520416,1.3345943873373085,0.5911277544917536,0.20308517383339725,0.2086657641782435,0.5537575708591997
3,176,80,9.442447371821306,89.15981236961508,4.490430404092114,1.0282864035608272,1.0693479671127584,4.449884493421544,0.14320491801232127,4.367827768842444,1.0780894047325347,5.20678913905403,1.1920774844182844,4.095026846937288,37.074037408073636,8.487980609615231,0.11649805933413211,9.168763583333622,16.346366923654035,1.7828321970660677,0.31852883049624553,0.24713669784434655,0.23155197263167548,0.5111418429929185
3,176,160,63.99008366382624,4094.730807303482,8.317456257204176,1.0282864035608272,1.0693479671127584,4.449884493421544,0.14320491801232127,23.123500376851702,5.668839835049759,19.022653012867366,0.8226545593378423,34.716924402924434,313.076426596368,13.539318074428738,0.13340756185172653,20.876806722399188,99.585228707993,4.7701370248902,0.19101882136201342,0.2521680510711683,0.24662975701375406,0.37324337982361316
3,235,1,1.0435965568560495,1.0890937734818016,0.08534594996058407,1.0270484329969312,1.0435965568560501,4.456445993557819,0.12533168564280517,0.12533168564280517,0.02867556287681612,0.12533168564280522,0.9999999999999925,5.262591813953316e-16,0.12533168564280522,0.9999999999999925,0.12533168564280522,0.12533168564280522,0.12533168564280522,0.999999999999992,0.999999999999992,nan,nan,nan
3,235,2,1.0892515291256235,1.186468893702509,0.17098157969582803,1.0270484329969312,1.0435965568560501,4.456445993557819,0.12533168564280517,0.2504015947377826,0.0576665404492186,0.2503558274001081,0.9998172242564052,0.00011183885149388505,0.2557877216226625,1.0215099544015251,0.12514323780356437,0.25028619140330977,0.2508094444089345,1.0020906187540348,0.9981913878486657,0.42305315907276553,0.4230531590727622,0.9619494393612323
3,235,5,1.239339200730201,1.5359616544665737,0.4291566698738701,1.0270484329969312,1.0435965568560501,4.456445993557819,0.12533168564280517,0.6197912482233492,0.14553904586423322,0.6189105138085665,0.9985789821697091,0.0030250507486826684,0.6797719635825915,1.0967756733112606,0.12425546694938808,0.6212589795766404,0.6265382733942544,1.0084977344250388,0.9878255488776996,0.3658853908379718,0.36599020943597343,0.9064687664331402
3,235,10,1.5332545514351403,2.350869519496573,0.8547852680162928,1.0270484329969312,1.0435965568560501,4.456445993557819,0.12533168564280517,1.1869084181430538,0.2861675030920595,1.1833227360102117,0.9969789732063294,0.025553910126299085,1.487951298725338,1.2536361491590662,0.11978000938796378,1.1964814311821237,1.2343994423004756,1.0316912658484703,0.9586222218351975,0.33596455397573827,0.33615179338043977,0.8277745150252779
3,235,20,2.224653240547061,4.949082040676539,1.5992021130553307,1.0270484329969312,1.0435965568560501,4.456445993557819,0.12533168564280517,2.011103043707842,0.49609347101466766,1.9705747064293795,0.9798477072543523,0.2561858177524494,3.512934540484236,1.7467700382012683,0.1074584080747142,2.1301791900597324,2.334757669775026,1.0960381552265357,0.8440168039449082,0.2523700389671029,0.24814358632200964,0.7042776249390863
3,235,40,4.010721916607843,16.085890292358492,2.777942508388901,1.0270484329969312,1.0435965568560501,4.456445993557819,0.12533168564280517,3.665754093408062,0.8403914022000379,3.376629608096232,0.9211282377528409,0.9584520682964482,10.487669309736019,2.860985500526469,0.11787447577741236,4.646891259191186,5.978599406698524,1.2865804412516266,0.5647860608143437,0.17008296255925043,0.179352453810008,0.6080064691012615
3,235,80,14.354159385319457,206.04189165915466,5.328079505683945,1.0270484329969312,1.0435965568560501,4.456445993557819,0.12533168564280517,5.154492429984053,1.1135114920160536,7.528442194041008,1.460559365699621,4.597663270771532,51.82384127455298,10.054111433570057,0.14039762914108528,10.955775309112319,22.133101346801627,2.020222277504424,0.34014402573225083,0.2577652640545365,0.2553230188902655,0.4894671547345541
3,235,160,70.5503956203101,4977.35832218227,8.512654571883283,1.0270484329969312,1.0435965568560501,4.456445993557819,0.12533168564280517,7.30728253165652,1.4284376833875883,13.429959799488826,1.8378870313701046,17.046226288755147,523.4996690913836,71.64081405412814,0.1441654270691677,22.745677000425246,127.48989441679308,5.605016479149404,0.10534136733679669,0.19268617800812168,0.18471014115722342,0.3047156306018401
3,294,1,1.061618770248901,1.127034413344789,0.11958976994618209,1.018656559874597,1.0616187702489004,4.4579825650868345,0.13669779091391077,0.13669779091391085,0.029646979102221187,0.13669779091391085,0.9999999999999927,0.0,0.13669779091391085,0.9999999999999927,0.13669779091391085,0.13669779091391085,0.13669779091391085,0.9999999999999927,0.9999999999999927,nan,nan,nan
3,294,2,1.1259103741313177,1.2676741705765238,0.2371838597265911,1.018656559874597,1.0616187702489004,4.4579825650868345,0.13669779091391077,0.2746648869022458,0.05961040872313547,0.2747524045940002,1.000318634437552,0.00019747487778362533,0.2831818389762356,1.0310085215844136,0.13733450574177333,0.27466607311649194,0.27521854485824576,1.0020114305909142,0.9983062904991135,0.2906608290427833,0.2906608290427812,0.9451614966610706
3,294,5,1.3392274228887138,1.7935300902171458,0.5841857952217203,1.018656559874597,1.0616187702489004,4.4579825650868345,0.13669779091391077,0.7059129843745479,0.1536485860475185,0.7086792771348357,1.003918744691653,0.00614481090654548,0.7991091188331607,1.1320221281114204,0.14128667394650507,0.7061444986233485,0.7192094276090351,1.018501778334542,0.9853587146247413,0.3511447007053786,0.3514571553357844,0.8797783959543921
3,294,10,1.7709284617715753,3.136187616712638,1.1430079274564688,1.018656559874597,1.0616187702489004,4.4579825650868345,0.13669779091391077,1.5341541961527012,0.33495346515743973,1.5571852178001857,1.015012194801044,0.0620911019753097,2.014356911740904,1.3130081166498369,0.15521894698999247,1.5445604659350092,1.646461807439771,1.0659743297541118,0.9457767017514908,0.4430475161973327,0.44414196831167024,0.8048673613086089
3,294,20,2.688529653690316,7.228191698772171,1.9779888940678525,1.018656559874597,1.0616187702489004,4.4579825650868345,0.13669779091391077,3.540839100307051,0.7654483088964692,3.698435464488517,1.0445081969886174,0.6030522583658088,5.744519271131585,1.6223610021233204,0.17734770989633447,3.5133753609318275,4.2706064892128435,1.2155281034589427,0.8660211316192259,0.3532950868943944,0.32783308648236237,0.7482227857940363
3,294,40,4.509751184035832,20.33785574191259,3.0124839643116625,1.018656559874597,1.0616187702489004,4.4579825650868345,0.13669779091391077,6.763581495177342,1.6276855134720694,8.12213546321325,1.2008631032249113,4.303074833604386,21.539621199585184,3.1846472486424013,0.16091932081782415,6.351981567387286,10.475546935506568,1.649177791902094,0.7753423771777969,0.25944520312892283,0.26006237384760705,0.5311880761015813
3,294,80,22.541203456370255,508.10585326147833,6.2306897984339,1.018656559874597,1.0616187702489004,4.4579825650868345,0.13669779091391077,12.93104136407261,2.7202747756333108,17.814179759150946,1.3776291682621604,14.685320847097538,96.81273030283377,7.486847159256379,0.15321962871573444,12.149180952145233,24.83556137586463,2.0442169290004117,0.7172851657970932,0.14196863467156887,0.14547887769430978,0.32905180403870854
3,294,160,371.43936546018335,137967.20221346366,11.834771270772682,1.018656559874597,1.0616187702489004,4.4579825650868345,0.13669779091391077,38.071363927248676,9.003603762030119,27.80852894048469,0.7304316439417448,40.396596935219776,394.8083084314479,10.370217079322268,0.1644798836226627,26.05309032697835,91.39429687323631,3.5080021496949336,0.304269849343609,0.1157675625183708,0.11677844878070502,0.29599264732382596
3,353,1,1.0626586093258596,1.12924331997437,0.12154778008178821,1.0250621419370718,1.062658609325859,4.4440979174217485,0.1449793461854174,0.14497934618541744,0.035528962307526654,0.14497934618541744,0.9999999999999931,0.0,0.14497934618541744,0.9999999999999931,0.14497934618541744,0.14497934618541744,0.14497934618541744,0.9999999999999931,0.9999999999999931,nan,nan,nan
3,353,2,1.128722039073036,1.274013441489192,0.24217210771377412,1.0250621419370718,1.062658609325859,4.4440979174217485,0.1449793461854174,0.288614075232402,0.07030284121175932,0.2886143112774032,1.0000008178568562,0.00013426849582290893,0.30113314931777047,1.0433765195799498,0.1460364776036749,0.2920653576257518,0.289108419210576,0.9898757646602999,0.9982909251327825,0.2307364447345218,0.23073644473452018,0.9219412299840218
3,353,5,1.3459738168197029,1.811645515564199,0.5942355568953459,1.0250621419370718,1.062658609325859,4.4440979174217485,0.1449793461854174,0.7056529146002234,0.1687419225100615,0.7057724751082161,1.0001694324582495,0.003926034816065776,0.8418958561230907,1.1930735900099732,0.14913337488779796,0.7455306268861118,0.7147691293207977,0.9587387875749681,0.987413202608328,0.20405018465691463,0.20377772430206442,0.8191139803598274
3,353,10,1.7587317959710507,3.0931375301595576,1.1291859576867704,1.0250621419370718,1.062658609325859,4.4440979174217485,0.1449793461854174,1.3181459183616417,0.3048978334071284,1.318615214710142,1.0003560276157304,0.03431350266312709,1.9728102065435882,1.4966553998783718,0.15145083954304325,1.514178630273571,1.3822591227036198,0.9128771830929102,0.953956601227565,0.15716192496303513,0.1564105367646793,0.6920404440299541
3,353,20,2.69243181288717,7.249189067046893,1.980889609789472,1.0250621419370718,1.062658609325859,4.4440979174217485,0.1449793461854174,2.1289870748907873,0.4518697823114993,2.151504583441302,1.010576629992772,0.17079151394715794,4.699835947644677,2.2075455520958327,0.1446046733421734,2.886896725538013,2.6060646724936363,0.9027218221697764,0.8255760519490926,0.1003379818681602,0.10377011775309325,0.5930590690289169
3,353,40,5.15826833505534,26.607732216434595,3.2812018583753724,1.0250621419370718,1.062658609325859,4.4440979174217485,0.1449793461854174,4.380461942592682,0.8546808039846121,4.428999760415155,1.011080524944304,1.4045134864410598,14.202649450451162,3.2422720791965105,0.1514980869427516,6.040389791457528,6.508683863591107,1.0775271279340037,0.680475477567825,0.20393033386174153,0.2150880235485935,0.5201049696980352
3,353,80,23.913329349454212,571.8473205754682,6.3488720336789015,1.0250621419370718,1.062658609325859,4.4440979174217485,0.1449793461854174,8.452630912633508,1.6824728694358568,9.58829812533306,1.1343566546839463,9.508155577002096,61.98966728698,7.333771925889811,0.1726503434205134,13.683726902648392,23.101583456997833,1.6882523029984382,0.4150493901502935,0.17123468626971786,0.1706781504240416,0.4153784401842319
3,353,160,281.66618021943356,79335.83707940642,11.281445223311952,1.0250621419370718,1.062658609325859,4.4440979174217485,0.1449793461854174,24.977625283289782,6.088324593759023,49.851626658404626,1.995851330660955,60.03253844077274,486.83412695550703,19.49080913153112,0.1532172738932489,24.069124110806875,128.49581134927027,5.338616011023705,0.3879630482498816,0.17208061842064462,0.1716641717381086,0.34859907074101415
3,412,1,1.0552897142012176,1.1136363808988876,0.10763067969340727,1.0356053659107556,1.0552897142012185,4.451333396941676,0.19734145250904017,0.19734145250903964,0.03707480005085544,0.19734145250903987,0.9999999999999961,5.33167196845001e-16,0.19734145250903987,0.9999999999999961,0.19734145250903987,0.19734145250903987,0.19734145250903987,0.9999999999999949,0.9999999999999949,nan,nan,nan
3,412,2,1.1141480688469128,1.241325919315305,0.21618009810425473,1.0356053659107556,1.0552897142012185,4.451333396941676,0.19734145250904017,0.3954293684940984,0.07407656717820467,0.3953881523123936,0.9998957685367105,0.0005752659634807643,0.40602236609210385,1.0267885959971699,0.19733775624573952,0.3946755124222444,0.39661815390411514,1.0049221231637786,0.9968987763681137,0.10619412225727731,0.10619412225727677,0.9549365637194503
3,412,5,1.3141050306409385,1.726872031555822,0.5463116977253061,1.0356053659107556,1.0552897142012185,4.451333396941676,0.19734145250904017,0.9929689483894495,0.18503069396434746,0.9917151700726512,0.9987373438828748,0.01624556353060297,1.1182253124624033,1.1261432840131735,0.19801626403937556,0.9900741608690634,1.0148353808529242,1.0250094598591735,0.9772177722451472,0.2362904440930606,0.2364044664342836,0.889949017933499
3,412,10,1.740161630397954,3.028162499909265,1.1079559998912794,1.0356053659107556,1.0552897142012185,4.451333396941676,0.19734145250904017,1.9889974270769697,0.3721211939584523,1.9734959703221622,0.9922063967787079,0.11936097868306805,2.6475495864781076,1.3310975421265097,0.1999292871101674,1.999185102680084,2.1312228185050355,1.0660457681722129,0.9259923238371138,0.16902204778841146,0.16893361373714208,0.799350074512039
3,412,20,3.0553484220533913,9.335153980144149,2.2337872717847107,1.0356053659107556,1.0552897142012185,4.451333396941676,0.19734145250904017,3.8467437344966777,0.7597444853792154,3.688243046757854,0.9587961406637442,0.9061296412663578,7.175434720812063,1.8653269404105293,0.1959691073568188,3.9166552586715215,4.381484312235979,1.1186801040340018,0.8417793569311338,0.1764798055656563,0.1762824286706468,0.642702216088937
3,412,40,8.376729790835329,70.16960198866809,4.250915197147044,1.0356053659107556,1.0552897142012185,4.451333396941676,0.19734145250904017,7.4473663507143595,1.7350277199758108,7.958918314230661,1.0686889753271278,4.6992685820892675,24.543776266154197,3.2956316515569197,0.17766327594716777,7.056899996771035,9.826795430140566,1.3925088118914717,0.8099200162261658,0.12297877809681854,0.13047604099420154,0.504247137702377
3,412,80,41.13791896808869,1692.3283770250314,7.433860597591737,1.0356053659107556,1.0552897142012185,4.451333396941676,0.19734145250904017,19.083939389894525,4.706607127624224,15.735769964063762,0.8245556455915118,21.92449140966648,84.60742444419597,4.433436027835948,0.15282342985013106,11.964838776631307,30.806328813970676,2.5747383135775257,0.5107966632144622,0.20767610765777492,0.19847489430221832,0.4438357189147031
3,412,160,127.01440527313297,16132.659146887667,9.6886010147474,1.0356053659107556,1.0552897142012185,4.451333396941676,0.19734145250904017,53.94493334390306,12.4234347695702,104.17638059055595,1.9311615407219727,120.97810130970939,547.6378526820038,10.151794037648925,0.1380929688790151,21.587861578685935,153.60149841003636,7.115178956015252,0.6782250281990025,0.19440810867411226,0.2000202843422163,0.3539955710583368
3,471,1,1.070001003955461,1.1449021484656945,0.13531917349901282,1.0260044311818712,1.070001003955461,4.458205083425592,0.11485377020501303,0.11485377020501293,0.02941402067975326,0.11485377020501293,0.9999999999999913,0.0,0.11485377020501293,0.9999999999999913,0.11485377020501293,0.11485377020501293,0.11485377020501293,0.9999999999999913,0.9999999999999913,nan,nan,nan
3,471,2,1.1447678348362136,1.3104933956755924,0.27040370422310267,1.0260044311818712,1.070001003955461,4.458205083425592,0.11485377020501303,0.23195985089633003,0.05938896890873577,0.23198922496473956,1.0001266342787125,0.00012218361836258994,0.23985005473881787,1.0340153859040597,0.11590093742443615,0.2317924980132981,0.23224012684544187,1.0019311618623528,0.9989196445760199,0.19763083426991812,0.1976308342699164,0.9380860325616938
3,471,5,1.3983045640190566,1.9552556537565238,0.6705209540727072,1.0260044311818712,1.070001003955461,4.458205083425592,0.11485377020501303,0.5970781967395729,0.15233061072362464,0.5980686074994507,1.0016587622279378,0.003882310504077804,0.6813912658705022,1.14120942548452,0.11885423009693794,0.5941147680302844,0.602641983119,1.014352807820256,0.9924111234403541,0.18963481618212483,0.18911048099552888,0.8622571619742049
3,471,10,1.917728076090886,3.677680973827251,1.3022823833845327,1.0260044311818712,1.070001003955461,4.458205083425592,0.11485377020501303,1.2481585059696148,0.31475457379592414,1.2592647020004244,1.0088980654121176,0.04066250604778257,1.6614541714811941,1.331124343210332,0.12267683986034356,1.225988153024612,1.2936473644621316,1.0551874920410917,0.9734219205277755,0.18567272516209707,0.18417549543547415,0.773500990303619
3,471,20,3.3628558071950905,11.308799179985744,2.4255811111920185,1.0260044311818712,1.070001003955461,4.458205083425592,0.11485377020501303,2.6281603605591126,0.6489542612584748,2.7429286565102715,1.0436686808284188,0.4016976624422204,4.6976167893821765,1.787416346384133,0.12663149772313198,2.5306365990626736,2.987116597260505,1.1803814891347524,0.9182529597357599,0.19550894055871895,0.19447229532054675,0.6609017843066396
3,471,40,9.679228364730372,93.687461736601,4.539964367447533,1.0260044311818712,1.070001003955461,4.458205083425592,0.11485377020501303,5.091767658097692,1.2395679132392645,5.696929504867806,1.1188510331589254,2.156850314480694,14.146202486785187,2.778249801773216,0.12423323056659365,4.963792764429554,6.790527307530595,1.3680118469472344,0.8389524475588214,0.20067628475586036,0.19979381115035671,0.5469403544978009
3,471,80,46.146602036673414,2129.508879531111,7.663646659127343,1.0260044311818712,1.070001003955461,4.458205083425592,0.11485377020501303,7.756551145077911,1.8976195130595594,15.041434222721195,1.9391910065939633,10.48827214124867,56.13061842081057,7.236543325886463,0.12110002443495942,9.594339416955576,20.26061164993395,2.1117255466414315,0.7423978349029868,0.17273922623777646,0.16661319644312705,0.4157386460240037
3,471,160,226.66674290153054,51377.81233758855,10.846961691664536,1.0260044311818712,1.070001003955461,4.458205083425592,0.11485377020501303,16.873499285305144,3.7836566375178706,56.96313518607921,3.375893418603898,57.310671297647886,238.75603431761743,14.149764093423478,0.11807921118207354,18.550344991644664,81.74559106371568,4.406688452453852,0.6968343423155376,0.23389759287468137,0.24488650060263129,0.4234457341652756
3,530,1,1.0554360635515931,1.1139452842452826,0.10790802382243166,1.0371038586915697,1.0554360635515931,4.445826061127138,0.11580032943278587,0.1158003294327859,0.02969703525935638,0.1158003294327859,0.9999999999999913,0.0,0.1158003294327859,0.9999999999999913,0.11580032943278591,0.1158003294327859,0.1158003294327859,0.9999999999999913,0.9999999999999913,nan,nan,nan
3,530,2,1.1151899407171644,1.2436486038767527,0.2180494816461572,1.0371038586915697,1.0554360635515931,4.445826061127138,0.11580032943278587,0.2353534766884988,0.06050532199372987,0.23538997561930503,1.0001550813326354,0.00015830436014730085,0.24184701663643518,1.0275905843385091,0.1176498470547371,0.23527106529418554,0.2355093713074729,1.0010128997927916,0.9994930321137285,0.05651348218779617,0.05651348218779568,0.9482118161393319
3,530,5,1.323618484709186,1.7519658930638418,0.5607385248953928,1.0371038586915697,1.0554360635515931,4.445826061127138,0.11580032943278587,0.6136418463404721,0.158455633675978,0.6145569678885411,1.001491295865048,0.004856605045202934,0.6887892658512507,1.122461367259955,0.12275468633340429,0.6133257220637434,0.6173161725969653,1.0065062500881157,0.995530321687803,0.08242749335548588,0.08309130308637519,0.87390924147172
3,530,10,1.7827768440469929,3.178293275670156,1.156344346949891,1.0371038586915697,1.0554360635515931,4.445826061127138,0.11580032943278587,1.2863011180945656,0.33035185469133255,1.2928273259801064,1.0050736237368798,0.04142062145038902,1.7111298350092523,1.3302715911061291,0.12967472020644438,1.294378350243315,1.3216140178527707,1.0210415042899434,0.9782185331845714,0.0885179950366655,0.08951895773357252,0.7615637234090712
3,530,20,3.081244607850493,9.494068333407737,2.2506672176393248,1.0371038586915697,1.0554360635515931,4.445826061127138,0.11580032943278587,2.613382248263906,0.642286987347496,2.6616078198782422,1.0184533172085224,0.2305171127493562,4.8667663274922255,1.8622481769458952,0.13575621569305263,2.7098385870447816,2.8825937522813385,1.0637510905861574,0.9233378160803253,0.06472340789785412,0.06514895297914453,0.6187198669328389
3,530,40,4.142030780794823,17.15641898905177,2.8423723886606678,1.0371038586915697,1.0554360635515931,4.445826061127138,0.11580032943278587,4.765063045903639,1.0994672562250474,5.470633475472868,1.1480715832659931,2.230720328412643,16.22495802900365,3.4049828664809976,0.13112441071879294,5.229706524395538,7.249169290876667,1.3861522165843794,0.7546566035308143,0.26170431492668855,0.2532712310809169,0.552239791078906
3,530,80,8.82127451933055,77.81488414539044,4.354332725809119,1.0371038586915697,1.0554360635515931,4.445826061127138,0.11580032943278587,4.173303725738055,1.104586104811615,15.086899080277497,3.615097311808848,14.82261088338898,50.310702183255174,12.055365602310108,0.12471239502753806,9.760298072104693,22.520120879478426,2.307318968448494,0.6699297557512451,0.3879127926988437,0.3996978127359773,0.5416436297150906
3,530,160,58.61013828378479,3435.148309644376,8.141815379748955,1.0371038586915697,1.0554360635515931,4.445826061127138,0.11580032943278587,4.907929003139261,1.1361603941667067,37.67388592846824,7.6761269171519935,36.46377267010914,178.39549787409172,36.34842675189158,0.12781183245616076,19.792217613859613,68.07308432354615,3.4393864119540396,0.5534329214378938,0.23003728485991953,0.23307444391794943,0.43157526322364576
3,589,1,1.0560378790381655,1.115216001963427,0.10904810988407779,1.0269480782847837,1.0560378790381657,4.455921105016448,0.10776274364378192,0.10776274364378181,0.026200791082604678,0.10776274364378181,0.9999999999999907,0.0,0.10776274364378181,0.9999999999999907,0.10776274364378181,0.10776274364378181,0.10776274364378181,0.9999999999999907,0.9999999999999907,nan,nan,nan
3,589,2,1.1141041547534827,1.241228067638972,0.21610126664528312,1.0269480782847837,1.0560378790381657,4.455921105016448,0.10776274364378192,0.21022633383660114,0.05143116183562198,0.21022021473956246,0.9999708928138163,0.00014013731352229518,0.21645980073063098,1.029651218190742,0.10526151681191048,0.2104621347103932,0.21058673925278665,1.0005920520694322,0.9982595081032846,0.3409121535674343,0.34091215356743115,0.9483734148357071
3,589,5,1.298788105060584,1.6868505418468627,0.5228632055946081,1.0269480782847837,1.0560378790381657,4.455921105016448,0.10776274364378192,0.4867973606136166,0.12144148013649479,0.48650180928476655,0.999392865794345,0.003827186809193863,0.5514660224569088,1.1328451365508125,0.09868141304082967,0.49241455153575003,0.49368573598075305,1.0025815330620051,0.9854483810804946,0.3120847402543784,0.3137294141251589,0.8796565152159742
3,589,10,1.6325540567575156,2.6652327482354217,0.9802913889770798,1.0269480782847837,1.0560378790381657,4.455921105016448,0.10776274364378192,0.858501215301606,0.22126819751242013,0.8554628096254421,0.9964608021258334,0.031188185055673823,1.163530319163865,1.355304219057041,0.09123753895637948,0.9078754822278692,0.9096761733901338,1.001983412039991,0.9404036674252408,0.2893482046154381,0.2942396308002834,0.7824295276416916
3,589,20,2.373332694935899,5.632708080851697,1.728590335536111,1.0269480782847837,1.0560378790381657,4.455921105016448,0.10776274364378192,1.3822868718802188,0.3666841541965936,1.3791991731464324,0.9977662388346439,0.2062226445470023,2.7117763900640885,1.9618043441123512,0.08468002667831974,1.6835102982580001,1.7309530298864966,1.0281808383813194,0.7967860186459649,0.26997686965569523,0.2810310119717847,0.6584176487474701
3,589,40,4.096810356932349,16.783855100668163,2.8204174184343684,1.0269480782847837,1.0560378790381657,4.455921105016448,0.10776274364378192,2.3635115250848333,0.5386310228224205,2.075393139999769,0.8780973217066401,0.8366880948577741,7.883985611499802,3.3357085539139986,0.09144222976632119,3.6297983780939616,4.1234579440373365,1.1360019247687798,0.5033137643615013,0.13963320830138803,0.13621516891860733,0.5406194050494927
3,589,80,16.780099192316303,281.57172890397425,5.640387224726884,1.0269480782847837,1.0560378790381657,4.455921105016448,0.10776274364378192,5.142160863666975,1.2980465011351443,5.581089237795674,1.0853587403750902,4.503702742128348,39.31818693855803,7.646238221827907,0.12724963650720914,9.65150004835461,15.798317794178644,1.6368769326040613,0.35327110838675435,0.1909487716439542,0.19559518286841862,0.4468386080011706
3,589,160,143.66923602882989,20640.84938110763,9.935027370934218,1.0269480782847837,1.0560378790381657,4.455921105016448,0.10776274364378192,14.991131305315593,3.315151099119817,14.361465961659512,0.9579974765858522,21.594152460903782,224.53950019910354,14.978155792650934,0.13845056473788564,21.24589114325406,61.19027231785704,2.8800991168255146,0.23470178212409154,0.14147156533826724,0.13744665171902112,0.3499438797413037
3,648,1,1.0618068387374233,1.1274337627895605,0.1199440436974605,1.0251654992894026,1.061806838737424,4.454855845197519,0.19545019251716628,0.1954501925171662,0.041440155249843166,0.1954501925171662,0.9999999999999949,0.0,0.1954501925171662,0.9999999999999949,0.1954501925171662,0.1954501925171662,0.1954501925171662,0.9999999999999949,0.9999999999999949,nan,nan,nan
3,648,2,1.1278127084554863,1.2719615053536997,0.24056020137327985,1.0251654992894026,1.061806838737424,4.454855845197519,0.19545019251716628,0.3886860519309819,0.08285977712248999,0.3885734059989301,0.9997101878714372,0.0003753467334552408,0.39942123631081494,1.027619165458858,0.1937045751981404,0.3873932756183468,0.38894118695697,1.003995710395725,0.999054404700828,0.38575354163277986,0.3857535416327779,0.949488419904837
3,648,5,1.3475676566208714,1.8159385891706668,0.5966024630713331,1.0251654992894026,1.061806838737424,4.454855845197519,0.19545019251716628,0.949785798664352,0.20714932355771842,0.9469556664680161,0.9970202416162499,0.011601720489258009,1.0582248932734837,1.1141721583557307,0.18745531363646087,0.9367831411744598,0.954474000672967,1.0188846902991089,0.9921230602408752,0.17907943056708275,0.18050846594901798,0.886338241373033
3,648,10,1.7637810798021962,3.110923697468201,1.1349196909249701,1.0251654992894026,1.061806838737424,4.454855845197519,0.19545019251716628,1.8085501865789972,0.4163211996027314,1.800204792306477,0.9953855887802001,0.10772805254688525,2.3021572005480255,1.2729296746266798,0.1757997543641607,1.7525740255738564,1.8614231952011828,1.0621081723447796,0.9671120446696215,0.21112559863387206,0.20552043978953205,0.8135170719150795
3,648,20,2.796903713672151,7.82267038355307,2.057025977538531,1.0251654992894026,1.061806838737424,4.454855845197519,0.19545019251716628,3.1701519520911265,0.7980208257472553,3.4095134324192404,1.0755047341406532,0.7380483259818125,5.574179321411027,1.7583319051107726,0.1526792524123541,2.9963288889407873,3.7661924465868974,1.2569355989216053,0.9052945330791853,0.28623610872417427,0.288851901930423,0.7252118000975837
3,648,40,4.62498450777763,21.390481697183088,3.0629460425781536,1.0251654992894026,1.061806838737424,4.454855845197519,0.19545019251716628,4.094310217795284,0.9565348296122891,5.266805640000737,1.2863719063370875,2.4113965680263654,12.73971894832816,3.1115666060077585,0.12917269261085423,4.983627869128865,7.51103576681545,1.507142179162822,0.7012089681785354,0.2725862989346862,0.24547114430181152,0.6355908952670455
3,648,80,10.104787003887832,102.10672039394044,4.626018544688508,1.0251654992894026,1.061806838737424,4.454855845197519,0.19545019251716628,6.154329006016402,1.3523978389514772,10.339224705709743,1.6799921966476334,9.27620327732468,59.18581406653081,9.616940207238095,0.13788565435636757,10.801931148688103,20.769531064439253,1.9227609191863544,0.49780732524154786,0.1727503952218341,0.15797910934982662,0.4185020558814733
3,648,160,91.63326085057776,8396.654494110026,9.035588630988336,1.0251654992894026,1.061806838737424,4.454855845197519,0.19545019251716628,15.425841459167208,3.4711870262859303,15.145923956033245,0.9818539880709317,19.99839592346512,244.76784314355518,15.867390041020776,0.14436601694089643,22.672630077063154,70.00817459878536,3.0877835681538057,0.21634507745465523,0.1813271973577906,0.17721733368936324,0.3642106747822166
3,707,1,1.0559600248387706,1.115051574057497,0.10890065860245074,1.0236699750139298,1.055960024838772,4.4561922714833635,0.14745415985042848,0.14745415985042845,0.031457508766469584,0.14745415985042842,0.999999999999993,1.6184142622847344e-16,0.14745415985042842,0.999999999999993,0.14745415985042842,0.14745415985042842,0.14745415985042842,0.9999999999999932,0.9999999999999932,nan,nan,nan
3,707,2,1.1161416008650675,1.2457720731816357,0.21975547681159285,1.0236699750139298,1.055960024838772,4.4561922714833635,0.14745415985042848,0.2937082141211374,0.06235514843785647,0.29369515484255226,0.9999555365564929,0.00024549993103929827,0.30203846209747787,1.0283623255184267,0.14679393451617667,0.29358488613440825,0.29408488930744653,1.001703095754079,0.9986747552184233,0.39778259679864364,0.397782596798641,0.9489853871039108
3,707,5,1.3248011247723874,1.755098020198183,0.5625247073229428,1.0236699750139298,1.055960024838772,4.4561922714833635,0.14745415985042848,0.7171449385001908,0.15024836200450606,0.7166262318368075,0.9992767059550486,0.006942499031298345,0.8148390939884329,1.1362265146743624,0.14458040948964918,0.7228244600334909,0.7252933672795248,1.0034156387650723,0.9880501658587787,0.31859416450519207,0.31885535829095313,0.8705854154691286
3,707,10,1.7776516079609312,3.1600452392860845,1.1505863437261181,1.0236699750139298,1.055960024838772,4.4561922714833635,0.14745415985042848,1.3264517316140576,0.2746833549002472,1.324055518475041,0.998193516520875,0.050989308591349175,1.8737530505846889,1.4126055294184439,0.14103688710542453,1.4097886903093848,1.406365347684998,0.9975717335172859,0.9414733665434467,0.20004492047152353,0.20165760959280238,0.7477356089516415
3,707,20,3.0583829723256715,9.353706405411609,2.235772671747994,1.0236699750139298,1.055960024838772,4.4561922714833635,0.14745415985042848,2.2408680458029435,0.48768594214450967,2.289686466569155,1.0217854955170813,0.3331435590346041,5.237890608123653,2.3374382163795904,0.14815523195753447,2.9511823969582522,3.023035278337196,1.0243471502991484,0.7574130818045179,0.13850759644135285,0.14147220293231422,0.6013083516096822
3,707,40,6.570264944479207,43.168381440652354,3.765108316176363,1.0236699750139298,1.055960024838772,4.4561922714833635,0.14745415985042848,4.9578574963069455,1.1185929894984912,5.4485123395848065,1.0989650960406474,2.0672722726202686,17.193851688271263,3.468000381430643,0.16968125768133013,6.710924552856071,8.498229511967827,1.2663276788518065,0.6411349954613267,0.10667951464140635,0.10203225085413214,0.5647424109844124
3,707,80,11.745876669454734,137.96561873404104,4.927004514508378,1.0236699750139298,1.055960024838772,4.4561922714833635,0.14745415985042848,5.538563475301731,1.2056435696573247,7.544107653348441,1.3621054786119338,6.40577213921457,51.16543806462983,9.238034066557741,0.15553262834515127,12.291428840205873,20.1877478186466,1.6424248214830384,0.37369733964975804,0.0784724669108075,0.07412353835788234,0.44108950126194496
3,707,160,73.5441207645959,5408.737699037466,8.595771017265644,1.0236699750139298,1.055960024838772,4.4561922714833635,0.14745415985042848,9.062790807522536,1.7684087275312719,35.0082725121217,3.862857838786614,35.274527904269256,329.5080340648815,36.35834050051939,0.15043567149796588,23.797219001365224,88.53311510114702,3.7203134994920184,0.39542573953402144,0.15745797522836244,0.16041090400759273,0.33346342463047757
3,766,1,1.0625445457628957,1.1290009117304785,0.1213330927229814,1.0236020677845803,1.0625445457628957,4.45622573576994,0.14070438139733007,0.1407043813973301,0.02883893838687069,0.14070438139733005,0.9999999999999925,2.9504581591051765e-16,0.14070438139733005,0.9999999999999925,0.14070438139733005,0.14070438139733005,0.14070438139733005,0.9999999999999929,0.9999999999999929,nan,nan,nan
3,766,2,1.1279182684390336,1.272199620278508,0.24074738678626692,1.0236020677845803,1.0625445457628957,4.45622573576994,0.14070438139733007,0.27904403493730545,0.05735878720191974,0.27908371055785736,1.0001421840841709,0.00018909539301763007,0.2897896244472462,1.0385085798818599,0.1405938326374485,0.2811875782821121,0.2792874347808353,0.9932424344173147,0.9992705571479118,0.0177118941796299,0.017711894179629775,0.9296601637460171
3,766,5,1.3397422071522052,1.7949091816250622,0.5849544254653107,1.0236020677845803,1.0625445457628957,4.45622573576994,0.14070438139733007,0.6777584718289346,0.1407631399492337,0.6791980632154664,1.002124047793377,0.005641935987472442,0.7862627271261478,1.1600928056338606,0.13994414417718998,0.6997126427283631,0.6832819457860491,0.9765179361655559,0.9940231370142737,0.04887666801084903,0.04884914305936719,0.8453290507707496
3,766,10,1.7381022860142923,3.0209995566481087,1.105587755647857,1.0236020677845803,1.0625445457628957,4.45622573576994,0.14070438139733007,1.2789333222898527,0.27059908108386993,1.2921089052234775,1.010302009263496,0.04990254689404903,1.7662744430115838,1.3810527978496758,0.13771803238188948,1.3769266514486231,1.3271060879295506,0.9638175617657929,0.9736289487145116,0.06073067291853973,0.060540493383207925,0.7488953712469529
3,766,20,2.6219898782240736,6.874830921509492,1.9278670500152335,1.0236020677845803,1.0625445457628957,4.45622573576994,0.14070438139733007,2.220207234176042,0.48249957354087025,2.304853334323606,1.0381253149906868,0.37332170395149467,4.3029207147379385,1.9380716576823633,0.13167686389454003,2.6299178906012983,2.642550409487714,1.004803389083576,0.8722078966018383,0.07297962246846934,0.07262432317011464,0.646775978103452
3,766,40,4.814411901763394,23.178561959841023,3.143227798016551,1.0236020677845803,1.0625445457628957,4.45622573576994,0.14070438139733007,4.009318292505007,0.8961441422133993,4.220681498907668,1.05271799118513,2.135051204315478,14.015430705125791,3.495714154529996,0.13001034001305292,5.19293090756792,7.004500385659976,1.3488529907940743,0.6025671020803274,0.22984564279115205,0.23373536222692232,0.5522297375445544
3,766,80,23.179072601552583,537.2694066680457,6.286499657100187,1.0236020677845803,1.0625445457628957,4.45622573576994,0.14070438139733007,8.06729791595886,1.6336635002834219,6.372403531051795,0.7899055665771064,8.886748846027315,61.5008167485743,7.623471624484372,0.1351797798128245,10.756046545059679,22.458574553052355,2.087995292598257,0.28374033783839225,0.22137743648769337,0.22868811753799445,0.42840087701574836
3,766,160,156.68296496732398,24549.551510951675,10.10844886466279,1.0236020677845803,1.0625445457628957,4.45622573576994,0.14070438139733007,24.867942053496304,5.749219931480922,15.544740429904698,0.6250915494520861,29.401978022008638,295.81132846871634,11.895287830105218,0.14667597265322035,23.270123791789935,87.64545913235581,3.7664371670974304,0.17735933594038408,0.20771910321551204,0.20682802438616257,0.36941018811835075
3,825,1,1.0589302398861005,1.1213332529452342,0.1145183817528458,1.0265562998643398,1.0589302398860982,4.450375146588418,0.11226382789780175,0.11226382789780193,0.026730998059722393,0.11226382789780183,0.9999999999999902,4.569144405373685e-16,0.11226382789780183,0.9999999999999902,0.11226382789780183,0.11226382789780183,0.11226382789780183,0.9999999999999911,0.9999999999999911,nan,nan,nan
3,825,2,1.1198064294978414,1.2539664395447039,0.22631167912907926,1.0265562998643398,1.0589302398860982,4.450375146588418,0.11226382789780175,0.2238128209626304,0.05323246453421992,0.22381184671495202,0.9999956470425815,0.00015549347686561192,0.23073548624321918,1.0309306019682565,0.11212291371526019,0.2242456501089629,0.2247070410224033,1.0020575244746786,0.996016171529921,0.03042220672603256,0.03042220672603229,0.9492357118413756
3,825,5,1.3119888318915152,1.7213146950080624,0.5430883564157182,1.0265562998643398,1.0589302398860982,4.450375146588418,0.11226382789780175,0.5571588732715541,0.13142920418657575,0.5569056013707059,0.9995454224764257,0.00456032676296295,0.6426347154738759,1.153413768141965,0.11529388519060838,0.5761757067170101,0.57550156447787,0.9988299710812484,0.9676873804434633,0.07754806217335783,0.07804932874970735,0.8731229298259966
3,825,10,1.651503057067286,2.727462347502591,1.0033716338644827,1.0265562998643398,1.0589302398860982,4.450375146588418,0.11226382789780175,1.1380615823177027,0.25999953380295754,1.1360315142044533,0.9982162053927554,0.042522932167300014,1.614144690723564,1.4183280727535847,0.12953523432965128,1.2863460217772298,1.2591218326818125,0.9788360296261459,0.9022411372097414,0.15710170592040693,0.163712893479104,0.7592667895707355
3,825,20,2.350912511537034,5.526789636901366,1.7096071111355389,1.0265562998643398,1.0589302398860982,4.450375146588418,0.11226382789780175,2.4091671521196036,0.49277774644455,2.415191823700687,1.002500727928231,0.3604214554164621,4.682121195841719,1.9434604990867286,0.14717195715994894,2.9153348308613536,2.993760737874796,1.0269011662685312,0.8067417656813741,0.26043959691616814,0.27544214046173116,0.6434654068865591
3,825,40,4.80807902491938,23.117623909869693,3.1405952664583068,1.0265562998643398,1.0589302398860982,4.450375146588418,0.11226382789780175,4.580581815960736,0.8937028869772398,4.1793353578760835,0.9124027308743757,2.244842011227548,16.402497570247323,3.580876453967899,0.15792788977687988,6.271200491883718,7.618170440686912,1.2147866186938947,0.548600925959231,0.14176665866393454,0.14512723325221066,0.4943443855859294
3,825,80,14.858628434901389,220.7788389664601,5.397161471795964,1.0265562998643398,1.0589302398860982,4.450375146588418,0.11226382789780175,6.766964387050949,1.5924299279237906,6.278213751390356,0.9277740198255141,7.988514572063122,53.881241618615945,7.962394736659379,0.15411009929212924,12.23345616418168,24.449604207191605,1.9985851814123932,0.25678181528777805,0.17308839329966086,0.17892672000614576,0.5081749466586836
3,825,160,163.00219582908184,26569.715845102346,10.18752734412017,1.0265562998643398,1.0589302398860982,4.450375146588418,0.11226382789780175,20.00942838002517,5.092626185657641,10.301079724747371,0.5148112944111206,26.69326952905281,318.27071941685074,15.906037562500842,0.14201476817607456,22.321014790029416,74.76002758390439,3.349311323305022,0.13778860251471017,0.23526552389299799,0.23575822927003037,0.35242751646599035
3,884,1,1.0503061286933306,1.1031429639707713,0.09816334562632761,1.02940744383267,1.0503061286933304,4.444186146499213,0.160690623115613,0.16069062311561283,0.0362074346206644,0.16069062311561283,0.9999999999999938,0.0,0.16069062311561283,0.9999999999999938,0.16069062311561283,0.16069062311561283,0.16069062311561283,0.9999999999999938,0.9999999999999938,nan,nan,nan
3,884,2,1.103298178129748,1.2172668698644211,0.19660807498190347,1.02940744383267,1.0503061286933304,4.444186146499213,0.160690623115613,0.3164225723468933,0.07227696459106805,0.316444028367032,1.000067808121205,0.00019718736665997116,0.32621461390640116,1.0309460904981578,0.15908391985081594,0.3181514460301325,0.31671339339275006,0.9954799745362551,0.9991494991012742,0.12891649138906902,0.12891649138906822,0.9436977358682975
3,884,5,1.279446658713405,1.6369837524928963,0.4928553731674133,1.02940744383267,1.0503061286933304,4.444186146499213,0.160690623115613,0.7494582589603453,0.17744587347120627,0.7497668920334224,1.000411808221987,0.005520799923546661,0.8505117938800676,1.1348354410823405,0.15391090829113546,0.7691520535297471,0.7551958388239535,0.9818550641037131,0.9928112066944299,0.09151160614909631,0.09206468404772183,0.8688246797610882
3,884,10,1.6322402054767773,2.664208088374872,0.9799068608794467,1.02940744383267,1.0503061286933304,4.444186146499213,0.160690623115613,1.3488041987523687,0.32991930792370483,1.3526196137655575,1.0028287389798438,0.048817142427428975,1.813304232637022,1.3443791428839782,0.14530047371416274,1.449475444771074,1.4002831158719884,0.9660619784374092,0.9659615248043959,0.045225863274536274,0.046304667609610765,0.7729566800038064
3,884,20,2.3352444235756407,5.453366517841126,1.6962331276666673,1.02940744383267,1.0503061286933304,4.444186146499213,0.160690623115613,2.2780334562242084,0.5395945565402922,2.393496127977335,1.0506852396911248,0.30966223554358563,4.2170225717169245,1.8511679713021192,0.13509712610401978,2.689857980825184,2.8131131037970176,1.0458221675086432,0.8508353698067445,0.04400844962795015,0.04458138346267888,0.6997516819537422
3,884,40,3.3592628098202884,11.284646625441699,2.4234430961276168,1.02940744383267,1.0503061286933304,4.444186146499213,0.160690623115613,3.874300401519493,0.884863324721403,4.3909101243517705,1.1333427120492936,1.4902895542254482,12.613927607587673,3.2557949307804095,0.1477093013866181,5.865039252907642,7.234098656385163,1.2334271510286647,0.6069740451322353,0.29957964333429105,0.30997058040475517,0.5934497080378544
3,884,80,14.171637416410373,200.83530706220247,5.3024852043440225,1.02940744383267,1.0503061286933304,4.444186146499213,0.160690623115613,4.256625310087813,1.021410088032036,6.393132993010486,1.5019252406030064,6.682762352361901,39.19335749410586,9.207612753986398,0.1340286292292506,10.53035737724951,19.174456681505617,1.8208742585442916,0.33341925141361994,0.28749312951609185,0.30324127645285376,0.5124026909767185
3,884,160,137.69442236900292,18959.753951533374,9.850073798485006,1.02940744383267,1.0503061286933304,4.444186146499213,0.160690623115613,7.127873361239645,1.5544435392643534,17.93674908425518,2.516423647730984,20.20183920611075,278.16434687815365,39.024872185688864,0.13361698095254645,21.082178929269148,97.44320217509221,4.622065039008293,0.18407388800734684,0.2293225315062882,0.23700254205699497,0.3682265122183809
3,943,1,1.0419367053241322,1.0856320979017076,0.08216239607057657,1.013325687477167,1.0419367053241329,4.452593110648721,0.11724449278698207,0.11724449278698205,0.02993462625115393,0.11724449278698205,0.9999999999999915,0.0,0.11724449278698205,0.9999999999999915,0.11724449278698205,0.11724449278698205,0.11724449278698205,0.9999999999999915,0.9999999999999915,nan,nan,nan
3,943,2,1.0860103429699737,1.17941846503776,0.1650214907596223,1.013325687477167,1.0419367053241329,4.452593110648721,0.11724449278698207,0.23057386922930434,0.058857856512604924,0.23062408676202267,1.0002177936853174,0.00012380609254912663,0.23627054336714892,1.0247065036332381,0.11561779668273921,0.23121237743290218,0.23081122069948642,0.9982649859065907,0.9991892337950572,0.27647655709892227,0.2764765570989199,0.9553621914294911
3,943,5,1.2319705946740476,1.5177515461415263,0.4172299937342135,1.013325687477167,1.0419367053241329,4.452593110648721,0.11724449278698207,0.5456672822164762,0.13863393651800696,0.5467917661687476,1.0020607501840733,0.0034117337174326178,0.606928431794418,1.1122683209612654,0.1106318819289387,0.552641135852558,0.5510269192369419,0.9970790871129656,0.9923140722887729,0.2548728657355263,0.2554490973256797,0.8925325706917777
3,943,10,1.523335010777778,2.3205495550613335,0.8418040348088579,1.013325687477167,1.0419367053241329,4.452593110648721,0.11724449278698207,0.9862481320044598,0.24623382196214758,0.9915596994740934,1.0053856299416633,0.029506173074578472,1.3023047459475139,1.3204635868873043,0.10334918596541352,1.0299208864301592,1.035288789935571,1.0052119571281015,0.957761456622939,0.19977108123616813,0.2044315676190625,0.7963127070576959
3,943,20,2.2654114268274115,5.132088932800208,1.6355127756757704,1.013325687477167,1.0419367053241329,4.452593110648721,0.11724449278698207,1.6493705358924162,0.39664707615576433,1.6615328330950259,1.0073739023087545,0.18698371074354442,3.316099614915724,2.0105243441380485,0.09760139312822272,1.9446689300350024,2.0714865102835174,1.0652129410255098,0.8020968636998832,0.16821995692106634,0.17447940518725938,0.6564263303045573
3,943,40,4.82614790508094,23.291703601717142,3.1480972285683495,1.013325687477167,1.0419367053241329,4.452593110648721,0.11724449278698207,2.9224422421221186,0.7352828508646932,2.947669366637784,1.008632206362219,1.1465673389111735,11.435218521574303,3.912898040123683,0.10459842667306207,4.1575237772586675,5.2683593011140655,1.267186811998907,0.5595042399660287,0.23885619046525336,0.251868479392909,0.5159584245502468
3,943,80,13.880403655274362,192.66560563335386,5.260956072895785,1.013325687477167,1.0419367053241329,4.452593110648721,0.11724449278698207,7.044052923975687,1.5412224552455105,5.449532544658673,0.7736359455946475,5.17634365431168,37.74604796839853,5.358569615501203,0.11965354103678541,9.463090080562313,14.148434923426318,1.4951178529398073,0.3851685768887123,0.22312786671778262,0.2331902092196013,0.41034549985385355
3,943,160,81.04353005686765,6568.0537640784105,8.789972836859786,1.013325687477167,1.0419367053241329,4.452593110648721,0.11724449278698207,7.889042588817095,1.7170156527774258,16.2781887431905,2.0633921746429937,13.727544402596891,199.3174564504098,25.265100828958253,0.13652167132877865,21.414491977003074,57.83102716602173,2.7005556437260436,0.28147846477737565,0.17410986657144162,0.18206861862664736,0.3328316395519694
3,1002,1,1.0553046884147195,1.1136679853900882,0.1076590588333946,1.0302443794234653,1.0553046884147204,4.4525539245660175,0.12000345289099602,0.12000345289099631,0.03125294903604804,0.12000345289099631,0.9999999999999917,0.0,0.12000345289099631,0.9999999999999917,0.12000345289099631,0.12000345289099631,0.12000345289099631,0.9999999999999917,0.9999999999999917,nan,nan,nan
3,1002,2,1.1133911794249676,1.2396399184213203,0.21482094907617563,1.0302443794234653,1.0553046884147204,4.4525539245660175,0.12000345289099602,0.23682701632202782,0.061306678891079325,0.2368299955292542,1.0000125796763886,0.00010983872792885244,0.24618487609266726,1.0395134808349482,0.11977338333123509,0.23954632387651514,0.23734732332214728,0.9908201448522231,0.9978203765450014,0.002342543928656654,0.0023425439286566345,0.9302162598970003
3,1002,5,1.3032789563450284,1.6985360380517864,0.529766725968794,1.0302443794234653,1.0553046884147204,4.4525539245660175,0.12000345289099602,0.5698424418830667,0.14423971968553184,0.5697608842336161,0.9998568768426901,0.003273725726848599,0.6722720553134699,1.1797507624948387,0.12057971889961702,0.6028729691456534,0.5799910234084976,0.9620451622344534,0.982361556020709,0.074746135350863,0.07485541367344621,0.8359122365180841
3,1002,10,1.6640755429961098,2.769147412797798,1.0185394796074025,1.0302443794234653,1.0553046884147204,4.4525539245660175,0.12000345289099602,1.0809389421184565,0.26085150157840925,1.0817092281018936,1.0007126082273679,0.028859541445151477,1.5881447925528853,1.4692271049467327,0.1250290396913916,1.249321054643132,1.1513792833661614,0.9216040016991879,0.9394899176398397,0.18427976796770013,0.18742916744329835,0.7130017611304301
3,1002,20,2.557386408092412,6.5402252402958085,1.8779716052882531,1.0302443794234653,1.0553046884147204,4.4525539245660175,0.12000345289099602,2.039819405665,0.44902297848259715,2.0421465568635484,1.0011408613880644,0.18194571929295703,4.419984284086219,2.1668507867956386,0.13475806170535828,2.6854889444219774,2.504761292558372,0.9327021426623278,0.815305858857988,0.22895208327620087,0.23442372147616533,0.5861405680883327
3,1002,40,5.879342927431119,34.56667325833432,3.542890017261693,1.0302443794234653,1.0553046884147204,4.4525539245660175,0.12000345289099602,4.453849827947958,0.9666733378696809,3.5190282026784723,0.7901093073674217,1.599035336310017,13.865897987122194,3.113238776061448,0.14441484461367812,5.735450822475083,6.000384458289042,1.0461922949065803,0.5864671217553771,0.0981462647346284,0.09352516936041909,0.48853905002224873
3,1002,80,13.68033930218643,187.15168342294672,5.231919429356452,1.0302443794234653,1.0553046884147204,4.4525539245660175,0.12000345289099602,7.266062120020599,1.6115779680039402,8.18871584751969,1.1269812605863705,5.8798317437342185,43.940095063805494,6.047305175486295,0.1502633945978801,11.880743057366004,18.308372966688832,1.5410124500030937,0.4472661695508743,0.22519336482858474,0.21945081945137226,0.46937613390737537
3,1002,160,228.4720014273108,52199.45543620111,10.86282734155963,1.0302443794234653,1.0553046884147204,4.4525539245660175,0.12000345289099602,16.007284848661012,3.5553852514319737,23.38350622746885,1.4608040306988632,21.765609617684767,300.4341737151324,18.76859046087777,0.14666209799648308,23.19398023409815,87.1647117169298,3.7580747606564917,0.26826803837093544,0.17482149772824018,0.17255256893719106,0.3596398819953474
3,1061,1,1.0530766247593288,1.1089703776145003,0.10343199711383237,1.0291209999429245,1.0530766247593284,4.451453505341046,0.16760605404214596,0.16760605404214596,0.038087823109271404,0.16760605404214596,0.999999999999994,0.0,0.16760605404214596,0.999999999999994,0.16760605404214596,0.16760605404214596,0.16760605404214596,0.999999999999994,0.999999999999994,nan,nan,nan
3,1061,2,1.1081458588774635,1.2279872445472713,0.20537644249451442,1.0291209999429245,1.0530766247593284,4.451453505341046,0.16760605404214596,0.3380587547798543,0.07693622022020567,0.3381060031718972,1.0001397638468872,0.0002910589371968371,0.34749125277756854,1.0279019485942782,0.16931386225580505,0.3386106696300789,0.33834648279833757,0.9992197917684315,0.9992892504025683,0.10303777990257626,0.10303777990257564,0.9481843491107781
3,1061,5,1.284293910240064,1.6494108478797134,0.500418162259631,1.0291209999429245,1.0530766247593284,4.451453505341046,0.16760605404214596,0.8606059823091443,0.19649249331482918,0.861891561006053,1.001493806368227,0.009111455673896885,0.9600868357185712,1.115593959900793,0.1732532287987164,0.8660811933874331,0.8663728340373956,1.0003367359228998,0.9948275466920398,0.09793969515807394,0.09783127219641273,0.8821755001525234
3,1061,10,1.6087562657980476,2.5880967227444787,0.9509227494891517,1.0291209999429245,1.0530766247593284,4.451453505341046,0.16760605404214596,1.7379061185262819,0.39646092824659557,1.7443573023555818,1.0037120439133786,0.08917003594376079,2.214816453853371,1.2744166271372013,0.17604788155656484,1.7600738236878035,1.7790272362993464,1.0107685327492852,0.9805118588201693,0.04122645077640569,0.040755624690691675,0.7959512323981084
3,1061,20,2.4611713770821284,6.057364547368341,1.8012748123142193,1.0291209999429245,1.0530766247593284,4.451453505341046,0.16760605404214596,3.3634906352280587,0.7482138719086776,3.408586724756565,1.0134075264120508,0.8128520623770609,5.815669432594549,1.7290577151258282,0.1761487518604505,3.5225582915064577,3.704204111598472,1.0515664483196758,0.9201940881399377,0.21235387265298347,0.2129912270309162,0.6567766796704447
3,1061,40,6.542737131615171,42.80740917341591,3.7567111991340885,1.0291209999429245,1.0530766247593284,4.451453505341046,0.16760605404214596,5.714167142914936,1.2446191583449602,7.994440898806246,1.3990561876928378,5.808512361701466,22.70851065921366,3.9740718273126134,0.1619595976174005,6.404999365503742,9.589264273156052,1.4971530402957147,0.8336865760583618,0.24889903373491626,0.2584574955658534,0.4826753266544337
3,1061,80,17.96313031657316,322.67405077018975,5.776642682964975,1.0291209999429245,1.0530766247593284,4.451453505341046,0.16760605404214596,8.47172554686113,1.87353059429995,20.868779895658804,2.4633446610402667,19.82757494005816,74.73310462261223,8.821473761068862,0.1503141211173771,11.853602093177225,31.2433673175227,2.6357698758511527,0.6679427247252777,0.2745093665356303,0.27935855969659024,0.5148340074543954
3,1061,160,147.11693169233172,21643.391590566196,9.982455448524911,1.0291209999429245,1.0530766247593284,4.451453505341046,0.16760605404214596,9.429651310457574,2.3342875618359984,50.904961692455444,5.398392794864147,54.00329561943077,524.4222462634282,55.61417161648796,0.14927934391281628,23.681271699057007,124.41093761799073,5.253558136531359,0.40916789686740707,0.1669225656023244,0.1703789015564568,0.32388479427725986
3,1120,1,1.0556693967185014,1.1144378751680046,0.10835012995544975,1.0260602201265554,1.0556693967185,4.464237722832804,0.12874323419883285,0.12874323419883288,0.028122339238877758,0.12874323419883288,0.9999999999999922,0.0,0.12874323419883288,0.9999999999999922,0.12874323419883288,0.12874323419883288,0.12874323419883288,0.9999999999999922,0.9999999999999922,nan,nan,nan
3,1120,2,1.1134272203487976,1.23972017501365,0.21488568883912515,1.0260602201265554,1.0556693967185,4.464237722832804,0.12874323419883285,0.2588298942403632,0.05660333889418165,0.25879738926498264,0.9998744156834088,0.00014089977536085988,0.2631385525854793,1.0166466796957923,0.12806025621885345,0.2561168503589359,0.25902643884649557,1.0113603946147276,0.9991157289482342,0.3623072962449858,0.36230729624498303,0.9697115186936063
3,1120,5,1.2993404500735333,1.688285605197292,0.5237135792532618,1.0260602201265554,1.0556693967185,4.464237722832804,0.12874323419883285,0.6592014056340085,0.14468201135371536,0.6581389820944163,0.9983883172418734,0.004721678688520833,0.7044536796148846,1.0686471139080054,0.1265727999017228,0.6328283951126372,0.6630878030481611,1.0478161349415063,0.9925367033883049,0.453600377116433,0.45362535843075874,0.930592360553683
3,1120,10,1.6705536781722785,2.7907495916549285,1.0263102305917866,1.0260602201265554,1.0556693967185,4.464237722832804,0.12874323419883285,1.3773592029038422,0.3037471730051525,1.3639497644812915,0.9902643853583865,0.047450638533130855,1.6283021065190917,1.182191328947593,0.12806379695646922,1.2802784273866643,1.4133711608027903,1.103956085308566,0.9650329667874157,0.4560873291247333,0.45572919972401127,0.8633112602805856
3,1120,20,2.702197383250808,7.301870698047514,1.9881305753318672,1.0260602201265554,1.0556693967185,4.464237722832804,0.12874323419883285,2.9484286569870584,0.6516506148535758,2.7893544479847465,0.9460478012159644,0.3818559702229762,4.414431381798974,1.4972149220357918,0.1466754324378341,2.90615256070643,3.268109887852898,1.124548632456681,0.8535069332743007,0.22815447145184192,0.21198673484344616,0.7387323187376329
3,1120,40,4.775521516359671,22.80560575321417,3.127006372109255,1.0260602201265554,1.0556693967185,4.464237722832804,0.12874323419883285,4.211101421351097,0.9387732252745952,3.3791137236384228,0.8024299074122658,2.210427466356591,14.176952791833099,3.3665664569257836,0.15054911128024945,5.978061503218782,6.488026513824369,1.085306082972048,0.5208230447946494,0.12704063889087944,0.1268540724905149,0.5002750497184768
3,1120,80,19.764065988291403,390.618304389537,5.9677308795809765,1.0260602201265554,1.0556693967185,4.464237722832804,0.12874323419883285,6.9298579248006025,1.5368851557896084,5.722475005109163,0.8257708985099892,6.951450473527335,69.74747837542165,10.064777536897127,0.15005100363157406,11.952751931411221,20.832533633248197,1.7429068847736529,0.2746893443616593,0.15947201810953657,0.16232049570046156,0.3886211385150061
3,1120,160,268.49275068054305,72088.35716800425,11.185647828513689,1.0260602201265554,1.0556693967185,4.464237722832804,0.12874323419883285,18.140775464264046,4.085521554550918,16.694947127732366,0.9202995296766749,20.650871560271778,398.2822584385006,21.955084512406128,0.1403660890904688,22.29498277006885,88.24530441637931,3.9580790587041483,0.1891879373995745,0.15485030515153833,0.1520622959209051,0.33163555766152614
3,1179,1,1.0564837205154838,1.1161578517142388,0.10989229814521913,1.027331845954149,1.0564837205154842,4.451844438302974,0.16051903280101795,0.16051903280101773,0.03422181321421217,0.16051903280101773,0.9999999999999938,0.0,0.16051903280101773,0.9999999999999938,0.16051903280101773,0.16051903280101773,0.16051903280101773,0.9999999999999938,0.9999999999999938,nan,nan,nan
3,1179,2,1.1161543609399838,1.2458005574453435,0.21977834129754747,1.027331845954149,1.0564837205154842,4.451844438302974,0.16051903280101795,0.32055957571209276,0.06823630149759877,0.32065928075282346,1.0003110343545603,0.00030850789543139344,0.3302991915345686,1.0303831691841967,0.16063502638116672,0.32126996906448724,0.3211581591193787,0.9996519751116636,0.9984466271449426,0.12803635918448666,0.12803635918448586,0.9460859541103869
3,1179,5,1.3143177307270033,1.7274310973033795,0.5466353900774731,1.027331845954149,1.0564837205154842,4.451844438302974,0.16051903280101795,0.7933646105877623,0.16850781534045542,0.7960258441537919,1.003354363845467,0.00908086963277976,0.8952904659085521,1.1284729038333046,0.1599913867016049,0.7999461829617567,0.8060976814445806,1.0076898904124367,0.9875054382085056,0.018310608150061938,0.018288697322826793,0.8818918378596412
3,1179,10,1.697012278987933,2.879850675035818,1.057738443857755,1.027331845954149,1.0564837205154842,4.451844438302974,0.16051903280101795,1.5308383729167836,0.3270063754361212,1.5486335326826026,1.0116244536854089,0.07759587639270284,2.0386259448424235,1.331705541818974,0.15664981397118125,1.5660109869307337,1.6357928698240165,1.0445602767002606,0.9467173755618633,0.14535668900574986,0.14576335106430083,0.7991613887449528
3,1179,20,2.6586287338234293,7.068306744311571,1.9556209525411457,1.027331845954149,1.0564837205154842,4.451844438302974,0.16051903280101795,2.6802471486752633,0.5923079793131715,2.7760285241672222,1.035736023649647,0.4732209541158311,5.38064478602357,2.0075181457362996,0.15073233078925746,3.011660041115234,3.502562741220718,1.163000701740459,0.7925706773206056,0.16997892290008795,0.17349941081838413,0.6725428150388907
3,1179,40,4.8395742118759255,23.421478552254484,3.1536534882116056,1.027331845954149,1.0564837205154842,4.451844438302974,0.16051903280101795,3.7883390736227347,0.9199047932682763,4.1980280215473975,1.108144740996714,2.2885095543813985,17.617661961205208,4.650497650506686,0.1470407527463978,5.872479812747086,9.430703222323041,1.6059149665959351,0.4451447492919099,0.26919162232289123,0.26941214152219495,0.590116798819401
3,1179,80,12.188058602369036,148.54877249478187,5.000913338628309,1.027331845954149,1.0564837205154842,4.451844438302974,0.16051903280101795,7.163223624731397,1.837958831128147,6.847138383575678,0.9558738833638505,6.402871448001155,58.46859097950601,8.162329426327023,0.1376049322706589,10.954445998779377,19.112224483960016,1.7447002327721215,0.35825962536815936,0.1112244372586402,0.11498286238546536,0.4095146317061038
3,1179,160,130.47190343886817,17022.91758696134,9.742315808527009,1.027331845954149,1.0564837205154842,4.451844438302974,0.16051903280101795,11.793854328452625,2.397482615137763,11.725628035010676,0.9942150978346955,17.25628407885709,478.4819952866277,40.570451521712606,0.14321743407284213,22.62667907330426,90.3023058980121,3.990965956844895,0.12984860041396576,0.18626650065959474,0.19331463964355866,0.32064049284547147
3,1238,1,1.0516757942973465,1.1060219763109547,0.10076977298497308,1.0177756655882166,1.0516757942973465,4.4533184007670545,0.11539702709652082,0.11539702709652082,0.03257101030175369,0.11539702709652082,0.9999999999999913,0.0,0.11539702709652082,0.9999999999999913,0.11539702709652082,0.11539702709652082,0.11539702709652082,0.9999999999999913,0.9999999999999913,nan,nan,nan
3,1238,2,1.1053198276020908,1.2217319212903157,0.20026945966991191,1.0177756655882166,1.0516757942973465,4.4533184007670545,0.11539702709652082,0.23038976235440708,0.06498727753980825,0.2303824808770706,0.9999683949613773,0.00012380580414088273,0.23676170178918005,1.027657216057066,0.1154511267827618,0.23090222822661505,0.23057001473440075,0.9985612373913982,0.9991866511456524,0.0761996482814357,0.07619964828143505,0.9489372774150286
3,1238,5,1.276866353883013,1.6303876856784996,0.4888178305128166,1.0177756655882166,1.0516757942973465,4.4533184007670545,0.11539702709652082,0.5765886092027409,0.16165668017590135,0.5760765983942723,0.9991119997858133,0.0037879627160893234,0.6425111630783357,1.1143320433727366,0.11663883488551724,0.583156293906899,0.5802487115593504,0.9950140599048156,0.9928097846975531,0.04373423699327508,0.043672139873064814,0.8833330817415178
3,1238,10,1.588366398264402,2.522907815135429,0.925412131193313,1.0177756655882166,1.0516757942973465,4.4533184007670545,0.11539702709652082,1.1794283692811414,0.32425700728083423,1.1707856775359582,0.9926721351035062,0.038331060840615654,1.501054263541695,1.2726964202638118,0.12242019960396425,1.222402245996638,1.2067668515480796,0.9872092885138541,0.9701838230259933,0.0048133537686868766,0.005009478829290022,0.7910704010649005
3,1238,20,2.2714568475882206,5.159516210455417,1.640842817434268,1.0177756655882166,1.0516757942973465,4.4533184007670545,0.11539702709652082,2.4939196842894473,0.6448636128406343,2.4610511436016402,0.9868205295884769,0.33464313909069515,4.082182084101048,1.6368538689585417,0.13318563639201936,2.653587987193485,2.6587462736284944,1.0019438912370355,0.9256434764054967,0.16059807395520254,0.1692789829275926,0.6617089329244722
3,1238,40,4.1350993133838605,17.099046331547676,2.839022691868474,1.0177756655882166,1.0516757942973465,4.4533184007670545,0.11539702709652082,3.79115319677294,0.8594285676670863,3.81913347742264,1.0073804141371854,1.1102256918084785,11.754853021079002,3.100600901879888,0.12903086757961263,5.138195408719906,6.09383826050838,1.185988031939516,0.6267205190155518,0.22345590684098524,0.21735270916888133,0.5617362903450903
3,1238,80,10.83705215033394,117.44169930905748,4.765942034354995,1.0177756655882166,1.0516757942973465,4.4533184007670545,0.11539702709652082,4.3498045519223485,0.9725957421107172,8.531461997304314,1.961343755901383,6.3895997150939055,63.301390925637044,14.55269775228445,0.14595523633122293,11.437453105413883,25.97976000991846,2.271463740264082,0.3283887916611702,0.31726112559672925,0.3278100535910922,0.4756891644952121
3,1238,160,56.297976031410165,3169.4621052332336,8.061317169581832,1.0177756655882166,1.0516757942973465,4.4533184007670545,0.11539702709652082,8.704086031578834,2.2719732248135434,26.46587839481355,3.040626930707497,27.835296354896123,347.21348528871573,39.890860916241955,0.1443185893248524,22.757408632675602,109.67028098284726,4.819102330718804,0.2413222448016969,0.2634516912345082,0.27880281580516403,0.40111545040951513
3,1297,1,1.050353018869598,1.103241464248478,0.09825263222254574,1.0298489508395077,1.050353018869598,4.4557671093778835,0.15627700274842454,0.1562770027484246,0.03515297994161314,0.1562770027484246,0.9999999999999936,0.0,0.1562770027484246,0.9999999999999936,0.1562770027484246,0.1562770027484246,0.1562770027484246,0.9999999999999936,0.9999999999999936,nan,nan,nan
3,1297,2,1.103332151207596,1.2173418358883814,0.19666965861446573,1.0298489508395077,1.050353018869598,4.4557671093778835,0.15627700274842454,0.3178202357211057,0.07162758899731324,0.3178009373346838,0.9999392789248327,0.0002371753005017997,0.3267789126524302,1.0281878745417108,0.15942869299573623,0.31879627764413143,0.31846439875504473,0.9989589624711422,0.9979166857490018,0.0732775063877108,0.07327750638771033,0.9493818809603145
3,1297,5,1.2864059353385775,1.6548402304743204,0.5037044666912319,1.0298489508395077,1.050353018869598,4.4557671093778835,0.15627700274842454,0.8328283263721225,0.18863921284325952,0.8316465605448454,0.9985810210941961,0.006912945258247562,0.9362169185351469,1.124141541406731,0.1691839650251278,0.8447268891210744,0.8440218708984282,0.9991653891550903,0.9853376899577132,0.176291418600696,0.17832182593524595,0.878469898996262
3,1297,10,1.6908164236246035,2.8588601783986944,1.0504230063725433,1.0298489508395077,1.050353018869598,4.4557671093778835,0.15627700274842454,1.7781954266640119,0.40397799526073397,1.7595546494286272,0.9895170255440613,0.06903026442454288,2.3406249606593468,1.3162923071118684,0.18332028340257214,1.8265185478994312,1.8462059582958044,1.010778653421841,0.9530651992114876,0.24598706972969073,0.25319868791202477,0.7739967145438107
3,1297,20,2.913979761943141,8.491278053014204,2.1390395252734544,1.0298489508395077,1.050353018869598,4.4557671093778835,0.15627700274842454,3.929108039878653,0.8804931177142218,3.737510962105415,0.951236495451737,0.8128939962798712,6.6314716500812185,1.6877804282230997,0.1881971303080252,3.7524234165344317,4.206880438047953,1.1211102722339463,0.888428139840282,0.39251672931841325,0.40146111316994276,0.6631411656590241
3,1297,40,6.677254252409459,44.5857243513202,3.7974137259799385,1.0298489508395077,1.050353018869598,4.4557671093778835,0.15627700274842454,7.20336903336072,1.4756483016174862,7.817371006768413,1.085238167108208,5.494840383749838,20.568464298652096,2.8553950524253384,0.16810294250698798,6.654646380282928,10.407462629073663,1.563939244000998,0.7511313069652802,0.26254823475282557,0.28424069143946895,0.5637476023671794
3,1297,80,20.927269006439754,437.95058806789393,6.082106091382244,1.0298489508395077,1.050353018869598,4.4557671093778835,0.15627700274842454,5.047563229200975,1.372951835445116,13.720225876730208,2.71818801542821,12.749615559312167,58.72121738550309,11.633577375671349,0.16027651106202456,12.69216048432149,29.575584717842794,2.330224610252702,0.46390379117180625,0.3445613496646174,0.3601797377521212,0.5545600330490539
3,1297,160,146.80461452942743,21551.594847133772,9.978205099621077,1.0298489508395077,1.050353018869598,4.4557671093778835,0.15627700274842454,9.994190041556214,2.199166268240162,65.94995321862241,6.598829214213462,68.69611207857542,361.1759772450967,36.138594097502,0.14564768581085838,22.963792207250254,142.44078544143974,6.202842464167027,0.462999084245683,0.25430710652799804,0.2636951734723799,0.3958456756173813
3,1356,1,1.0562452211571594,1.1156539672173365,0.10944075066152029,1.0298421493908823,1.0562452211571587,4.4450357669397675,0.17533161853139265,0.1753316185313927,0.03924192350756931,0.1753316185313927,0.9999999999999943,0.0,0.1753316185313927,0.9999999999999943,0.1753316185313927,0.1753316185313927,0.1753316185313927,0.9999999999999943,0.9999999999999943,nan,nan,nan
3,1356,2,1.115022648909828,1.2432755075818898,0.21774943525878016,1.0298421493908823,1.0562452211571587,4.4450357669397675,0.17533161853139265,0.3455062113882917,0.07832543213219768,0.34550124094138146,0.9999856140157618,0.0004175250135133404,0.35813254908561737,1.0365444593502104,0.17420071709838725,0.3483940443156943,0.34593010374257127,0.9929277190201008,0.998760261692894,0.10664639634359067,0.10664639634359006,0.9340658279933218
3,1356,5,1.304260737151658,1.7010960704753861,0.5312727906403647,1.0298421493908823,1.0562452211571587,4.4450357669397675,0.17533161853139265,0.8230478908518724,0.19396525480247584,0.8238394380895201,1.000961726828347,0.012045532365294554,0.9465710726969776,1.150080187578459,0.16964320238716044,0.8479174192463056,0.8314214689909049,0.9805453339193521,0.9908806409454545,0.12602046221236712,0.12657743791875076,0.8576826337822674
3,1356,10,1.643128285868959,2.699870563822664,0.9932038325362179,1.0298421493908823,1.0562452211571587,4.4450357669397675,0.17533161853139265,1.5148339571745026,0.37908104878116117,1.5353043465530316,1.0135132892166674,0.09977952535945184,2.033929902402747,1.342675144539584,0.15983592538649488,1.5941583818958347,1.587372110658217,0.9957430382610113,0.9671987659632018,0.17002169824154995,0.17313377292204568,0.7840362991296883
3,1356,20,2.3536779304165805,5.539799800130077,1.7119583629455937,1.0298421493908823,1.0562452211571587,4.4450357669397675,0.17533161853139265,2.689974928977983,0.7286206692466121,2.8829869095370246,1.0717523343730095,0.515945480831549,4.499581716340658,1.672722547659657,0.14461617866681942,2.8694551178059235,3.2012724987705137,1.115637766524227,0.9005752901835969,0.30056232441844805,0.3086203163376198,0.7470959980839497
3,1356,40,4.847210268323432,23.49544738534012,3.1568066740989664,1.0298421493908823,1.0562452211571587,4.4450357669397675,0.17533161853139265,5.115144311122397,1.3486217526713054,4.931097901527054,0.9640193123788996,2.1003716047666745,12.829361564803232,2.50811331694142,0.133631660354033,5.301884177845997,6.861351881154513,1.2941346228996804,0.7186773083407773,0.24535466323617625,0.24794281075455693,0.581041633509113
3,1356,80,23.556175058121312,554.8933833688566,6.318775993254378,1.0298421493908823,1.0562452211571587,4.4450357669397675,0.17533161853139265,13.948267903181778,3.181075837766203,6.609230537846417,0.473838800897907,13.584312050636308,44.801671799594345,3.211988191693286,0.12713292113388697,10.091709907931449,21.6333288304019,2.1436732751700944,0.3055114906106492,0.2572320694830072,0.25570922676659497,0.5348924694984691
3,1356,160,123.82402467997417,15332.389087946853,9.637722803686064,1.0298421493908823,1.0562452211571587,4.4450357669397675,0.17533161853139265,31.665612768688156,7.700030131771865,15.149314062979673,0.47841531359720724,29.241257597931366,282.04436738965023,8.906960665815493,0.14722694177113108,23.178459507179483,89.06567628872922,3.8426055131550614,0.17009149533507487,0.21878674954068483,0.22827775376381085,0.4044093683037994
3,1415,1,1.0520162460697595,1.1067381819947089,0.10141711445673308,1.0226195721836935,1.0520162460697597,4.444791945180413,0.10997179305158504,0.10997179305158504,0.026562638472841116,0.10997179305158504,0.9999999999999909,0.0,0.10997179305158504,0.9999999999999909,0.10997179305158505,0.10997179305158504,0.10997179305158504,0.9999999999999909,0.9999999999999909,nan,nan,nan
3,1415,2,1.1061423099829384,1.223550809934391,0.20175713138681234,1.0226195721836935,1.0520162460697597,4.444791945180413,0.10997179305158504,0.2151248233587614,0.0518284091429781,0.21517094256800798,1.0002143834845534,0.00014682523035807664,0.22309410595865634,1.0370449233866592,0.1087198354053573,0.21742508501677016,0.2155196470300129,0.9912363470543829,0.9983820293564356,0.18737616382397781,0.18737616382397612,0.9345001244191252
3,1415,5,1.2813204508541245,1.6417820977770168,0.49578229685078434,1.0226195721836935,1.0520162460697597,4.444791945180413,0.10997179305158504,0.5068260363768825,0.12126359372400007,0.5077576967387147,1.001838225140309,0.003878824461620244,0.5859588616366777,1.1561340964751656,0.10568209883336808,0.5282251975383305,0.5149184843791139,0.9748086361248377,0.9860933567979511,0.06082797795915292,0.06170081147624064,0.8574793272430397
3,1415,10,1.6120633489705796,2.5987482410942406,0.9550298833622436,1.0226195721836935,1.0520162460697597,4.444791945180413,0.10997179305158504,0.9592263673267755,0.22685734089393889,0.9627389364377491,1.0036618771445593,0.03308561991568905,1.319480495497473,1.3755673743359162,0.1048820655365816,1.0484720057451031,1.0184919829433503,0.9714059863902151,0.9452592190814493,0.09927583712464028,0.09835134148014765,0.7642750544672654
3,1415,20,2.3426168358247756,5.487853639489684,1.7025372208787575,1.0226195721836935,1.0520162460697597,4.444791945180413,0.10997179305158504,1.9594271065235451,0.44831640877842793,1.965417959170213,1.0030574511431027,0.2703200930504296,3.508924651407943,1.7907911142627528,0.1176690938910722,2.336167370840643,2.309602971867972,0.9886290685743492,0.850976545800256,0.16684669639812041,0.15952592447440087,0.6562602458017226
3,1415,40,4.421226694615288,19.547245485178824,2.9728343806058337,1.0226195721836935,1.0520162460697597,4.444791945180413,0.10997179305158504,3.2442814153672916,0.7177927934743625,3.329558523603478,1.026285361014692,1.7758259390789612,12.32256224644346,3.798240864086199,0.13525727485741448,5.3519098681775805,5.558844950683443,1.0386656516277106,0.5989658918610634,0.17543664137569578,0.17872919815441654,0.46814782148735634
3,1415,80,11.96301028840589,143.11361516050516,4.9636388264145594,1.0226195721836935,1.0520162460697597,4.444791945180413,0.10997179305158504,8.558169468825515,2.036843752297271,6.260066218824206,0.7314725703466711,7.141112421234889,55.44328269497885,6.478404394413987,0.1580769058277711,12.439438196243369,18.466140626297936,1.484483489927591,0.3390024123345591,0.2715597398132804,0.28624341374094403,0.4172067465217914
3,1415,160,140.1087276135267,19630.455553481417,9.884837494004866,1.0226195721836935,1.0520162460697597,4.444791945180413,0.10997179305158504,23.089886735890385,5.6795147401708075,19.71540690255746,0.8538546389624463,28.326682246829257,274.6426828744831,11.894501086814985,0.15497488316920666,24.4420704729051,83.42210922270219,3.4130541156559766,0.2363331146414143,0.24016833979965493,0.24035790599424567,0.3818135994867747
3,1474,1,1.0572857953461063,1.1178532530406486,0.11141010765680347,1.033220110995446,1.057285795346106,4.452107224894812,0.19765689057855038,0.19765689057855035,0.04111223222931892,0.19765689057855035,0.9999999999999949,0.0,0.19765689057855035,0.9999999999999949,0.19765689057855035,0.19765689057855035,0.19765689057855035,0.9999999999999949,0.9999999999999949,nan,nan,nan
3,1474,2,1.1177861115668322,1.2494457912116985,0.22270008596734545,1.033220110995446,1.057285795346106,4.452107224894812,0.19765689057855038,0.3933045850315944,0.08191831464615079,0.39330249767333064,0.9999946927690544,0.00028940739929449313,0.40662518291333316,1.0338684022223328,0.19762208623664873,0.3952441663426284,0.39403783195940845,0.996947875551501,0.998133848512915,0.038966784986134456,0.038966784986134255,0.9397843619581533
3,1474,5,1.3183118089589179,1.7379460256405344,0.5527039709182395,1.033220110995446,1.057285795346106,4.452107224894812,0.19765689057855038,0.9608689634146962,0.20193467940199913,0.9618007094279244,1.0009696910283334,0.007399078005031117,1.103046336497239,1.147967494524204,0.1963827678946014,0.9818875578113202,0.9752751458761619,0.9932656118487757,0.9861839640790462,0.13042637438004936,0.13032013143025997,0.8631829939444196
3,1474,10,1.7071922583703174,2.9145054070395444,1.0697001337220398,1.033220110995446,1.057285795346106,4.452107224894812,0.19765689057855038,1.8222704274531933,0.39432583708404273,1.8334633922537213,1.0061423181937768,0.06351392819278166,2.4816979368442293,1.3618713772975237,0.19022702479808654,1.9008105000092237,1.9288596468823758,1.014756414104938,0.9505426666046725,0.16975912195469536,0.16911185722531535,0.7783088819987998
3,1474,20,2.612392405040843,6.824594077915079,1.9205328635389116,1.033220110995446,1.057285795346106,4.452107224894812,0.19765689057855038,3.417067442021424,0.8060435761977486,3.439909216060326,1.006684613173859,0.5756844602973491,5.930306281947937,1.7354958257539577,0.1759098565764294,3.5029713178878072,4.028221922651882,1.149944306446901,0.8539522603550463,0.4619387144800875,0.4433293932268539,0.7217793419480395
3,1474,40,6.3286385353328845,40.05166571090036,3.6901702634335245,1.033220110995446,1.057285795346106,4.452107224894812,0.19765689057855038,7.568185864916035,1.8665585528543254,6.445199238275323,0.8516174620067721,4.461203052247007,15.560570045144745,2.056050197878878,0.16520423037077714,6.561717184416001,9.52755167859839,1.4519906010619001,0.6764801132229054,0.270149576543805,0.27503980702146674,0.6567873322297842
3,1474,80,25.303225777348803,640.2532347394889,6.4618637773737655,1.033220110995446,1.057285795346106,4.452107224894812,0.19765689057855038,14.298317942503733,3.3887761274220067,7.4520140346382036,0.5211811672256956,15.251183087688059,59.92011223738865,4.190710577169906,0.15867426656016645,12.534412995147123,25.163595134399664,2.0075607165762053,0.2961426614455021,0.242802906913835,0.23656111545898445,0.49092198385347746
3,1474,160,170.08954818956116,28930.454403329048,10.272650104840572,1.033220110995446,1.057285795346106,4.452107224894812,0.19765689057855038,21.626732402111823,4.6050315144337866,66.53655201633144,3.0765883065087647,76.31850896665465,423.86193256084823,19.598981699124305,0.16971300763785563,26.806851718650094,137.45556196340092,5.1276279440069485,0.4840586373219844,0.22037454014838395,0.21909562709961652,0.40488271500694584
3,1533,1,1.0559758201846627,1.1150849328146712,0.1089305749390282,1.0273426504019523,1.0559758201846634,4.455525789624169,0.15544601471892108,0.15544601471892117,0.03343904801380456,0.15544601471892117,0.9999999999999936,0.0,0.15544601471892117,0.9999999999999936,0.15544601471892117,0.15544601471892117,0.15544601471892117,0.9999999999999936,0.9999999999999936,nan,nan,nan
3,1533,2,1.1159252672831075,1.2452892021608748,0.21936779383358787,1.0273426504019523,1.0559758201846634,4.455525789624169,0.15544601471892108,0.31727809300348175,0.06811040916009888,0.31731390006824906,1.0001128570347462,0.000309411159606194,0.3258548604747487,1.0270323342846486,0.15854806105770672,0.3170365832503845,0.3180331572171397,1.0031434036934697,0.9977384208766618,0.42113887985192183,0.4211388798519191,0.9523834232925705
3,1533,5,1.3241842732351456,1.7534639894832909,0.561593254021833,1.0273426504019523,1.0559758201846634,4.455525789624169,0.15544601471892108,0.8449702315103201,0.18141666351577826,0.8460030418983908,1.0012223038748047,0.009114281738406692,0.9404551680337573,1.1130039058923578,0.16840888141608837,0.8408209461014979,0.8596743495329542,1.0224226138976078,0.9840971088156908,0.4093566416143177,0.40858479546271254,0.8944803187684114
3,1533,10,1.7942314582604164,3.2192665258113005,1.1691535465937903,1.0273426504019523,1.0559758201846634,4.455525789624169,0.15544601471892108,1.8507780473663518,0.4053052299854581,1.853816641562471,1.0016417928667578,0.08566538061462949,2.3386286908653484,1.2635921925879792,0.18087370669662037,1.803339701297651,1.9435514030943288,1.077751131245978,0.9538294889504892,0.35756832219301005,0.354509232553793,0.821538565278828
3,1533,20,3.3657236466054044,11.32809566531878,2.427285981947377,1.0273426504019523,1.0559758201846634,4.455525789624169,0.15544601471892108,3.839121677324731,0.9034384950359315,3.7311469276729383,0.971875142616726,0.774599207773536,6.0332189946478945,1.5715102311766544,0.17314952261559657,3.441002936862218,4.2028390247639145,1.2213994297245205,0.8877682218348886,0.22782215872305148,0.23263562399248755,0.7278179870542224
3,1533,40,10.201036007495256,104.06113562621475,4.644978568989374,1.0273426504019523,1.0559758201846634,4.455525789624169,0.15544601471892108,6.370248381543113,1.5802572496550917,6.367092093496501,0.9995045266907083,4.024229290823551,17.323772767570997,2.7194815225359434,0.16042193038142283,6.351573488368133,9.595482663900835,1.5107252842895371,0.663550997538679,0.2500108773664794,0.2569643790269036,0.5700035838079102
3,1533,80,53.02682516138682,2811.844186696286,7.941595841258901,1.0273426504019523,1.0559758201846634,4.455525789624169,0.15544601471892108,13.515859945964209,2.995179416864187,11.193220052621722,0.8281544864604771,13.707490632784857,82.86422913808929,6.130888413269794,0.1781809364996143,14.094356203276686,32.475019476530086,2.304115137162506,0.3446716963699171,0.21259591096673922,0.20169028705799621,0.4338155898296598
3,1533,160,442.2270947921357,195564.80336829257,12.183647078511477,1.0273426504019523,1.0559758201846634,4.455525789624169,0.15544601471892108,37.76889451248617,8.222884857737657,26.083724281016544,0.6906139196738581,47.27539206428372,429.48130637515607,11.371296722311323,0.17950249046940983,28.512084833737543,118.110560274413,4.142473655053668,0.22084159299909117,0.23273857029062342,0.22973773659460664,0.3778067986704285
3,1592,1,1.0741137292470326,1.1537203033569676,0.1429917672681007,1.0332521397621708,1.0741137292470315,4.46148234801238,0.21255437939241828,0.21255437939241806,0.046097975341191796,0.21255437939241806,0.9999999999999953,0.0,0.21255437939241806,0.9999999999999953,0.21255437939241806,0.21255437939241806,0.21255437939241806,0.9999999999999953,0.9999999999999953,nan,nan,nan
3,1592,2,1.152984506055172,1.3293732712032889,0.28470760651325017,1.0332521397621708,1.0741137292470315,4.46148234801238,0.21255437939241828,0.42758978174852436,0.09238852570784048,0.42760176515188864,1.0000280254671061,0.0005125693275185785,0.4440210717250498,1.0384276956042604,0.21416876442134997,0.4283254504576547,0.4283158448062918,0.9999775739420723,0.998332819896665,0.2553948953994179,0.2553948953994167,0.9311928724058789
3,1592,5,1.4182271011337224,2.0113681103901615,0.6988151424679183,1.0332521397621708,1.0741137292470315,4.46148234801238,0.21255437939241828,1.071651709426074,0.23007899359227388,1.0719677057851702,1.000294868525208,0.015756166669859704,1.255339879527669,1.171406594592163,0.2173124369783856,1.0864695805080458,1.0867554258295284,1.0002630955588723,0.9863927801114296,0.21922596126094265,0.21904318832639694,0.8412027155601768
3,1592,10,1.945644071318463,3.7855308522566844,1.3311861286420485,1.0332521397621708,1.0741137292470315,4.46148234801238,0.21255437939241828,2.0502595640549752,0.4418089691317981,2.0521071102506365,1.0009011279488955,0.14711780518011494,2.9882611625312276,1.4575038277695358,0.21678347620785546,2.1676170231455187,2.178644479902315,1.0050873639757603,0.9419192204974384,0.15515957255835133,0.15510534323459632,0.7261684400044143
3,1592,20,3.1003224581002935,9.611999344201045,2.263012249647113,1.0332521397621708,1.0741137292470315,4.46148234801238,0.21255437939241828,3.3587891590373298,0.7431878999900629,3.386583756132002,1.0082751836386887,1.0384473194706632,7.378113525777189,2.196658729210572,0.2061433052117935,4.115595293185882,4.33478392099528,1.0532580616399052,0.7812578015086923,0.09582576008099482,0.09679024196045934,0.61368168583048
3,1592,40,4.666353370744771,21.774853780661086,3.080755807706197,1.0332521397621708,1.0741137292470315,4.46148234801238,0.21255437939241828,5.150875383683055,1.0992160552385422,6.268713966148384,1.217019147076712,3.35253407628737,19.884145938328995,3.860343040198176,0.19370300880928243,7.719915445908404,10.750293491956826,1.3925403156655736,0.583120262794548,0.26269766698956143,0.2698350841583127,0.5780163137253532
3,1592,80,15.706442968748304,246.69235073054304,5.5081420166928,1.0332521397621708,1.0741137292470315,4.46148234801238,0.21255437939241828,6.159805637710234,1.4545563988506065,10.702068106589882,1.7374035377142398,9.13097731621752,73.9354438016964,12.00288582955682,0.18634843679321558,14.839532806092464,33.09004193638126,2.2298573930033654,0.3234226214389701,0.22013241567422873,0.21490092369484928,0.5184491940744499
3,1592,160,93.10249683247125,8668.074916440319,9.067402005493879,1.0332521397621708,1.0741137292470315,4.46148234801238,0.21255437939241828,9.644955688534134,2.2372044035609906,23.54796435821932,2.4414797868084555,23.5940168282293,422.3796577530864,43.79280438324965,0.19986340628085564,31.727094985980127,143.67673814929057,4.52851854898092,0.16389545490482443,0.20581647066216122,0.19658055668925298,0.394870709426334
3,1651,1,1.0531637515784251,1.1091538876387428,0.10359746126526499,1.0288809675521848,1.0531637515784236,4.453006471797925,0.19969597733509584,0.19969597733509584,0.04489969575262918,0.19969597733509584,0.999999999999995,0.0,0.19969597733509584,0.999999999999995,0.19969597733509584,0.19969597733509584,0.19969597733509584,0.999999999999995,0.999999999999995,nan,nan,nan
3,1651,2,1.1092490294869746,1.2304334094177949,0.20736647269854608,1.0288809675521848,1.0531637515784236,4.453006471797925,0.19969597733509584,0.39730534380290566,0.08976352531763546,0.39733722545067107,1.0000802446991004,0.00030378423226141136,0.4097363707886742,1.0312883458016973,0.19951748893907462,0.39903481805934715,0.3977572337872299,0.9967983137954436,0.9989440585842758,0.006425077006496832,0.0064250770064968,0.9430642698240025
3,1651,5,1.2958259517722281,1.6791648972864008,0.5182965848789162,1.0288809675521848,1.0531637515784236,4.453006471797925,0.19969597733509584,0.9747099888520593,0.22317094304102122,0.9758088576050953,1.0011273802111427,0.008217254174764314,1.1031380118120797,1.1317602409217866,0.19780570594846159,0.9889869528317634,0.983248930972593,0.9941980813369259,0.992433174211398,0.015961396423206424,0.0159492501892408,0.8714954431180664
3,1651,10,1.671144642411136,2.7927244158594435,1.0270176125135815,1.0288809675521848,1.0531637515784236,4.453006471797925,0.19969597733509584,1.8845198830305459,0.43902137553670223,1.8940824546230035,1.0050742747150423,0.07010809363033255,2.462891097350584,1.3069064006849016,0.19201000040127206,1.9188651495828393,1.9473424804748467,1.0148407150435752,0.9726498926686706,0.05565609550192138,0.05598854520497831,0.7910760894507072
3,1651,20,2.696916147539669,7.273356706860208,1.9842179053237974,1.0288809675521848,1.0531637515784236,4.453006471797925,0.19969597733509584,3.5148045792367735,0.8301787227331271,3.4041986913341655,0.9685314260269268,0.6106315895646978,5.70517447755798,1.6231839776414643,0.17684456877683463,3.5190804228189085,3.8038154385345324,1.0809117671393085,0.8949431817453465,0.1491354878577226,0.14048379020404989,0.704213462030566
3,1651,40,5.557004075920054,30.880294299792098,3.430118255544843,1.0288809675521848,1.0531637515784236,4.453006471797925,0.19969597733509584,5.539427084084673,1.2233927201257098,4.8450734076487905,0.8746524386193599,3.024432793463522,17.85352275615291,3.2229908409567947,0.17979590859801722,7.157068533496263,9.094970599210859,1.2707675714777484,0.5327200736711761,0.25739291725478797,0.26014511817431746,0.5525692016315339
3,1651,80,16.301513532561682,265.7393434522916,5.582515916520731,1.0288809675521848,1.0531637515784236,4.453006471797925,0.19969597733509584,8.221558246357015,1.5575764652412725,7.605266636869926,0.9250395617205327,11.962421912355872,59.20824680727717,7.201584545546755,0.20559994949269736,16.27542664021629,26.051767755091415,1.6006810961697289,0.2919290049092194,0.1225508413750979,0.11461188118409162,0.4731467852598719
3,1651,160,199.10749924682153,39643.79625632304,10.587689752181413,1.0288809675521848,1.0531637515784236,4.453006471797925,0.19969597733509584,25.740468264733472,6.154234943369507,35.02378169008474,1.360650526240432,49.643615073400056,692.9611458758278,26.921077687822827,0.18499894762653468,28.972758304802397,175.37846786309524,6.053219580202182,0.19970400082081438,0.1620407046357054,0.16465518035995133,0.29892833256995127
3,1710,1,1.0612594592783318,1.126271639907737,0.11891274388033848,1.0236314904399773,1.0612594592783309,4.45617009390426,0.23714237008628755,0.2371423700862874,0.0444376919064554,0.2371423700862874,0.9999999999999958,0.0,0.2371423700862874,0.9999999999999958,0.2371423700862874,0.2371423700862874,0.2371423700862874,0.9999999999999958,0.9999999999999958,nan,nan,nan
3,1710,2,1.127256614075601,1.2707074739771886,0.23957381149053672,1.0236314904399773,1.0612594592783309,4.45617009390426,0.23714237008628755,0.47480937998811207,0.0883336071575994,0.4747584463229289,0.9998927281824436,0.0006583851630868687,0.4875971364303743,1.0269324006248177,0.23650581757728184,0.4730099172513337,0.47563967456257183,1.0055596240487277,0.998147277683565,0.09250252754172021,0.09250252754171982,0.9524987829094693
3,1710,5,1.3532315872913008,1.8312357288429333,0.6049910006295609,1.0236314904399773,1.0612594592783309,4.45617009390426,0.23714237008628755,1.1958265609433907,0.21841343231910165,1.194177209140015,0.9986207432940144,0.020410092644617194,1.3365773363454285,1.117701663434368,0.2368108598559317,1.1840419205480672,1.2112023347061436,1.0229387268193202,0.9859436156302817,0.04780104281472563,0.04781449858263284,0.8887611717086248
3,1710,10,1.8137692216886299,3.2897587895449782,1.190814245841786,1.0236314904399773,1.0612594592783309,4.45617009390426,0.23714237008628755,2.446075786860995,0.440416683812077,2.4391168623632833,0.9971550658670952,0.1670116025807512,3.1343889757723224,1.2813948744387131,0.24085242268281415,2.408134792287692,2.550069218032212,1.058939568581908,0.9564904533240289,0.038458538759935074,0.0387880535022318,0.8085044389618975
3,1710,20,2.9460276057378016,8.679078653769205,2.160915377159262,1.0236314904399773,1.0612594592783309,4.45617009390426,0.23714237008628755,4.982324625764721,0.9359558066941812,4.626494535190442,0.9285815121852554,1.257185955693427,8.019466788784571,1.6095833553907957,0.2368663393144304,4.734878323752378,5.131574464379446,1.0837816969101515,0.9015740816595395,0.06342334996621073,0.062493859669009104,0.6662811470307664
3,1710,40,6.181549518025907,38.21155444380632,3.643137942227941,1.0236314904399773,1.0612594592783309,4.45617009390426,0.23714237008628755,7.849436278450694,1.8015395377971044,8.200503496419023,1.0447251503820885,6.033613561379206,28.50175803482663,3.6310579541964567,0.22313583092331069,8.894410907808407,10.73096906270808,1.2064845186416289,0.7641903958997653,0.05399863864046226,0.0561229021276618,0.4744030735844714
3,1710,80,25.60190070948251,655.4573199382011,6.48533319038709,1.0236314904399773,1.0612594592783309,4.45617009390426,0.23714237008628755,10.297263180282185,2.3580238426510687,20.91713120181374,2.031329182871339,18.494029786198226,154.99622981520517,15.052177175776297,0.18650201344124337,14.489853743380277,36.225707249450245,2.5000740442946183,0.5774112581923759,0.15884189134530402,0.15650842254933564,0.338117603717258
3,1710,160,515.690016114851,265936.19272053527,12.49101168199828,1.0236314904399773,1.0612594592783309,4.45617009390426,0.23714237008628755,21.488815584222834,4.215338544558248,75.88255231362804,3.531258017279523,69.72125215257833,681.1972134982014,31.70008187879554,0.18250821636207454,28.50390937220387,177.14952348132275,6.214920247188038,0.42835312690879745,0.2229652036371976,0.2138300212167429,0.3606465594400097
3,1769,1,1.058884407855176,1.1212361891988067,0.114431816989531,1.0254821139483263,1.0588844078551762,4.44891174318602,0.12452941476951633,0.12452941476951637,0.028991491280221826,0.12452941476951634,0.9999999999999918,3.937478387536527e-16,0.12452941476951634,0.9999999999999918,0.12452941476951634,0.12452941476951634,0.12452941476951634,0.999999999999992,0.999999999999992,nan,nan,nan
3,1769,2,1.1209824801465118,1.2566017207954248,0.22841103039164873,1.0254821139483263,1.0588844078551762,4.44891174318602,0.12452941476951633,0.2460990770901571,0.05717598793031616,0.24609414349867317,0.9999799528241095,8.131639060457418e-05,0.25649857923201563,1.0422573796895942,0.12457418062821411,0.24914834517554896,0.24638095770749496,0.9888926114837123,0.9988358913306795,0.10603666852382097,0.10603666852382013,0.9232814038057459
3,1769,5,1.3273804357514263,1.7619388212156464,0.5664148056941926,1.0254821139483263,1.0588844078551762,4.44891174318602,0.12452941476951633,0.5936389991682515,0.13698122409345873,0.593559733963778,0.9998664757460587,0.0025290944620454657,0.7023839375995025,1.1831836159410223,0.12488865244177826,0.6244410747186058,0.5995454852627671,0.9601314031639279,0.9900161848498173,0.12795101758338467,0.12795164320224567,0.8262061256831632
3,1769,10,1.7314579401402417,2.9979465984746887,1.0979275871384042,1.0254821139483263,1.0588844078551762,4.44891174318602,0.12452941476951633,1.128126613676384,0.25735570988675044,1.1270237380139716,0.9990223830826761,0.023571896225822807,1.6391500315317047,1.45298409917835,0.1265502350179548,1.2653300483051386,1.1803691513414987,0.9328547543169129,0.9548061610497863,0.1097972746269007,0.10935842006642582,0.7131001579142766
3,1769,20,2.739325660858415,7.503905076237393,2.01542356186877,1.0254821139483263,1.0588844078551762,4.44891174318602,0.12452941476951633,2.1710498985284774,0.49582331715623,2.127747281437138,0.9800545270190747,0.17561526038130382,4.41776356157512,2.0348512323781445,0.13631221171623237,2.717652344092257,2.532420889144284,0.9318413720759253,0.8402028630225492,0.10675792643834925,0.10867570506436226,0.5905302133579806
3,1769,40,5.174410034966214,26.774519209959056,3.2874506594950565,1.0254821139483263,1.0588844078551762,4.44891174318602,0.12452941476951633,3.5502116403693993,0.8488877338242018,3.5552578106261854,1.0014213716724392,1.663301933387426,14.93499442507702,4.206789886904611,0.14215972274647704,5.662373316215383,6.060553831028627,1.070320427950762,0.5866225941966048,0.07428164849173557,0.07519327969979533,0.4648712175968822
3,1769,80,7.390885094918487,54.62518248628825,4.000494994120256,1.0254821139483263,1.0588844078551762,4.44891174318602,0.12452941476951633,4.9225833268189705,1.0344064176608938,5.165748966355016,1.0493979732575052,4.445010209776162,58.46268874728811,11.876424402767269,0.16315205190383203,12.787330675303465,21.700781579421616,1.6970532889505194,0.2380443739986575,0.2575958037577581,0.2759297673883593,0.42902282410101605
3,1769,160,24.41848927086233,596.2626182712188,6.390681204697649,1.0254821139483263,1.0588844078551762,4.44891174318602,0.12452941476951633,5.637729169448425,1.2978896991245263,34.7642265183808,6.166352705761849,33.69023055708416,290.1769867520777,51.47054390703687,0.16499004252831373,25.949789316348273,84.25941691793632,3.247017380015999,0.41258565261897195,0.16233002837728286,0.15780142510699666,0.3526092868525113
3,1828,1,1.0560201200884292,1.1151784940315803,0.10901447643320843,1.0455279105414774,1.0560201200884294,4.445464502158997,0.12494062601378425,0.12494062601378425,0.028868661244406034,0.12494062601378425,0.999999999999992,0.0,0.12494062601378425,0.999999999999992,0.12494062601378425,0.12494062601378425,0.12494062601378425,0.999999999999992,0.999999999999992,nan,nan,nan
3,1828,2,1.1136260870566461,1.2401630617730968,0.21524287240130713,1.0455279105414774,1.0560201200884294,4.445464502158997,0.12494062601378425,0.24892346613004873,0.0573301422561341,0.2489291062649091,1.0000226581083216,0.0001743443071503235,0.2571563632751478,1.033074009747224,0.1251412405946965,0.25028216009743554,0.24967732518585894,0.9975833878397801,0.9970032564214878,0.4969187199071887,0.4969187199071848,0.9432610265843193
3,1828,5,1.2924317053877643,1.6703797130915248,0.5130509736920136,1.0455279105414774,1.0560201200884294,4.445464502158997,0.12494062601378425,0.6300554974990159,0.14332072109003538,0.630010827624356,0.9999291016825689,0.004585615890699281,0.7158968157332681,1.1362440587773543,0.12947287198620575,0.6469418309063046,0.6457729163670612,0.9981931690247843,0.9755919018230443,0.2593890314666208,0.2562086493116406,0.8804622648610376
3,1828,10,1.618750863373624,2.6203543576728534,0.9633095596475839,1.0455279105414774,1.0560201200884294,4.445464502158997,0.12494062601378425,1.3625590210710137,0.30134852958605207,1.3523698341952552,0.9925220216385559,0.04333017401001309,1.8277205201952837,1.341388146811165,0.14800212763913606,1.4662637990000864,1.467075869175043,1.000553836339347,0.9218131540502472,0.14041202588772872,0.13565614792767242,0.7812920645238626
3,1828,20,2.496425329731943,6.23213942692724,1.829719681060036,1.0455279105414774,1.0560201200884294,4.445464502158997,0.12494062601378425,3.3478887660358985,0.7065805923433545,3.3830048760092026,1.010489031275338,0.4821974935793385,6.103817602099205,1.8231841105421465,0.18961673008725116,3.697851705498037,3.9264476560082753,1.0618185824408148,0.8615942888815813,0.3428716560733419,0.36612695537142537,0.6343451745675592
3,1828,40,5.731110596303862,32.845628667066414,3.4918186665803934,1.0455279105414774,1.0560201200884294,4.445464502158997,0.12494062601378425,7.346912242834356,1.4330750085600883,7.323492396900814,0.9968122872358541,3.745858334372402,19.9249596417908,2.7120181898489606,0.1954339774046471,7.687139872305913,10.348312330087047,1.3461849923361497,0.707699203821693,0.1518402514450357,0.14068346445521332,0.5561539205383645
3,1828,80,14.112586726130345,199.16510410255043,5.294134149596573,1.0455279105414774,1.0560201200884294,4.445464502158997,0.12494062601378425,12.370776830494854,2.985957641394291,14.696775545929585,1.1880236582799695,20.184397317960602,75.83025259008419,6.129789068957832,0.17979883270024036,14.152838269668814,27.636143261879216,1.9526926497214836,0.5317954609897411,0.12251560159182663,0.1212057424604857,0.40224985045033546
3,1828,160,177.38241109292986,31464.519765141165,10.356615833335143,1.0455279105414774,1.0560201200884294,4.445464502158997,0.12494062601378425,34.519784477812884,7.890140422043472,36.30175912648895,1.0516218358727416,47.38980834989968,224.432638223862,6.501565453518778,0.15773961208089868,24.6833459847373,72.38904251975342,2.932707849434775,0.5014814102090518,0.14067250442333384,0.13522027238844342,0.38021123353377745
3,1887,1,1.055546080074056,1.1141775271597052,0.1081164889160745,1.029209057302729,1.0555460800740561,4.444997195530047,0.14596121252732133,0.14596121252732133,0.032542679655047466,0.14596121252732133,0.9999999999999931,0.0,0.14596121252732133,0.9999999999999931,0.14596121252732133,0.14596121252732133,0.14596121252732133,0.9999999999999931,0.9999999999999931,nan,nan,nan
3,1887,2,1.1136096713708736,1.240126500170745,0.21521339068036996,1.029209057302729,1.0555460800740561,4.444997195530047,0.14596121252732133,0.2905626892994307,0.06521040849495362,0.2905083507037653,0.9998129883922902,0.00018184186095745046,0.29909265005824137,1.029356696757509,0.14549655605018044,0.2909916234157992,0.29118648101912026,1.0006696330328437,0.9976711476680422,0.2646211697932439,0.2646211697932421,0.948681980206654
3,1887,5,1.3014349811386203,1.693733010131281,0.5269349746767631,1.029209057302729,1.0555460800740561,4.444997195530047,0.14596121252732133,0.7168948530092858,0.1639443818888519,0.7161238099310727,0.9989244683861552,0.004883006007680741,0.8144607221635329,1.1360950894607444,0.14556787329399348,0.7278345453105408,0.7285903527405234,1.001038433026917,0.9828895033230127,0.21890037937762225,0.21893050933337704,0.8743196244232752
3,1887,10,1.6550452747794546,2.7391748615698006,1.0076567296341121,1.029209057302729,1.0555460800740561,4.444997195530047,0.14596121252732133,1.3951811273429278,0.3281265684667019,1.3985317268794566,1.0024015516486442,0.04079298920680145,1.9306356215323381,1.3837885158389167,0.14658640498121642,1.4658223468220246,1.4829408209647013,1.0116784098562757,0.9430799308428675,0.10377357289865073,0.10328138202194022,0.7614040653453761
3,1887,20,2.6511161155352783,7.028416658050863,1.9499614540044856,1.029209057302729,1.0555460800740561,4.444997195530047,0.14596121252732133,2.57291134464402,0.621447592462051,2.6080104821706054,1.013641798268584,0.30078619330821654,5.490128464281257,2.1338195253831618,0.1471108170786923,2.9419518232799593,3.169377837131629,1.0773044657128725,0.8228777432642501,0.06310535886029371,0.06291535726046474,0.6090711199701182
3,1887,40,4.961685963832938,24.61832760369679,3.203491190085822,1.029209057302729,1.0555460800740561,4.444997195530047,0.14596121252732133,4.6353336690880536,1.0644989002260636,5.058578123228653,1.091308303642328,2.0565375891035664,15.531885710518482,3.3507589354563536,0.14463648534779033,5.778383957396118,7.6404407488550365,1.3222452514730447,0.6620793602760036,0.17154230374163065,0.16579275014159792,0.556072132002636
3,1887,80,15.437391396513199,238.31305312913975,5.473585158639541,1.029209057302729,1.0555460800740561,4.444997195530047,0.14596121252732133,7.1043539134355465,1.7775244707034992,5.894608403148711,0.8297177301374301,7.612029924403484,46.36888858739686,6.526826950400848,0.1377040982942615,10.982278049707606,19.110295346119738,1.7401030332343963,0.3084519781817807,0.16583773987259495,0.16808100320236655,0.46183223435552734
3,1887,160,383.1806922511852,146827.44291409748,11.897013318523019,1.029209057302729,1.0555460800740561,4.444997195530047,0.14596121252732133,19.82328103469345,5.082118838757755,15.773356153406331,0.7956985589721904,26.936929575209273,275.2502799403162,13.885202931774543,0.13078528480940604,20.839553603406856,71.23041234953737,3.4180392586668753,0.2214413146452714,0.14198310362711172,0.1438831154473342,0.33543421498051845
3,1946,1,1.0530795220676752,1.1089764797982833,0.10343749966567446,1.036234819948809,1.0530795220676736,4.4426461209194645,0.11770479569861117,0.11770479569861113,0.029893179227455668,0.11770479569861113,0.9999999999999916,0.0,0.11770479569861113,0.9999999999999916,0.11770479569861113,0.11770479569861113,0.11770479569861113,0.9999999999999916,0.9999999999999916,nan,nan,nan
3,1946,2,1.1096357721972245,1.2312915469397308,0.20806365664225104,1.036234819948809,1.0530795220676736,4.4426461209194645,0.11770479569861117,0.23456518315271135,0.05985524483494823,0.2346238643579234,1.0002501701421427,0.0001219940760439993,0.2419419573318817,1.0314487174951568,0.1177860096991977,0.2355719634395355,0.23498369094600868,0.9975027907186468,0.9984687167580113,0.09853838579334022,0.09853838579333939,0.9439187734364681
3,1946,5,1.3004784419586195,1.6912441779991185,0.525464458072172,1.036234819948809,1.0530795220676736,4.4426461209194645,0.11770479569861117,0.5824345859067768,0.15021239453379626,0.584271091103165,1.003153152715902,0.0034236210025101904,0.6636603959620759,1.1394591118397266,0.11888384783478897,0.5943896311986541,0.5916021006926669,0.9953102639082604,0.9876082089956754,0.06505217332232999,0.06489603888253748,0.8700896710525454
3,1946,10,1.6828555864350059,2.8320029247955074,1.0409842085977152,1.036234819948809,1.0530795220676736,4.4426461209194645,0.11770479569861117,1.1640444253179134,0.301548094648042,1.1795482003308533,1.0133188860113345,0.029749540304989136,1.5780772856322254,1.355684758510169,0.12332574842613639,1.2322099322671691,1.2385547290256262,1.0051491199610623,0.9523585617074874,0.06092264617696583,0.06125088520643124,0.7756773228282078
3,1946,20,2.4827500109193323,6.1640476167199445,1.818733642398821,1.036234819948809,1.0530795220676736,4.4426461209194645,0.11770479569861117,2.3086927266913615,0.5802822265800207,2.38579937646772,1.0333984028644907,0.23301483210864193,4.274548815040268,1.8515018328862745,0.1332435178265367,2.656532418230119,2.767030845683033,1.041594985513684,0.8622236286920727,0.0808764030922833,0.08417985268344605,0.6611647311471248
3,1946,40,4.540449597012539,20.615682543011324,3.0260520746581308,1.036234819948809,1.0530795220676736,4.4426461209194645,0.11770479569861117,3.402037856247816,0.780283110739884,3.5921033658015493,1.0558681348018155,1.304111171960777,11.668363905156097,3.4298160097563977,0.12977110210188766,5.174200251091865,5.528883363364699,1.0685483930000557,0.6496978014771343,0.1238094571475344,0.12522992539447278,0.531646695053089
3,1946,80,15.888747797805324,252.45230658226356,5.531222346051711,1.036234819948809,1.0530795220676736,4.4426461209194645,0.11770479569861117,5.879071582055196,1.600992219918086,8.585288170876332,1.4603135973171975,6.739678215166057,48.17198816602553,8.19380874916744,0.12741173561423771,10.161743299406869,16.205619720567192,1.5947676735263616,0.5297722838689349,0.17702255846527792,0.17448920377476526,0.4150227175081647
3,1946,160,128.73072300961667,16571.59904657865,9.715445608273814,1.036234819948809,1.0530795220676736,4.4426461209194645,0.11770479569861117,19.486732501478098,3.9630023800391303,26.787110539219455,1.3746332555849274,35.922659963670675,292.55837577635685,15.013208384431092,0.12723961720231475,20.184203262911836,72.2063968772059,3.577371667173212,0.3709797427612068,0.18142289638049142,0.1909064957971657,0.3449421245953015
3,2005,1,1.0534336835078966,1.1097225255490153,0.10411000709191981,1.0252221719112808,1.0534336835078963,4.453756863089817,0.12449042718578798,0.12449042718578791,0.03076865002817319,0.12449042718578791,0.999999999999992,0.0,0.12449042718578791,0.999999999999992,0.1244904271857879,0.12449042718578791,0.12449042718578791,0.999999999999992,0.999999999999992,nan,nan,nan
3,2005,2,1.109320404657793,1.2305917601901295,0.2074951595356485,1.0252221719112808,1.0534336835078963,4.453756863089817,0.12449042718578798,0.24574886818359162,0.06124894143078943,0.245767476257985,1.0000757198783048,0.00015038133604673658,0.2548103623216032,1.0368729842175346,0.12410516873833134,0.2482091377927104,0.24596551442074832,0.9909607543383967,0.9991948539484053,0.04315224791043084,0.04315224791043049,0.932529281726455
3,2005,5,1.2900098318722955,1.664125366327188,0.509299679901934,1.0252221719112808,1.0534336835078963,4.453756863089817,0.12449042718578798,0.5911965625323589,0.15115736928418266,0.5919533122959629,1.0012800307233884,0.004072297947969033,0.6817454975340641,1.1531621473133107,0.12289130134001064,0.6144290962438366,0.5958333581743633,0.9697349325037588,0.9934880351608881,0.042541172783618894,0.04237822544282109,0.8507859394709012
3,2005,10,1.620301418448938,2.6253766866276402,0.9652243854161671,1.0252221719112808,1.0534336835078963,4.453756863089817,0.12449042718578798,1.1137822275162914,0.29599219077651845,1.1239824847621558,1.0091582151284724,0.03526629835421095,1.5123850328655803,1.3578821743620046,0.12057148053210191,1.2054148752673555,1.155656250928133,0.9587207480510082,0.9725923983532817,0.1776705768163802,0.17684341159583072,0.7607706739015577
3,2005,20,2.299603018559353,5.288174042967288,1.665473014823067,1.0252221719112808,1.0534336835078963,4.453756863089817,0.12449042718578798,2.0274192186605053,0.5530589280670958,2.144231240926285,1.0576161166820521,0.30823701039821677,3.748614357895538,1.8489586778072502,0.11729017650396026,2.3445420259157133,2.411022129155317,1.028355261925253,0.8893453174888524,0.2897877803605309,0.29140696351106327,0.666937777928738
3,2005,40,6.942180409511506,48.19386883820534,3.875231810438767,1.0252221719112808,1.0534336835078963,4.453756863089817,0.12449042718578798,4.025439949072627,1.0341721639814176,4.427665291057887,1.0999208402246625,1.5399756213259583,11.589968894502675,2.8791806712140238,0.11786438465824678,4.712558752984557,5.888757795054603,1.2495881969270164,0.751884428796894,0.12551868102076957,0.12341187570196889,0.552579614897161
3,2005,80,32.66510569483185,1067.0091300545362,6.972614808017287,1.0252221719112808,1.0534336835078963,4.453756863089817,0.12449042718578798,11.131151126215304,2.7021201834324744,9.104397947584042,0.8179206125538987,13.523072505645302,40.852775193824165,3.670130315418194,0.11507560183903555,9.195601190850478,14.818858768909859,1.6115160348248305,0.6143791562873367,0.09202258039305193,0.09033201189989704,0.4420658409932917
3,2005,160,799.2125781989081,638740.7451513457,13.367253931395235,1.0252221719112808,1.0534336835078963,4.453756863089817,0.12449042718578798,35.86630338644688,7.890256103014775,67.95347457119927,1.8946327933220308,72.1056497548245,311.3526856296134,8.680924885815443,0.14093097319539982,22.15424703074129,113.49771654475943,5.12306811363391,0.5987210724578838,0.20706361768303985,0.20423905141960655,0.3901472285989524
3,2064,1,1.0485263695168037,1.0994075475720888,0.09477144159466963,1.0266392039754908,1.0485263695168037,4.45508104519453,0.1187207471134778,0.1187207471134778,0.03005848946801219,0.1187207471134778,0.9999999999999916,0.0,0.1187207471134778,0.9999999999999916,0.1187207471134778,0.1187207471134778,0.1187207471134778,0.9999999999999916,0.9999999999999916,nan,nan,nan
3,2064,2,1.0992262260148042,1.2082982959587496,0.18921300277019193,1.0266392039754908,1.0485263695168037,4.45508104519453,0.1187207471134778,0.2363430868251192,0.059834929878107575,0.2363527237390591,1.0000407751039744,0.00016024395073908408,0.2440148976340346,1.0324604832405828,0.11913324831032371,0.2382650732471599,0.23655257269783297,0.9928126245026627,0.9991551604935189,0.14083327867426282,0.14083327867426162,0.9400474759113602
3,2064,5,1.2632848106366559,1.5958885127852915,0.46743064244314847,1.0266392039754908,1.0485263695168037,4.45508104519453,0.1187207471134778,0.57908125092869,0.14668406777332896,0.5795728486748583,1.0008489270639982,0.004665954185357561,0.6569787238922615,1.1345190728220675,0.11937908165541694,0.5968913639098694,0.5828460416247816,0.9764692151129705,0.9943841208206549,0.18531741938632013,0.18538478656745858,0.8649749284443147
3,2064,10,1.5693784532396633,2.462948729492918,0.9013593026379054,1.0266392039754908,1.0485263695168037,4.45508104519453,0.1187207471134778,1.1025982155348053,0.279238807607291,1.1097201391109506,1.006459219211315,0.037510587769700746,1.4549900121290962,1.319601275994597,0.1168582644628437,1.168145074786146,1.1369559674588516,0.9733003134623452,0.9760449576523395,0.18671692515185598,0.18626273292547507,0.777492136929
3,2064,20,2.292589493548876,5.255966585930691,1.659363923842979,1.0266392039754908,1.0485263695168037,4.45508104519453,0.1187207471134778,1.9946166458405208,0.48726800643209695,2.018402857392643,1.0119252045758886,0.2064819157366316,3.47746895234752,1.7434272192600353,0.11103440029063544,2.2168557731813543,2.3321105747529747,1.0519902119776694,0.8654833433901129,0.1801516780307195,0.17321917207469947,0.697247365622497
3,2064,40,3.3991416139984603,11.554163712016058,2.4470458665521,1.0266392039754908,1.0485263695168037,4.45508104519453,0.1187207471134778,4.325854614046124,0.893215820625516,4.193153281146809,0.9693236724904178,1.4069831631259029,13.729731308222913,3.1738771949575555,0.13519680856069777,5.302883512415736,6.7980049676411305,1.2819449930825066,0.6168211557812099,0.24864616702142656,0.2785010949009695,0.5202388868135667
3,2064,80,13.606180496525289,185.12814770402514,5.221048275571164,1.0266392039754908,1.0485263695168037,4.45508104519453,0.1187207471134778,7.845466234654706,1.6578015627964038,4.443652002245785,0.5663974414442634,7.999739892509978,61.51402655647155,7.840710126920697,0.15144594252947957,11.932826798810574,25.997093664740223,2.17861987801009,0.1709287991785288,0.2042739624567982,0.2047656653655949,0.4939888493582526
3,2064,160,320.7348920656253,102870.8709883483,11.541229800973147,1.0266392039754908,1.0485263695168037,4.45508104519453,0.1187207471134778,10.999248781574412,2.4094940938625693,12.706841222697829,1.1552462786353117,15.23706423870907,347.61717083374816,31.603719284544706,0.15757888546493212,24.92349428065304,105.0819262776437,4.216179525004002,0.12092318510724925,0.1358222675981979,0.13184685109426114,0.31648404651856854
3,2123,1,1.0556214786289015,1.1143367061426683,0.10825934551609537,1.0295992736343103,1.0556214786289027,4.458379789510432,0.16985492362720028,0.1698549236272004,0.03428225441892202,0.1698549236272004,0.9999999999999941,0.0,0.1698549236272004,0.9999999999999941,0.1698549236272004,0.1698549236272004,0.1698549236272004,0.9999999999999941,0.9999999999999941,nan,nan,nan
3,2123,2,1.1150886462153615,1.2434226889184077,0.21786781016804493,1.0295992736343103,1.0556214786289027,4.458379789510432,0.16985492362720028,0.3448853696719556,0.06983127828965377,0.34500103545500677,1.0003353745714414,0.0005256598162146962,0.3513951311572766,1.0188751453606508,0.17095232257054424,0.34189764536841427,0.345459191226545,1.0104169944027896,0.9986737774441242,0.004082136776275835,0.004082136776275811,0.9669034837610605
3,2123,5,1.3175900156655571,1.736043449381563,0.5516086443705529,1.0295992736343103,1.0556214786289027,4.458379789510432,0.16985492362720028,0.8953508762809739,0.18320872826297915,0.8987020955189712,1.0037429116637673,0.01690956776112925,0.9722594775622859,1.085897722690312,0.17406578479074977,0.8702101397456302,0.9077621290275331,1.0431527829506542,0.9900193748793324,0.009329981564092725,0.00924251825724785,0.9202608230242105
3,2123,10,1.7297475440730896,2.992026566226885,1.0959509391593376,1.0295992736343103,1.0556214786289027,4.458379789510432,0.16985492362720028,1.8481250338513848,0.385393976655671,1.8741922225532004,1.0141046672840592,0.16100101642250247,2.2670862951500883,1.2266953012511341,0.17742403984760155,1.7738020523602502,1.9448914664937476,1.0964534988026664,0.9636487458768047,0.030176280413539296,0.030008746432227458,0.8522765458162348
3,2123,20,2.7295667120388933,7.450534435470815,2.00828576612335,1.0295992736343103,1.0556214786289027,4.458379789510432,0.16985492362720028,3.535152719221312,0.7481634371583925,3.673883944507781,1.0392433471210902,1.0870857518223978,5.545765753889289,1.56874856459125,0.1753338382733357,3.5048828944198163,4.151299112839004,1.1844330432404337,0.8849962011037245,0.11243993814225767,0.11005964656364566,0.7626501570940715
3,2123,40,7.262615414602318,52.7455826604192,3.9654800278149924,1.0295992736343103,1.0556214786289027,4.458379789510432,0.16985492362720028,4.832046463169694,1.0463021802357493,5.654466165613476,1.170201116382539,3.729876378895544,17.588386363639685,3.6399456209082413,0.16677761235641275,6.6430535086099045,9.152662960973046,1.3777795029214344,0.6177946450911738,0.1343183867291377,0.13247871736652106,0.5553849852130729
3,2123,80,16.265450574302754,264.5648823850858,5.578086523239741,1.0295992736343103,1.0556214786289027,4.458379789510432,0.16985492362720028,7.428046190337377,1.7330275854592834,9.818701664748122,1.321841762039738,6.321582340395887,65.93552845560299,8.87656414164116,0.1684566839652362,13.434505859945837,20.458638294698446,1.5228426343312433,0.4799293835353888,0.1332398167387753,0.13523167884073095,0.3870465334249192
3,2123,160,145.78121448234393,21252.162495947163,9.964213933690067,1.0295992736343103,1.0556214786289027,4.458379789510432,0.16985492362720028,12.811119378201168,2.6899787111659044,16.81726712807567,1.31270864251653,24.664483691934432,418.2780452321431,32.64960952154317,0.16381356967074834,26.018695047198715,81.64128726428983,3.137793310394315,0.20598973499321094,0.1311087247332895,0.13021426617682044,0.28819560457683147
3,2182,1,1.0500809657338088,1.1026700345964486,0.0977345428385334,1.0243837416996513,1.0500809657338093,4.453816626245799,0.16938089319785216,0.16938089319785218,0.038187570649325,0.16938089319785218,0.9999999999999941,0.0,0.16938089319785218,0.9999999999999941,0.16938089319785218,0.16938089319785218,0.16938089319785218,0.9999999999999941,0.9999999999999941,nan,nan,nan
3,2182,2,1.1027954621588643,1.2161578313581831,0.1956965706460866,1.0243837416996513,1.0500809657338093,4.453816626245799,0.16938089319785216,0.33447319701892014,0.0751933558781907,0.3344230324361684,0.9998500191250006,0.0003612058378262213,0.34556548223508793,1.0331634502107483,0.16849557206285035,0.3369864677742134,0.3350355153539481,0.9942105912051831,0.9981718865919822,0.05045903777727082,0.050459037777270524,0.9408295552651492
3,2182,5,1.275568358218586,1.6270746364884587,0.4867837008715569,1.0243837416996513,1.0500809657338093,4.453816626245799,0.16938089319785216,0.8116994069959055,0.18129566334059408,0.8102686080031478,0.9982372797362831,0.009872375276224017,0.9234995226778162,1.1377358597509404,0.166651377000818,0.8332147929240571,0.8220225172926623,0.9865673584693354,0.9857012319708381,0.030378882884619485,0.030186485937833574,0.8696519102991346
3,2182,10,1.6044652027470163,2.574308586826024,0.9455809880899669,1.0243837416996513,1.0500809657338093,4.453816626245799,0.16938089319785216,1.593569616516027,0.35587907188939516,1.5791528599070186,0.9909531679949268,0.07887687850296479,2.091447002690472,1.3124290153466516,0.16583982748305173,1.6583356003532197,1.66051978811772,1.001317096348914,0.9509991216046055,0.05289844125606068,0.05299387133678747,0.7888030524824283
3,2182,20,2.4577795284519994,6.040680210477733,1.7985166232345982,1.0243837416996513,1.0500809657338093,4.453816626245799,0.16938089319785216,3.1490383514078357,0.7314703553458529,3.013369650577187,0.9569174186875189,0.45642334407995694,5.297171610030279,1.6821553181980395,0.16198504025182747,3.237774010675904,3.462718833083754,1.0694751460930068,0.8702322642504601,0.15730641086559646,0.15541200872851332,0.6772935021966948
3,2182,40,4.551967472604363,20.720407871648153,3.0311191021226405,1.0243837416996513,1.0500809657338093,4.453816626245799,0.16938089319785216,4.078230868230236,0.9089292044201706,4.157715963176104,1.0194900920310968,2.5636350633947687,17.4335523695587,4.274783094151816,0.15622865225469992,6.208880725820821,7.288543180086603,1.1738900297723225,0.5704454045817563,0.1550583487923214,0.16038840556242853,0.47035050828151764
3,2182,80,14.37744766570991,206.71100138022734,5.331321689171852,1.0243837416996513,1.0500809657338093,4.453816626245799,0.16938089319785216,5.553260634804517,1.1443808211455564,5.2895311150209015,0.9525090686126422,5.964256281759565,64.86671728451464,11.680834297235902,0.16399334622456987,13.017219831155483,24.321275201572437,1.8683924460860504,0.21748576385003524,0.22825113305672723,0.23377334170907724,0.4407530291399058
3,2182,160,142.62057462919458,20340.62830756166,9.920375559369393,1.0243837416996513,1.0500809657338093,4.453816626245799,0.16938089319785216,8.688054085559028,1.898293071815031,13.320113190639013,1.5331526552970274,15.105984858436662,774.7034975926096,89.1688161656698,0.1561697251836771,24.79727629610013,111.00205033286133,4.4763807527651185,0.1199988031815273,0.1103643163682407,0.10916095936149646,0.25798218019655256
3,2241,1,1.0646762348124654,1.1335354849744481,0.12534149614323165,1.026924448157367,1.0646762348124652,4.4562210416004016,0.14572237388614023,0.14572237388614023,0.029701273392693687,0.14572237388614023,0.9999999999999931,0.0,0.14572237388614023,0.9999999999999931,0.14572237388614023,0.14572237388614023,0.14572237388614023,0.9999999999999931,0.9999999999999931,nan,nan,nan
3,2241,2,1.133176552513815,1.2840890991670952,0.2500495947349494,1.026924448157367,1.0646762348124652,4.4562210416004016,0.14572237388614023,0.29352043903720887,0.05989856387461845,0.29354924589035275,1.000098142579908,0.00023691928995567125,0.30190375595089036,1.0285612713757821,0.14628997503654548,0.29257775629132876,0.2940532280187476,1.005043007185921,0.9982860853737551,0.2948421027020911,0.2948421027020891,0.9493672345435555
3,2241,5,1.3580830983671113,1.8443897020704128,0.6121484379854515,1.026924448157367,1.0646762348124652,4.4562210416004016,0.14572237388614023,0.7560123345794973,0.15500066623831982,0.756798432108459,1.0010397945813911,0.0068177341064629676,0.8417528579496525,1.1134115403260503,0.14901036634530748,0.7449280907259572,0.767728548355313,1.0306075954353326,0.985763045714178,0.3778153491249875,0.3783801218332037,0.8948907342219939
3,2241,10,1.7847831563468537,3.1854509151794375,1.1585938536280125,1.026924448157367,1.0646762348124652,4.4562210416004016,0.14572237388614023,1.5994152374316075,0.3305655617871268,1.6065654874239654,1.0044705401230507,0.07866106242001539,2.0554797803731732,1.285144553001713,0.1578479933732773,1.5752830197881433,1.7038996463786673,1.0816466787078174,0.9428756504753263,0.4661405514509296,0.4691228857560728,0.8198118932558166
3,2241,20,3.015876219136763,9.095509369154657,2.2077808158064216,1.026924448157367,1.0646762348124652,4.4562210416004016,0.14572237388614023,3.353359734154974,0.6927065903265872,3.580339835186127,1.0676873699887584,0.6889902698994478,6.084019377491842,1.8143056098408648,0.17629332009272697,3.5043699282226193,4.165375349187044,1.188623186051502,0.8595479482743136,0.3445365025496468,0.33611950639524174,0.6946008623505892
3,2241,40,8.133626911099663,66.15588672896465,4.192013877213245,1.026924448157367,1.0646762348124652,4.4562210416004016,0.14572237388614023,7.935805597285609,1.635307294803502,7.31127225678146,0.921301834722644,5.320826220156248,20.69024181961765,2.6072011928687635,0.1609635045145249,6.367635398544813,9.468151889734246,1.4869180311262777,0.772196342214222,0.21270793284965359,0.20694332612591937,0.5113545363078528
3,2241,80,41.80913095456381,1748.003431175866,7.4662295191288095,1.026924448157367,1.0646762348124652,4.4562210416004016,0.14572237388614023,13.007025318388633,3.121980980315469,14.134849068974503,1.0867088148887827,17.385903161252216,120.46002184290629,9.261150716190762,0.15241948923115375,12.088541662611235,25.701987324992018,2.126144579084005,0.549951600638683,0.13591818613084308,0.13741571939528227,0.2999150816160274
3,2241,160,257.9589706271893,66542.8305270391,11.105601087396893,1.026924448157367,1.0646762348124652,4.4562210416004016,0.14572237388614023,24.080244899768534,5.064626748665229,62.79802940401167,2.607865063889583,68.85606189791582,660.8532610387219,27.443793191865513,0.1730909156993236,27.23620943559326,135.17159380929917,4.962937083038143,0.4645800765847851,0.1784105523408316,0.18378591415225512,0.32122397603381364
3,2300,1,1.067969632529334,1.1405591360048406,0.1315186123449051,1.0398155976456862,1.0679696325293346,4.442867565436838,0.14817013758818323,0.14817013758818337,0.036894556908751916,0.14817013758818326,0.9999999999999926,6.815675334009105e-16,0.14817013758818326,0.9999999999999926,0.14817013758818326,0.14817013758818326,0.14817013758818326,0.9999999999999932,0.9999999999999932,nan,nan,nan
3,2300,2,1.1407396970451273,1.3012870564146088,0.2633538180936167,1.0398155976456862,1.0679696325293346,4.442867565436838,0.14817013758818323,0.2919425437414124,0.07285453314372972,0.29194903561382846,1.0000222368152716,0.00023207130276470868,0.30574339952854485,1.0472725064674215,0.14787661683245398,0.29575264989476946,0.2921999304537301,0.9879875313296282,0.9991413590019921,0.007479040158807113,0.007479040158807062,0.9143690370438539
3,2300,5,1.389493210065942,1.9306913808193562,0.6578781671721304,1.0398155976456862,1.0679696325293346,4.442867565436838,0.14817013758818323,0.6970304104282093,0.1742151587367746,0.6975276412851401,1.0007133560451462,0.006254137031286989,0.8392976874942587,1.204104835223256,0.1469738732514254,0.734856728584262,0.7025306622675168,0.9560103826238022,0.9928785727782617,0.027133470080342056,0.02705837890419428,0.8087259555186568
3,2300,10,1.9059625874276065,3.6326933846737366,1.2899743523952054,1.0398155976456862,1.0679696325293346,4.442867565436838,0.14817013758818323,1.286677435638892,0.3185043500884709,1.2935209701618227,1.0053187646984199,0.049195291142246335,1.9492499253519686,1.514948402265311,0.1448414147264732,1.4481854431528727,1.3332067023473837,0.9206049602631224,0.9702328737804219,0.05493680010313703,0.054530289839404396,0.6833995469349136
3,2300,20,3.086107653659817,9.524060449977702,2.2538212757251896,1.0398155976456862,1.0679696325293346,4.442867565436838,0.14817013758818323,2.2278283829612575,0.5357063244457355,2.25092040294135,1.010365259800397,0.2501953044112996,4.86796170983656,2.1850703344420106,0.1374791482321653,2.744421780369443,2.5685999670335287,0.935934842598339,0.876321899801678,0.12583679705471407,0.12412244557002865,0.5742890513863236
3,2300,40,5.491021950098328,30.151322056461645,3.4062287715140522,1.0398155976456862,1.0679696325293346,4.442867565436838,0.14817013758818323,4.533307538283642,1.0069771759530888,4.576592239371,1.0095481501578745,1.5612214857926867,14.123635793513909,3.1155256232320965,0.14768413138435374,5.879986041122757,6.674640604998902,1.1351456548227465,0.6856687138995032,0.06840887004204384,0.07227568282998596,0.523151211373736
3,2300,80,21.690260503642552,470.46740071587607,6.15372667015504,1.0398155976456862,1.0679696325293346,4.442867565436838,0.14817013758818323,6.730537901159724,1.4501859010283307,11.124685672091791,1.6528672500566293,12.208053503477181,61.84067175693298,9.18807273134549,0.16914081656512506,13.35685107442024,22.793923251742797,1.7065342066585987,0.48805488854320905,0.18307955377693677,0.17980709220026672,0.45809109140774207
3,2300,160,172.9962551140842,29927.7042834973,10.306539895048175,1.0398155976456862,1.0679696325293346,4.442867565436838,0.14817013758818323,16.902043574977466,3.7212174150994604,23.91793159716333,1.4150911096083374,28.53997004750498,382.24662496114024,22.6154087974921,0.17273871825145476,27.12431579913621,87.62888776221276,3.230639563819094,0.27294573978921594,0.14016603357639196,0.1455755931978737,0.3294956550457744
3,2359,1,1.0564889929343193,1.1161689921913722,0.10990227919003251,1.0280663468119973,1.0564889929343204,4.452865649433139,0.16959351546356213,0.1695935154635622,0.03578794279213846,0.1695935154635621,0.9999999999999937,5.162835502930473e-16,0.1695935154635621,0.9999999999999937,0.16959351546356213,0.1695935154635621,0.1695935154635621,0.9999999999999941,0.9999999999999941,nan,nan,nan
3,2359,2,1.1151710918478643,1.243606564093158,0.21801567748795092,1.0280663468119973,1.0564889929343204,4.452865649433139,0.16959351546356213,0.3341248189606675,0.07072202689419765,0.3341940820285791,1.0002072969859768,0.0002650441437379256,0.34243082529903884,1.0248589924095046,0.1665246484216768,0.3329916689924091,0.33484363626396974,1.0055616024183531,0.9980601266828928,0.22891141017754263,0.2289114101775413,0.9576212042190371
3,2359,5,1.3016656864060465,1.6943335591669242,0.5272894830842275,1.0280663468119973,1.0564889929343204,4.452865649433139,0.16959351546356213,0.8043378753469971,0.17173263886204454,0.8064329461999887,1.00260471490552,0.006282421187122177,0.8874674886712017,1.10335160866115,0.15904305977347338,0.7944550998723569,0.821173691781687,1.0336313429338195,0.9820491745787466,0.2655722849225224,0.264770053744618,0.9139598862968209
3,2359,10,1.6266932133161665,2.646130810248875,0.9730985014507192,1.0280663468119973,1.0564889929343204,4.452865649433139,0.16959351546356213,1.5470546730979984,0.33355109788007725,1.5596514938662944,1.0081424535198034,0.041111621289898745,1.9692281662770028,1.2728885413814075,0.15579482556750698,1.5565676904212147,1.6981144821243914,1.0909351983689655,0.9184607458945425,0.18884476868791175,0.19026939463425835,0.860796309327225
3,2359,20,2.300714655774281,5.293287927294568,1.6664395891470678,1.0280663468119973,1.0564889929343204,4.452865649433139,0.16959351546356213,3.044444545709086,0.656564588258421,3.2085440493689754,1.0539012950297204,0.43640339678858187,5.383181522330678,1.7681982514405996,0.17634695655876048,3.4969070072041886,4.123752631111961,1.179257161433338,0.7780641411809897,0.25387471846984594,0.2506553490682826,0.7683988143263213
3,2359,40,3.969108568072548,15.753822825146912,2.757083054877084,1.0280663468119973,1.0564889929343204,4.452865649433139,0.16959351546356213,6.805375285776682,1.4268109338106314,6.8834149642521325,1.0114673585509022,1.7576928379532035,19.500747711178843,2.865491893141535,0.2022166294939055,7.99238992298087,10.888504744649767,1.3623590502437286,0.632172655996169,0.2696099688620716,0.27831483194017953,0.5932853437258806
3,2359,80,11.336914072753194,128.5256206929894,4.856128267285981,1.0280663468119973,1.0564889929343204,4.452865649433139,0.16959351546356213,6.935719342017296,1.6037953851203248,8.604543935257983,1.2406130512131273,7.000651926496089,69.11749051766125,9.965439359539886,0.1849770734536946,14.571055935518224,25.381148506145944,1.7418880703269537,0.3390131826845592,0.18446592397998304,0.17684171542239246,0.43522952727181546
3,2359,160,47.687455127564185,2274.0933765434474,7.7293367361514465,1.0280663468119973,1.0564889929343204,4.452865649433139,0.16959351546356213,12.30178794365419,2.884893963030538,29.63790007776287,2.4092351626863646,27.3094001906058,339.5170848721975,27.599003204029007,0.1775261730366622,27.726935772049366,88.2869471886218,3.1841581022314416,0.3356996817937604,0.14572174092930493,0.14391702605488332,0.3267377525154323
3,2418,1,1.0583173596398125,1.1200356337149844,0.11336050061784114,1.0259499073992768,1.0583173596398134,4.4484445296872215,0.17516264562767256,0.17516264562767273,0.03906924045820721,0.17516264562767273,0.9999999999999943,0.0,0.17516264562767273,0.9999999999999943,0.17516264562767273,0.17516264562767273,0.17516264562767273,0.9999999999999943,0.9999999999999943,nan,nan,nan
3,2418,2,1.1185358711617346,1.2511224950755404,0.22404114441739778,1.0259499073992768,1.0583173596398134,4.4484445296872215,0.17516264562767256,0.3511081215338694,0.07830250696591937,0.3511531063254137,1.0001281223326501,0.0002594539442317352,0.36392524928563086,1.0365047885983578,0.17700597844651522,0.3539929573433625,0.3515810303906878,0.9931865114753223,0.9987828579238204,0.17852554173377685,0.17852554173377583,0.933308716829283
3,2418,5,1.3127372673653506,1.7232791331298478,0.5442289485625822,1.0259499073992768,1.0583173596398134,4.4484445296872215,0.17516264562767256,0.8773665053983288,0.19548210406806554,0.8787217183536186,1.0015446372148358,0.008058734617033513,1.0056051920232505,1.1461631893124293,0.18094754694646006,0.904564703225858,0.8860485248810532,0.9795302886805405,0.9917309195583626,0.23417946552786228,0.23483997464392797,0.8568109969289714
3,2418,10,1.7089020948956444,2.9203463699387218,1.0717022290874412,1.0259499073992768,1.0583173596398134,4.4484445296872215,0.17516264562767256,1.7023517717129804,0.38016688400652054,1.7140643645248377,1.006880242383788,0.07914410912835133,2.268661797224387,1.3326633395761438,0.1798803779975791,1.7982407490254286,1.7635690746328536,0.9807191142724541,0.9719292480118347,0.31946584154823304,0.31973106242818533,0.7725146983784597
3,2418,20,2.88488270477743,8.32254822032394,2.118968484421293,1.0259499073992768,1.0583173596398134,4.4484445296872215,0.17516264562767256,2.9466269528637445,0.6788313500965844,3.043669097942809,1.0329332985245216,0.6070845688692179,5.301364909801992,1.799129986457818,0.16040192895494235,3.171345224172118,3.4432689372091603,1.085743964726523,0.8839475374844709,0.3472921593636558,0.34354796665302495,0.6932685560906903
3,2418,40,5.12996848547444,26.31657666196092,3.2701990319628766,1.0259499073992768,1.0583173596398134,4.4484445296872215,0.17516264562767256,3.6323345677823973,0.8152241465318174,5.29022731003002,1.4564262215690649,2.934634196636958,15.822497011797065,4.35601311402792,0.14842436060220124,5.839025654814962,8.897606374862011,1.5238169689363994,0.594567469850796,0.23413779560954395,0.24110812132722562,0.6159639697174389
3,2418,80,8.022516714548237,64.36077443520584,4.164504354917012,1.0259499073992768,1.0583173596398134,4.4484445296872215,0.17516264562767256,4.575387441540281,1.0306741078318242,5.082284401642755,1.110787767501462,4.321722343126558,59.89235309597103,13.090116162011531,0.17427031129672407,13.672065581916542,17.071923524485303,1.2486718573867586,0.29769840488996563,0.09712133064158134,0.09882300305260687,0.3524740860372776
3,2418,160,61.062559910495814,3728.6362228228904,8.22379782187307,1.0259499073992768,1.0583173596398134,4.4484445296872215,0.17516264562767256,8.796598824420746,2.017245763295332,13.678004252571357,1.5549196371896665,15.913224319347492,268.3256397817226,30.50333943123656,0.16459930524212693,25.74644336547557,76.29738143063193,2.9634144160254046,0.179272263295263,0.23568513270103858,0.25032218767069214,0.38017320200330085
3,2477,1,1.0690414529561187,1.1428496281385294,0.13352481722411796,1.024059113243223,1.0690414529561192,4.457899659328189,0.16772087453451934,0.1677208745345194,0.032787371838956025,0.1677208745345194,0.999999999999994,0.0,0.1677208745345194,0.999999999999994,0.1677208745345194,0.1677208745345194,0.1677208745345194,0.999999999999994,0.999999999999994,nan,nan,nan
3,2477,2,1.140358748992847,1.3004180764045312,0.26268581000043967,1.024059113243223,1.0690414529561192,4.457899659328189,0.16772087453451934,0.3348007447864273,0.06534728999841709,0.334799684478816,0.9999968330189558,0.00026469501081617024,0.3489665449057478,1.0423111368176794,0.1687963084232009,0.3375858082906561,0.3357130869499243,0.9944526064344493,0.997279216966464,0.08711362304241854,0.08711362304241803,0.9260003420921082
3,2477,5,1.357698534874302,1.8433453115998264,0.611582025000442,1.024059113243223,1.0690414529561192,4.457899659328189,0.16772087453451934,0.8342730692267413,0.1630412735176772,0.8331773861194042,0.998686661301013,0.007635193569651836,0.9884246689460836,1.1847735536545834,0.17420994831315628,0.8706487256256689,0.8511675198555336,0.9776244940160722,0.9788641679616912,0.04425032507830037,0.0440303194816588,0.8328720892326756
3,2477,10,1.679522835098326,2.8207969536167186,1.0370194526895011,1.024059113243223,1.0690414529561192,4.457899659328189,0.16772087453451934,1.6560941492210224,0.3322069354467698,1.635562005595869,0.9876020674097471,0.07263411712850545,2.434048283417984,1.469752359527921,0.18722240597543913,1.8667743127635767,1.7693600523344257,0.9478167983333026,0.9243805428058411,0.022296079592596975,0.023042332041538584,0.7105335313952313
3,2477,20,2.528579646846488,6.393715030446311,1.8553154813689323,1.024059113243223,1.0690414529561192,4.457899659328189,0.16772087453451934,3.2893793169084233,0.7338355722457872,3.282169091639664,0.997808028635768,0.713739364079118,6.659840482625008,2.0246495891767102,0.20565586756128845,4.0920402514477265,3.9255863373023896,0.9593225129966774,0.8360965240915134,0.1377530854901385,0.14530135561177743,0.6065142934536476
3,2477,40,4.384642023338632,19.225085672827092,2.956215971705684,1.024059113243223,1.0690414529561192,4.457899659328189,0.16772087453451934,4.996681203072224,1.1762604006105217,6.113414809330808,1.2234950682008603,3.58526101098467,19.104632161436218,3.8234642925967894,0.1789028947758457,6.909796484008525,7.904652261103668,1.1439775801497998,0.7733945286136138,0.10027357005879184,0.08019708393481861,0.49234414019172634
3,2477,80,9.68427868308838,93.78525361172,4.541007632690767,1.024059113243223,1.0690414529561192,4.457899659328189,0.16772087453451934,5.484531074713833,1.2103556777395434,10.486039090770797,1.9119299258082747,9.36017108210001,67.91538156577451,12.383078998110724,0.16782595376479548,13.00385039517868,22.786244276566475,1.752269026796457,0.46019163858234896,0.24430183294426727,0.24428449875978575,0.44217733209366217
3,2477,160,126.05589042880031,15890.08751179771,9.673450766865987,1.024059113243223,1.0690414529561192,4.457899659328189,0.16772087453451934,11.341201617074855,2.631702283078947,36.8463419939585,3.248892245993064,41.65893225786268,529.1892412402083,46.660773620626074,0.15472235845290588,24.115965514206525,109.52519440324284,4.54160520086672,0.3364188686878747,0.179526359371623,0.16840954653153498,0.29851500232448525
3,2536,1,1.055138232636096,1.1133166899704243,0.10734356908039863,1.0218537835455028,1.0551382326360974,4.45511126975076,0.19583560182903523,0.19583560182903523,0.045951076914626555,0.19583560182903523,0.9999999999999949,0.0,0.19583560182903523,0.9999999999999949,0.19583560182903523,0.19583560182903523,0.19583560182903523,0.9999999999999949,0.9999999999999949,nan,nan,nan
3,2536,2,1.1123126019757825,1.2372393245141355,0.21288254641427876,1.0218537835455028,1.0551382326360974,4.45511126975076,0.19583560182903523,0.39132377369185095,0.09187747976180857,0.3913772125604071,1.0001365592180893,0.00040827303889370267,0.39817282101582285,1.0175022520593502,0.19377151388073363,0.38752080271716394,0.39187416903600636,1.011233890641011,0.998731846814954,0.4104197192358138,0.41041971923581166,0.9694962246360275
3,2536,5,1.2951042039904495,1.6772948991937358,0.5171823166322906,1.0218537835455028,1.0551382326360974,4.45511126975076,0.19583560182903523,0.9639232122072249,0.2259885275218374,0.9628924032939992,0.998930610965508,0.011054730196016617,1.0411973034368944,1.0801662313460878,0.18658006492350893,0.9322597457240127,0.9750521336731253,1.045901786648396,0.9875291484842763,0.06235386074926957,0.06173138029622255,0.9257390312233936
3,2536,10,1.6341236515430062,2.6703601085322486,0.9822133354271894,1.0218537835455028,1.0551382326360974,4.45511126975076,0.19583560182903523,1.795034837176787,0.4146302098859281,1.76242517110274,0.9818334076873203,0.10848190461782889,2.277592768817181,1.2688292848953031,0.17613260798488758,1.7570548218093185,1.8786373370726253,1.06919676822497,0.9381401808233125,0.12341556622509636,0.119639577040078,0.8216973337045006
3,2536,20,2.417285992061864,5.843271567418509,1.7652908398871778,1.0218537835455028,1.0551382326360974,4.45511126975076,0.19583560182903523,2.6105164888956605,0.5774205150136842,2.4408130543099076,0.9349923912346004,0.6701557688384598,5.296272609007903,2.0288217414203764,0.16316717008434967,3.2474293684675914,3.519954235077089,1.083920182916279,0.6934218149732426,0.28876551617768864,0.28072553060765193,0.6854193328845372
3,2536,40,4.234464020271423,17.930685538973222,2.886513521073151,1.0218537835455028,1.0551382326360974,4.45511126975076,0.19583560182903523,4.0015905205343945,0.9144956001574158,2.9520643198504932,0.7377227391712877,1.9887430786857527,14.395256536914998,3.5973837060651004,0.16171434558672934,6.450766981451095,8.316364241639572,1.2892054953392242,0.35497054170254727,0.3117672865698057,0.31994999908918986,0.6052870346939054
3,2536,80,15.319875030147603,234.69857093934002,5.4583020139562075,1.0218537835455028,1.0551382326360974,4.45511126975076,0.19583560182903523,8.607707104468293,1.9376947624215557,4.4255751419040985,0.5141410004072705,9.470025986054143,75.76122312802542,8.80155681513576,0.14807689593651077,11.695922927564801,23.860428513924774,2.0400637608247925,0.18547760528782478,0.10281787294223273,0.1036575973277025,0.3856380829640859
3,2536,160,209.13811152402735,43738.7496918365,10.685989708816175,1.0218537835455028,1.0551382326360974,4.45511126975076,0.19583560182903523,19.198068712561366,4.390283514908461,13.101353586508381,0.6824308102374963,23.322272280397875,433.278653026254,22.5688666664037,0.14005470714360524,22.210898156244163,90.1349055860237,4.058138709743443,0.14535271880885925,0.1351355179042655,0.13286200763886655,0.3550398105513776
3,2595,1,1.058620969143348,1.1206783563100011,0.11393417723654829,1.0394373114673863,1.0586209691433464,4.456324477366524,0.11848846571172338,0.1184884657117233,0.02759533838271876,0.1184884657117233,0.9999999999999916,0.0,0.1184884657117233,0.9999999999999916,0.11848846571172332,0.1184884657117233,0.1184884657117233,0.9999999999999916,0.9999999999999916,nan,nan,nan
3,2595,2,1.1202187722847887,1.2548900977792394,0.22704799725849448,1.0394373114673863,1.0586209691433464,4.456324477366524,0.11848846571172338,0.23314860115232305,0.05429929837875849,0.2331349410747407,0.9999414104244424,0.00013523494744912385,0.2406940942688382,1.0323634500881453,0.11688632805069746,0.23375038858147373,0.23344426411810268,0.9986903788043743,0.9986749597616736,0.11367592456010189,0.11367592456010094,0.9422011907322507
3,2595,5,1.3235955050744053,1.75190506105317,0.5607038021493359,1.0394373114673863,1.0586209691433464,4.456324477366524,0.11848846571172338,0.5583230048653085,0.1298017833029969,0.5580229470712843,0.9994625731137523,0.003660776688132929,0.6376657177237222,1.142108980226515,0.11324619847771066,0.5659805678669474,0.5641826393891555,0.9968233388567228,0.989082095251032,0.08771276645185297,0.08773204399593701,0.8660918102329698
3,2595,10,1.7269670302317357,2.9824151235074208,1.0927334164148068,1.0394373114673863,1.0586209691433464,4.456324477366524,0.11848846571172338,1.0577309400082298,0.24377716296059995,1.0571061156527979,0.9994092785492045,0.027367188545384627,1.4475780483199414,1.368569258557074,0.11052367328567204,1.1046408063096123,1.1055253901411464,1.0008007886604229,0.9562024762885204,0.09576040069830927,0.09492613162364112,0.7633252774146613
3,2595,20,2.73643884901506,7.488097574398867,2.0133147698594707,1.0394373114673863,1.0586209691433464,4.456324477366524,0.11848846571172338,1.9018411018868207,0.42873299036434565,1.9075737201055385,1.0030142466755132,0.15227794161637204,3.8770458675023662,2.038575075307784,0.11160220329246644,2.230987289124565,2.2887970731289533,1.0259121978355472,0.833439426544593,0.11902674719901818,0.11966134699605968,0.6133575669513099
3,2595,40,5.564955600906657,30.968730840062374,3.4329780128438903,1.0394373114673863,1.0586209691433464,4.456324477366524,0.11848846571172338,3.2081156218625795,0.7378762165815506,4.009674570830211,1.2498535101120385,1.2846663849560427,14.144185941574639,4.408876614416644,0.12284188109960605,4.889918870401333,6.655816632260995,1.3611302781624117,0.6024316462378435,0.3683412323397689,0.39017178903899435,0.5363121857911349
3,2595,80,22.961222437805606,527.2177358383876,6.267613624197523,1.0394373114673863,1.0586209691433464,4.456324477366524,0.11848846571172338,5.5276908005232475,1.3065277053686966,10.539273470846714,1.906632235987055,8.607467106919186,50.6633369702088,9.165371001831911,0.12606237625585837,10.054776962763198,20.206373134758724,2.009629175225953,0.5215816515195001,0.23031764123987528,0.23778955762301965,0.5067128326250859
3,2595,160,131.47063778074957,17284.528598477056,9.757567079694391,1.0394373114673863,1.0586209691433464,4.456324477366524,0.11848846571172338,6.09567549334562,1.3020482748046787,16.685215069892934,2.7372216726607976,19.913528204097958,268.14000094961057,43.98856225898625,0.1229435360673966,19.496152188355882,65.2540239846015,3.3470206507504905,0.2556963394905772,0.16771439507980568,0.17171518850998554,0.3311564833483161
3,2654,1,1.0549121945833277,1.1128397382806128,0.10691507116259145,1.0347678875999546,1.0549121945833275,4.444237629883826,0.12936686328368416,0.12936686328368416,0.032840570616972195,0.12936686328368416,0.9999999999999922,0.0,0.12936686328368416,0.9999999999999922,0.12936686328368416,0.12936686328368416,0.12936686328368416,0.9999999999999922,0.9999999999999922,nan,nan,nan
3,2654,2,1.1123365058385324,1.2372925022210755,0.21292552642882015,1.0347678875999546,1.0549121945833275,4.444237629883826,0.12936686328368416,0.2591023345857456,0.06588747519506437,0.2591717373565825,1.0002678585314442,0.00016369999934365533,0.2671927570441919,1.0312248149804604,0.13006352015830092,0.2601233286537685,0.2596166637948392,0.9980522129193392,0.9982862177190239,0.42067792911466884,0.4206779291146656,0.9444715686977998
3,2654,5,1.2987934689643517,1.6868644750244544,0.5228714654372575,1.0347678875999546,1.0549121945833275,4.444237629883826,0.12936686328368416,0.6477134388505781,0.1649235842901351,0.6496543105069142,1.0029964974322279,0.004650728747083051,0.7338598077138407,1.1330007433783302,0.13185481120167586,0.6592229047908382,0.6583554414139674,0.998684112201552,0.9867835361269796,0.3842409184731913,0.3839482976313585,0.8761533543467479
3,2654,10,1.6516131000063843,2.727825832112699,1.0035048934095985,1.0347678875999546,1.0549121945833275,4.444237629883826,0.12936686328368416,1.2739268653545808,0.3209810706642256,1.2883930840027804,1.0113556115673659,0.04000781627873944,1.6942437529752599,1.3299380043325233,0.13333143674564607,1.333181352808539,1.3575903547980566,1.0183088384322923,0.9490293441237874,0.3111372736019089,0.3102085314293539,0.7916595716726162
3,2654,20,2.4916374293679455,6.2082570794273035,1.8258801930137292,1.0347678875999546,1.0549121945833275,4.444237629883826,0.12936686328368416,2.349176836478861,0.559047321361648,2.3905683822467894,1.017619595564363,0.3171485076391056,4.190955747838445,1.7840103319425673,0.1315962876466263,2.631342562513924,2.9446667557816517,1.119073889402064,0.8118298539395234,0.2511593959606002,0.25242386538774053,0.7096562847796796
3,2654,40,4.125437996220318,17.01923866065831,2.8343443901034933,1.0347678875999546,1.0549121945833275,4.444237629883826,0.12936686328368416,3.3237172028829165,0.7525957396841295,3.7205899707374006,1.1194062983187152,1.3834896910523842,12.179258022424381,3.6643484625768905,0.1323632349566873,5.293163588006924,7.482390149136491,1.4135951071094504,0.4972461869242112,0.224766557308161,0.22426837556535814,0.6403576009484114
3,2654,80,6.375266790007491,40.64402664377242,3.704851879163535,1.0347678875999546,1.0549121945833275,4.444237629883826,0.12936686328368416,5.840461328639673,1.2776913694081424,6.94484591555567,1.1890920125607993,5.936307141664683,43.09308199313145,7.378369544511381,0.12464439334731257,9.869171063975937,17.815812828266125,1.8051985027695696,0.38981358765383695,0.1440747700500791,0.1414175806259871,0.4589166564993382
3,2654,160,16.98772093231005,288.58266247404504,5.664981569947711,1.0347678875999546,1.0549121945833275,4.444237629883826,0.12936686328368416,7.221090588775173,1.618238876161031,28.83660471000506,3.993386366711716,28.774297688016908,271.9054997848816,37.65435379076191,0.13191524103321048,20.766734627649612,80.56139385790422,3.87934816437832,0.3579457023902495,0.18662490555026323,0.1963418959346491,0.37059397901245755
3,2713,1,1.0493506142686662,1.101136711666027,0.0963430204825546,1.030352330512851,1.0493506142686666,4.45224082067114,0.10689968674053145,0.10689968674053149,0.026432719860304984,0.10689968674053149,0.9999999999999907,0.0,0.10689968674053149,0.9999999999999907,0.10689968674053149,0.10689968674053149,0.10689968674053149,0.9999999999999907,0.9999999999999907,nan,nan,nan
3,2713,2,1.101831148457132,1.2140318797103622,0.1939469523504762,1.030352330512851,1.0493506142686666,4.45224082067114,0.10689968674053145,0.21044698167613732,0.051800358826441295,0.2104529683032069,1.0000284471985337,0.00012248197678826515,0.21669884095828199,1.0297075264864801,0.10566489405787365,0.21131518677428873,0.21111957735085482,0.9990743238741102,0.996842504821137,0.152204152235688,0.1522041522356866,0.9503108514452072
3,2713,5,1.277093674667263,1.630968253875133,0.4891738592404539,1.030352330512851,1.0493506142686666,4.45224082067114,0.10689968674053145,0.5013334733119531,0.12110619193112131,0.5014154690091567,1.000163555201413,0.0032236204892036385,0.5732576316700951,1.1434657013484242,0.1033681168375225,0.5167321626145913,0.5135063066883033,0.9937571992616705,0.976454354071864,0.1662472533861469,0.16684450677215096,0.8767175071215738
3,2713,10,1.6152184153012688,2.608930529128342,0.9589403784058032,1.030352330512851,1.0493506142686666,4.45224082067114,0.10689968674053145,0.9151266777142569,0.21296832904610571,0.9160426456627436,1.0010009192943359,0.024144537174376198,1.269740991804754,1.387502979342956,0.10113899460072572,1.0109873196482981,0.9897805766307505,0.9790237299663401,0.9255007294454954,0.11087284586000044,0.11310039228076586,0.7742741749846955
3,2713,20,2.384507320221038,5.685875160187715,1.7379850573401738,1.030352330512851,1.0493506142686666,4.45224082067114,0.10689968674053145,1.4639351154737348,0.32173106517735156,1.5011361008594724,1.025411635387746,0.12976627428663678,3.1261139173351435,2.13541835583575,0.09609581662075721,1.9183711957942533,1.8679854977718264,0.9737351675562627,0.8036122885590167,0.12748967307504086,0.12214410277109922,0.624500341547194
3,2713,40,4.9140778284343805,24.148160903910355,3.1842082241516008,1.030352330512851,1.0493506142686666,4.45224082067114,0.10689968674053145,2.393995427378788,0.5080626836878417,2.6841003770934675,1.1211802438705232,0.6680099568692435,11.220123570659492,4.686777360700528,0.10175725541926699,4.0371763136029015,4.7395360456910165,1.1739730141885498,0.566321334244042,0.18333667443043547,0.19201794138899794,0.49408630506508205
3,2713,80,22.813214262593373,520.4427449909937,6.254679881987275,1.030352330512851,1.0493506142686666,4.45224082067114,0.10689968674053145,8.33314315274536,1.8763340322131448,10.892679861754,1.307151414789436,8.055764330627966,57.35814754199296,6.883134789673723,0.1335093724673787,10.377713236632623,19.05697405875073,1.8363365439199941,0.5715849655970023,0.1881135133533989,0.20165529102866034,0.41315227622285455
3,2713,160,197.63574220014064,39059.886595000455,10.572851301072653,1.030352330512851,1.0493506142686666,4.45224082067114,0.10689968674053145,10.058723987037437,2.270667019289933,23.239813251005327,2.3104136549481034,27.8098315003597,191.94742171963676,19.08268106044039,0.12727065645133334,19.960724728669355,58.42280887158078,2.9268881599107863,0.3977866470283683,0.16982064825007723,0.17018272495158285,0.3600238158403852
3,2772,1,1.062646034314826,1.1292165942450265,0.12152411286575611,1.0262044323096122,1.0626460343148243,4.45496317043447,0.16162516199410207,0.16162516199410198,0.037079048946984515,0.16162516199410198,0.9999999999999938,0.0,0.16162516199410198,0.9999999999999938,0.16162516199410198,0.16162516199410198,0.16162516199410198,0.9999999999999938,0.9999999999999938,nan,nan,nan
3,2772,2,1.1290510693666398,1.2747563172379528,0.24275503660898198,1.0262044323096122,1.0626460343148243,4.45496317043447,0.16162516199410207,0.325610630988651,0.07463837991070935,0.3255751996496961,0.9998911849442743,0.0002984285583838392,0.3339440599330933,1.0255932336089226,0.1620333626103042,0.3240656994469957,0.3261969406011963,1.0065765712256387,0.9980939706229148,0.4471539394145786,0.4471539394145758,0.9548282203195481
3,2772,5,1.3508452633459678,1.824782925504237,0.6014610350307605,1.0262044323096122,1.0626460343148243,4.45496317043447,0.16162516199410207,0.8270188467501629,0.18845038350970048,0.8263136834612178,0.9991473431449391,0.009363675532295718,0.9159147087567927,1.107489523794956,0.163132717655191,0.8156488969676885,0.8365951563410041,1.0256804851342112,0.9877103365924862,0.41335082126008693,0.4132469292703686,0.896944167853217
3,2772,10,1.7939504430671978,3.218258192180995,1.1688402790934005,1.0262044323096122,1.0626460343148243,4.45496317043447,0.16162516199410207,1.6597743218240388,0.37303936361906637,1.657465584043635,0.9986090050014343,0.08801401115983402,2.0909874499532046,1.259802264958091,0.16168178995853777,1.616587313743803,1.722268395376898,1.0653729500006717,0.9623735699341549,0.3512684007696896,0.35178006116655935,0.8204522661817434
3,2772,20,2.976517775555421,8.859658068197392,2.1815081711180255,1.0262044323096122,1.0626460343148243,4.45496317043447,0.16162516199410207,3.122453590079999,0.7017691777402649,2.944355386979212,0.9429620976059969,0.6200771961436509,5.340120446967722,1.710232127687414,0.15182994874631936,3.028516221304473,3.4175455558640038,1.1284554237559814,0.8615409330614868,0.050004759957646305,0.051648711513511456,0.6579419324584299
3,2772,40,6.871320838989471,47.21505007233096,3.8547126992319107,1.0262044323096122,1.0626460343148243,4.45496317043447,0.16162516199410207,5.679681367928223,1.2729329435024856,4.487417209133961,0.7900825624608647,3.510126120781484,14.689747253290657,2.58636819597664,0.13862131358673732,5.497099378791713,7.5737379539101,1.3777698804446281,0.5924970254373849,0.2051855592344507,0.21307148901996856,0.5597354518439546
3,2772,80,34.37201970771599,1181.4357387876166,7.074485705632451,1.0262044323096122,1.0626460343148243,4.45496317043447,0.16162516199410207,9.506825416293665,2.2098542561220658,9.135707176538597,0.9609629688666614,12.590455784388295,46.493526992187356,4.890541790375417,0.12541776121387324,9.905050950108329,18.025473700210643,1.8198264492534992,0.5068220302266918,0.15577619825966427,0.15236786112029768,0.4890875518233067
3,2772,160,339.39238848545557,115187.19336186239,11.654313852330393,1.0262044323096122,1.0626460343148243,4.45496317043447,0.16162516199410207,39.89025593797979,9.256088514629626,30.218811841235052,0.7575487078402902,59.131261662717506,264.13821788032027,6.621622540878021,0.13648027622908657,21.582525478859974,71.38158583301212,3.3073787357707602,0.42334183933553965,0.17290686243902997,0.162615319830071,0.3516456447422287
3,2831,1,1.0427136528918788,1.0872517619271256,0.08365319302970864,1.0109494824773573,1.0427136528918786,4.44255300966191,0.12507118168117387,0.1250711816811739,0.029812150583001715,0.1250711816811739,0.999999999999992,0.0,0.1250711816811739,0.999999999999992,0.12507118168117387,0.1250711816811739,0.1250711816811739,0.999999999999992,0.999999999999992,nan,nan,nan
3,2831,2,1.0873813618170451,1.1823982260270915,0.16754477089529216,1.0109494824773573,1.0427136528918786,4.44255300966191,0.12507118168117387,0.24865361986302537,0.059504270507670126,0.2486453622055254,0.9999667905196574,0.00015488748241110223,0.2531679531287209,1.0181551077687159,0.12396137754575323,0.24791272904588413,0.2489290145570196,1.0040993680116617,0.9988605090812738,0.5656487121595399,0.5656487121595355,0.9674744458204657
3,2831,5,1.2324322582260006,1.5188892711160393,0.41797932504879176,1.0109494824773573,1.0427136528918786,4.44255300966191,0.12507118168117387,0.6086389485436416,0.14690369901904024,0.6077536596057211,0.9985454612458834,0.0037950040674092117,0.6510397949840621,1.0696650231502216,0.11987427182055399,0.5990421841482023,0.613285328905556,1.0237765304919308,0.990980268010475,0.6024862227446854,0.6025417015030397,0.9316612228520084
3,2831,10,1.502362735310943,2.2570937884509785,0.8140780514474356,1.0109494824773573,1.0427136528918786,4.44255300966191,0.12507118168117387,1.1613885300006177,0.2803789191429639,1.1469906385354711,0.9876028640775882,0.03185196341700282,1.3664180764798244,1.1765382911772826,0.1134846276952768,1.132445645179943,1.1932049040689165,1.0536531348304294,0.9612687935023964,0.49425463562733135,0.498730703031918,0.870377656783752
3,2831,20,2.112564101107441,4.46292708128789,1.4958048470166583,1.0109494824773573,1.0427136528918786,4.44255300966191,0.12507118168117387,2.028359716858924,0.4730196552122723,1.9658253674389121,0.9691699904606408,0.18097570301083593,3.3777093840522814,1.6652417990645818,0.1105145836004785,2.206705619997326,2.3334251343007613,1.057424748074729,0.8424634407771537,0.15707543349407402,0.16141273607807818,0.699232679291323
3,2831,40,3.8691335715932453,14.970194594829904,2.7060611973336846,1.0109494824773573,1.0427136528918786,4.44255300966191,0.12507118168117387,3.1875819289267295,0.7248627021929132,2.959135127126234,0.928332257211216,0.9280435750754326,10.931539801890352,3.4294145360433257,0.1231507245239702,4.889296255743359,5.266537806643859,1.0771566154244308,0.5618748475313736,0.2377872930853519,0.2530016187398257,0.5249725142173082
3,2831,80,11.2647871796798,126.89543020347838,4.843363363067032,1.0109494824773573,1.0427136528918786,4.44255300966191,0.12507118168117387,5.917554343788618,1.2581263423557871,5.716033367531689,0.9659452259245482,5.163222933784889,44.840161002204205,7.577481911808859,0.13882837953605853,10.97875642961155,16.922866276267648,1.5414192294697266,0.33776981240747384,0.22155346426356867,0.22776421071667782,0.41805576225146895
3,2831,160,59.92531712743715,3591.043632823912,8.186198144757643,1.0109494824773573,1.0427136528918786,4.44255300966191,0.12507118168117387,15.843284191535492,4.229030568950232,19.39291591385433,1.2240464590173343,21.929234075599442,264.8240337282986,16.715223341747837,0.12557525069941322,19.647497937772826,77.70458448210977,3.9549353677610366,0.24957235204467554,0.21342690290393065,0.21526979378015332,0.3859127003837336
3,2890,1,1.0538809096921433,1.1106649718135395,0.10495890965711654,1.020474581823199,1.0538809096921447,4.449136483478322,0.16632946337961657,0.16632946337961657,0.03628613649091188,0.16632946337961665,0.9999999999999944,3.469446951953614e-16,0.16632946337961665,0.9999999999999944,0.16632946337961665,0.16632946337961665,0.16632946337961665,0.999999999999994,0.999999999999994,nan,nan,nan
3,2890,2,1.110169649335709,1.232476650306171,0.20902568177039854,1.020474581823199,1.0538809096921447,4.449136483478322,0.16632946337961657,0.3268244589525306,0.0713833628861734,0.32679297721210837,0.9999036738543862,0.0003221766142530612,0.3382067293113655,1.034826862087721,0.164612471762808,0.32920684465636507,0.3274365446677822,0.9946225298248834,0.9980345277087876,0.11844761149611648,0.11844761149611577,0.93857169513083
3,2890,5,1.2938702751031073,1.6741002887953904,0.5152758799474364,1.020474581823199,1.0538809096921447,4.449136483478322,0.16632946337961657,0.7729650787536749,0.1691677726711768,0.7725326941518166,0.9994406156063913,0.009260339256947333,0.8948697646944176,1.1577104700995031,0.16021964553440737,0.8008366997943832,0.7858137300260775,0.9812409074507151,0.9830990025157474,0.09632363729887239,0.09673470073424653,0.8571047224317336
3,2890,10,1.6604545703652356,2.757109380246799,1.0141828049024142,1.020474581823199,1.0538809096921447,4.449136483478322,0.16632946337961657,1.4166033602279153,0.3083506264514219,1.423852388091526,1.0051171895162265,0.0819407224801222,2.0144378244565693,1.4220196570283918,0.15499689801124072,1.5487028564775642,1.5228651143762684,0.9833165271225344,0.9349826026284036,0.1062561925894976,0.10603070104515745,0.7553134449480112
3,2890,20,2.728352230720343,7.443905894876671,2.00739569695865,1.020474581823199,1.0538809096921447,4.449136483478322,0.16632946337961657,2.575423040916944,0.5476484954214652,2.6502942332401704,1.0290714151165505,0.5644902867588885,5.291191405908292,2.0544940857655893,0.1476716192088398,2.9481620842824423,3.246178782229343,1.101085588046776,0.8164350798387191,0.20559588148867872,0.20392460686608144,0.6552306058541814
3,2890,40,7.170611879522149,51.417674726744174,3.93998197963173,1.020474581823199,1.0538809096921447,4.449136483478322,0.16632946337961657,5.043836469106508,1.1655918404678713,4.800956830560392,0.9518462503624465,2.891721197072565,18.041838307885616,3.5770069902923796,0.14729635350024298,5.882054156253635,8.703778217331182,1.47971745688155,0.5515945731476252,0.15991902531653046,0.157010090187129,0.5403958359343709
3,2890,80,43.746107936454656,1913.721959587941,7.556805294787708,1.020474581823199,1.0538809096921447,4.449136483478322,0.16632946337961657,13.124025084879802,2.907351624977354,11.271494649419852,0.8588443390287136,18.467631816584724,50.68395762050743,3.8619217269632045,0.12388833996379386,9.662165056719838,24.072989114380363,2.491469455661812,0.4682216485815073,0.29802862072827174,0.3090334968198658,0.5014487065545061
3,2890,160,508.88836131065295,258967.36427744167,12.464457326091365,1.020474581823199,1.0538809096921447,4.449136483478322,0.16632946337961657,22.62704236169741,5.724879932664853,21.239046103659348,0.9386576364753869,21.21974445010836,179.15873513968884,7.91790337755168,0.11439347232289704,17.92777111417606,82.08251855343416,4.578512188195491,0.25875236868899354,0.2677377254043218,0.27697943362345623,0.47045153784278093
3,2948,1,1.0576410596212809,1.1186046109968257,0.11208202551094883,1.0210138369414812,1.057641059621281,4.448832319138401,0.10092653187736011,0.10092653187736007,0.022536743050525797,0.10092653187736007,0.9999999999999901,0.0,0.10092653187736007,0.9999999999999901,0.10092653187736007,0.10092653187736007,0.10092653187736007,0.9999999999999901,0.9999999999999901,nan,nan,nan
3,2948,2,1.1172412149330202,1.248227932345011,0.22172489136789306,1.0210138369414812,1.057641059621281,4.448832319138401,0.10092653187736011,0.20187161553542912,0.044946131996594106,0.20191122152559873,1.000196193952595,9.033607686953389e-05,0.2090603205808974,1.035610281447446,0.10166360002446387,0.20332189458034852,0.2020843944187514,0.9939135912334858,0.9991430664715514,0.16862529244442068,0.16862529244441898,0.9345996445230794
3,2948,5,1.3053893451506187,1.704041342432761,0.5330026901038636,1.0210138369414812,1.057641059621281,4.448832319138401,0.10092653187736011,0.501111127471715,0.11072003252781339,0.5024505132529568,1.0026728318486926,0.0028200626986215438,0.5735086386992521,1.144473964473324,0.10283788590249297,0.5141614384458851,0.5055597682171153,0.9832704874664068,0.9938498765929802,0.14588851388316437,0.14592422765285487,0.8584424868872953
3,2948,10,1.633538000715802,2.66844639978258,0.9814964303179102,1.0210138369414812,1.057641059621281,4.448832319138401,0.10092653187736011,0.9763774399323837,0.21387230927355572,0.9898558451263142,1.0138045028927163,0.029457954229884557,1.289083140255141,1.3202713290307195,0.10169670038422757,1.0167668556680833,1.0144299895744127,0.9977016696790963,0.975775416045804,0.1435222100848848,0.14334411320807047,0.7841979479832902
3,2948,20,2.1897848559162045,4.795157715199952,1.567606599389887,1.0210138369414812,1.057641059621281,4.448832319138401,0.10092653187736011,1.7588758395902306,0.3872395103379263,1.8372315938621582,1.044548769451618,0.2874354353742479,3.0585235916870306,1.7389081837633178,0.09654145056134911,1.9274631910594846,2.1226790265418143,1.1012812262189156,0.8655249196367212,0.3417738151151602,0.34761906659689373,0.7104596550897915
3,2948,40,3.6828683792367864,13.563519498782194,2.6073837988926445,1.0210138369414812,1.057641059621281,4.448832319138401,0.10092653187736011,2.451448423999231,0.6303606557537608,2.38518398282769,0.9729692697089504,1.1579009417797153,10.008012426352124,4.082489490040056,0.09854086873454324,3.9354670195470205,5.8191554081539785,1.4786441810465922,0.40988490863906074,0.25558076813990227,0.2559908424518258,0.6170992904982301
3,2948,80,7.032518753794986,49.45632002247818,3.9010898562212626,1.0210138369414812,1.057641059621281,4.448832319138401,0.10092653187736011,4.330955307702104,1.0039866222974057,4.486910377420815,1.0360093925331815,2.964104327845741,32.220198229290084,7.4395129804249365,0.10071905179615714,8.003149115517456,14.8347549210529,1.8536147092760664,0.302459353140588,0.22921177427855804,0.22802239867858143,0.4813017204681272
3,2948,160,32.669352700585684,1067.2866058752652,6.972874824300524,1.0210138369414812,1.057641059621281,4.448832319138401,0.10092653187736011,6.317103182932942,1.3873947170634164,8.936588391692887,1.414665572637323,11.537725899957008,230.90592321873123,36.5525014444239,0.11251131579280682,17.703491737656027,87.41666225863867,4.93782037769984,0.10222980563193211,0.25793162738163755,0.26141886918073187,0.3868483937995806
3,3007,1,1.0583077791717033,1.1200153554553427,0.11334239544100341,1.0198161620523976,1.0583077791717022,4.453594695252164,0.07891690067123155,0.07891690067123158,0.021789085716592643,0.07891690067123158,0.9999999999999873,0.0,0.07891690067123158,0.9999999999999873,0.0789169006712316,0.07891690067123158,0.07891690067123158,0.9999999999999873,0.9999999999999873,nan,nan,nan
3,3007,2,1.120097681877007,1.2546188169462447,0.22683179493105132,1.0198161620523976,1.0583077791717022,4.453594695252164,0.07891690067123155,0.15876187414377305,0.04335724447171741,0.15875350950794165,0.9999473133214286,7.890564631558761e-05,0.16415757669457762,1.0339861353987119,0.07976665097895919,0.15952434452876343,0.1592529040344512,0.9982984384288487,0.9968641417904536,0.05517187973455612,0.055171879734555423,0.941296650363293
3,3007,5,1.326920491362753,1.7607179903983698,0.565721674951437,1.0198161620523976,1.0583077791717022,4.453594695252164,0.07891690067123155,0.4068191608553567,0.1071916909737728,0.4066568789515736,0.9996010957216398,0.002128711712246219,0.4712145653646528,1.1582899988631326,0.08422889369086485,0.42058883185091095,0.41565017558780176,0.9882577570084865,0.9783633036518966,0.1064768600789389,0.10795625560317633,0.855369141955965
3,3007,10,1.742792387256506,3.0373253050792317,1.1109772942816292,1.0198161620523976,1.0583077791717022,4.453594695252164,0.07891690067123155,0.8527727120434367,0.21190725471334862,0.8541326256240336,1.0015946964078355,0.018687763074272244,1.20290054330543,1.4105757915529522,0.09470126692718375,0.9403590504534327,0.9113769530504551,0.9691797538514637,0.9371891869387076,0.15737599630405238,0.16484117056738834,0.7365091083789169
3,3007,20,2.755064468933094,7.590380227977592,2.0268816860655066,1.0198161620523976,1.0583077791717022,4.453594695252164,0.07891690067123155,1.7339094663429073,0.40287401576353743,1.769072482167998,1.020279614655576,0.17829268832554399,3.4412875075474987,1.984698494556191,0.10978395789582994,2.170189190458655,2.0548067276796695,0.9468329935075378,0.8609434932917854,0.13676549654451547,0.14059885350949491,0.5999488325085547
3,3007,40,4.593206156890638,21.09754279969806,3.0491565787099986,1.0198161620523976,1.0583077791717022,4.453594695252164,0.07891690067123155,2.773265404439164,0.684185872198856,2.840517731377493,1.0242502310924435,0.7566267647348991,9.353737171830662,3.372824381272034,0.11003152229307735,4.369504286765043,4.381855614081193,1.0028267113396732,0.6482453968244467,0.09226971856572655,0.09263784567677864,0.5226272372863675
3,3007,80,13.03858724614377,170.00475737530297,5.135826421219307,1.0198161620523976,1.0583077791717022,4.453594695252164,0.07891690067123155,6.124152474292617,1.326087592499781,5.508562913099213,0.8994816729698569,4.610652716379853,43.61235469542873,7.121369835009906,0.11020612978312758,8.769466146751716,11.995092375978478,1.3678246971078802,0.45923472203771676,0.10138396443259724,0.09950512316130566,0.35457412128505744
3,3007,160,55.61609351349233,3093.1498577015236,8.036945222109996,1.0198161620523976,1.0583077791717022,4.453594695252164,0.07891690067123155,19.69004549189115,4.40076641912353,41.86604252353129,2.1262542303811722,45.52672909958379,477.96678189102386,24.27453923800544,0.12653639410187428,19.91699580883901,135.17951079807514,6.787143608178273,0.30970701311435306,0.25314622638778034,0.2582597884221621,0.384890531967313
3,3066,1,1.0508732486275512,1.1043345846810229,0.0992429677739901,1.0249855454150514,1.0508732486275518,4.458139852201132,0.10606926815934578,0.10606926815934574,0.02786637476394143,0.10606926815934574,0.9999999999999906,0.0,0.10606926815934574,0.9999999999999906,0.10606926815934574,0.10606926815934574,0.10606926815934574,0.9999999999999906,0.9999999999999906,nan,nan,nan
3,3066,2,1.104439791603111,1.2197872532763232,0.19867646097836783,1.0249855454150514,1.0508732486275518,4.458139852201132,0.10606926815934578,0.21405865085938103,0.055703096294689405,0.21408318958554703,1.0001146355266022,9.27391992375707e-05,0.22062066865401048,1.0306552328919383,0.10760471870246568,0.2151878336109422,0.21455219801840886,0.9970461360111856,0.9978140124538711,0.3295588834351303,0.3295588834351272,0.9455752809919175
3,3066,5,1.2822242825912502,1.6440991108666463,0.4971925812320702,1.0249855454150514,1.0508732486275518,4.458139852201132,0.10606926815934578,0.5494393857191534,0.13824816133562742,0.5496954553355412,1.0004660561711491,0.002568415131243586,0.6220907968982037,1.1322282549583822,0.11240831610416847,0.5616045158839376,0.5575811043769047,0.9928358633286607,0.9858573954901563,0.2730114633796983,0.2726873707346103,0.8730651714867956
3,3066,10,1.639726161501378,2.688701884712043,0.9890585063999983,1.0249855454150514,1.0508732486275518,4.458139852201132,0.10606926815934578,1.1339452095913811,0.26845264979358424,1.130434748529274,0.9969042057478481,0.026427936125366452,1.5099833721394333,1.331619340482559,0.11817583658940017,1.1799354281082584,1.176114878257799,0.9967620687035514,0.96116014636581,0.18511679202040066,0.18412311584726004,0.766520326475145
3,3066,20,2.581774359307544,6.665558842377879,1.8969537974341937,1.0249855454150514,1.0508732486275518,4.458139852201132,0.10606926815934578,2.2880800578538865,0.49773943143490973,2.222088443216212,0.9711585202575593,0.29677776912149306,4.116547547198538,1.7991274094926852,0.11790439849221691,2.355742211608754,2.469320214562839,1.0482132562698874,0.8998786103606264,0.06750844853698579,0.067276992256082,0.6305779208918458
3,3066,40,4.150456933415359,17.226292756135628,2.8464368652379886,1.0249855454150514,1.0508732486275518,4.458139852201132,0.10606926815934578,4.922164331099501,1.0725475897937904,5.687540459534266,1.1554958503922594,2.4237457969013376,13.204502274888364,2.6826618102648294,0.1365285614717777,5.39923798519756,7.817053277069798,1.4478067643065313,0.7275811303752845,0.30975449799456983,0.31510355171230003,0.6288084806488062
3,3066,80,13.93573841717999,194.20480523206626,5.26891329927956,1.0249855454150514,1.0508732486275518,4.458139852201132,0.10606926815934578,8.404939630001289,1.8728292893604326,29.202682866885944,3.4744667008252454,29.81111391658159,112.68230851070592,13.406676724778405,0.132907155920966,10.502869387604012,42.97118824004704,4.091376047269871,0.6795875111424188,0.28622379085174304,0.2860852836410168,0.42774560414158225
3,3066,160,522.105049236566,272593.68243831693,12.515737622768086,1.0249855454150514,1.0508732486275518,4.458139852201132,0.10606926815934578,15.546640559853193,3.640561306241683,98.26795376037406,6.3208481203415685,95.37816257453397,462.4688841258753,29.747190870298372,0.15233103891174057,23.976757238477003,167.6121490820649,6.990609589735811,0.5862818077242176,0.2617200071194858,0.2569519032602914,0.42497294275308045
3,3125,1,1.0829313483171914,1.17274030516809,0.15934315144153793,1.036568685949597,1.0829313483171907,4.4576489963616375,0.114163041139899,0.11416304113989902,0.026391752854210044,0.11416304113989902,0.9999999999999912,0.0,0.11416304113989902,0.9999999999999912,0.11416304113989902,0.11416304113989902,0.11416304113989902,0.9999999999999912,0.9999999999999912,nan,nan,nan
3,3125,2,1.1718789590740617,1.3733002947205064,0.31721681716159555,1.036568685949597,1.0829313483171907,4.4576489963616375,0.114163041139899,0.22037412034918297,0.050957711476112263,0.22041549641822872,1.0001877537570165,0.00013603196826589167,0.23207194091952527,1.0530816438509478,0.11135208086830455,0.2226313400345189,0.22095899471236663,0.9924882753618877,0.9975402753128634,0.09856028254178967,0.09856028254178881,0.9100920812275137
3,3125,5,1.4759394690436176,2.1783973162807557,0.7785894304085836,1.036568685949597,1.0829313483171907,4.4576489963616375,0.114163041139899,0.49648648933741785,0.11468599409825904,0.4976446100447943,1.0023326328757123,0.0037537624654797237,0.6177721610275078,1.2442879600851768,0.1044669238037885,0.5213374855337345,0.5097255520046409,0.9777266476106036,0.976299124279064,0.06181807813503937,0.06362650709067015,0.8040104243588166
3,3125,10,2.104754232131528,4.429990377675578,1.488397411972423,1.036568685949597,1.0829313483171907,4.4576489963616375,0.114163041139899,0.8778662031686751,0.20142977009622648,0.8849471952534733,1.0080661404428581,0.03137047194761952,1.453757735858121,1.656012876006335,0.10058129416717089,1.0038710510318931,0.9875788971241437,0.9837706706543601,0.8960774656389099,0.08977323320054548,0.08997872529573818,0.691260012723641
3,3125,20,3.661578438703672,13.40715666277962,2.595788643699182,1.036568685949597,1.0829313483171907,4.4576489963616375,0.114163041139899,1.8136900445075466,0.4053754130170634,1.8041081688875182,0.9947169166809695,0.23039632201416033,4.173380596999788,2.3010440012273117,0.11159776293974928,2.2165749994501747,2.361590592991174,1.065423274004701,0.7639377351187899,0.2156045137472144,0.22277921361587244,0.6010787961763387
3,3125,40,6.009585853081143,36.11512212555301,3.586711673071314,1.036568685949597,1.0829313483171907,4.4576489963616375,0.114163041139899,4.333194364727133,0.9628658242199072,4.6776636484626435,1.0794954610251373,1.2675304364341744,12.113009581146631,2.7953995509059983,0.1295389413240465,5.1092422690453,7.043482146007993,1.3785766607078742,0.6641123738936122,0.1801030929760656,0.17692831668312817,0.6128999399895076
3,3125,80,13.287721722532286,176.56354857545637,5.173680860157568,1.036568685949597,1.0829313483171907,4.4576489963616375,0.114163041139899,11.39039936650952,2.172064414902765,9.1954336477794,0.8072968604433798,8.155429346539409,47.87973374267282,4.2035166812017675,0.15861107176388642,12.414012747556441,19.870781536344186,1.6006735243811894,0.4627615492103674,0.1962172691283761,0.20366117077344872,0.44487758901475977
3,3125,160,97.63797321985284,9533.1738144807,9.162532975253061,1.036568685949597,1.0829313483171907,4.4576489963616375,0.114163041139899,21.785591718657333,4.397652949785846,34.145741834576,1.567354344813749,44.14019906519091,290.5108810594432,13.335000711073073,0.14728839982131914,23.095257276258412,93.00668167179285,4.02709008863921,0.3671321373992397,0.19044981404573952,0.19950799926918394,0.41344987676055595
3,3184,1,1.0493695207233429,1.1011763910231382,0.09637905473859856,1.0350254352501107,1.049369520723342,4.444780040843853,0.18728669092889305,0.18728669092889305,0.03987099656444026,0.18728669092889305,0.9999999999999947,0.0,0.18728669092889305,0.9999999999999947,0.18728669092889305,0.18728669092889305,0.18728669092889305,0.9999999999999947,0.9999999999999947,nan,nan,nan
3,3184,2,1.101719755418423,1.2137864194792298,0.19374474592337196,1.0350254352501107,1.049369520723342,4.444780040843853,0.18728669092889305,0.37521695802912997,0.07907488490904295,0.37516632977410014,0.9998650693846655,0.0005271208269409593,0.38360065717186864,1.022343604049172,0.18714867032730606,0.3742972387904045,0.3761295078011503,1.0048952244923475,0.9974392383286228,0.1707726241262581,0.17077262412625718,0.9619963110202882
3,3184,5,1.2781173644402426,1.6335839972836719,0.49077637239820177,1.0350254352501107,1.049369520723342,4.444780040843853,0.18728669092889305,0.9366380117416812,0.19109270993146682,0.9336370538855244,0.9967960323854704,0.015665342137726086,1.0391524043146458,1.109449319040915,0.18778596216973006,0.9389150191471336,0.9535594778852552,1.0155972142733671,0.9791073084985591,0.07282528239062702,0.07286890520404782,0.9012939209162102
3,3184,10,1.6435943556364836,2.7014024058801076,0.9937710477490415,1.0350254352501107,1.049369520723342,4.444780040843853,0.18728669092889305,1.8364790417821586,0.3569519372714983,1.8081625289965735,0.9845810857944193,0.11637471854056401,2.469852358548296,1.3448845874938473,0.19360910587502017,1.9349987430055786,1.944440686208645,1.0048795603806953,0.9299139551138514,0.10061096387129603,0.10184612515365511,0.7765360434159515
3,3184,20,2.6111474566129966,6.818091040176522,1.919579526541863,1.0350254352501107,1.049369520723342,4.444780040843853,0.18728669092889305,3.3721526595913334,0.6410969485017707,3.3271550624253408,0.9866561209683056,0.6563189349801016,6.742713962521266,1.9995280887842144,0.19269992491503496,3.8500326324742726,3.966153976698117,1.0301611324653153,0.8388870129533516,0.2730402910124134,0.273401628607114,0.621579359870681
3,3184,40,5.885477904099539,34.6388501596439,3.54497588913764,1.0350254352501107,1.049369520723342,4.444780040843853,0.18728669092889305,7.0016521321657175,1.5924015521723336,7.394073161792265,1.0560469189584207,3.7715952725875668,19.69554066846049,2.8129847494106164,0.1787485797190414,7.121799746468939,10.126136554379396,1.4218507841925823,0.7301968645282036,0.2613146877557115,0.25373213396485,0.6041694808579248
3,3184,80,34.29295575673608,1176.006814533458,7.069879923113091,1.0350254352501107,1.049369520723342,4.444780040843853,0.18728669092889305,17.708850748823846,4.017228743770849,28.210621868151797,1.5930238652005941,24.35112462827073,83.06988792146633,4.69086837422149,0.15635557722207824,12.305306765262888,36.36186874699926,2.954974584595204,0.7758298140405632,0.3287272660386901,0.3422415042604262,0.5309627346189868
3,3184,160,239.1011961825968,57169.38201594864,10.953773754613248,1.0350254352501107,1.049369520723342,4.444780040843853,0.18728669092889305,45.58101068958666,10.573901568278519,77.87122833348859,1.7084138143360406,84.60260194689351,423.4620355138702,9.29031693478033,0.16055417165101044,25.164345198205098,137.43787117395578,5.46161126353325,0.5665922184935955,0.17758223709324245,0.17633870400317142,0.3271109890139927
3,3243,1,1.0582589405381635,1.1199119852289563,0.11325009760206707,1.0333901428070822,1.0582589405381635,4.4616175849971,0.11639485944188582,0.1163948594418859,0.03172013373264331,0.11639485944188592,0.9999999999999916,4.0053709487069576e-16,0.11639485944188592,0.9999999999999916,0.11639485944188593,0.11639485944188592,0.11639485944188592,0.9999999999999915,0.9999999999999915,nan,nan,nan
3,3243,2,1.1189552193092291,1.252060782819365,0.22479082007723034,1.0333901428070822,1.0582589405381635,4.4616175849971,0.11639485944188582,0.23514103768884223,0.06384965525768144,0.23520980381746553,1.000292446309237,0.0001521878575593458,0.2415181617557445,1.0271204215545735,0.11740877080033818,0.2348088603758815,0.2356634537407678,1.00363952775682,0.9980750094420567,0.13430988017774118,0.13430988017774,0.9524410224975733
3,3243,5,1.3115367274631329,1.720128587484704,0.5423990481964854,1.0333901428070822,1.0582589405381635,4.4616175849971,0.11639485944188582,0.6045531584555229,0.16116062831097067,0.6067283614244072,1.0035980342480393,0.004941292359233836,0.6740470490738102,1.1149508354167317,0.12100486377843196,0.6047847576861414,0.6153569630769515,1.0174809388901558,0.9859778922312019,0.06511662760266629,0.06414314895006233,0.8946861510164514
3,3243,10,1.6362835359516803,2.677423810026534,0.9848550672958811,1.0333901428070822,1.0582589405381635,4.4616175849971,0.11639485944188582,1.2547279240711398,0.3188021605965354,1.276238297788572,1.0171434566050286,0.05523424706335996,1.5930292395766241,1.2696212533533302,0.12760601757493595,1.2739780013993918,1.3365174883043163,1.0490899268560583,0.9548983151786338,0.21950215410070817,0.22728693171983708,0.8298580340441712
3,3243,20,2.166884397236007,4.695387990984853,1.5465807484331988,1.0333901428070822,1.0582589405381635,4.4616175849971,0.11639485944188582,2.553367674473288,0.5845924118873387,2.7433988253022985,1.0744237317362488,0.5285008308114312,4.3265979165669615,1.6944672558602263,0.13309994458796556,2.657423878141597,3.0904647823545504,1.1629551490730898,0.8876978119815908,0.36076481137886957,0.3673878916559196,0.7274557105260184
3,3243,40,3.9038476908634023,15.240026793459519,2.723925308357973,1.0333901428070822,1.0582589405381635,4.4616175849971,0.11639485944188582,4.103453874584483,0.8270749577453077,4.854272765314533,1.182972421203608,2.6827586286746485,12.2585424754016,2.98737182141298,0.12412270183418742,4.9413492141683495,7.04718655709944,1.4261664682376654,0.688824217435292,0.19753633598025713,0.19326581628251768,0.6058114579816987
3,3243,80,12.246196373301238,149.9693256134564,5.010430777273825,1.0333901428070822,1.0582589405381635,4.4616175849971,0.11639485944188582,4.820650720142855,1.0834185913065297,11.710165124373011,2.429166891399672,10.312661308578532,75.49903631652916,15.661586101034054,0.1592075864695929,12.376686206336055,22.298822805603155,1.8016795799660503,0.5251472342939346,0.12601990493103551,0.12015591583188417,0.3628254566817654
3,3243,160,74.70914996885587,5581.4570890689965,8.627205148360913,1.0333901428070822,1.0582589405381635,4.4616175849971,0.11639485944188582,7.169429832585891,1.4750274487016766,31.540804984816518,4.399346352684825,31.34828583710151,286.4181295530756,39.949917391097394,0.1618493007422392,25.470409844713853,78.09390561303742,3.06606395771229,0.4038830525534751,0.23684419229006212,0.24619946529346393,0.35891918447784
3,3302,1,1.0555933597381977,1.114277341123376,0.1082060702355422,1.0307414327790207,1.0555933597381975,4.4549304463505965,0.21078338847067243,0.21078338847067252,0.046034697002215796,0.21078338847067252,0.9999999999999952,0.0,0.21078338847067252,0.9999999999999952,0.21078338847067252,0.21078338847067252,0.21078338847067252,0.9999999999999952,0.9999999999999952,nan,nan,nan
3,3302,2,1.1141928036515443,1.2414256037088887,0.21626039965091598,1.0307414327790207,1.0555933597381975,4.4549304463505965,0.21078338847067243,0.4188405639261029,0.09167906826708334,0.418952473580445,1.0002671891501913,0.00033665224793079525,0.4323469122505359,1.032246992024428,0.21030522874662674,0.4206093678468297,0.4196972755222605,0.9978314978355348,0.9982253829480078,0.39936596741678726,0.3993659674167854,0.9431530482778597
3,3302,5,1.3091703031595876,1.7139268826749665,0.5387871603829221,1.0307414327790207,1.0555933597381975,4.4549304463505965,0.21078338847067243,1.0233334971280699,0.22490062075372524,1.0268406281898317,1.003427163355449,0.011881731224832475,1.15888700180819,1.1324626869544898,0.2074757882666992,1.0372820901457755,1.0429780741577332,1.0054912584205093,0.984527530954153,0.4029414916253994,0.4028727724337978,0.8823580349190323
3,3302,10,1.7046098018951683,2.9056945767170848,1.066672458701369,1.0307414327790207,1.0555933597381975,4.4549304463505965,0.21078338847067243,1.963940379864995,0.43244147314374604,1.9781449007723697,1.0072326640121072,0.12028943236447001,2.603849854736408,1.3258293792581424,0.20316629786642582,2.0310866301410817,2.124562422499392,1.0460225531354201,0.9310834456185224,0.05369376908615417,0.054825272720596126,0.8136872217100185
3,3302,20,2.8391054098542488,8.060519528263661,2.0869780120421857,1.0307414327790207,1.0555933597381975,4.4549304463505965,0.21078338847067243,3.658340285886783,0.8197893370697602,3.5843310892110374,0.979769734116517,0.8902968294657279,7.116981533808083,1.94541266739568,0.20150772333460631,4.028857976695345,4.435888696795286,1.101028808276286,0.8080299877227627,0.08126821627656267,0.08155089522970613,0.6495839708533154
3,3302,40,7.981569816405533,63.70545673415585,4.1542702219258265,1.0307414327790207,1.0555933597381975,4.4549304463505965,0.21078338847067243,6.594744891670164,1.5239390257073577,4.421196723556203,0.670412092686197,4.936228757424498,24.973006568424406,3.786804035432494,0.18140488011208078,7.193469761574757,8.71652416849839,1.2117273662647903,0.5072201531356333,0.08509927155360995,0.08776206105111069,0.4361133220604832
3,3302,80,32.619051524657955,1064.0025223682906,6.969793040545669,1.0307414327790207,1.0555933597381975,4.4549304463505965,0.21078338847067243,8.937950973805071,1.7879302763727873,8.626016235947105,0.9650999721555678,11.763772712715667,67.00612071767725,7.496810053451361,0.1724445108627576,13.671761962147611,21.655420424506378,1.583952418456579,0.3983305826833759,0.15156847008221583,0.1506791660895214,0.418562779300712
3,3302,160,199.56696168813662,39826.97219743419,10.592299655144918,1.0307414327790207,1.0555933597381975,4.4549304463505965,0.21078338847067243,21.532032163634614,4.822681273717401,40.20827116401591,1.8673700121962264,39.05661685976116,343.8155800555632,15.967632662012846,0.15963035816873067,25.159356124078023,121.09712278273824,4.813204367612802,0.3320332493460975,0.2014838754089518,0.21230745503370368,0.3991364435518962
3,3361,1,1.0484065183529507,1.099156227724956,0.09454281975431071,1.0180601610341902,1.0484065183529503,4.449975944388326,0.14128609208092627,0.14128609208092627,0.03355440443426368,0.14128609208092627,0.9999999999999929,0.0,0.14128609208092627,0.9999999999999929,0.14128609208092627,0.14128609208092627,0.14128609208092627,0.9999999999999929,0.9999999999999929,nan,nan,nan
3,3361,2,1.0982294974045306,1.2061080289694077,0.18739867055315385,1.0180601610341902,1.0484065183529503,4.449975944388326,0.14128609208092627,0.288766017476582,0.06826805030355415,0.28874209748503893,0.999917164797461,0.00023679275619980782,0.29549336061149645,1.0232968657243715,0.14443324961916373,0.28879937072255685,0.28939232207068033,1.0020531601112528,0.9977531380895324,0.4431895326914283,0.4431895326914252,0.9587712179936586
3,3361,5,1.2539697585769864,1.5724401554256258,0.4526286519052379,1.0180601610341902,1.0484065183529503,4.449975944388326,0.14128609208092627,0.7678599518986116,0.17786714869785422,0.7670197575284532,0.9989057973813038,0.007242385325322277,0.840613443327629,1.0947483864070864,0.154472833427374,0.7710048103839248,0.7766427619995097,1.0073124726845433,0.987609484125903,0.4319304495468508,0.4320493165159726,0.9050859184090181
3,3361,10,1.5207591639049962,2.312708434601023,0.8384193202241524,1.0180601610341902,1.0484065183529503,4.449975944388326,0.14128609208092627,1.6380074880919806,0.35994064140761267,1.6210581626600067,0.9896524737797638,0.06877047939034275,1.9856686899715177,1.2122464057136308,0.16638296862459034,1.658329455711335,1.6834819426560619,1.0151673642761996,0.962919839878075,0.3069103383398401,0.3034714712416351,0.8340586139354024
3,3361,20,2.077417556081115,4.3156637023140325,1.4622511255264234,1.0180601610341902,1.0484065183529503,4.449975944388326,0.14128609208092627,3.031106819934118,0.6080494979431729,2.8543509748622835,0.9416860389381866,0.5455460767413596,5.379026858448857,1.7746081474508282,0.1755159885190329,3.500105383884372,3.4819158648410924,0.9948031510345287,0.8197644876156562,0.13684520629556401,0.13397007273504585,0.649942482021268
3,3361,40,4.337138965713692,18.81077440791203,2.9344298124767496,1.0180601610341902,1.0484065183529503,4.449975944388326,0.14128609208092627,4.153291938092051,0.8540818399222248,3.9268058414619764,0.9454682935834943,2.48709031296861,18.060505720662775,4.348479709557679,0.17473570297116556,6.974594429646842,9.578402363209696,1.3733275045348687,0.40996459457004,0.4454532846099401,0.4395791939273549,0.5964085237986443
3,3361,80,34.22578365694163,1171.4042669317728,7.0659585362406245,1.0180601610341902,1.0484065183529503,4.449975944388326,0.14128609208092627,5.216472571906688,1.234315806671072,6.853639174701272,1.313845530715822,7.754962968201526,74.71032822668924,14.322001543541452,0.16056263750153688,12.722039725344061,34.05520938340728,2.6768670841016626,0.20125083060098792,0.336819089251987,0.3358764791419384,0.5311453526512969
3,3361,160,139.71767736572315,19521.029368472307,9.879247592617283,1.0180601610341902,1.0484065183529503,4.449975944388326,0.14128609208092627,14.320851654601348,3.492641962603373,34.35648034823629,2.399052875964776,36.24257430854897,402.84446061709696,28.12992343843331,0.1392423416138438,21.824450014822414,156.1835387202131,7.156356224974221,0.219975041094327,0.2195079051211715,0.23503469437741117,0.4096916736870163
3,3420,1,1.05842676589126,1.1202672187550322,0.11356724502350701,1.0455301355117506,1.0584267658912603,4.461862378289467,0.1547382733291183,0.1547382733291183,0.034441607835392095,0.1547382733291183,0.9999999999999936,0.0,0.1547382733291183,0.9999999999999936,0.1547382733291183,0.1547382733291183,0.1547382733291183,0.9999999999999936,0.9999999999999936,nan,nan,nan
3,3420,2,1.1205256234034078,1.2555776727035957,0.22759576365456824,1.0455301355117506,1.0584267658912603,4.461862378289467,0.1547382733291183,0.3082744885411125,0.06919055075036781,0.3084099061785446,1.0004392761725822,0.0003213325107153542,0.3160611418531525,1.025258831338554,0.15348048319131682,0.3069505731225425,0.30861809118850203,1.0054325295730686,0.9993254283663128,0.44828400131221047,0.44828400131220764,0.9545736755226065
3,3420,5,1.3372877495629334,1.7883385251310948,0.5812869905591328,1.0455301355117506,1.0584267658912603,4.461862378289467,0.1547382733291183,0.7586654708289394,0.17444429375881015,0.7620950081389046,1.004520486883655,0.009499216460030121,0.839487462641355,1.106531791573572,0.14860212457493316,0.7426251208843622,0.7659670998469559,1.0314317120525032,0.9949448328670697,0.40156858484442215,0.4014476570992394,0.8983935883280714
3,3420,10,1.8102538508846702,3.277019004642778,1.1869341691026007,1.0455301355117506,1.0584267658912603,4.461862378289467,0.1547382733291183,1.4793980726273093,0.3506466521171984,1.498385335853952,1.0128344517800552,0.08670219122304068,1.854881512440823,1.2538082526677081,0.1395397415156327,1.3913743279077933,1.530328416882901,1.0998682282603645,0.9791266497592626,0.4003359430662255,0.3973376138408263,0.8290202491844444
3,3420,20,2.9356613850830953,8.618107767867997,2.153865544089699,1.0455301355117506,1.0584267658912603,4.461862378289467,0.1547382733291183,2.8708398474616046,0.6815265068563034,2.817507877133983,0.9814228681635521,0.564141891528519,4.6077735468407415,1.6050263308539943,0.12933935290986592,2.5739463080724176,3.130008715903487,1.2160349678185376,0.9001597544499808,0.32357751883023717,0.31491160559183473,0.7087251115391552
3,3420,40,6.568395459297887,43.14381890972509,3.764539160680602,1.0455301355117506,1.0584267658912603,4.461862378289467,0.1547382733291183,4.334010346136562,0.9717708354224006,4.182442422196876,0.9650282505497942,2.3575790763091744,12.694319665409386,2.9290007756269887,0.12311665415184123,4.9025571227587275,6.232402284982768,1.2712554140472143,0.6710803043434221,0.12428571186160081,0.12242386543487029,0.5330707843841131
3,3420,80,16.34613879597286,267.19625353720903,5.5879834203711125,1.0455301355117506,1.0584267658912603,4.461862378289467,0.1547382733291183,6.136245364995544,1.482998320608167,13.752604720281889,2.2412084103960654,12.099035224886352,54.52716487610223,8.886079619168198,0.11849684036170925,9.441156059316313,23.719433286916026,2.5123441597504614,0.5798032589534093,0.19382958955927665,0.19962968146745327,0.4581428485905095
3,3420,160,62.50920744630056,3907.401015564637,8.27062773006553,1.0455301355117506,1.0584267658912603,4.461862378289467,0.1547382733291183,8.773581941798263,2.0670855660413046,33.92190391426068,3.866368849039088,35.9135660917994,403.58443759912996,45.999962190631784,0.12900021518012947,20.16207641019107,99.36519479491493,4.928321506840936,0.34138617635957835,0.19907910466496626,0.19551685958384574,0.3504826272173739
3,3479,1,1.0669792986156474,1.138444823674339,0.12966314129307716,1.0489795095716,1.066979298615647,4.44824722547818,0.12278435695295732,0.12278435695295715,0.029230056749702436,0.12278435695295715,0.9999999999999919,0.0,0.12278435695295715,0.9999999999999919,0.12278435695295715,0.12278435695295715,0.12278435695295715,0.9999999999999919,0.9999999999999919,nan,nan,nan
3,3479,2,1.1387775125849307,1.296814223169122,0.25991065927640783,1.0489795095716,1.066979298615647,4.44824722547818,0.12278435695295732,0.24358843384059067,0.05838621982428632,0.24359919566841293,1.0000441803728182,0.00010209740825248064,0.2533822299446944,1.0402063265060932,0.12257060726381325,0.2451408411198729,0.24398470529117622,0.9952837894191107,0.9984199434866041,0.34499054207769164,0.3449905420776888,0.9282772664430661
3,3479,5,1.383460216332718,1.913962170175371,0.6491755280367796,1.0489795095716,1.066979298615647,4.44824722547818,0.12278435695295732,0.5916465209527506,0.14453463198246352,0.5917152046083032,1.0001160890043619,0.0028503695646337405,0.6931008583043201,1.171477958136545,0.12120410049941122,0.6059799419745147,0.599136298597405,0.9887064853090494,0.9876136798813963,0.3523577238724713,0.3523953238741648,0.8412465783842636
3,3479,10,1.8801235279709094,3.534864480429779,1.262674962101588,1.0489795095716,1.066979298615647,4.44824722547818,0.12278435695295732,1.1163104312835699,0.2778941477106065,1.113727363538119,0.9976860668206049,0.026124119791588775,1.5888544047144695,1.4233087501364219,0.11737619251775051,1.1729067539542202,1.1709505810284757,0.9983322008171999,0.9511309713514151,0.3026234717920372,0.3044906274513417,0.7376647927941983
3,3479,20,2.9375312363319073,8.629089764425663,2.1551390261172902,1.0489795095716,1.066979298615647,4.44824722547818,0.12278435695295732,1.9551734000149719,0.4747805844292948,1.9622048943312704,1.0035963533036218,0.2133901159858326,4.02315208817483,2.0576957972853047,0.1104437541825495,2.2031474596487257,2.3927553986342516,1.0860623006213828,0.8200607949526585,0.1733528966179229,0.17643503534151972,0.6347897074314958
3,3479,40,4.970050277146017,24.701399757359198,3.2068599123666575,1.0489795095716,1.066979298615647,4.44824722547818,0.12278435695295732,3.528788964222333,0.8521067978540173,3.838215674943425,1.0876863745206373,1.4816674306105977,12.701940073972276,3.5995181924322015,0.11184703285091263,4.46429559869931,6.019043012025799,1.3482626494937902,0.6376787252184157,0.1365673030367025,0.14095081768408244,0.5444707866393084
3,3479,80,9.537569890831389,90.96523942249347,4.510477449174034,1.0489795095716,1.066979298615647,4.44824722547818,0.12278435695295732,5.878688902675524,1.3221690970988043,5.991385725331099,1.019170400836194,5.290925613314805,45.98959238247192,7.823103611000917,0.11580396875744761,9.14261649208115,16.824176066479545,1.8401926933117836,0.35611763106000327,0.2563195873262031,0.25802957266944815,0.47974772681167804
3,3479,160,147.26220248605262,21686.15628104316,9.984429376546931,1.0489795095716,1.066979298615647,4.44824722547818,0.12278435695295732,12.462620860616921,2.5021516428477786,22.591947000997028,1.8127765623031786,28.447279810155756,418.78311641266436,33.60313381080694,0.14812358521600724,23.010772572094528,105.69732989958212,4.593384666613179,0.21374188943524436,0.1899556235095308,0.18461384789708948,0.3351182767532664
3,3538,1,1.0619796848895307,1.1278008511180668,0.12026958706176015,1.021447226883298,1.0619796848895302,4.4553224177508,0.10252472548636586,0.10252472548636586,0.026075597711987735,0.10252472548636586,0.9999999999999902,0.0,0.10252472548636586,0.9999999999999902,0.10252472548636586,0.10252472548636586,0.10252472548636586,0.9999999999999902,0.9999999999999902,nan,nan,nan
3,3538,2,1.12750463906424,1.2712667111113822,0.2400138137112489,1.021447226883298,1.0619796848895302,4.4553224177508,0.10252472548636586,0.20241302692936222,0.05132197876223449,0.20239991299248203,0.9999352119916384,0.00011755534518547536,0.20784684160712433,1.0268451826455685,0.1007651014593875,0.2014989241857574,0.20292797236323715,1.0070920883734413,0.9973977990091435,0.2740413712587888,0.27404137125878614,0.9548199702651122
3,3538,5,1.3430382546987116,1.8037517535841614,0.5898688032935022,1.021447226883298,1.0619796848895302,4.4553224177508,0.10252472548636586,0.4863291182615392,0.12165416701480546,0.4856359438256666,0.9985746803762204,0.003951089450370104,0.5478803090833564,1.1265628326797306,0.09675851415752218,0.4834507222797171,0.4993600400447371,1.0329078374110157,0.9725166310507306,0.1732818961881014,0.17586734695444747,0.8974303548279915
3,3538,10,1.7437163602482484,3.0405467449973993,1.1120373495750908,1.021447226883298,1.0619796848895302,4.4553224177508,0.10252472548636586,0.9500808953659756,0.2297454992585729,0.9452513137473453,0.9949166627366284,0.03816029677868163,1.3112418219411,1.3801370265802493,0.10132049239398525,1.0098925519382795,1.0847599377363537,1.0741340112414737,0.8713921678559294,0.1869324316092009,0.19273720628065563,0.8190937893916028
3,3538,20,2.5314496946626117,6.40823755660743,1.8575842809589738,1.021447226883298,1.0619796848895302,4.4553224177508,0.10252472548636586,2.4293170334219925,0.5486725166118227,2.5570235621807567,1.052568901877279,0.30590300952128,4.105673900559665,1.6900527366641465,0.1301989070409434,2.541865324744364,3.2016019233896187,1.2595482113953476,0.7986700481094068,0.4508954606865855,0.4570138679186338,0.7753808115010253
3,3538,40,5.618620505509895,31.56889638493627,3.4521723442438277,1.021447226883298,1.0619796848895302,4.4553224177508,0.10252472548636586,6.3166088683501735,1.4779563004881735,6.3828405238002786,1.0104853184407163,3.4544986968726104,15.732988341033249,2.49073334584076,0.16064467892503545,6.261015241445398,9.13992523671537,1.4598152031658935,0.6983471263156731,0.25164275473723396,0.23103763191575663,0.5972742417877668
3,3538,80,15.556673795202059,242.01009957032642,5.4889794590475365,1.021447226883298,1.0619796848895302,4.4553224177508,0.10252472548636586,13.93624346549026,2.8137703909458778,22.137925529781807,1.5885145508975231,22.469117502374957,87.99132600001232,6.313848220139205,0.16215520124391689,12.771658906704648,33.109019726021955,2.5923820834771076,0.6686372992306552,0.2293877831997225,0.22777365632483276,0.4433805182520872
3,3538,160,264.60541826047415,70016.02737280047,11.156479457292168,1.021447226883298,1.0619796848895302,4.4553224177508,0.10252472548636586,36.33207362217873,8.273178580624823,42.76164046274841,1.176966690848187,53.58600374264305,345.56502547933866,9.511293769601695,0.17730408762655864,27.957563192343578,130.09692600526557,4.65337143692458,0.3286906291776461,0.26922199351968007,0.26847698581170887,0.42257663285363434
3,3597,1,1.0556571350126867,1.1144119867031936,0.10832689962014988,1.0300030237134963,1.0556571350126862,4.465297887694003,0.15696502974822588,0.15696502974822588,0.03675056876489333,0.15696502974822588,0.9999999999999937,0.0,0.15696502974822588,0.9999999999999937,0.15696502974822588,0.15696502974822588,0.15696502974822588,0.9999999999999937,0.9999999999999937,nan,nan,nan
3,3597,2,1.1135068950913198,1.2398976054159117,0.2150287999298464,1.0300030237134963,1.0556571350126862,4.465297887694003,0.15696502974822588,0.30889785406552084,0.07195235526346948,0.30893532083621444,1.0001212917804365,0.00021215679561367403,0.317890416543618,1.0291117674005876,0.15459669499216733,0.3091565395020258,0.3095006770137575,1.0011131497081867,0.9981733281393794,0.1808185826555423,0.18081858265554115,0.9493675625723799
3,3597,5,1.2969442308674521,1.682064337980367,0.5200218116993331,1.0300030237134963,1.0556571350126862,4.465297887694003,0.15696502974822588,0.7342933175263863,0.16778820167744674,0.7350641614534063,1.0010497765792228,0.00594150389120945,0.8333692111370237,1.1349268626662614,0.14889865842026875,0.7440235471131094,0.7466982725640194,1.0035949473122017,0.984419260713347,0.18533802897234486,0.18539575487366086,0.8786181380253826
3,3597,10,1.6144796505143335,2.6065445419248845,0.9580254138676139,1.0300030237134963,1.0556571350126862,4.465297887694003,0.15696502974822588,1.3460022044673292,0.2951634348527703,1.3489485958582075,1.0021889944764564,0.05036771562716099,1.8692637744172769,1.388752387041612,0.1449248146072264,1.4482029626149557,1.4433114596721692,0.9966223636678969,0.9346205815926965,0.18255030698088534,0.18307765908387966,0.7666777172836475
3,3597,20,2.554079730661544,6.523323270576145,1.875383950159658,1.0300030237134963,1.0556571350126862,4.465297887694003,0.15696502974822588,2.249080118275683,0.4564802607958825,2.312968751877926,1.0284065619019493,0.33737193953136657,4.94475805788484,2.1985691028543117,0.14794934404733065,2.957016267372564,2.9670746889443493,1.0034015442129176,0.7795451730609628,0.17713479950127609,0.17775208942826212,0.6154640626267671
3,3597,40,5.4701254415660046,29.922272346467675,3.398603097631097,1.0300030237134963,1.0556571350126862,4.465297887694003,0.15696502974822588,3.5000293005115664,0.7023827494129464,4.05607513080088,1.1588689072425882,2.108711709647583,15.664524784971183,4.475541042665455,0.16459300129608248,6.519132674489678,7.131735731710305,1.0939700245122836,0.5687360389373497,0.15599346203700845,0.15808559020907587,0.4783257389471882
3,3597,80,12.514603479454717,156.61530024798012,5.0537924815170525,1.0300030237134963,1.0556571350126862,4.465297887694003,0.15696502974822588,7.709076923177488,1.6820637865953663,8.794284603446606,1.1407701195724769,10.611109327173118,63.47096905722616,8.23327743252885,0.18202072349051782,14.364375742003936,26.447738609311326,1.8412034803554693,0.33251555958551576,0.2630717207885525,0.25729668027536395,0.45921009189489614
3,3597,160,99.88180095643928,9976.374162301754,9.207974992901695,1.0300030237134963,1.0556571350126862,4.465297887694003,0.15696502974822588,9.513461209017896,2.3668323214454405,18.284789909483433,1.9219913244772693,15.869102646402112,336.7400691287679,35.39616778061479,0.16205065417408068,25.104674268031825,90.10687196709023,3.589246807389646,0.2029233676668034,0.1973530762272675,0.19651129436177323,0.35824446165767565
3,3656,1,1.0584429057690916,1.1203013847729182,0.1135977426550768,1.0419207763607936,1.058442905769092,4.464986486222413,0.23688136995754824,0.23688136995754816,0.04858115963823263,0.23688136995754816,0.9999999999999958,0.0,0.23688136995754816,0.9999999999999958,0.23688136995754816,0.23688136995754816,0.23688136995754816,0.9999999999999958,0.9999999999999958,nan,nan,nan
3,3656,2,1.1199460885251593,1.2542792412028039,0.2265610978061431,1.0419207763607936,1.058442905769092,4.464986486222413,0.23688136995754824,0.46603783111587327,0.09633202048018849,0.4658057015712271,0.9995019083663415,0.0008533861860199855,0.4804754670071405,1.0309795362678968,0.23366696198875392,0.467289084275326,0.4664433178258719,0.9981900573372761,0.9986330252138292,0.23498468019513735,0.23498468019513638,0.9438866106070883
3,3656,5,1.3241796029485724,1.7534516208650388,0.5615862001775855,1.0419207763607936,1.058442905769092,4.464986486222413,0.23688136995754824,1.0895048249381254,0.23131884193538674,1.082766614237208,0.9938153456995465,0.02102337168657496,1.2345889864677644,1.1331652308541886,0.22213738606378255,1.109252957101854,1.0971797655992277,0.9891159257901183,0.986863455001698,0.12103705445132358,0.12229458334656126,0.8713778171306773
3,3656,10,1.7385230790001003,3.0224624962159887,1.10607189522999,1.0419207763607936,1.058442905769092,4.464986486222413,0.23688136995754824,1.8496492488633782,0.4083448055849927,1.809460747873079,0.9782723664959742,0.11784362750604752,2.5932296317222736,1.4020115615519153,0.20341091370952386,2.021987623871228,1.961081589518014,0.9698781369212308,0.9226850925247834,0.11689963890734004,0.11314886418854565,0.7581323946139314
3,3656,20,2.883232431497859,8.313029254041055,2.11782407361422,1.0419207763607936,1.058442905769092,4.464986486222413,0.23688136995754824,2.5102211588012113,0.5502498965672149,2.4643106247756426,0.9817105620894795,0.38710258824687516,6.130317123781737,2.442142240052405,0.18653545633307367,3.701473297762747,3.845373907675677,1.0388765765242467,0.6408507167161764,0.2982338267062737,0.28642367389947904,0.6617844550639388
3,3656,40,7.7879079455748,60.65151016874711,4.105144534812087,1.0419207763607936,1.058442905769092,4.464986486222413,0.23688136995754824,4.246605677721711,0.9495838382088828,4.073913785783955,0.9593341352968742,1.5285319491053242,19.97245073069239,4.703156413949772,0.18683645256468545,7.440957096777488,10.800853211969189,1.4515408530774616,0.3771844414355491,0.27406664065477077,0.2756554060773344,0.5735039844165342
3,3656,80,13.34124978366754,177.98894579020916,5.181721446061462,1.0419207763607936,1.058442905769092,4.464986486222413,0.23688136995754824,7.498507595801339,1.75801442971541,6.533788407998257,0.8713451742926471,7.334683807618599,50.090147029356395,6.680015508339754,0.1575077440069636,12.15610987262493,19.147964070583022,1.5751720140094705,0.34122627261642413,0.198888055444578,0.19942293614273676,0.45644711472559873
3,3656,160,100.56760974774019,10113.844130373769,9.221660470247075,1.0419207763607936,1.058442905769092,4.464986486222413,0.23688136995754824,21.114549310166787,4.503168779731979,39.003974958876256,1.8472558606825484,41.570868208470415,381.7792072918225,18.081333476911745,0.15270760952726994,23.80821592309279,126.63663923570303,5.319031028816895,0.3079991319595897,0.24944597829001414,0.24328766716275885,0.40088144278870963
3,3715,1,1.0449212801277121,1.0918604816637367,0.08788310511599541,1.021487941088501,1.0449212801277126,4.444198484650976,0.10561020988025252,0.1056102098802526,0.026638499967763195,0.1056102098802526,0.9999999999999906,0.0,0.1056102098802526,0.9999999999999906,0.1056102098802526,0.1056102098802526,0.1056102098802526,0.9999999999999906,0.9999999999999906,nan,nan,nan
3,3715,2,1.092364433929771,1.193260056514709,0.17668910470385366,1.021487941088501,1.0449212801277126,4.444198484650976,0.10561020988025252,0.20871566639442685,0.05256354865897891,0.20872292967057848,1.0000347998608639,0.00010130430544938852,0.2144130769820521,1.027297474531008,0.10480349070211067,0.20960072336943486,0.2089905197288075,0.9970887331359404,0.9987196067143272,0.10220200911107002,0.10220200911106907,0.950892670105465
3,3715,5,1.251181188766941,1.5654543671242558,0.4481761122852271,1.021487941088501,1.0449212801277126,4.444198484650976,0.10561020988025252,0.503977735035071,0.12585134225143335,0.5041218719059513,1.0002859984893364,0.002747928975648263,0.5650126657091403,1.1211064029838953,0.10284466814055389,0.5141423891141867,0.5089067346203462,0.9898167227509445,0.9905977610652656,0.17440781075345269,0.17367236670094274,0.8824077867014913
3,3715,10,1.5759369684546243,2.4835773285419513,0.9096999920009798,1.021487941088501,1.0449212801277126,4.444198484650976,0.10561020988025252,0.9598148602890884,0.23436913244317473,0.9604113506183023,1.0006214639446542,0.02288306813519048,1.2535766297249722,1.3060608681838952,0.1003887503583194,1.0034643615432521,0.9947963405140107,0.9913619044567643,0.9654351463758475,0.24082136795835504,0.2389115878199332,0.7907083431173025
3,3715,20,2.448073784454515,5.993065254133452,1.7906030098088028,1.021487941088501,1.0449212801277126,4.444198484650976,0.10561020988025252,1.8536935626537572,0.43524435207348805,1.8422188552718937,0.9938098143010017,0.17469568933462204,3.1517644530570332,1.7002618537148877,0.09653843567652651,1.9285857987140984,2.0902132778819027,1.0838062165943407,0.8813544889250189,0.20697044673223328,0.20745767908052945,0.6980560450560368
3,3715,40,4.902893994890109,24.03836952512949,3.1796512839529805,1.021487941088501,1.0449212801277126,4.444198484650976,0.10561020988025252,3.512705649194994,0.8701243718252804,3.5220241871295026,1.002652809220335,1.0359676123837076,10.560525053661742,3.006379158493366,0.10619416324655834,4.209967164951135,5.886223946769441,1.3981638611753306,0.5983503548251011,0.2836190804055643,0.2907350099297477,0.6025019653137006
3,3715,80,14.226357481144003,202.38924718130195,5.310192809427449,1.021487941088501,1.0449212801277126,4.444198484650976,0.10561020988025252,5.285077400274377,1.1374830646064071,4.945330286013116,0.935715773198776,4.683363347653377,60.57852609247831,11.462183333272158,0.12679810897883348,9.975746034720753,24.421903986327766,2.4481280799778693,0.20249568947538588,0.23249759008749152,0.24770290564850825,0.46602363012836817
3,3715,160,132.38309983317134,17525.28512143941,9.771399981182109,1.021487941088501,1.0449212801277126,4.444198484650976,0.10561020988025252,6.099371347603063,1.3471910572836805,16.816997077194927,2.7571689144330724,18.50517729646621,319.35962110706964,52.35943229339067,0.13351063943865524,20.917819029980418,127.20104217437262,6.080989705096024,0.13220801331282703,0.19569447834986814,0.18514549066326527,0.42500814510823454
3,3774,1,1.0582682353095476,1.1199316578651841,0.11326766368199322,1.0300001275598367,1.0582682353095467,4.472124484748455,0.14461859409807026,0.1446185940980702,0.03418666258749664,0.14461859409807035,0.999999999999994,4.272916553455145e-16,0.14461859409807035,0.999999999999994,0.14461859409807032,0.14461859409807035,0.14461859409807035,0.9999999999999931,0.9999999999999931,nan,nan,nan
3,3774,2,1.119471686696999,1.2532168573162237,0.22571373142278064,1.0300001275598367,1.0582682353095467,4.472124484748455,0.14461859409807026,0.29133243105763823,0.06857028279261676,0.29138864924630786,1.000192969208627,0.00017284180997840005,0.30057621526875733,1.0317293346901335,0.1461026853585255,0.2921904463566979,0.291571969353151,0.9978833086048513,0.9993712697854639,0.20016208338816094,0.20016208338815955,0.941150397684998
3,3774,5,1.3200222493141254,1.7424587386843229,0.555297183994461,1.0300001275598367,1.0582682353095467,4.472124484748455,0.14461859409807026,0.746246627571971,0.17336122515955252,0.7479571341028417,1.002292146413358,0.005420882363506785,0.8399362986190845,1.1255478652572892,0.1501591193730637,0.7505646999770772,0.7513214238682283,1.0010082060762695,0.9955221697950973,0.2798170848417133,0.2806383889009433,0.8730170690735324
3,3774,10,1.7023811145058283,2.898101459026106,1.064055853301564,1.0300001275598367,1.0582682353095467,4.472124484748455,0.14461859409807026,1.5693038075146224,0.3561858204859098,1.5846753392026307,1.0097951280143465,0.050102739763616747,1.988617259630928,1.2671971163954479,0.1545985874149041,1.545112937531437,1.6098391224408217,1.0418909086430885,0.9843687590347295,0.2018222317689814,0.1993812246769934,0.8039066790426438
3,3774,20,2.7023900973883777,7.302912238462765,1.9882732053759484,1.0300001275598367,1.0582682353095467,4.472124484748455,0.14461859409807026,3.543204666017715,0.7659860790144446,3.604203170309847,1.0172156310577138,0.3595080366613997,5.2663575431720115,1.4863260916539107,0.1531423833379562,3.0605622188509862,3.7589275229641177,1.2281820313312615,0.9588381654849618,0.33516544518704827,0.33511173452861887,0.7395737733573337
3,3774,40,5.731612690973334,32.85138403932658,3.4919938761382654,1.0300001275598367,1.0582682353095467,4.472124484748455,0.14461859409807026,6.952823555937971,1.4692029012265704,6.519347006573093,0.9376546023529285,3.3141197880070434,16.91150875572986,2.4323224398937606,0.16469507364362163,6.55488848492683,8.871113200258453,1.3533583707271073,0.7348961578331743,0.21608015989123203,0.2121535967935389,0.5316466589897663
3,3774,80,22.91868339438541,525.2660485320775,6.263904893341309,1.0300001275598367,1.0582682353095467,4.472124484748455,0.14461859409807026,12.072365467017946,2.938621715853949,17.653249168997657,1.4622858475604343,19.30968317075519,74.7535933249194,6.1921247769667325,0.15136596539868494,11.992085058949613,30.36661372258193,2.5322213421026003,0.5813374296611128,0.26960783949306677,0.27534339783241196,0.459454505102489
3,3774,160,167.9444449509206,28205.3365898728,10.247266479798059,1.0300001275598367,1.0582682353095467,4.472124484748455,0.14461859409807026,26.0682818346121,5.638830475222183,37.11500099291616,1.4237609225030243,42.72436411824679,445.39588049845673,17.08573980150404,0.15707995832350516,24.400172059089904,116.61756472255355,4.779374688020263,0.31826252830109225,0.15025756649635819,0.13813214075103528,0.3665716335854008
3,3833,1,1.070734948913665,1.146473330825149,0.13669056166293342,1.0357132793339687,1.0707349489136648,4.457417276201779,0.1456917806540824,0.1456917806540824,0.03346766657007355,0.1456917806540824,0.9999999999999931,0.0,0.1456917806540824,0.9999999999999931,0.1456917806540824,0.1456917806540824,0.1456917806540824,0.9999999999999931,0.9999999999999931,nan,nan,nan
3,3833,2,1.1462223628068986,1.3138257049986295,0.27294326666665164,1.0357132793339687,1.0707349489136648,4.457417276201779,0.1456917806540824,0.29216084122018804,0.06733087545619494,0.29217436707454425,1.000046295918025,0.00022166904933972498,0.3031402206874957,1.0375799146163875,0.14635563215897254,0.2927082667335276,0.292430891853145,0.9990523845346804,0.9991227849527929,0.3459724580875696,0.3459724580875672,0.9314048638329302
3,3833,5,1.3995062453926876,1.9586177308931376,0.6722389851039446,1.0357132793339687,1.0707349489136648,4.457417276201779,0.1456917806540824,0.7313073741284302,0.17031167880195497,0.7313277453586589,1.000027855907035,0.005938792571949411,0.8496031268260505,1.1617592778120196,0.14708080742290874,0.7353947618857226,0.7372139959373252,1.0024738197032252,0.9920155468953309,0.30158281794051184,0.3013651117598255,0.844329546606932
3,3833,10,1.888029618283007,3.564655839513877,1.2710675105003137,1.0357132793339687,1.0707349489136648,4.457417276201779,0.1456917806540824,1.4375129427183273,0.3415461977832842,1.434539902414123,0.9979318166704062,0.04876736081435133,2.027171247263927,1.4101933881934714,0.14551206552404933,1.4549573309247346,1.4897433601613077,1.0239086250140839,0.962944316972013,0.1948711041271113,0.1956834316487305,0.7345736655726101
3,3833,20,2.9095901863889,8.465715052730594,2.1360244836927706,1.0357132793339687,1.0707349489136648,4.457417276201779,0.1456917806540824,2.6293462690828675,0.6405181452960942,2.6155653876528877,0.9947588183450682,0.43177005953678294,5.158155713652713,1.9617635662159887,0.13724506469047465,2.737040968523874,3.032772992512872,1.1080480808982882,0.862433619037771,0.13419646668030294,0.13606847054321697,0.6369623836060704
3,3833,40,5.247985402902631,27.541350789079093,3.315688540357635,1.0357132793339687,1.0707349489136648,4.457417276201779,0.1456917806540824,4.178886194565062,0.9305694193314616,4.415479351783532,1.0566163198045868,2.410594931385987,12.565580063199109,3.006920858371672,0.12082150457807062,4.7670475802475405,6.623440462905381,1.3894219328436914,0.6666443786295733,0.10101504160219572,0.1023286648343457,0.5755743559091139
3,3833,80,22.948844118683013,526.6494463836119,6.266535140078376,1.0357132793339687,1.0707349489136648,4.457417276201779,0.1456917806540824,6.740115523827368,1.4359809298949082,10.977612623740345,1.6286979926282803,9.653664830988646,55.834615559705846,8.28392560369651,0.13322917712827329,10.486403661952462,27.7225117104496,2.6436624608524695,0.39598189148216656,0.23918670337437198,0.22899805877575585,0.5436304206107193
3,3833,160,212.43772759231354,45129.78810458601,10.717297797587024,1.0357132793339687,1.0707349489136648,4.457417276201779,0.1456917806540824,32.7445852080803,6.822296751773261,36.833702968100745,1.1248792047306613,46.19293547292407,266.85117205931533,8.149474802125914,0.15702390653345874,24.08911777506254,103.51842026567621,4.297310562898248,0.3558178619183755,0.27179323756505636,0.2763196141120744,0.4624098864647994
3,3892,1,1.0622992280751773,1.1284796499691176,0.12087128429860909,1.0425481896651216,1.062299228075177,4.456820388765411,0.14143800109488722,0.14143800109488727,0.030025941806803052,0.14143800109488713,0.999999999999992,6.220283963191678e-16,0.14143800109488713,0.999999999999992,0.14143800109488713,0.14143800109488713,0.14143800109488713,0.9999999999999929,0.9999999999999929,nan,nan,nan
3,3892,2,1.1293476394114494,1.2754260906442132,0.24328031152232954,1.0425481896651216,1.062299228075177,4.456820388765411,0.14143800109488722,0.28441340910783797,0.060448634494911384,0.2844246677754447,1.000039585572428,0.0002095496613518319,0.29260771862694995,1.0288112629598416,0.1417879390799379,0.2835750166234083,0.28478611147996574,1.004270809435109,0.9987308239764793,0.3529879189722367,0.3529879189722342,0.9480190695868033
3,3892,5,1.3617920641691243,1.8544776260340046,0.6176030531855974,1.0425481896651216,1.062299228075177,4.456820388765411,0.14143800109488722,0.7193489386837462,0.15384941989257642,0.7204285203638499,1.0015007760796564,0.0056662094456009495,0.8135917225292875,1.1310112224784596,0.14272974485977777,0.7136358157835586,0.7275122589789501,1.0194447123987949,0.9902630663226993,0.27614087116429664,0.2759148492339309,0.8744420826203128
3,3892,10,1.8664370943618178,3.4835874272097853,1.2480626326927733,1.0425481896651216,1.062299228075177,4.456820388765411,0.14143800109488722,1.4604161659834822,0.31662590354165615,1.4692534728220328,1.0060512250168077,0.04937942441198204,1.9265058447820058,1.319148534270466,0.142474927748481,1.4246988431985241,1.514970073833307,1.0633616227497722,0.9698234296499342,0.154903318977713,0.15481282165545657,0.7840129893754972
3,3892,20,3.182197172723769,10.126378846091148,2.315143786050621,1.0425481896651216,1.062299228075177,4.456820388765411,0.14143800109488722,3.062961895401462,0.6551483500008737,2.8833148973489267,0.9413486017171004,0.5600861608256905,5.093430093945909,1.662910041941058,0.15380856533927112,3.0537113572611627,3.330686682448366,1.0907012133051166,0.8656818164683746,0.09468661214787483,0.09279012390764078,0.668155009982408
3,3892,40,4.459598256408206,19.888016608559116,2.990117369872548,1.0425481896651216,1.062299228075177,4.456820388765411,0.14143800109488722,5.334332348868899,1.141594749144036,5.89845582116501,1.1057533418246293,2.966730515187197,21.73510307277929,4.07456859664697,0.19374449951700382,7.586785321833011,10.74828889068542,1.4167118792401219,0.5487809158420252,0.14805189561637802,0.1225245931164088,0.5252235224580927
3,3892,80,20.947526310836597,438.7988585431915,6.084041127083179,1.0425481896651216,1.062299228075177,4.456820388765411,0.14143800109488722,7.698236364822727,1.7320435119558584,16.492176658714893,2.1423318117479844,16.02736022404565,75.229252701203,9.77227109380076,0.1747059089938355,13.344813158669034,31.978067270769326,2.3962918693991444,0.515734003530293,0.15047629775345808,0.13610333180082795,0.4930837243933135
3,3892,160,173.0040455545335,29930.3997782351,10.306629957865294,1.0425481896651216,1.062299228075177,4.456820388765411,0.14143800109488722,10.880694616964856,2.702464751857721,40.04932603686504,3.6807692382452597,39.23456007001865,355.98541035322626,32.71715849815179,0.1645654143489347,25.48261939344858,116.61638716662443,4.576310832339543,0.3434279436186061,0.18498497227339525,0.1907749826851606,0.35385049778577504
3,3951,1,1.0491169605558435,1.1006463969259312,0.09589764078435696,1.0241768435479623,1.0491169605558441,4.4488075813242975,0.13439480658825156,0.13439480658825156,0.03177299931164786,0.13439480658825168,0.9999999999999933,3.2987125042640323e-16,0.13439480658825168,0.9999999999999933,0.13439480658825168,0.13439480658825168,0.13439480658825168,0.9999999999999926,0.9999999999999926,nan,nan,nan
3,3951,2,1.1009352071096183,1.2120583302534982,0.1923200137609059,1.0241768435479623,1.0491169605558441,4.4488075813242975,0.13439480658825156,0.26326732154516497,0.06224413786011811,0.2633087149519281,1.0001572295662036,0.00014832067949072838,0.26987770247658693,1.0251090066652533,0.13165275333443993,0.26324716738612064,0.2636776224811173,1.0016351746507657,0.9986009145345027,0.1500361926492878,0.1500361926492867,0.9560357030753056
3,3951,5,1.2727748229023472,1.6199557498141013,0.4823988339416661,1.0241768435479623,1.0491169605558441,4.4488075813242975,0.13439480658825156,0.616731730478799,0.14548362209198185,0.6174758287400243,1.0012065185305878,0.003565451488370052,0.6880157611114497,1.1155835302608936,0.12426846630707823,0.6203399892510846,0.6249956486790039,1.0075050125875957,0.9879682043309028,0.16854263674803693,0.16696003455868805,0.8939955055058192
3,3951,10,1.6116449582666692,2.5973994715063737,0.9545107412235826,1.0241768435479623,1.0491169605558441,4.4488075813242975,0.13439480658825156,1.08630670433114,0.2539499077690444,1.0876408560190962,1.0012281537825696,0.027603643603628818,1.4436930208769811,1.3289920932283017,0.11347471250129788,1.1270988706478224,1.1494796619320666,1.0198569902491157,0.946202783780418,0.17912466765909751,0.17191884763134685,0.798567290828813
3,3951,20,2.432782079311289,5.918428645418159,1.7780709821455316,1.0241768435479623,1.0491169605558441,4.4488075813242975,0.13439480658825156,1.5007182860565877,0.33916396808026955,1.4827907486741687,0.98805402882807,0.1773364520263327,3.3727547857437488,2.247426993514071,0.09996889801946145,1.9678503932678315,2.141080561078701,1.0880301512775068,0.6925431838618539,0.20132527361721098,0.1806265185711464,0.6724249760427069
3,3951,40,4.05757592297244,16.463922370685648,2.8011714639861687,1.0241768435479623,1.0491169605558441,4.4488075813242975,0.13439480658825156,3.2224774379145686,0.6775855612315602,3.5807826372889604,1.1111893585843904,0.9245447785112235,11.744025523251175,3.6444089212464235,0.13696437637620326,5.245414903890259,6.479130748016182,1.235198905469029,0.5526640496312479,0.1920972508996248,0.19990801290671828,0.573856604002073
3,3951,80,8.814465315786197,77.69479880319787,4.352788315663273,1.0241768435479623,1.0491169605558441,4.4488075813242975,0.13439480658825156,4.099270255363472,0.898350541549004,6.975391675047673,1.7016179077046922,5.642790109155077,67.27633232079559,16.41178261735035,0.14283078253248105,11.069724044629973,20.524302271369734,1.8540933982294043,0.33986011231075847,0.16920761971413145,0.1572174680715282,0.3681937367232566
3,3951,160,177.72599842427067,31586.53051590386,10.360486059208151,1.0241768435479623,1.0491169605558441,4.4488075813242975,0.13439480658825156,12.518003939462501,2.616233396265796,11.583002338056708,0.925307452695534,18.94643251899456,360.5414194311301,28.801829842419032,0.1396567630472937,21.892255225849915,85.65923378409812,3.9127642584284095,0.13522187657259888,0.1747494179959818,0.16947792448711063,0.33651045152675835
3,4010,1,1.067781802235,1.1401579771842247,0.1311668292829611,1.0430848273076034,1.0677818022349992,4.4659513233409145,0.09621635402275919,0.09621635402275926,0.018830126225905863,0.09621635402275934,0.9999999999999905,6.556428628355768e-16,0.09621635402275934,0.9999999999999905,0.09621635402275934,0.09621635402275934,0.09621635402275934,0.9999999999999896,0.9999999999999896,nan,nan,nan
3,4010,2,1.1394173501661118,1.2982718978595638,0.26103407081326213,1.0430848273076034,1.0677818022349992,4.4659513233409145,0.09621635402275919,0.1892851383748285,0.036983117170020584,0.18927808885057237,0.9999627571170265,0.00010852331398050706,0.1961397988872338,1.0362134110012928,0.09479352520581955,0.18956536612497568,0.1906051999994479,1.0054853578780085,0.9930373822493807,0.33543799230975413,0.33543799230975063,0.9461566638325156
3,4010,5,1.3922574150308231,1.9383807097083097,0.6618529388137839,1.0430848273076034,1.0677818022349992,4.4659513233409145,0.09621635402275919,0.47029956955993324,0.09163659920879617,0.4705970165765333,1.0006324628722867,0.003098427038085163,0.5586373238902202,1.1878329474401708,0.09703627442077957,0.48485508244299014,0.493869721746967,1.0185924405670965,0.9528768334124391,0.39809221246451226,0.398000738559496,0.8608066050948542
3,4010,10,1.9415685988601166,3.7696886240796363,1.3269924049665984,1.0430848273076034,1.0677818022349992,4.4659513233409145,0.09621635402275919,1.007318306263199,0.19824184174609938,1.0124543479304313,1.0050987276169776,0.02610561394301015,1.5191204001262637,1.5080837811452779,0.110583587347303,1.096593107894324,1.1439247810495563,1.0431624755020734,0.8850707360334469,0.35442226502373453,0.3499914938608356,0.734935729502718
3,4010,20,3.1501125499513245,9.923209077360836,2.294876364685026,1.0430848273076034,1.0677818022349992,4.4659513233409145,0.09621635402275919,2.2430120069733266,0.48513881848309737,2.2358129367542854,0.9967904450815863,0.31356070835693084,4.87960974846531,2.175471969519125,0.1299068797296493,2.563170368002146,2.877928397795058,1.1228002764553837,0.7768827530480835,0.24808119912707313,0.24210653747906247,0.6027564048832106
3,4010,40,5.915074948029272,34.98811164080349,3.5550083363837595,1.0430848273076034,1.0677818022349992,4.4659513233409145,0.09621635402275919,3.9552786333140166,0.9891195843397708,3.6247058887982053,0.9164223876084213,1.4101676750032743,14.403490433432632,3.641586792929516,0.14038952222192108,5.5654876108214335,6.654150585376618,1.19560963040119,0.5447285633667471,0.19955320843445432,0.21129665277518347,0.5344448654546557
3,4010,80,15.242537056353253,232.3349359143021,5.448180019834631,1.0430848273076034,1.0677818022349992,4.4659513233409145,0.09621635402275919,6.078076867064234,1.3938215540980505,9.570400880569206,1.5745771384414549,5.382217941751741,48.82859844566178,8.03356053462457,0.1335276744723431,10.564988294718804,16.90559202348394,1.6001524613079465,0.5661085910079189,0.19168383988632975,0.19759185052232264,0.41714468673834454
3,4010,160,171.90644162132568,29551.824670906255,10.293900769520306,1.0430848273076034,1.0677818022349992,4.4659513233409145,0.09621635402275919,8.090359330742716,1.918939921139511,20.05163613575271,2.47846051281778,24.524060309784588,328.5281424149458,40.607361055839036,0.1267780060461033,20.002589163443876,84.92778328364857,4.24583950556061,0.23610219601261298,0.1702452162782072,0.17065292591771894,0.3194902426487053
3,4069,1,1.06232562516897,1.1285357338906428,0.12092098171931587,1.0250932007802478,1.0623256251689692,4.451587565905275,0.09995008039713534,0.09995008039713531,0.022608994095826427,0.09995008039713531,0.99999999999999,0.0,0.09995008039713531,0.99999999999999,0.09995008039713531,0.09995008039713531,0.09995008039713531,0.99999999999999,0.99999999999999,nan,nan,nan
3,4069,2,1.1278951693513655,1.2721475130461455,0.2407064275699027,1.0250932007802478,1.0623256251689692,4.451587565905275,0.09995008039713534,0.20045517573712862,0.045286800571415466,0.20048504997599526,1.0001490320155406,9.429738931765405e-05,0.20864432140197642,1.040852752415761,0.10125365756611437,0.20249074437800724,0.20101835782766675,0.9927286229557591,0.9973469694139592,0.014472749560072912,0.014472749560072768,0.9281272318064993
3,4069,5,1.3439954244604368,1.80632370097059,0.59129367535169,1.0250932007802478,1.0623256251689692,4.451587565905275,0.09995008039713534,0.5098776255278403,0.11519399889787653,0.5107552440148967,1.0017212335727554,0.0027739140023301198,0.5987432317182514,1.1742881070696396,0.1069470629225125,0.5340378504861947,0.5207908486314562,0.9751946386521494,0.9807300672756977,0.010979348032592222,0.010783494790676793,0.8406220491401509
3,4069,10,1.7642610149892504,3.1126169290109,1.1354638286388858,1.0250932007802478,1.0623256251689692,4.451587565905275,0.09995008039713534,1.069444989298539,0.2438795345807809,1.0798108128126545,1.009692713152935,0.026862091169162626,1.4996492869095923,1.4022687486648824,0.12000421616266035,1.1918290257636617,1.1470781420036655,0.9624519265829063,0.9413576750111265,0.01817354593763692,0.017270710952584648,0.7443119463412932
3,4069,20,2.625358424077239,6.892506854873323,1.930434858456245,1.0250932007802478,1.0623256251689692,4.451587565905275,0.09995008039713534,2.2617687906030883,0.5201278597627227,2.39699757185229,1.0597889500514075,0.2589519193495083,4.014927603619301,1.7751273341024134,0.13312474901764276,2.641353221937255,2.7639789911041595,1.0464253580885958,0.867227131453243,0.22188120544725706,0.23021874587365412,0.6941215127591468
3,4069,40,4.6278950125449105,21.417412247138056,3.064204247597198,1.0250932007802478,1.0623256251689692,4.451587565905275,0.09995008039713534,3.4566574033958006,0.7251529766591995,3.8999415025249795,1.1282406809230496,1.3604375676193423,12.63818344466105,3.6561863007439985,0.13714863118869827,5.455084690300696,6.795380020848743,1.245696521069807,0.5739107291365106,0.1981977371730674,0.19939791927757924,0.5693992097641117
3,4069,80,11.056695470354583,122.25051472415956,4.806072338768691,1.0250932007802478,1.0623256251689692,4.451587565905275,0.09995008039713534,10.138828530409503,2.462123951441763,13.216099723183016,1.3035134861531406,14.34074910142071,62.735863794665505,6.187683676324252,0.12391507869720651,9.75302868176989,21.24115710595526,2.177903685001837,0.6221930216540649,0.16505143435696473,0.1743774308707071,0.40619876454061404
3,4069,160,324.82524600439064,105511.4404418129,11.5665746662258,1.0250932007802478,1.0623256251689692,4.451587565905275,0.09995008039713534,32.116114858856704,6.885673252313257,90.4828737527398,2.8173667378632885,81.09398827269543,497.42042731149945,15.488188079335043,0.12067338878027414,19.113364982830362,119.05961020430189,6.229128691428944,0.7599795900345595,0.19583584378025318,0.19957896154054158,0.32398339509591956
3,4128,1,1.0575297110665232,1.118369089788444,0.11187145422960622,1.0177718038609762,1.0575297110665247,4.448544800322581,0.08155560945826983,0.0815556094582698,0.01839502548934502,0.08155560945826973,0.9999999999999869,4.980559976921029e-16,0.08155560945826973,0.9999999999999869,0.08155560945826973,0.08155560945826973,0.08155560945826973,0.9999999999999878,0.9999999999999878,nan,nan,nan
3,4128,2,1.1180261698878569,1.249982516554111,0.22312956445968293,1.0177718038609762,1.0575297110665247,4.448544800322581,0.08155560945826983,0.16077125228306566,0.036506569909152575,0.1608096512939438,1.0002388425189943,7.765390323244786e-05,0.16639788407604683,1.0349977481239836,0.08085215162391364,0.16169812882422696,0.16120549467001563,0.9969533713358685,0.9975444796290406,0.06573018251024931,0.06573018251024851,0.9398021279779736
3,4128,5,1.318465810165961,1.7383520925765839,0.5529375912373764,1.0177718038609762,1.0575297110665247,4.448544800322581,0.08155560945826983,0.3921288937119452,0.09071669011037108,0.3930404937031364,1.002324745780809,0.0021692964720847825,0.4528731135127547,1.1549088087485606,0.08062877153139732,0.4031253083199764,0.4008182787865564,0.9942771404181108,0.9805952335632806,0.0564074563354805,0.05629226958499997,0.8634762238728992
3,4128,10,1.7289945430715177,2.989422129971086,1.0950801011558133,1.0177718038609762,1.0575297110665247,4.448544800322581,0.08155560945826983,0.7954649703470746,0.18858811431198766,0.7999881129225112,1.005686161860103,0.018748047686379853,1.1126246649388407,1.3987098193065404,0.08521541738399997,0.8504333154789239,0.855210488076878,1.0056173394327372,0.9354283232908579,0.05308862734539961,0.05439335662999435,0.7564166612689176
3,4128,20,3.0063295092320996,9.038017118079717,2.2014398049992123,1.0177718038609762,1.0575297110665247,4.448544800322581,0.08155560945826983,1.842575687391627,0.4472025595946546,1.8324393554639316,0.9944988246631835,0.1717002975478013,3.666285114246191,1.9897609304919395,0.10019172795862585,1.9796489270871187,2.161475860435409,1.0918480700594886,0.8477722971631074,0.03274637991528577,0.03182119232729902,0.6001808228365344
3,4128,40,6.0996448530885194,37.20566733380927,3.616461097358416,1.0177718038609762,1.0575297110665247,4.448544800322581,0.08155560945826983,4.526940788758165,1.0773873949397543,4.785368180293088,1.057086541130973,1.3350046058992884,15.56959916172998,3.4393202580414233,0.10953911661018165,4.338659191680604,6.236940613787908,1.4375272032768247,0.7672621043904359,0.08240499308620548,0.07919358074975424,0.47756900150180737
3,4128,80,23.850227510261607,568.8333522912396,6.343587513006351,1.0177718038609762,1.0575297110665247,4.448544800322581,0.08155560945826983,5.6218556396524475,1.3333820420161762,9.915605753675687,1.7637602936187604,9.30666764771529,49.47738145959076,8.800898605544685,0.11495968493206583,9.127853178990737,17.956889090917212,1.9672631383081352,0.552189508075266,0.185611102387925,0.19237235241416595,0.4263449296659283
3,4128,160,284.1999874249397,80769.63285233588,11.299356342831556,1.0177718038609762,1.0575297110665247,4.448544800322581,0.08155560945826983,6.697584695248526,1.4363367984925897,31.588167359385867,4.716352057749338,31.995071461825585,204.21518109565258,30.490869528014944,0.10784203302008451,17.08446247916229,58.103808009760634,3.4009737257247123,0.5436505530597838,0.16228374734777895,0.17259730382476013,0.4088956433710935
3,4187,1,1.053240136465075,1.1093147850609697,0.10374251395362523,1.039497318750859,1.0532401364650745,4.455754333292417,0.10692635311179711,0.10692635311179705,0.02356454826025769,0.10692635311179705,0.9999999999999907,0.0,0.10692635311179705,0.9999999999999907,0.10692635311179705,0.10692635311179705,0.10692635311179705,0.9999999999999907,0.9999999999999907,nan,nan,nan
3,4187,2,1.1106578655949069,1.2335608944078342,0.20990502294170588,1.039497318750859,1.0532401364650745,4.455754333292417,0.10692635311179711,0.21365607991924437,0.0470007384982527,0.21363652621837934,0.9999084804847425,0.00011029142313585789,0.21976004877555178,1.0285691324984223,0.10696764889234234,0.21393528184824476,0.21417484882222382,1.001119810495531,0.9974865274479904,0.19016550299621468,0.1901655029962129,0.9504643505856893
3,4187,5,1.3102143886056175,1.716661744109192,0.5403815584942152,1.039497318750859,1.0532401364650745,4.455754333292417,0.10692635311179711,0.5363932267195296,0.11800232781166953,0.53555993848753,0.9984464974751885,0.0036978977976592467,0.6058723665968054,1.129530233448686,0.10842033191583067,0.5420424930046798,0.5463827627171918,1.0080072499269417,0.9801918637113656,0.18389565259193488,0.1838396640950523,0.8823331411442019
3,4187,10,1.7478927279162717,3.055128988302586,1.11682181376254,1.039497318750859,1.0532401364650745,4.455754333292417,0.10692635311179711,1.1019705471075207,0.24678766078640585,1.0923696410612094,0.9912875112029871,0.04067151339931245,1.470962569696989,1.3348474453859098,0.11430664813140569,1.1411559307314676,1.1738085634788231,1.0286136468014713,0.930619928196593,0.21610221582935915,0.21622408998175485,0.7884346179109758
3,4187,20,3.1956240151565405,10.212012846245209,2.323564757334303,1.039497318750859,1.0532401364650745,4.455754333292417,0.10692635311179711,2.3260570510952214,0.5504113070341556,2.2598021018808936,0.9715161976860659,0.388157082607997,4.183127988380645,1.7983772093685415,0.12483812259462498,2.486388702981279,2.7320962750906754,1.098821061974253,0.8271312114745636,0.29043747159017,0.29536417991528147,0.6705528009282652
3,4187,40,6.199601013502968,38.43505272662703,3.648969874639026,1.039497318750859,1.0532401364650745,4.455754333292417,0.10692635311179711,4.84623000515766,1.0468431046386062,4.42653242317231,0.9133970980455566,2.1968513442338797,13.099224517179266,2.7029721047573583,0.11893424723794839,4.73704623448415,6.503804690387729,1.372966268102294,0.6806066039643665,0.2416077700505062,0.24820717877268295,0.5403055312545311
3,4187,80,15.1673225787411,230.04767420758958,5.438286566607271,1.039497318750859,1.0532401364650745,4.455754333292417,0.10692635311179711,7.483154007581294,1.83002650567811,9.264473804590281,1.238043984555751,9.59975351281438,40.97564196825556,5.475718116551193,0.10804958023885854,8.534006661333098,16.23787359322081,1.9027256759469513,0.5705472303010246,0.19534813485877991,0.2040311391596832,0.474769282789468
3,4187,160,144.1081380755322,20767.15545959665,9.94112795321069,1.039497318750859,1.0532401364650745,4.455754333292417,0.10692635311179711,25.633298077409314,5.272573926085446,21.708358969020132,0.8468812286059967,30.08075447173913,170.97012431294266,6.669844972606901,0.12378880542773686,19.22389463782333,60.17558415188308,3.1302493737916466,0.36075028227774686,0.21220734387528642,0.22760203180243302,0.35407098175698204
3,4246,1,1.045307309164164,1.0926673705920251,0.08862183588031139,1.0278687139511928,1.0453073091641663,4.443277257118931,0.09564150992810803,0.09564150992810808,0.021887378901250164,0.09564150992810808,0.9999999999999896,0.0,0.09564150992810808,0.9999999999999896,0.09564150992810806,0.09564150992810808,0.09564150992810808,0.9999999999999896,0.9999999999999896,nan,nan,nan
3,4246,2,1.0914929949013228,1.1913569579186591,0.17509295824631188,1.0278687139511928,1.0453073091641663,4.443277257118931,0.09564150992810803,0.18792763678363616,0.04335555905672485,0.18795933324224656,1.0001686631043303,9.919196887296782e-05,0.19229262441704992,1.023226959632543,0.09404377996684364,0.18805994250286995,0.18812006534735762,1.0003197004300146,0.9991455876606503,0.14893270289206553,0.14893270289206398,0.9582218489809541
3,4246,5,1.2351184308232144,1.5255175381591994,0.4223337217713654,1.0278687139511928,1.0453073091641663,4.443277257118931,0.09564150992810803,0.4439012492504451,0.10483417153433512,0.444673352553777,1.0017393582573482,0.0025169913820330615,0.4868919234522104,1.0968473827779412,0.0892643015741046,0.4457327712244813,0.4481417221093713,1.0054044733535552,0.9922605519984393,0.07515882604072377,0.07697324668505084,0.9075523221697361
3,4246,10,1.4901115911560863,2.220432554097723,0.7977020210926881,1.0278687139511928,1.0453073091641663,4.443277257118931,0.09564150992810803,0.8030404098903797,0.19551100763896137,0.8059592685050571,1.003634759320611,0.017322066294277624,1.007623711811239,1.2547609054303817,0.08311513271392944,0.8279543105861062,0.8424111398120586,1.0174609021791519,0.9567291200409163,0.11915106781049047,0.11332939696980975,0.8368708998421216
3,4246,20,2.026258802864946,4.105724736187684,1.412382276940753,1.0278687139511928,1.0453073091641663,4.443277257118931,0.09564150992810803,1.408412955303538,0.34538065374088656,1.3880076601586249,0.9855118521396187,0.1110833894565512,2.3666723887406107,1.6803824331696444,0.0825048717631144,1.6451368341313615,1.7198509996555664,1.0454151678900638,0.8070511110768314,0.18206616231415432,0.1827436171027865,0.7370484950326588
3,4246,40,3.3069370489600236,10.93583264578443,2.3920447962489986,1.0278687139511928,1.0453073091641663,4.443277257118931,0.09564150992810803,3.116267278609083,0.6795304783938981,2.9060266516371196,0.9325344689092897,0.6680558609260805,6.248685644212023,2.005182831108461,0.0898961050044025,3.578823979114807,3.955325418504535,1.105202558602184,0.7347124052149053,0.09009427768979747,0.08756488249151302,0.646229232781542
3,4246,80,8.244111687723793,67.96537751966405,4.218998421390545,1.0278687139511928,1.0453073091641663,4.443277257118931,0.09564150992810803,6.680592215318059,1.4268318224298637,8.016629876632066,1.1999879079957283,5.031114409259684,35.48428774523341,5.31154822829491,0.1292360643774606,9.86130238434383,13.317950034224156,1.3505264837399398,0.601941729472713,0.11706936339714819,0.1307906270196817,0.4065543437531401
3,4246,160,48.50467249654639,2352.703253997224,7.763320266876003,1.0278687139511928,1.0453073091641663,4.443277257118931,0.09564150992810803,16.334451334996174,3.8110779518551,45.63926269925783,2.7940493233143857,49.799499129500596,307.8456792196053,18.8464046270139,0.12273996054527793,18.915286030578343,85.18195970872505,4.503339762931439,0.5357855449125465,0.22172305027671027,0.20900434182481875,0.3318127300843962
3,4305,1,1.0588995890693373,1.1212683397312115,0.11446049076208507,1.026434633365943,1.0588995890693365,4.466839542792899,0.18601303780568873,0.18601303780568862,0.03962752234292745,0.18601303780568862,0.9999999999999947,0.0,0.18601303780568862,0.9999999999999947,0.18601303780568865,0.18601303780568862,0.18601303780568862,0.9999999999999947,0.9999999999999947,nan,nan,nan
3,4305,2,1.1205489760306773,1.2556300076833993,0.2276374447789292,1.026434633365943,1.0588995890693365,4.466839542792899,0.18601303780568873,0.3729946634722821,0.08004802070992764,0.3730624097527987,1.000181628015492,0.00034106132041009226,0.3839055338180162,1.0292520816361328,0.18650329796166232,0.3730053105536625,0.37352958064390795,1.0014055298286941,0.9987493068412281,0.1556130804863013,0.15561308048630046,0.9473069862449865
3,4305,5,1.3203494140583485,1.7433225752042243,0.5557928183787199,1.026434633365943,1.0588995890693365,4.466839542792899,0.18601303780568873,0.9404339569791061,0.20617913423604706,0.9426796702713676,1.0023879542796117,0.010455890200854107,1.0470083960049323,1.1133247457037463,0.186233361194482,0.9311567914825452,0.9521371422280788,1.0225314908696834,0.9900671116194659,0.3094145018070462,0.30943764143072267,0.8931897223265497
3,4305,10,1.6871687196488048,2.846538288561387,1.046103620420374,1.026434633365943,1.0588995890693365,4.466839542792899,0.18601303780568873,1.9070066791639786,0.42709919917362027,1.9270448936602684,1.0105076792416234,0.09880046527932408,2.377410125480483,1.2466711057995483,0.1810388890026968,1.8092733298082195,2.0095714047718394,1.1107063657346068,0.9589332775557973,0.4287853370548684,0.42929958722932987,0.847317933604566
3,4305,20,2.5431414418716214,6.4675683933648696,1.8668002099529206,1.026434633365943,1.0588995890693365,4.466839542792899,0.18601303780568873,3.8520382674301143,0.828421151963513,3.6684270215052,0.9523340026298827,0.8481247589756694,6.029260218929379,1.5652129600861406,0.17131236928194946,3.419140844936595,4.349730565796013,1.2721706308874425,0.8433687940011215,0.1700437955202919,0.1700963213072776,0.7301867397093841
3,4305,40,5.147330532864292,26.495011614557,3.27695647431251,1.026434633365943,1.0588995890693365,4.466839542792899,0.18601303780568873,5.992090584988635,1.2233633548101617,4.885718491927188,0.8153612537445399,3.7315706909534154,17.547786353854903,2.928491501416143,0.150719739234805,5.900172442917602,8.061182810143778,1.3662622386266339,0.6060796048167088,0.2675870195170136,0.2683317846766113,0.4952906169089186
3,4305,80,12.242614600387169,149.88161225361307,5.009845730830622,1.026434633365943,1.0588995890693365,4.466839542792899,0.18601303780568873,8.62950042575905,2.1976167465285235,6.07622245693957,0.7041221573849225,8.290878105443184,81.01116307258121,9.387700223151153,0.13667869331473698,10.625582572632485,21.59940526454784,2.0327737436420477,0.2813143409514507,0.1810265570825491,0.16797486418247748,0.36885798367880546
3,4305,160,122.57287657362325,15024.11007153268,9.617411527801178,1.026434633365943,1.0588995890693365,4.466839542792899,0.18601303780568873,19.136193843541715,4.402942101758233,30.567259801510858,1.5973531649726165,33.09658858093256,434.87077251220876,22.72504010294469,0.13310071087462172,20.774865187123922,137.19214738909713,6.6037563254142135,0.2228061910483667,0.24194419334115333,0.24152678859380086,0.4039286862368691
3,4364,1,1.062949147951895,1.1298608911316599,0.12209451995296162,1.0253799410464401,1.0629491479518942,4.444066580545316,0.11816568337119639,0.1181656833711964,0.02913958476324909,0.1181656833711964,0.9999999999999916,0.0,0.1181656833711964,0.9999999999999916,0.11816568337119639,0.1181656833711964,0.1181656833711964,0.9999999999999916,0.9999999999999916,nan,nan,nan
3,4364,2,1.1301748445863968,1.2772951793358862,0.24474470095463086,1.0253799410464401,1.0629491479518942,4.444066580545316,0.11816568337119639,0.2327955272414644,0.05800618060151713,0.23276855565736607,0.9998841404539901,0.00016822867729985187,0.24002348829656223,1.0310485392084001,0.11632252365448366,0.23261536791472837,0.23304825067182283,1.0018609379121166,0.9987998407469205,0.27036546788801746,0.2703654678880152,0.94445308323655
3,4364,5,1.3601065608922462,1.8498898569821336,0.6151261005514356,1.0253799410464401,1.0629491479518942,4.444066580545316,0.11816568337119639,0.5603083854913371,0.1432960037614309,0.5594906051613705,0.998540481721953,0.004750606603230857,0.6333552278919294,1.1303689973094657,0.11148508373867942,0.5569566058887857,0.5646685045941532,1.0138464983157172,0.990830196140468,0.3049345689071845,0.3040292649385973,0.875166651256338
3,4364,10,1.8451481247924535,3.4045716024251074,1.225119117420443,1.0253799410464401,1.0629491479518942,4.444066580545316,0.11816568337119639,1.0798123713066397,0.28259066149667444,1.070839861406699,0.9916906768820545,0.040082813358503826,1.41268628101198,1.3082701389154683,0.10506120094148914,1.0477983298523006,1.1075750923375511,1.0570498737993557,0.96683274011397,0.3352022157059998,0.3324513206206966,0.7894102043801504
3,4364,20,3.1197322628819077,9.732729392066268,2.2754943699207075,1.0253799410464401,1.0629491479518942,4.444066580545316,0.11816568337119639,2.0805096170430124,0.5327357289938899,2.015786028915799,0.9688905124028195,0.2590179740360804,3.555114180325687,1.708770846913219,0.09670236483212537,1.9230641105882653,2.280245331169076,1.1857354721635087,0.8840215574007161,0.3009368191985505,0.3038353600052897,0.6759470611344373
3,4364,40,6.489927159214556,42.119154531910716,3.7405026142226867,1.0253799410464401,1.0629491479518942,4.444066580545316,0.11816568337119639,3.479692850982547,0.8119152328853368,3.6808600421971187,1.057811766678708,1.3104094631840646,12.268198342931612,3.5256555300469943,0.0957973593366034,3.820245760671722,6.012631424190902,1.5738860274616693,0.6121878729149672,0.28916673540207183,0.29466232000786163,0.5219569555594598
3,4364,80,12.615991520637865,159.1632420488065,5.069930355097475,1.0253799410464401,1.0629491479518942,4.444066580545316,0.11816568337119639,4.415129501512773,1.0841025129055555,8.456760947998374,1.915404960398285,7.430023856526126,39.92472249736102,9.042707010900008,0.11160115185680436,8.813855847745414,17.646173020863582,2.002094579908233,0.47924050942942137,0.29497792978722226,0.3054836679284283,0.4839363540117036
3,4364,160,27.459366128069835,754.016788155389,6.62541463321816,1.0253799410464401,1.0629491479518942,4.444066580545316,0.11816568337119639,6.292258278624434,1.3249371165121988,24.971829600292438,3.9686593420878435,27.716738265365183,270.233847263277,42.94703670720164,0.14324061066533425,22.0124161623177,74.43921332836103,3.381692076846656,0.3354660599399198,0.15213557841878872,0.15653817276899903,0.3297074766031435
3,4423,1,1.054256056469313,1.1114558326022275,0.10567071688245591,1.0302657227830627,1.0542560564693122,4.452221599051389,0.12715421915097705,0.12715421915097702,0.031042095649022352,0.12715421915097702,0.9999999999999921,0.0,0.12715421915097702,0.9999999999999921,0.12715421915097705,0.12715421915097702,0.12715421915097702,0.9999999999999921,0.9999999999999921,nan,nan,nan
3,4423,2,1.1113983109888943,1.235206205668967,0.21123792429531957,1.0302657227830627,1.0542560564693122,4.452221599051389,0.12715421915097705,0.2559183262960028,0.06266671731576179,0.2559190172212085,1.0000026997879157,0.0001625994352850887,0.2627867795665997,1.0268384580737355,0.1279324223942515,0.25586013957201936,0.25635166057181874,1.0019210534341947,0.9983123052542505,0.429594024129204,0.4295940241292006,0.952005684959141
3,4423,5,1.299062309336345,1.6875628835382774,0.5232854073892296,1.0302657227830627,1.0542560564693122,4.452221599051389,0.12715421915097705,0.6464743181523982,0.1597270694982586,0.6469468926065407,1.0007310026722982,0.004928728395895713,0.7277972821170331,1.1257945778837002,0.13061318698604574,0.6529436535014563,0.6552608024730253,1.0035487732504056,0.9873120598163235,0.4026869140640275,0.4023514543963669,0.8796157638632435
3,4423,10,1.654833306210787,2.738473271344524,1.0074005648670117,1.0302657227830627,1.0542560564693122,4.452221599051389,0.12715421915097705,1.2721513311970014,0.3181534208700489,1.2866899458492385,1.0114283688549508,0.04603720345912264,1.7246497319817318,1.3556954190025183,0.13462774705423816,1.34553246743519,1.3498865447874362,1.0032359511625495,0.9531837700122048,0.334651694165897,0.33315230285241215,0.772062204999447
3,4423,20,2.5014949849141637,6.257477159550712,1.8337770942253546,1.0302657227830627,1.0542560564693122,4.452221599051389,0.12715421915097705,2.341490746881979,0.5777631747324018,2.5568814915288054,1.0919887233949774,0.3973852641935632,4.491334861698821,1.918151872980774,0.1345523782068197,2.689652175770573,2.99956042658546,1.1152224267534145,0.8524187307136274,0.3543215176307295,0.35243906549943654,0.6920330165302109
3,4423,40,4.660084345300385,21.716386105313717,3.0780670956472442,1.0302657227830627,1.0542560564693122,4.452221599051389,0.12715421915097705,4.708605954817017,1.0781025071593615,5.67503649990504,1.2052477005639728,2.9552655398060845,14.064242498557142,2.9869228033764603,0.14716015459251425,5.846447011164543,8.453831432948048,1.445977602602806,0.6712975702102475,0.29208460302302924,0.27653662934881595,0.627501570814811
3,4423,80,11.236285166388761,126.2541043404081,4.838296577254038,1.0302657227830627,1.0542560564693122,4.452221599051389,0.12715421915097705,6.4738679892697935,1.4232736682230418,5.875762997961386,0.9076124208433435,9.271767766703416,55.8086440179923,8.62060272320862,0.15431870874331324,12.03027342193991,20.0220672311756,1.6643069138113566,0.2934643526125244,0.12881368953397618,0.12182234867044991,0.42262270810903785
3,4423,160,90.20921671636957,8137.70278058093,9.004263205478964,1.0302657227830627,1.0542560564693122,4.452221599051389,0.12715421915097705,11.378840532175778,2.61001348316296,12.606364397889346,1.1078777633136272,11.748215366599055,318.3721399922032,27.979312926650742,0.16368076678884697,25.750876351107657,93.85034669115893,3.644549622759616,0.13432411112314957,0.20717896006203246,0.21083439187639813,0.36035508270011846
3,4482,1,1.0628334382053268,1.1296149173673562,0.12187679355434283,1.0245036911021412,1.062833438205327,4.454846747174332,0.11455535017178053,0.11455535017178059,0.02800996287130402,0.11455535017178059,0.9999999999999912,0.0,0.11455535017178059,0.9999999999999912,0.11455535017178059,0.11455535017178059,0.11455535017178059,0.9999999999999912,0.9999999999999912,nan,nan,nan
3,4482,2,1.129890224437953,1.2766519192804477,0.24424096298027004,1.0245036911021412,1.062833438205327,4.454846747174332,0.11455535017178053,0.2370326310352994,0.05801905573889006,0.2370329663522287,1.0000014146445864,0.0001473809065626651,0.24465977092127428,1.0321775945052813,0.11878749819797516,0.2374293148806994,0.23752226539229598,1.0003914870901358,0.997939986639736,0.13166116397362088,0.13166116397361974,0.9413929607155306
3,4482,5,1.356973589579483,1.8413773228162271,0.610513836609628,1.0245036911021412,1.062833438205327,4.454846747174332,0.11455535017178053,0.6550205072312741,0.16026992271286908,0.6545988941582924,0.9993563360714234,0.005514362248839339,0.7437308114640595,1.1354313387954165,0.13293571483482614,0.6615394896542031,0.6623255945239959,1.001188296212223,0.9883339849319012,0.09745564623350253,0.09730860236721697,0.8621160419866283
3,4482,10,1.82370775245,3.325909966346231,1.201743310754987,1.0245036911021412,1.062833438205327,4.454846747174332,0.11455535017178053,1.5113880121560512,0.3639241851301652,1.503560561628729,0.9948210185178344,0.07583136267817475,1.9927309263761084,1.3184773931966034,0.15817116703883016,1.5586883349819816,1.547067466580213,0.9925444566813264,0.971877823112875,0.05459136351508288,0.05448109406655298,0.7506633379480786
3,4482,20,3.020823192652963,9.12537276127004,2.2110587491843354,1.0245036911021412,1.062833438205327,4.454846747174332,0.11455535017178053,3.4495712852638523,0.7649669960496518,3.51347106938761,1.018523978442402,0.6586507082040003,6.032779242526811,1.7488489854661378,0.1894220799655413,3.7200807904076614,3.807881747714508,1.0236018952957269,0.9226838705000215,0.0515966054103538,0.05293699128592929,0.6274186314786414
3,4482,40,4.974022928049698,24.740904088764093,3.2084579099006865,1.0245036911021412,1.062833438205327,4.454846747174332,0.11455535017178053,4.539747472940664,0.9576877881817294,4.619409919709638,1.0175477704968845,2.7135296334919694,21.330920375203014,4.698701965769411,0.19074841144963098,7.55260576012678,9.618533969041078,1.273538467984276,0.4802613303210251,0.2234049777486149,0.2265161396072953,0.5039306177816555
3,4482,80,10.999295979023017,120.98451203415192,4.795662537686326,1.0245036911021412,1.062833438205327,4.454846747174332,0.11455535017178053,6.71470146630183,1.494859608610883,7.29191005220719,1.0859619133928915,5.598579062233214,75.63633470796367,11.264288529810234,0.17828405325974123,14.101484129438843,27.682925296471915,1.9631214021423382,0.2634082191139141,0.22943298793787423,0.23680997014174598,0.4297951883554434
3,4482,160,113.94682476256344,12983.87887347034,9.471463780243822,1.0245036911021412,1.062833438205327,4.454846747174332,0.11455535017178053,31.5672986413314,8.049198307948803,22.59105509833908,0.7156473968526521,47.248295993759044,379.2479025685908,12.01394857626612,0.1744105362084874,27.709631912151693,117.55358801722561,4.2423366860269995,0.19217665304294004,0.20024501463815103,0.2033685505690079,0.3785308434652246
3,4541,1,1.059521356177225,1.122585504195626,0.11563451073604138,1.0247479793122025,1.0595213561772259,4.447730767837799,0.17166156495908802,0.17166156495908805,0.038910894761810845,0.17166156495908805,0.9999999999999942,0.0,0.17166156495908805,0.9999999999999942,0.17166156495908805,0.17166156495908805,0.17166156495908805,0.9999999999999942,0.9999999999999942,nan,nan,nan
3,4541,2,1.12275667742691,1.2605825567067144,0.23157396070676423,1.0247479793122025,1.0595213561772259,4.447730767837799,0.17166156495908802,0.33814980459001753,0.07708744341849907,0.33825538781767367,1.0003122380265255,0.00022868953552259807,0.34864047608266824,1.0310237396273787,0.1691783722476432,0.33831974924213204,0.33885265596468006,1.001575157003813,0.9982373809486397,0.23055816356630354,0.2305581635663022,0.9462155354721805
3,4541,5,1.3348748602114513,1.7818908924245416,0.5776750995784762,1.0247479793122025,1.0595213561772259,4.447730767837799,0.17166156495908802,0.7938768954113651,0.1834565522850561,0.7965206653103889,1.003330201337643,0.006204819973027463,0.9096236378072486,1.1457993588992228,0.16046757472058554,0.8012092182648588,0.8102807536154792,1.0113223052653653,0.9830181227387005,0.21840589584293463,0.21943498348709714,0.8743848430201598
3,4541,10,1.755872002160754,3.0830864879720146,1.1259312016963927,1.0247479793122025,1.0595213561772259,4.447730767837799,0.17166156495908802,1.372520443219413,0.31918312613729466,1.3869796779471988,1.0105348046356737,0.050645315636337424,1.9851993184181689,1.446389617164202,0.14783351828560826,1.4708886361218085,1.5239811901922016,1.0360955634346167,0.910102885044319,0.17793824999526262,0.18438675066519156,0.7712434401797723
3,4541,20,2.6856723608970268,7.212836030086209,1.9758622207088992,1.0247479793122025,1.0595213561772259,4.447730767837799,0.17166156495908802,2.3910312896680064,0.5348427776091179,2.424185807694177,1.013866199982173,0.24588156504439684,5.098297580458384,2.132258830107689,0.14732233749633847,2.93476111272163,3.182395014957588,1.0843795773231801,0.7617488703634371,0.1281582303022684,0.13335814994332942,0.6534872774047542
3,4541,40,4.832800839470092,23.35596395398283,3.1508523670900277,1.0247479793122025,1.0595213561772259,4.447730767837799,0.17166156495908802,4.926134528801558,1.1222835275289917,4.201669877972804,0.852934456703722,1.6817268081939785,16.02527317826921,3.2531131832828515,0.1586825308272956,6.318950945136768,7.376266691632289,1.167324569485582,0.5696201145681486,0.09064114766250346,0.09109632302843845,0.5070706915267668
3,4541,80,16.98722459202486,288.5657993398941,5.664923133911678,1.0247479793122025,1.0595213561772259,4.447730767837799,0.17166156495908802,7.248919498075427,1.5776275442931569,7.93445050375282,1.0945700950133876,7.956399985531602,55.46133406593587,7.650979443303341,0.16367787354502758,13.047336637206254,21.83874034385529,1.6738082990500258,0.36331997078692846,0.18541040228972838,0.18514981728149552,0.4438717438145528
3,4541,160,174.066608785744,30299.18429416925,10.318876070150571,1.0247479793122025,1.0595213561772259,4.447730767837799,0.17166156495908802,28.77574696230777,6.724823586573757,22.817780077349926,0.7929517905213042,38.9680016958441,262.338070270504,9.116638070738194,0.15100281254944095,23.77344180573176,82.95940707853168,3.4895833660286506,0.2750475308454167,0.21842737317811853,0.21879178286961765,0.37357786980017416
3,4600,1,1.0542571656377133,1.1114581712984648,0.1056728210540372,1.0370003118372086,1.0542571656377127,4.459336472110602,0.15201901506942767,0.15201901506942764,0.03486550250078598,0.15201901506942764,0.9999999999999934,0.0,0.15201901506942764,0.9999999999999934,0.15201901506942764,0.15201901506942764,0.15201901506942764,0.9999999999999934,0.9999999999999934,nan,nan,nan
3,4600,2,1.1102099231227998,1.232566073400333,0.2090982347475467,1.0370003118372086,1.0542571656377127,4.459336472110602,0.15201901506942767,0.3028679908751194,0.06917219025803223,0.30285539960578756,0.9999584265432063,0.00022256148613530925,0.3147775921367562,1.0393227466105734,0.1533684080088167,0.30672504665074285,0.3035967962171394,0.9898011249235656,0.9975579564060267,0.18760383516039997,0.18760383516039875,0.9301512655913395
3,4600,5,1.28622932879615,1.6543858862553944,0.5034298742604012,1.0370003118372086,1.0542571656377127,4.459336472110602,0.15201901506942767,0.7510950157978368,0.16902656824793788,0.7511202004698986,1.0000335306073547,0.006227788248585949,0.8721175948531361,1.1611281881916686,0.1581795438003687,0.7905801913850408,0.7637958671469369,0.9661206737406606,0.9834043790726602,0.15109060633042687,0.15064087710286245,0.8490456338642511
3,4600,10,1.6012325991784617,2.563945836671812,0.9415474142923224,1.0370003118372086,1.0542571656377127,4.459336472110602,0.15201901506942767,1.472958422119262,0.32300995611613714,1.4730983706917566,1.0000950118960534,0.05527568362891498,2.0262852108641063,1.3756567601879268,0.16362524883952503,1.635043744680533,1.558362576860717,0.95310145794613,0.9452860281458221,0.10751901387457947,0.10775781135362918,0.756838954632904
3,4600,20,2.35699551129047,5.555427840243424,1.7147754390714975,1.0370003118372086,1.0542571656377127,4.459336472110602,0.15201901506942767,2.6963281537347954,0.5846632563528125,2.6792137344277243,0.993652694208097,0.30867849122643576,5.505860151301125,2.041984446023281,0.17035552918048444,3.401457937850264,3.4005585160019676,0.9997355775480012,0.7878746158374219,0.1704405677676071,0.17048555647637556,0.6329780764778038
3,4600,40,4.117545773759788,16.954183199007087,2.830514599778835,1.0370003118372086,1.0542571656377127,4.459336472110602,0.15201901506942767,4.96137826621619,1.2497619025518976,5.995898844085912,1.2085147558520468,2.528432154072984,18.029549726116734,3.63398006737088,0.17420102100491489,6.951004748862382,9.127653510622553,1.3131416018837283,0.6568937829539675,0.0878869827816097,0.09003970189538607,0.5514950174365969
3,4600,80,14.46730027302427,209.30277718984811,5.343781898307296,1.0370003118372086,1.0542571656377127,4.459336472110602,0.15201901506942767,7.7641463022666635,1.976127195143385,9.235947803449875,1.1895638546575988,10.10126617856917,56.593284938193065,7.289054422077444,0.15129520124364784,11.848492152188937,23.325193645608973,1.968621268091044,0.39596446416591985,0.20247385920942174,0.20419646327898822,0.45718810116164715
3,4600,160,124.3637508334684,15466.342521369013,9.646421491656515,1.0370003118372086,1.0542571656377127,4.459336472110602,0.15201901506942767,10.3841313318914,2.2551433712270614,41.988057877722504,4.043482939085156,41.58142813828811,392.1427800945633,37.763657600345184,0.15635920895191627,24.46689490431588,118.94230357834968,4.86135670437562,0.3530119781988595,0.2022402306594846,0.21150114513676171,0.3643610084797738
3,4659,1,1.050890384841112,1.1043706009515004,0.0992755807915309,1.0182859812084961,1.050890384841112,4.449568223657993,0.11811934293764428,0.11811934293764428,0.03279534226119093,0.11811934293764428,0.9999999999999916,0.0,0.11811934293764428,0.9999999999999916,0.11811934293764428,0.11811934293764428,0.11811934293764428,0.9999999999999916,0.9999999999999916,nan,nan,nan
3,4659,2,1.1049679704587763,1.220954215739787,0.19963269707891276,1.0182859812084961,1.050890384841112,4.449568223657993,0.11811934293764428,0.23361019036121144,0.06496661761886736,0.2335807049907052,0.9998737838856189,0.00016920949618198127,0.23992496438821684,1.0270312438735671,0.1169103177322565,0.2338080010182596,0.23409834195129547,1.0012417921190482,0.9977888055238813,0.18878520173345967,0.18878520173345809,0.9531004855980265
3,4659,5,1.2868446919136594,1.6559692611063608,0.5043864936569493,1.0182859812084961,1.050890384841112,4.449568223657993,0.11811934293764428,0.5614497430828082,0.1560457767411701,0.5607900769888942,0.9988250665317026,0.004704753352008009,0.6335328126542108,1.128387394347369,0.11377469224923285,0.5686815376287427,0.5707981260920074,1.0037219222415577,0.982466569798267,0.15159122259086039,0.1521648816686496,0.8836191728422544
3,4659,10,1.6570155781879734,2.745700626357624,1.0100362796827504,1.0182859812084961,1.050890384841112,4.449568223657993,0.11811934293764428,1.0245592320233998,0.2794950252396514,1.022577271500418,0.9980655481293466,0.035755540954225506,1.4076302373390024,1.3738885887144612,0.1089278120814177,1.0877543185325274,1.0965424741232304,1.008079173248016,0.9325468877236568,0.07820954912319479,0.08060325494138526,0.7783993591378816
3,4659,20,2.630630474732293,6.920216694590249,1.9344470833864433,1.0182859812084961,1.050890384841112,4.449568223657993,0.11811934293764428,1.7008711158597822,0.435416768275678,1.7091584858505802,1.0048724267897322,0.1664683805979113,3.7528347840352647,2.2064192571923487,0.10408164673644803,2.076929756685307,2.1969089659428183,1.0577675816292371,0.7779832994204576,0.1986837083525472,0.1915135511742083,0.6270500965331589
3,4659,40,4.861846884128762,23.637555124712552,3.1628367660691143,1.0182859812084961,1.050890384841112,4.449568223657993,0.11811934293764428,3.4612266030822587,0.8126923277665732,3.3848430947016817,0.9779316649442837,1.1141118794178795,11.89377956677645,3.436290347527351,0.11030195590563929,4.399611023641108,5.630373954953253,1.2797435783978848,0.6011755385668311,0.23693443492746477,0.230330379728201,0.5290128568311077
3,4659,80,7.275705319886381,52.93588790182298,3.96908151909045,1.0182859812084961,1.050890384841112,4.449568223657993,0.11811934293764428,3.9883437508223527,0.8379942631137901,4.787340890237983,1.2003330678933792,3.6512328028650622,64.26044924673029,16.112063869489806,0.1471991816631236,11.357701402960586,22.612517713117093,1.9909413807289158,0.2117119796642962,0.19534340605466524,0.20566501305309784,0.40470270677847375
3,4659,160,40.07439372278957,1605.9570322491563,7.3814751396339515,1.0182859812084961,1.050890384841112,4.449568223657993,0.11811934293764428,7.575977253361326,1.8454366144910874,23.141694862154203,3.054615145773655,25.40596239460493,555.1265937508763,73.27458559944547,0.14824738278107938,23.189632947270617,125.81706595374332,5.425573843269985,0.18393128695802088,0.18796999453594332,0.18543051750303022,0.2899124948391114
3,4718,1,1.0701832059741438,1.1452920943490967,0.13565970870766944,1.041728005364919,1.0701832059741438,4.4605722093893405,0.2218121037072591,0.2218121037072591,0.048451352990187595,0.2218121037072591,0.9999999999999954,0.0,0.2218121037072591,0.9999999999999954,0.2218121037072591,0.2218121037072591,0.2218121037072591,0.9999999999999954,0.9999999999999954,nan,nan,nan
3,4718,2,1.1458715979715168,1.3130217190377975,0.2723311367206335,1.041728005364919,1.0701832059741438,4.4605722093893405,0.2218121037072591,0.44251794140269896,0.09647572256560515,0.4423981537316081,0.9997293043741636,0.00047875696105711946,0.4561384877959329,1.0307796478263873,0.2201986520201779,0.4403853942803915,0.44282126738510563,1.0055312304548463,0.9990445046688994,0.28614198168681443,0.2861419816868131,0.9439428815057547
3,4718,5,1.4074066185995004,1.9807933900776797,0.6834974665062473,1.041728005364919,1.0701832059741438,4.4605722093893405,0.2218121037072591,1.0872066912738203,0.23644546378918554,1.0841676316946036,0.9972047085401423,0.014120689941915045,1.2314575812342263,1.1326802816044057,0.2126770862961086,1.0627075522004774,1.0922096484756174,1.0277612558733122,0.9926369293731848,0.34679605206600833,0.34633926068039084,0.8701250044634586
3,4718,10,1.9516307109234636,3.808862431819624,1.3373305702308633,1.041728005364919,1.0701832059741438,4.4605722093893405,0.2218121037072591,2.05218049551979,0.44658828461537553,2.0390223568773345,0.9935882157192398,0.11916393674182676,2.7529459715166777,1.3414736069886446,0.1950317257998999,1.938743620504011,2.1057789826484887,1.0861564986612582,0.9682983701892619,0.36139707799933274,0.36237586099664565,0.7763344909901392
3,4718,20,3.2444997185836355,10.52677842388929,2.353922336685294,1.041728005364919,1.0701832059741438,4.4605722093893405,0.2218121037072591,3.464169746657291,0.7315331367859322,3.5963288695407796,1.0381503022509255,0.7751691531425363,6.937239191245886,2.0025690709700035,0.1743704489668925,3.447165062291218,4.242672446765072,1.230771480361055,0.8476564982721885,0.23670595590560473,0.2570789493291049,0.6545516747660919
3,4718,40,6.49535292211798,42.18960958286658,3.7421739723097516,1.041728005364919,1.0701832059741438,4.4605722093893405,0.2218121037072591,5.892300495416432,1.258815475115737,6.7381419689514175,1.1435502948624152,3.8336533881822543,18.509288350302267,3.1412668727096444,0.16818831115684543,6.659468880045834,10.00310873691129,1.5020880669454293,0.6736047908874363,0.18857188447650627,0.19894449437637707,0.5981302513004785
3,4718,80,15.41788985978879,237.711327728578,5.471057028798929,1.041728005364919,1.0701832059741438,4.4605722093893405,0.2218121037072591,7.386335270580891,1.7573835551102366,11.648159534588142,1.576987654619702,11.668189706934621,75.37495528225597,10.20464851933646,0.16073135669094177,12.731446698454473,28.83251668723949,2.2646693160754143,0.4039938539164467,0.18985891738953464,0.1834961497161908,0.45756281739971144
3,4718,160,175.29719451158078,30729.106403630987,10.332965575744065,1.041728005364919,1.0701832059741438,4.4605722093893405,0.2218121037072591,9.21111121403563,1.971434083351556,47.01563165230296,5.1042301585352545,49.88527202834754,636.4420951513899,69.09503971481718,0.1452934372959633,22.9196894284109,133.13869437253734,5.808922271324524,0.3531327378106009,0.15189770158964525,0.1513478686340129,0.2986503514714166
3,4777,1,1.051656399172619,1.1059811819207193,0.10073288841716564,1.0309146727014462,1.05165639917262,4.44661456199554,0.14541506201978385,0.1454150620197838,0.034507863619989775,0.1454150620197838,0.9999999999999931,0.0,0.1454150620197838,0.9999999999999931,0.1454150620197838,0.1454150620197838,0.1454150620197838,0.9999999999999931,0.9999999999999931,nan,nan,nan
3,4777,2,1.1063957589461184,1.2241115754139573,0.2022153363195957,1.0309146727014462,1.05165639917262,4.44661456199554,0.14541506201978385,0.2913447648065096,0.06913324743162734,0.2913891804158406,1.0001524503430137,0.00019715434553901713,0.29893095588579266,1.0260385357681654,0.14564648109499792,0.2912925950688918,0.2915492672478161,1.0008811490002434,0.999450909846258,0.35138613904283517,0.3513861390428328,0.9517705092694779
3,4777,5,1.2926819052494523,1.6710265081593538,0.5134381131375523,1.0309146727014462,1.05165639917262,4.44661456199554,0.14541506201978385,0.7342154161984635,0.17403964648460207,0.7355510176663939,1.001819086658306,0.006097897679177507,0.8137170388702853,1.10828105882529,0.1459310975319685,0.7296541141262769,0.7384155137141776,1.012007606643034,0.9961207531605389,0.39547352298747557,0.39549173520928266,0.8898126761147367
3,4777,10,1.6881462358716919,2.849837713687762,1.0472620500935723,1.0309146727014462,1.05165639917262,4.44661456199554,0.14541506201978385,1.492104928817506,0.35304597566112217,1.5043992552178593,1.008239585677192,0.06129125822825888,1.8958283643981069,1.2705730862376754,0.1449136745814624,1.4490714500500248,1.5295826035243993,1.055560513231831,0.9835358036574718,0.4151530718555901,0.4152700148647822,0.8032036924171617
3,4777,20,2.7719936519123625,7.6839488062424355,2.0391335825002583,1.0309146727014462,1.05165639917262,4.44661456199554,0.14541506201978385,3.0042923755475317,0.71390560391124,3.1896662777584885,1.0617030165638162,0.5478392841778451,5.371630855500602,1.7879853835869157,0.1409580436166762,2.817761560824679,3.453028798890452,1.2254510271195007,0.9237299957600732,0.3758784821634633,0.3786134354420626,0.6649173841287167
3,4777,40,5.027410424260542,25.274855573963563,3.229810050704791,1.0309146727014462,1.05165639917262,4.44661456199554,0.14541506201978385,5.197613347909727,1.2682408757467991,8.500523497188176,1.6354666898427037,4.887185086755688,22.77582142691334,4.381976861759612,0.13566426093496212,5.419117934069273,10.455581123731534,1.9293880020581737,0.813013011576576,0.24833562333101775,0.255194085736848,0.5019730379971882
3,4777,80,17.881896614620043,319.76222653595977,5.76757767752606,1.0309146727014462,1.05165639917262,4.44661456199554,0.14541506201978385,7.853206085077853,1.707736460960985,20.085584434946615,2.5576285936404903,18.680718214585642,66.64059791417301,8.485782391576237,0.13091331092951683,10.421785050681446,24.925189898841598,2.3916430609180352,0.8058347605961508,0.17348407804921392,0.1821348631900772,0.38147274091791206
3,4777,160,504.6289098616604,254650.3366681678,12.447646654393823,1.0309146727014462,1.05165639917262,4.44661456199554,0.14541506201978385,13.765746964542261,3.0148648805114204,72.10862802291122,5.2382648183675204,76.09156168076946,531.7595984369194,38.62918589210037,0.1395926453051781,22.18838549192064,123.97325605082082,5.587304046793429,0.5816466415413939,0.1070889366656843,0.1066608005392667,0.28570640242395107
3,4836,1,1.0525623692692756,1.1078875412017508,0.1024550860635786,1.037229631894992,1.0525623692692738,4.4543933660685475,0.12257118620159056,0.12257118620159056,0.029336476266917506,0.12257118620159056,0.9999999999999919,0.0,0.12257118620159056,0.9999999999999919,0.12257118620159056,0.12257118620159056,0.12257118620159056,0.9999999999999919,0.9999999999999919,nan,nan,nan
3,4836,2,1.1077848374045522,1.2271872459834303,0.20472475879933175,1.037229631894992,1.0525623692692738,4.4543933660685475,0.12257118620159056,0.24318070625155155,0.058126128893555694,0.24310334153299054,0.999681863254061,0.00013543770622243803,0.2520265848477329,1.0363757418609925,0.12279755350610805,0.24559469048961657,0.24336509856488664,0.9909216607236662,0.9989244265778426,0.02884780187810593,0.0288478018781057,0.932858298846302
3,4836,5,1.2892745710783813,1.662228919629344,0.5081594243907711,1.037229631894992,1.0525623692692738,4.4543933660685475,0.12257118620159056,0.5893663375539646,0.13983580238831328,0.5874209466065751,0.9966991821157203,0.003968703018089888,0.6888868277613635,1.1688601534665783,0.12372268779580053,0.6185951123022848,0.5936486926299609,0.9596724591316614,0.9895093746508614,0.09434606074888371,0.0944432671516726,0.8344902234826385
3,4836,10,1.6572140282899472,2.746358335560994,1.0102757924815295,1.037229631894992,1.0525623692692738,4.4543933660685475,0.12257118620159056,1.1121454834332816,0.2573101806063426,1.1039048931932967,0.9925903666716817,0.027664355862195778,1.6397591428640172,1.4744106479684194,0.12774041749379958,1.2765272311875984,1.1599687965670646,0.9086909924263062,0.9516677487017836,0.09850608153958135,0.09785470873172099,0.695064391965602
3,4836,20,2.5276768821832096,6.389150420723431,1.8546013050468346,1.037229631894992,1.0525623692692738,4.4543933660685475,0.12257118620159056,2.130879652783176,0.46517665940553726,2.1047252628725035,0.9877260126462267,0.23762034841369947,4.569219708114736,2.1442880183997266,0.1370571288566013,2.7340718673707682,2.381447107322528,0.8710257896814747,0.8838009697552575,0.12179372676491296,0.12571331777006264,0.5419962842447349
3,4836,40,5.2959737350431215,28.04733780226659,3.3338937184544566,1.037229631894992,1.0525623692692738,4.4543933660685475,0.12257118620159056,4.100820963702483,0.8735231908499147,3.5865126521138198,0.8745840610597363,1.6066265720400001,14.738260556607893,3.593978056360024,0.13286236457804662,5.294726425038719,5.742911674955928,1.084647480141324,0.6245111983445824,0.18111670007004785,0.17754114287459297,0.4711467363607716
3,4836,80,21.971787374341186,482.75944042325875,6.179518476629087,1.037229631894992,1.0525623692692738,4.4543933660685475,0.12257118620159056,6.533662882018923,1.3861712143972564,8.564173489792214,1.3107767640355903,8.377228299145646,68.22151377246422,10.441541751444564,0.14538276354432522,11.566910653799777,21.025582878333104,1.8177353925895599,0.4073215729309273,0.14397597514473878,0.13974276275699773,0.40936951775833985
3,4836,160,219.92273374772455,48366.008819072544,10.786552548851972,1.037229631894992,1.0525623692692738,4.4543933660685475,0.12257118620159056,9.376709317891402,2.244869447824913,38.25163536451713,4.079430647543951,38.48843684031094,454.99818623363245,48.52429256449965,0.14063624487502868,22.22500477693008,91.48018321181627,4.1160928481227685,0.41814121945895116,0.15720029088243745,0.14978256603486545,0.3262506852513031
3,4895,1,1.053043204622451,1.1088999908015211,0.10336852468189478,1.0214445498895517,1.053043204622451,4.447942533016005,0.14852059083574637,0.14852059083574642,0.031809893742370345,0.14852059083574642,0.9999999999999932,0.0,0.14852059083574642,0.9999999999999932,0.1485205908357464,0.14852059083574642,0.14852059083574642,0.9999999999999932,0.9999999999999932,nan,nan,nan
3,4895,2,1.10857402026298,1.2289363584020259,0.20614904600634285,1.0214445498895517,1.053043204622451,4.447942533016005,0.14852059083574637,0.2958334478444019,0.06321953118660306,0.29579101000522556,0.999856548204787,0.00018032730858619992,0.3039925955553391,1.0275802069386948,0.1480279852896821,0.2960543258106514,0.2963713223314395,1.0010707376759962,0.9980419417045826,0.2102242928767629,0.21022429287676148,0.9512889637849458
3,4895,5,1.290725307408635,1.665971819185115,0.5104086283465533,1.0214445498895517,1.053043204622451,4.447942533016005,0.14852059083574637,0.732230607054429,0.1556126042651075,0.730774953597293,0.9980120286654055,0.005555050320621838,0.8255044591836851,1.127383164853585,0.14816614865292196,0.7408206867504039,0.7428195272507943,1.00269814347269,0.9837853297986394,0.1340399791906891,0.13406212822457803,0.880290700717029
3,4895,10,1.651793861280248,2.7284229601631114,1.003723772011191,1.0214445498895517,1.053043204622451,4.447942533016005,0.14852059083574637,1.4463211683845,0.3063235311868051,1.441492628831897,0.9966615025361224,0.05175256631792257,1.9556914610694396,1.3521833903972311,0.15280241360789917,1.5270860856005215,1.5351348373658251,1.0052706601423438,0.9390006621863836,0.060704051757272164,0.06109259887518377,0.7747445831629416
3,4895,20,2.558161161926598,6.5441885303896425,1.8785774085415747,1.0214445498895517,1.053043204622451,4.447942533016005,0.14852059083574637,2.849116684694234,0.6046423343871418,2.952229464503509,1.0361911396480203,0.4190751557395788,5.684548588770816,1.995196833920081,0.15699014022862823,3.136936206299363,3.504081023904686,1.1170392999602763,0.8425117582508878,0.14752331418036937,0.14787508841282526,0.6432966263241818
3,4895,40,4.360693897140036,19.015651264554357,2.945262390836005,1.0214445498895517,1.053043204622451,4.447942533016005,0.14852059083574637,5.5127947106551165,1.1975162215451958,6.560329330136021,1.1900187970824,2.867907485824191,23.01973621579163,4.17569262488573,0.15123711558839498,6.039697575064375,9.232562471873365,1.5286464855444284,0.7105643043436535,0.09687332108602198,0.0956156159389089,0.4728507602891453
3,4895,80,12.13474264624443,147.25197909058326,4.992145262784895,1.0214445498895517,1.053043204622451,4.447942533016005,0.14852059083574637,8.008490799492908,1.8277172563377293,13.792471345844008,1.7222310284376348,13.249758352124937,97.99949273911085,12.2369489074416,0.14541534383617208,11.476050816798658,25.749719389071956,2.2437787876801205,0.5356357922757582,0.11147053690008268,0.1085655984348543,0.3789412805786025
3,4895,160,62.922873158913646,3959.2879665727355,8.283819481660387,1.0214445498895517,1.053043204622451,4.447942533016005,0.14852059083574637,9.67704924039842,2.213666781505472,38.060322165400514,3.933050377227749,37.17556496608071,265.3523662858464,27.420793228796402,0.13797990200521335,21.707140949886565,67.88131648833492,3.127142199198262,0.5606892166262126,0.1401078044523622,0.1474737152987808,0.36007623451469517
3,4954,1,1.0602941980110079,1.1242237863358064,0.11709282981761919,1.0409116580854716,1.0602941980110079,4.457333546930881,0.14652149511256568,0.14652149511256565,0.03403179067637963,0.14652149511256565,0.9999999999999932,0.0,0.14652149511256565,0.9999999999999932,0.14652149511256565,0.14652149511256565,0.14652149511256565,0.9999999999999932,0.9999999999999932,nan,nan,nan
3,4954,2,1.1236646986460188,1.2626223549832483,0.23319079230965475,1.0409116580854716,1.0602941980110079,4.457333546930881,0.14652149511256568,0.28825454799778755,0.06699639595907013,0.28831589220913983,1.0002128126399996,0.00023742667337491168,0.2973776907720306,1.031649605661424,0.14433502560205191,0.2886364158671028,0.2885846690989796,0.9998207198909094,0.9990686376699083,0.08572461092879322,0.08572461092879263,0.9433668375743888
3,4954,5,1.3320988272221015,1.7744872854864981,0.5735115279542013,1.0409116580854716,1.0602941980110079,4.457333546930881,0.14652149511256568,0.6825446810493627,0.1587417804949316,0.6841951508419564,1.0024181124524407,0.007141257933837573,0.7738603451637881,1.133787086252043,0.13744658384782635,0.6864226001714355,0.6890090812722325,1.003768059356073,0.9930132554691611,0.027001459737142165,0.027616690636964283,0.8738327026944495
3,4954,10,1.7320977169768108,3.00016250115628,1.0986664542532212,1.0409116580854716,1.0602941980110079,4.457333546930881,0.14652149511256568,1.2284180604914772,0.28506426291890347,1.2410391369494034,1.0102742517908565,0.06217963953102759,1.6419703191589836,1.336654329635993,0.1258048863989604,1.250222163881928,1.2738905665389133,1.018931357434501,0.9742117333683015,0.0804664974529826,0.07745887167365634,0.7826981073415203
3,4954,20,2.5358528904620643,6.430549882064806,1.86106005279909,1.0409116580854716,1.0602941980110079,4.457333546930881,0.14652149511256568,1.9508375190444769,0.44605617707567474,1.9952772818924642,1.0227798381024336,0.32213688504516613,3.7750329622270504,1.9350832272674687,0.1112461601472066,2.1938829268557822,2.2841170782062243,1.0411298844828345,0.8735442245628695,0.11699249570342829,0.11052385232610978,0.6508428444472217
3,4954,40,3.9586726314174316,15.671089002733412,2.7518175499795747,1.0409116580854716,1.0602941980110079,4.457333546930881,0.14652149511256568,3.5606674562854077,0.8470022162773521,3.7559021514779145,1.0548309263893405,1.4220846699833507,10.167347099712186,2.855461012447104,0.11573517642391538,4.567759047569178,5.587646892706063,1.223279694597647,0.6721795817807938,0.29100315034087815,0.29499241897541834,0.611182780967007
3,4954,80,12.639582539461355,159.75904677185633,5.073666722463923,1.0409116580854716,1.0602941980110079,4.457333546930881,0.14652149511256568,4.399120754655131,0.9566940059717469,7.689661126152981,1.7479995560512431,6.863764043537599,33.27042644241005,7.56297185231922,0.12167066659971217,9.555204181450822,14.387227211121356,1.5056954239712392,0.534478326734762,0.200105249958859,0.21052504714205378,0.4760018300441337
3,4954,160,97.26110169551804,9459.721903025902,9.15479826447068,1.0409116580854716,1.0602941980110079,4.457333546930881,0.14652149511256568,17.56583352757737,4.856292350315399,30.797776228423135,1.7532772458575538,33.00430433491207,232.60175641002718,13.24171472107233,0.11867960176620397,18.621215973737378,69.76244027473143,3.7463955293317897,0.44146644106969923,0.1689770619434108,0.16865354167170474,0.35087032819883185
3,5013,1,1.0542061019557945,1.1113505054008308,0.10557594731150884,1.0175379938665399,1.0542061019557945,4.462567959682598,0.09134899952515367,0.09134899952515373,0.019345044300782106,0.09134899952515373,0.999999999999989,0.0,0.09134899952515373,0.999999999999989,0.09134899952515373,0.09134899952515373,0.09134899952515373,0.999999999999989,0.999999999999989,nan,nan,nan
3,5013,2,1.110692468046775,1.233637758575836,0.209967331801946,1.0175379938665399,1.0542061019557945,4.462567959682598,0.09134899952515367,0.17781678784020635,0.03735001802363667,0.17781668264904316,0.9999994084295106,9.961631141082264e-05,0.18359529293559046,1.032496960301498,0.08937113473137127,0.17869749540286933,0.17845747823614,0.9986568520941538,0.9964092533782758,0.11574682248374192,0.11574682248374066,0.9466183306197609
3,5013,5,1.291008182758675,1.6667021279498564,0.5108469003095573,1.0175379938665399,1.0542061019557945,4.462567959682598,0.09134899952515367,0.42336492839351475,0.08726551147031193,0.4233047579970317,0.9998578758124524,0.002768229639612563,0.48502090051986874,1.1456331594596425,0.08733347191560506,0.43652404019184704,0.43634843228465314,0.9995977130901709,0.970107204879074,0.08878963106641677,0.08814231789617087,0.8819288091309819
3,5013,10,1.611110473588943,2.595676958107988,0.9538473527736326,1.0175379938665399,1.0542061019557945,4.462567959682598,0.09134899952515367,0.9087173047748487,0.18560544523471004,0.9096480598508742,1.0010242515148924,0.023884296020673844,1.1962640283122057,1.3164314380571862,0.09645240853575433,0.9581849084710475,0.9950614211124794,1.038485799886239,0.9141627245822534,0.13797428302032128,0.1450332271447367,0.8193173780406123
3,5013,20,2.4475315313266375,5.990410596838115,1.7901599568295543,1.0175379938665399,1.0542061019557945,4.462567959682598,0.09134899952515367,2.4356866991454686,0.5255146739954628,2.473629866854901,1.0155780165498065,0.25692628865780887,3.882448706813093,1.5939852642686771,0.12882088925232052,2.4961543678436673,2.8796085406023666,1.1536179723892437,0.8590160197043512,0.3088342415486137,0.3486697439374871,0.7315953533672137
3,5013,40,5.278885873359188,27.8666360639512,3.3274301332383738,1.0175379938665399,1.0542061019557945,4.462567959682598,0.09134899952515367,4.799777855136021,1.1011188400335612,5.053241964886708,1.052807466803795,2.4192170787604077,11.355478580768542,2.3658341955591893,0.13799600707395188,5.403881094292399,6.968327273200825,1.289504182569968,0.7251728810615343,0.22733652429144896,0.25272150496128476,0.6293896214989605
3,5013,80,10.039968137100994,100.8009601940032,4.613147881326057,1.0175379938665399,1.0542061019557945,4.462567959682598,0.09134899952515367,5.489982040565665,1.4297721122764422,8.947310882843846,1.629752304603523,7.117980168770768,44.399850185493875,8.087430861780941,0.1260775195613278,9.906277558080285,18.205974351302288,1.8378219512386025,0.4914491644444087,0.1998164151051362,0.20808856064880532,0.4626702464936688
3,5013,160,73.48407891576406,5399.9098540982395,8.594137538727514,1.0175379938665399,1.0542061019557945,4.462567959682598,0.09134899952515367,8.212395201389697,1.8536622228903452,29.141548746530773,3.5484834852564635,30.19342798234723,331.43173245292223,40.357499161369816,0.11934416647422809,18.673029731892413,89.35449899077658,4.78521698266053,0.32613409594002474,0.21596793573101397,0.21031874359751995,0.3333514819046952
3,5072,1,1.0518396159338343,1.1063665776478362,0.10108129271242033,1.0248125685867835,1.051839615933834,4.453930589003226,0.11385406567752479,0.11385406567752482,0.026925827886013994,0.11385406567752471,0.9999999999999902,2.884444029575346e-16,0.11385406567752471,0.9999999999999902,0.11385406567752471,0.11385406567752471,0.11385406567752471,0.9999999999999912,0.9999999999999912,nan,nan,nan
3,5072,2,1.1066503100809795,1.224674908802328,0.20267542820750767,1.0248125685867835,1.051839615933834,4.453930589003226,0.11385406567752479,0.22816730503587695,0.05428757265949826,0.22817453466424947,1.000031685645629,7.811907584102183e-05,0.23488212952086285,1.0294293894733473,0.1144352984084064,0.2288676595364244,0.22868612574792016,0.999206817647924,0.9977629115802346,0.09824846647306708,0.09824846647306622,0.9483100069695035
3,5072,5,1.2895845839447395,1.6630283991479269,0.5086402771232637,1.0248125685867835,1.051839615933834,4.453930589003226,0.11385406567752479,0.5752309844086007,0.13951084511052791,0.5754999381031587,1.0004675577321926,0.0021348759824829913,0.6476838419732132,1.1259543722928984,0.11628027891049329,0.5813383812252916,0.585313999573707,1.006838733647751,0.9832328263501351,0.18310334220441327,0.183687530590395,0.884235282712218
3,5072,10,1.6598991985627876,2.7552653493893846,1.013513753534666,1.0248125685867835,1.051839615933834,4.453930589003226,0.11385406567752479,1.1694879180894673,0.2925515492577915,1.1704829810274264,1.0008508535424492,0.022012107484655565,1.5236406802058395,1.302827208933404,0.11781984480154863,1.1780283440333008,1.2414940294046584,1.0538744977511019,0.9428019412938414,0.28443311146128225,0.2857258371860202,0.8086917049170932
3,5072,20,2.686343118934765,7.216439352648162,1.976361666805987,1.0248125685867835,1.051839615933834,4.453930589003226,0.11385406567752479,2.3673121969951363,0.6152013559637344,2.269783043904132,0.958801735903359,0.30295507581777564,3.9000295229971105,1.6474504410307491,0.11103939710048467,2.2121309527599107,2.637421086399447,1.1922535974233046,0.8606069981046495,0.259259287097605,0.2629871204236765,0.7053685570452203
3,5072,40,6.708275444128087,45.00095943429188,3.8066838103050773,1.0248125685867835,1.051839615933834,4.453930589003226,0.11385406567752479,4.369221394420983,1.2038617508675318,3.5513074651625436,0.8128009877680206,2.324716394456419,11.625856040601388,2.6608530424771635,0.09991531045036144,3.9581250791298164,5.20931218330833,1.3161060045261588,0.681722910855993,0.12538100378698228,0.13205932084886388,0.5381549430068842
3,5072,80,33.795180257982494,1142.1142086695297,7.040636392807062,1.0248125685867835,1.051839615933834,4.453930589003226,0.11385406567752479,7.597956720224213,1.6103163752994625,7.7472447272335065,1.0196484413515963,8.381739975581123,44.73360782239153,5.887583921519291,0.10093282173511178,8.007280325075264,14.845448327160998,1.8539938311728152,0.5218599368979157,0.19805157029876375,0.1938172959906446,0.3885514819112842
3,5072,160,665.0906430958602,442345.56353366486,12.99984667354885,1.0248125685867835,1.051839615933834,4.453930589003226,0.11385406567752479,18.55129950782312,3.9861113759970475,9.386213432132857,0.5059598885875716,20.248334986838923,285.173787738053,15.37217312554275,0.12320686690021755,19.27709028901549,70.83875107416367,3.67476367087045,0.13250111400617565,0.1714801380645118,0.17249092015598144,0.32657509310713995
3,5131,1,1.072098376554512,1.1493949290108203,0.13923565522412462,1.0348504606247222,1.0720983765545125,4.462406102883128,0.11146577796227783,0.1114657779622778,0.027138652312858554,0.1114657779622778,0.999999999999991,0.0,0.1114657779622778,0.999999999999991,0.1114657779622778,0.1114657779622778,0.1114657779622778,0.999999999999991,0.999999999999991,nan,nan,nan
3,5131,2,1.1498771936027972,1.3222175603678448,0.27931029700283055,1.0348504606247222,1.0720983765545125,4.462406102883128,0.11146577796227783,0.22219398235964627,0.05346755969072797,0.22220855824024716,1.0000655997990815,9.678274061491847e-05,0.2298248982730592,1.034343485959311,0.11083036600018577,0.22165706799345247,0.22245331285760506,1.0035922376460158,0.9988997483821894,0.12895674056179218,0.12895674056179102,0.9383819854321397
3,5131,5,1.4180862107408763,2.010968501093417,0.6986164473627308,1.0348504606247222,1.0720983765545125,4.462406102883128,0.11146577796227783,0.5459004951227416,0.12702987661258902,0.5460045232836044,1.0001905624958964,0.002649385908808452,0.6312803330424771,1.1564018327196008,0.10852008381074432,0.5424881425267815,0.5514584444543759,1.016535480178077,0.9901100051588317,0.09344958458074726,0.09384084927205147,0.8534073557073331
3,5131,10,1.9787066276890126,3.915279918460425,1.364886825855017,1.0348504606247222,1.0720983765545125,4.462406102883128,0.11146577796227783,1.0419188083481694,0.23152551014163267,1.0401736969848747,0.9983250985112146,0.02500190455904359,1.5039744482528181,1.4434660706789408,0.10553163083790279,1.054751121145299,1.0910692496020962,1.0344328891704426,0.9533525918398088,0.07902155626284503,0.07885074288871034,0.7269806092293626
3,5131,20,3.3925724066329828,11.509547534247508,2.4431769112962507,1.0348504606247222,1.0720983765545125,4.462406102883128,0.11146577796227783,1.8875713818996898,0.40074742749031594,1.9176152458361475,1.0159166769662613,0.23226782308417218,4.361411380899294,2.310594143735046,0.10746058695300527,2.146556411064732,2.3352093378873797,1.0878863121650135,0.8211748791527947,0.19661397793669066,0.19667844587084504,0.5783030289115448
3,5131,40,4.917616133612679,24.182948437567713,3.1856477747904703,1.0348504606247222,1.0720983765545125,4.462406102883128,0.11146577796227783,4.051607774847408,0.8994548784492246,5.010188806933082,1.2365927516569086,2.28312654277963,14.894801677768898,3.6762693985919856,0.12754835932267056,5.039041167961877,7.123562187103379,1.4136741395158354,0.7033263240129517,0.2529931732317547,0.2450965956246962,0.5307454912436044
3,5131,80,7.672105253242013,58.8611990168237,4.075182113254043,1.0348504606247222,1.0720983765545125,4.462406102883128,0.11146577796227783,6.121731891110491,1.3590337288864507,14.837491680064453,2.4237408537296967,12.599328698559791,55.06514915835522,8.995027900244471,0.1275422114016018,10.12307671983887,22.761952456181927,2.2485211844313895,0.6518549631727543,0.2161533130139382,0.20483092516660723,0.48347524674190906
3,5131,160,47.44266501756493,2250.8064639688787,7.719043859408954,1.0348504606247222,1.0720983765545125,4.462406102883128,0.11146577796227783,13.263400448180894,2.9757523860845754,76.74776843817465,5.7864322756462325,76.75478966436974,452.9802195694065,34.15264594770896,0.14856205895034633,23.408256002529072,148.62408378445747,6.349216437499653,0.5163885050385126,0.25638251103516846,0.24892075545185163,0.3790819621925677
3,5190,1,1.053095236161683,1.109009576426431,0.10346734352159702,1.021248786960201,1.053095236161683,4.44147717824171,0.11182494832115351,0.11182494832115367,0.027895068595625423,0.11182494832115367,0.9999999999999911,0.0,0.11182494832115367,0.9999999999999911,0.11182494832115367,0.11182494832115367,0.11182494832115367,0.9999999999999911,0.9999999999999911,nan,nan,nan
3,5190,2,1.1085847880158484,1.2289602322201434,0.20616847222484966,1.021248786960201,1.053095236161683,4.44147717824171,0.11182494832115351,0.22434294618510217,0.05582884986033157,0.22439702482000126,1.000241053422083,0.00014971202533577805,0.23028929635089507,1.0265056257257388,0.11219510227500107,0.2243889873476883,0.22488477019450376,1.0022094794074998,0.9978311320322775,0.23541303003455466,0.23541303003455258,0.9540920421052843
3,5190,5,1.2906496173982172,1.6657764348901642,0.5102913419970005,1.021248786960201,1.053095236161683,4.44147717824171,0.11182494832115351,0.5653916759658963,0.13900529313329452,0.5668197557224656,1.0025258238090056,0.004437225452153822,0.632221686967936,1.1182012644382646,0.11401466168832677,0.5700037437163811,0.5761747023901251,1.0108261721817982,0.9837636976617443,0.10694960766896995,0.10609941221298973,0.8932716457447571
3,5190,10,1.6326347739177027,2.665496305005308,0.980390271050233,1.021248786960201,1.053095236161683,4.44147717824171,0.11182494832115351,1.1394958579427026,0.27151411993347374,1.147539491820771,1.0070589408658226,0.04046641495363897,1.4828299623942576,1.3013035124773726,0.11800410474832446,1.1792084567104406,1.2167686967198132,1.0318520782272464,0.9431040549566466,0.1391393011295866,0.1399957627480519,0.811985905181313
3,5190,20,2.344339550802368,5.495927929456248,1.7040074415619157,1.021248786960201,1.053095236161683,4.44147717824171,0.11182494832115351,2.273882737373663,0.5073725866262354,2.237973883482708,0.9842081329433766,0.3338120005039111,4.010196358906912,1.7635897810362426,0.12601492144838095,2.5138484276112254,2.6805418330255133,1.0663100462157484,0.8348960855263796,0.08128682431319083,0.07664150695159888,0.6753736322933492
3,5190,40,4.740475599435992,22.472108908848032,3.1122749362145505,1.021248786960201,1.053095236161683,4.44147717824171,0.11182494832115351,5.037843568696124,1.0816129522393503,5.108505417337606,1.014026209364768,2.1026566661951422,16.407207223298755,3.256791720419617,0.1441522783096782,5.711982760770022,7.410444888907068,1.297350709774915,0.6893655501014103,0.17251305226413657,0.17412070650742864,0.4980535463335121
3,5190,80,10.926492807230948,119.38824506646965,4.782380746082412,1.021248786960201,1.053095236161683,4.44147717824171,0.11182494832115351,9.682749421114362,2.0536457164189033,10.516295886833223,1.0860857210557586,13.886202862202964,70.10614894260551,7.240314284053544,0.15426656984665316,12.225989668624294,25.722765652324856,2.103941386302452,0.40883223946343994,0.26308249903773334,0.2662796133131704,0.4620416566701555
3,5190,160,162.34139185458977,26354.727509285465,10.179402949994175,1.021248786960201,1.053095236161683,4.44147717824171,0.11182494832115351,32.598815481086,6.947735786800072,117.22104093030005,3.5958681074872887,126.94333913498039,979.557478509133,30.04886723805892,0.15839666296255128,25.132257628053555,242.20576246088865,9.637246523787406,0.4839729647193216,0.2078186285189547,0.20567390621720194,0.3303850204708989
3,5249,1,1.0648454924447501,1.1338959227799024,0.125659422239922,1.0444652411708042,1.0648454924447515,4.456861798606185,0.16009778075457354,0.1600977807545734,0.03440039683156417,0.16009778075457334,0.9999999999999934,2.4417118757326256e-16,0.16009778075457334,0.9999999999999934,0.16009778075457334,0.16009778075457334,0.16009778075457334,0.9999999999999938,0.9999999999999938,nan,nan,nan
3,5249,2,1.1352734264509503,1.2888457528056814,0.2537470525652808,1.0444652411708042,1.0648454924447515,4.456861798606185,0.16009778075457354,0.3237392462479983,0.06951821015403659,0.32375179491727146,1.0000387616559239,0.00034515020808386607,0.3302140972761592,1.0200002041865504,0.15989525149033929,0.31979024612403983,0.32411300004517385,1.0135174664441025,0.9988855580373109,0.5247393334879944,0.5247393334879911,0.9642209779324434
3,5249,5,1.3832116179331693,1.9132743799852958,0.6488161093342955,1.0444652411708042,1.0648454924447515,4.456861798606185,0.16009778075457354,0.8405793719875074,0.1802581907905024,0.8399205810361678,0.9992162656219092,0.01247146695269556,0.9076080434849604,1.0797410378260484,0.15977860486180206,0.7988925803237347,0.8465980706575122,1.059714524216065,0.9921125622030307,0.5478687876204383,0.5478729201857786,0.9205563051019285
3,5249,10,1.9287570284120092,3.7201036746487244,1.313751537425934,1.0444652411708042,1.0648454924447515,4.456861798606185,0.16009778075457354,1.782365443133907,0.38195776455951475,1.760993342750992,0.9880091366979502,0.14793613908290892,2.066025880905918,1.1591483042182718,0.15848803222195382,1.5847441278620416,1.8011490857201347,1.1365551410182797,0.977705486298993,0.5552839529969025,0.5555009759051883,0.8695686656420377
3,5249,20,3.374174374569249,11.385052709999782,2.4323013292809876,1.0444652411708042,1.0648454924447515,4.456861798606185,0.16009778075457354,3.5936830094295606,0.7631100243879988,3.517976740951918,0.9789335152045977,1.2645713672398167,5.160739728408318,1.4360586937876585,0.14981264827119495,2.990040758441187,3.800973176803743,1.2712111586015042,0.9255463212477076,0.5927199220601276,0.5906785552029853,0.758664761222818
3,5249,40,6.96542901574309,48.517201373355746,3.881918402555661,1.0444652411708042,1.0648454924447515,4.456861798606185,0.16009778075457354,5.935911604280694,1.3228927423979617,9.490621090814518,1.5988481169379842,6.961153308908506,21.721385246733707,3.659317505851887,0.16282969846833517,6.466663565179958,12.030657107472996,1.8604117851827966,0.7888697189216121,0.36167422314721204,0.34397726396547273,0.5923881889817721
3,5249,80,26.741011084805585,715.0816738376951,6.572396765313985,1.0444652411708042,1.0648454924447515,4.456861798606185,0.16009778075457354,8.82781475307622,1.8529925448034343,26.553664108962455,3.007954386413616,25.325523844807645,97.31754505402425,11.023967740160392,0.15974995848714568,12.693816808160772,37.7969274363673,2.977585702360845,0.7025349918632051,0.22987183143331277,0.22696211926811075,0.42183206710222426
3,5249,160,582.0395975791661,338770.0931501176,12.733076964989252,1.0444652411708042,1.0648454924447515,4.456861798606185,0.16009778075457354,16.407754314455623,3.8961980480637006,106.38622623983909,6.483899271097099,102.05477989529105,630.5836853291376,38.43205311610366,0.16399804317282038,26.034881876282135,202.51304624300107,7.778527561805115,0.5253302353280651,0.20816552660289833,0.20452759571709672,0.4087434683374664
3,5308,1,1.0508725266901855,1.1043330673522147,0.0992415937974149,1.014500562063327,1.0508725266901862,4.4489300794257165,0.14696119807962513,0.1469611980796252,0.032791698615581316,0.1469611980796252,0.9999999999999932,0.0,0.1469611980796252,0.9999999999999932,0.1469611980796252,0.1469611980796252,0.1469611980796252,0.9999999999999932,0.9999999999999932,nan,nan,nan
3,5308,2,1.104350796785235,1.2195906823601836,0.1985152961882028,1.014500562063327,1.0508725266901862,4.4489300794257165,0.14696119807962513,0.29064547112482875,0.06463827933529745,0.2906278028591382,0.9999392102494383,0.00021001149447383887,0.2991320017026957,1.0291989087083386,0.14581946906983653,0.29162992786812925,0.2911231912858019,0.9982623985609683,0.9982983546433497,0.03458953824108395,0.03458953824108371,0.948150713644452
3,5308,5,1.2826548573613243,1.6452034831125992,0.4978640745081656,1.014500562063327,1.0508725266901862,4.4489300794257165,0.14696119807962513,0.7012716173537846,0.15439402275980044,0.700003748458261,0.9981920430484427,0.00614189214828285,0.7970393632763855,1.1365629857999597,0.14336083994765428,0.7167163925155571,0.7105956475345975,0.9914600181537947,0.9850943372463848,0.09938318631905113,0.09888529554176141,0.8714364110467689
3,5308,10,1.6672279314326155,2.779648975349078,1.0223246518700444,1.014500562063327,1.0508725266901862,4.4489300794257165,0.14696119807962513,1.3153875129137071,0.2848843150777938,1.2968174245559037,0.9858824200659545,0.060592736353373935,1.8454111008864313,1.4029410213866715,0.14226890380378535,1.4225539977815078,1.3825544858557732,0.9718819025582751,0.9379864864806386,0.17038099610981114,0.17012189793951554,0.741371384253225
3,5308,20,2.7322346462699745,7.465106162278013,2.010239652226671,1.014500562063327,1.0508725266901862,4.4489300794257165,0.14696119807962513,2.208730203753195,0.4643167633691369,2.125179638370906,0.9621725798649758,0.39671411929638795,5.017463801204584,2.2716508302728116,0.14170602988041492,2.8339500921905185,2.710642890792062,0.9564892826665319,0.7840131378390159,0.10153418342776194,0.10195321868345265,0.5702554075266014
3,5308,40,4.673754569207361,21.843981773186684,3.083925449881332,1.014500562063327,1.0508725266901862,4.4489300794257165,0.14696119807962513,3.9494256802705143,0.8484985979511942,3.5228632892574043,0.8919938174443901,1.19511182119659,16.95361678528321,4.2926790267191395,0.14927976861907852,5.950465855437585,6.9826458299716005,1.1734620447558404,0.5045169660669632,0.11891736684597831,0.11716839342917666,0.49474708937582107
3,5308,80,7.247006137341588,52.51909795466664,3.9611768740141864,1.014500562063327,1.0508725266901862,4.4489300794257165,0.14696119807962513,4.469351336287638,0.9634668892918223,4.46480814401622,0.9989834783776044,3.1295291890773993,65.60231944624357,14.678264139496937,0.16739242860058595,13.278720688759726,24.992763856351157,1.8821665461724202,0.17864403351619007,0.23148087422579477,0.2336316380863769,0.45334496645622385
3,5308,160,136.9492219685887,18755.089397801774,9.839220429116292,1.014500562063327,1.0508725266901862,4.4489300794257165,0.14696119807962513,8.688040700998604,1.9895667351620436,14.070486295858872,1.6195235243593653,16.181574689727917,358.83651949539546,41.30235249175924,0.16037254050699473,25.473234342156815,104.31237611689261,4.09497964474269,0.1348879856795848,0.2425911449000552,0.24447037904308433,0.38693420971577414
3,5367,1,1.0651227054490562,1.1344863776631169,0.12618001781716187,1.0190075703500052,1.0651227054490562,4.453380243507799,0.18835357870676056,0.18835357870676067,0.037650489019435594,0.18835357870676067,0.9999999999999947,0.0,0.18835357870676067,0.9999999999999947,0.18835357870676067,0.18835357870676067,0.18835357870676067,0.9999999999999947,0.9999999999999947,nan,nan,nan
3,5367,2,1.1336627350684043,1.2851911968827752,0.2509074986273115,1.0190075703500052,1.0651227054490562,4.453380243507799,0.18835357870676056,0.37672661600884194,0.07560238975939773,0.3767467706107664,1.0000534992779033,0.00045451128262402824,0.3911200028869652,1.03820645068992,0.18961208777812658,0.3792158773713111,0.37764328416943055,0.9958530396649459,0.9976260307113977,0.3470596907196904,0.3470596907196885,0.9327031198631598
3,5367,5,1.3567202681996855,1.8406898861438266,0.6101404394708061,1.0190075703500052,1.0651227054490562,4.453380243507799,0.18835357870676056,0.9439051227065232,0.192377517517032,0.9445642618134951,1.0006983107635659,0.014559177703735349,1.0838615698051177,1.148273850551088,0.1928214258323514,0.9639944433098103,0.9611306160753508,0.997029207736273,0.9827636806228239,0.2663329005433832,0.2655469724739364,0.8644384689711511
3,5367,10,1.767728514716695,3.1248641017424927,1.1393907948003563,1.0190075703500052,1.0651227054490562,4.453380243507799,0.18835357870676056,1.891033427683753,0.3962211587744988,1.8963364219407524,1.0028042837209354,0.1403340444709486,2.5163796654225465,1.330690208107401,0.1958159423724136,1.9578177187921901,2.0041668819672696,1.0236738909502117,0.9461968656419106,0.11913281965839581,0.11900464931667816,0.7894026532441099
3,5367,20,2.811611960103588,7.905161814197539,2.067515940306142,1.0190075703500052,1.0651227054490562,4.453380243507799,0.18835357870676056,3.6126708808885852,0.7772809958770888,3.7892269785583483,1.0488713485094263,0.8749323656534871,6.416452042831252,1.7760964821830205,0.1859719278723306,3.705533624346164,4.276905228248927,1.154194149028557,0.8859740341054396,0.3118296422552868,0.3067979829431239,0.7025079004302724
3,5367,40,6.310856880445033,39.826914565460406,3.684542929102855,1.0190075703500052,1.0651227054490562,4.453380243507799,0.18835357870676056,6.158450120916875,1.4479633431642815,7.277559023251598,1.1817192443491136,5.817958405239507,19.469380541557367,3.1614091466667182,0.16669119355930032,6.59507449449994,10.854536029137238,1.645854954055415,0.6704624687518814,0.12977716081703558,0.12964612366913247,0.6272423368096264
3,5367,80,22.924182363102343,525.5181370167725,6.264384703549719,1.0190075703500052,1.0651227054490562,4.453380243507799,0.18835357870676056,9.141802727771207,2.104106963887997,8.609477002881434,0.9417701583876162,9.014955985045662,55.17479843519005,6.035439625882387,0.16481086897404232,13.100510535797508,27.461111149995798,2.0961863337278,0.31351524546313747,0.3453989764192245,0.34899806469044287,0.5568100827036043
3,5367,160,305.11425688846043,93094.70975659743,11.44137263841325,1.0190075703500052,1.0651227054490562,4.453380243507799,0.18835357870676056,16.57889469495914,4.110490877759788,25.204518006341736,1.5202773447861542,21.256362017800758,246.3349530753307,14.85834596381323,0.14567333746165723,22.910310764679075,95.96319012295587,4.1886463744919045,0.26264777123444577,0.2160937392386536,0.21339244285261424,0.4456496307274506
3,5426,1,1.0537004153026568,1.1102845652089914,0.10461634752148326,1.0324379471334044,1.0537004153026577,4.453583536994816,0.1647813271595489,0.1647813271595488,0.03950728619349253,0.1647813271595488,0.9999999999999939,0.0,0.1647813271595488,0.9999999999999939,0.1647813271595488,0.1647813271595488,0.1647813271595488,0.9999999999999939,0.9999999999999939,nan,nan,nan
3,5426,2,1.1105801145244036,1.2333881907770374,0.20976500900131603,1.0324379471334044,1.0537004153026577,4.453583536994816,0.1647813271595489,0.3317236811534342,0.07914227782800073,0.33177506663848494,1.0001549044821614,0.0002164370840546165,0.33811976294489987,1.019281354195832,0.16455565563703908,0.32911100136299065,0.3323270594756703,1.0097719556604294,0.9983390072476876,0.393891111340985,0.39389111134098265,0.9666683899457168
3,5426,5,1.3013000300249646,1.693381768142974,0.5267275757472558,1.0324379471334044,1.0537004153026577,4.453583536994816,0.1647813271595489,0.8473545564842065,0.19903937455014536,0.848708189159551,1.0015974808478754,0.006898509525310716,0.919962713055589,1.0856880464213738,0.16425771868949965,0.8212873016977864,0.8594848703054918,1.0465093865797528,0.9874614649794692,0.4934033451586637,0.49324635043973564,0.9223150915510598
3,5426,10,1.6939361063596476,2.8694195324288834,1.0541097558064307,1.0324379471334044,1.0537004153026577,4.453583536994816,0.1647813271595489,1.7660279432177763,0.40578688380557426,1.7777081155543764,1.006613809470827,0.06367232513305501,2.170629703641513,1.2291026945397783,0.1659583852375933,1.6594207847959708,1.860932886488232,1.1214352041016746,0.9552779299360386,0.5630754230468785,0.5636901365787391,0.8551892675331441
3,5426,20,2.835181762986163,8.038255629169328,2.0842120981052106,1.0324379471334044,1.0537004153026577,4.453583536994816,0.1647813271595489,3.714507525275013,0.8526733671692375,3.709818588310542,0.99873766927848,0.4746516876070025,5.815027431776616,1.5654908200370612,0.1685866973150971,3.370451436956677,4.204412365950488,1.2474330055165632,0.8823631616999741,0.42993573775600236,0.43176000006496706,0.7384505026060375
3,5426,40,6.12056228034804,37.461282627619205,3.623307936355536,1.0324379471334044,1.0537004153026577,4.453583536994816,0.1647813271595489,5.8477551042260405,1.3457948982714607,5.830003592367511,0.9969643886342467,3.518596970099599,17.04598074636374,2.9149614582944814,0.15546117539773902,6.190945325442497,9.003965328483932,1.4543764893999245,0.6474928967045626,0.25552468410913753,0.2585092654001583,0.5863507790240567
3,5426,80,13.561300207770293,183.90886332527057,5.214440326888617,1.0324379471334044,1.0537004153026577,4.453583536994816,0.1647813271595489,9.09296178121378,2.2182348162968557,9.592383796950964,1.0549240201106966,13.965070656893639,59.28842844645242,6.520254882071907,0.13937778295722833,11.007267205824064,24.098827365466235,2.1893560785655573,0.3980435915606793,0.24301066988047834,0.23330479456765588,0.4644911670364254
3,5426,160,243.01460548229605,59056.09847771599,10.986243092799478,1.0324379471334044,1.0537004153026577,4.453583536994816,0.1647813271595489,29.858050115142866,6.352359648469021,17.32224128694733,0.5801531319073696,31.53143404954131,300.78228849834466,10.073741833054239,0.14701390456004487,23.011573468816636,91.22795097652096,3.9644377686795496,0.18987866220305114,0.20009093179992454,0.21415133379413587,0.36932334453703025
3,5485,1,1.0516095384763582,1.105882621414459,0.10064376854805178,1.022311951041677,1.0516095384763584,4.4436273306748735,0.11784643770784631,0.11784643770784628,0.027161909679220674,0.11784643770784628,0.9999999999999916,0.0,0.11784643770784628,0.9999999999999916,0.11784643770784628,0.11784643770784628,0.11784643770784628,0.9999999999999916,0.9999999999999916,nan,nan,nan
3,5485,2,1.1041076024936538,1.2190535978842842,0.19807481826451862,1.022311951041677,1.0516095384763584,4.4436273306748735,0.11784643770784631,0.23031140116720153,0.053182433264109236,0.2303084413970404,0.9999871488335049,9.188558128680048e-05,0.23839985496378274,1.035119641301249,0.11623947627980877,0.2324564233599663,0.23065292129227166,0.9922415477205254,0.9985065010523073,0.12727279724196222,0.12727279724196114,0.9374186780017773
3,5485,5,1.2630454937903148,1.5952839193840203,0.46705172627903874,1.022311951041677,1.0516095384763584,4.4436273306748735,0.11784643770784631,0.5370436380882907,0.12470641729654579,0.5370354137755412,0.999984685950699,0.0022856490985651134,0.621053970559211,1.1564311100862676,0.1119650962994847,0.5594665506182996,0.5443597823730926,0.9729979062581802,0.9865449858076907,0.17576966731078458,0.17543614746270209,0.8555958980788798
3,5485,10,1.5795963063530498,2.495124491044198,0.9143386241688068,1.022311951041677,1.0516095384763584,4.4436273306748735,0.11784643770784631,0.9784890201071219,0.2294685137742653,0.9792812484565026,1.0008096445980486,0.020075408936920516,1.4050086124438779,1.435896145559263,0.10783721556496485,1.077179653503338,1.041413169524449,0.9667961756773201,0.9403388367977721,0.19771637120651425,0.19806704100513256,0.7403630867641273
3,5485,20,2.3606868966284402,5.572842623913216,1.717905269163588,1.022311951041677,1.0516095384763584,4.4436273306748735,0.11784643770784631,1.9275961770413503,0.46784305363282686,1.9737475443941543,1.023942445986607,0.24614518275617425,3.9040013453744726,2.0253211704158316,0.10810336261125043,2.1606168568185433,2.3446363267902095,1.0851698760892894,0.841813940115907,0.2668654731613172,0.26732975648168456,0.6398935795450805
3,5485,40,3.6469273196224643,13.300078874608692,2.5877699656318294,1.022311951041677,1.0516095384763584,4.4436273306748735,0.11784643770784631,3.9237029346490564,0.9865481496602843,4.6080524677980135,1.1744142063115095,1.8563785414601546,10.510358267434011,2.6786834891653375,0.10887991227209802,4.344063955067387,6.151197356397917,1.4160006436421113,0.7491309741517455,0.32718287289442705,0.324671359709263,0.6479281106091794
3,5485,80,9.296888663408673,86.4321388198167,4.459359583724899,1.022311951041677,1.0516095384763584,4.4436273306748735,0.11784643770784631,5.76349547517794,1.2577994481777797,7.926027703601663,1.375211924384647,6.199454906034049,45.96160606746344,7.974606081571432,0.13894935514878864,10.777807286229276,19.8484939040351,1.841607794323375,0.39932640440745687,0.24209515506430027,0.2752489692691968,0.48557027424950394
3,5485,160,105.61881944890118,11155.335021779585,9.319673139744156,1.022311951041677,1.0516095384763584,4.4436273306748735,0.11784643770784631,12.607375975273882,2.701817129885367,65.62516945871982,5.2052996267761555,65.22923577401436,492.4759260133811,39.062523952585025,0.15322622413611042,23.932163672873102,156.88162027771668,6.555262717659775,0.4183101203477382,0.20556589937824996,0.2081383027109459,0.3616268869266663
3,5544,1,1.0544206485726855,1.1118029041364428,0.10598293563711497,1.0374943344470848,1.0544206485726861,4.44607947008929,0.16160854551779422,0.16160854551779422,0.03557133742713053,0.16160854551779422,0.9999999999999938,0.0,0.16160854551779422,0.9999999999999938,0.16160854551779422,0.16160854551779422,0.16160854551779422,0.9999999999999938,0.9999999999999938,nan,nan,nan
3,5544,2,1.1110249137525166,1.2343763589787868,0.21056587005158356,1.0374943344470848,1.0544206485726861,4.44607947008929,0.16160854551779422,0.3302083079849054,0.07245429974341792,0.33021261303291877,1.0000130373703757,0.00013447667043476222,0.33573245054996165,1.0167292658345464,0.16350822139424745,0.32699462396045975,0.3304771677886402,1.0106501562196955,0.9991994764494846,0.5656269883610644,0.565626988361061,0.9691494295046609
3,5544,5,1.293350901799146,1.6727565551846644,0.5144728974802633,1.0374943344470848,1.0544206485726861,4.44607947008929,0.16160854551779422,0.8813543261139402,0.1919495819611939,0.8815894600189966,1.000266787032285,0.004507831082913697,0.9363271046470243,1.0623730739207562,0.1687404730408943,0.843359274031046,0.8863736405431331,1.0510036088255579,0.9946025239184619,0.6590938356185669,0.6601185834515676,0.9353767855785564
3,5544,10,1.6450802596718352,2.7062890607619527,0.9955783462024045,1.0374943344470848,1.0544206485726861,4.44607947008929,0.16160854551779422,1.9617292208660178,0.42425031301495625,1.966070509207219,1.0022129906079922,0.05179780456058139,2.2150276092395815,1.1291199548231954,0.17513674020718942,1.7498227684988255,2.0006434823129124,1.143340639023268,0.9827190734324514,0.7491934742478972,0.7513998022140228,0.8993217083171285
3,5544,20,2.712828267524084,7.359437209077722,1.995983463659181,1.0374943344470848,1.0544206485726861,4.44607947008929,0.16160854551779422,4.644193632002706,1.011400712326678,4.773883550350563,1.0279251746641602,0.691139514232856,6.25767413269747,1.3474188693547182,0.1857198363132995,3.705551819672781,5.059249503554513,1.3653160850955983,0.9435952006313467,0.45188090445247997,0.4589380831387854,0.8189512371440977
3,5544,40,8.521792362480376,72.62094506922887,4.285253379798905,1.0374943344470848,1.0544206485726861,4.44607947008929,0.16160854551779422,9.035128897000458,1.9276348532501697,10.641949361182105,1.1778414544495417,7.882947025460409,20.184244392849212,2.2339741494501655,0.18094866828103476,7.16862769526684,12.312081352644311,1.7174948785209598,0.8643501497735387,0.2951246378165725,0.30843355200764605,0.638139054410578
3,5544,80,42.31985815192324,1790.970393998904,7.490512871493543,1.0374943344470848,1.0544206485726861,4.44607947008929,0.16160854551779422,11.204330333713072,2.458574728470971,23.424844933682408,2.0906956717617144,23.33641678865345,108.50563922351508,9.684259209765436,0.17535607023489422,13.901677495888052,44.93401180329593,3.2322726387939054,0.5213165705351994,0.26521523546779696,0.25992161638649713,0.4824347823796168
3,5544,160,666.6195006532137,444381.55865113996,13.004438838701926,1.0374943344470848,1.0544206485726861,4.44607947008929,0.16160854551779422,21.593062287009502,4.195761059030447,149.07389089602876,6.903786453008677,146.92502099211328,1114.6494821434435,51.62072277325956,0.16386917161005132,25.874703165616552,321.13814257429726,12.4112783253506,0.46420487364418134,0.16564439236349968,0.1639535172779823,0.3441662542029522
3,5603,1,1.0617728103924653,1.1273615008887141,0.11987994750031551,1.0409674284815271,1.061772810392465,4.459476336788539,0.1609100345823506,0.1609100345823505,0.038747934961364514,0.1609100345823505,0.9999999999999938,0.0,0.1609100345823505,0.9999999999999938,0.1609100345823505,0.1609100345823505,0.1609100345823505,0.9999999999999938,0.9999999999999938,nan,nan,nan
3,5603,2,1.125707505485886,1.2672173879072561,0.23682346350160627,1.0409674284815271,1.061772810392465,4.459476336788539,0.1609100345823506,0.3197595821234557,0.07759943039764432,0.31969209098206447,0.9997889316062274,0.00019628004957520398,0.3290556413386835,1.029072027031977,0.15975655715434767,0.31950472515655437,0.3202208064351647,1.002241222812146,0.9983489034988478,0.01280977058563719,0.012809770585637112,0.9481709161899162
3,5603,5,1.327918492909827,1.7633675238119066,0.5672253466995121,1.0409674284815271,1.061772810392465,4.459476336788539,0.1609100345823506,0.7846677344437241,0.1933318897806825,0.7828041261669273,0.9976249714433346,0.006383380024714345,0.8807703637979204,1.1224755716791712,0.15809026755203093,0.7904129035011828,0.7932818880661335,1.0036297289078169,0.9867918805952447,0.028406760478015942,0.028337753294898523,0.8826469553439933
3,5603,10,1.6802976592696537,2.823400223747077,1.0379419117153477,1.0409674284815271,1.061772810392465,4.459476336788539,0.1609100345823506,1.5420734871462236,0.3772021363698368,1.533897915749636,0.9946983256863339,0.06004233652753561,1.9916353571228707,1.2915307692687261,0.16167541870401922,1.6159446393092725,1.6104643038515198,0.9966085871233211,0.9524569480250062,0.12374811440243984,0.12404551874219147,0.7996437137119347
3,5603,20,2.4661734272520164,6.082011373283956,1.8053354592442097,1.0409674284815271,1.061772810392465,4.459476336788539,0.1609100345823506,3.15203530948883,0.6990639411706815,3.16045383162245,1.0026708210115147,0.393615095386284,5.600903100336852,1.7769163573377473,0.17757145738423472,3.5361125672123435,3.572168631933157,1.0101965262800547,0.8847437389628777,0.19297325399187107,0.18731112496765326,0.6427140172162279
3,5603,40,5.524336140370807,30.518289791807028,3.4183261691911224,1.0409674284815271,1.061772810392465,4.459476336788539,0.1609100345823506,5.224625731366477,1.1077278095068022,4.635222934988143,0.887187556260766,2.936821570151749,19.377816452869528,3.7089386779483906,0.16703326609862404,6.620806306656926,7.525448805302526,1.1366363033058409,0.6159397339494365,0.1894900247139408,0.18013516920525124,0.44372408408612773
3,5603,80,14.16163045976417,200.55177727892035,5.30107245420083,1.0409674284815271,1.061772810392465,4.459476336788539,0.1609100345823506,7.376933492097895,1.5380610526021594,6.853298712528529,0.9290172833833625,8.194798463293656,98.60237499281185,13.366309334147287,0.15358249125317525,12.158983870841329,22.78220122451313,1.8736928567811924,0.3008181099355112,0.12152897052476129,0.12173242994675247,0.36156233763433604
3,5603,160,187.65064740831593,35212.765472760104,10.469163951318725,1.0409674284815271,1.061772810392465,4.459476336788539,0.1609100345823506,15.102816937838991,3.3062857104541754,43.42833312270213,2.8755121181331176,42.47601191647703,1129.1779108858234,74.76604632985728,0.1595632000906436,25.24718483684761,182.89444630740743,7.244152070391537,0.2374502561423224,0.16435381635325666,0.16150132888060353,0.257049248009381
3,5662,1,1.0677295947723136,1.1400464875526488,0.13106904012993653,1.0276565576589312,1.067729594772314,4.452777479611681,0.14151628326590898,0.14151628326590904,0.03208946074080249,0.14151628326590904,0.9999999999999929,0.0,0.14151628326590904,0.9999999999999929,0.14151628326590904,0.14151628326590904,0.14151628326590904,0.9999999999999929,0.9999999999999929,nan,nan,nan
3,5662,2,1.1386219584431592,1.2964599642489352,0.25963744565008995,1.0276565576589312,1.067729594772314,4.452777479611681,0.14151628326590898,0.28223035049257167,0.06400456138542587,0.2822098200608963,0.9999272564710332,0.0002001921000827213,0.29229116542751343,1.0356475301730723,0.14145942734653294,0.28291883183212496,0.2829317828454219,1.0000457764271544,0.9974482796620942,0.3183151876692936,0.3183151876692914,0.937971579455228
3,5662,5,1.3678400373753359,1.8709863678469603,0.6264657612402679,1.0276565576589312,1.067729594772314,4.452777479611681,0.14151628326590898,0.6977837250634688,0.15789883269949764,0.6972422736759883,0.9992240412494112,0.005923447523584352,0.8038884952059049,1.1520596802867307,0.1419779409508896,0.7098833347555757,0.711211374861995,1.0018707864255971,0.9803587207970088,0.27471685137481916,0.2746980722849255,0.863346764256691
3,5662,10,1.790555624900919,3.20608944586432,1.165051953319175,1.0276565576589312,1.067729594772314,4.452777479611681,0.14151628326590898,1.3493258259309502,0.30132843999847503,1.3446417086851215,0.9965285499204033,0.05392395077081086,1.843349178937077,1.3661260634845407,0.14276039102466606,1.4275653341037275,1.4399213851927182,1.0086553314190323,0.9338299455182787,0.1742891773251333,0.17401679649070603,0.7748644070656374
3,5662,20,2.709792097939631,7.342973214056066,1.993743830642592,1.0276565576589312,1.067729594772314,4.452777479611681,0.14151628326590898,2.3240071304266086,0.48836408915656215,2.2962899290415866,0.9880735299723736,0.403827829582088,4.35688129939555,1.8747280257250214,0.13408064174261636,2.672285210509825,2.7952651491709224,1.0460205138947851,0.821492705163468,0.08458458641867939,0.08059542563547815,0.6700721805307325
3,5662,40,4.348105615687661,18.906022445174575,2.939480519200974,1.0276565576589312,1.067729594772314,4.452777479611681,0.14151628326590898,4.2962080225467485,0.8301245727558692,4.168053855370471,0.9701703999192502,2.13888037371947,13.159183996425408,3.062976449782051,0.14998806411178303,5.906898280930815,7.911257268257234,1.339325123271053,0.5268510066148624,0.18863010048061107,0.1771145136600104,0.6160092858175196
3,5662,80,18.667105831914512,348.4608401398968,5.853525856999994,1.0276565576589312,1.067729594772314,4.452777479611681,0.14151628326590898,11.004541913009627,2.6559754872798362,13.487980559666989,1.225673968647566,11.582480197450334,88.18837862898337,8.013816415631677,0.16001817926096748,12.605758339831795,29.438076873972726,2.335288054900593,0.4581814436252187,0.14787321105059134,0.14830685670023494,0.4024292840330126
3,5662,160,221.42161535775966,49027.53174763967,10.800137291702379,1.0276565576589312,1.067729594772314,4.452777479611681,0.14151628326590898,31.455501541126775,7.43456296280406,49.95183959782267,1.5880159956283861,61.06787669874566,732.7364773654479,23.294382269105615,0.1681811912530292,26.47093386096273,134.84204519210425,5.093966306604648,0.37044706290725726,0.1538663674010624,0.14866416089146434,0.31553906356190603
3,5721,1,1.0600200127437196,1.1236424274171954,0.11657557578531419,1.0293520980279518,1.0600200127437196,4.448661937273775,0.15405626607012304,0.1540562660701231,0.03300702620958229,0.1540562660701231,0.9999999999999936,0.0,0.1540562660701231,0.9999999999999936,0.15405626607012313,0.1540562660701231,0.1540562660701231,0.9999999999999936,0.9999999999999936,nan,nan,nan
3,5721,2,1.1237998538390137,1.2629261114885886,0.23343133927269075,1.0293520980279518,1.0600200127437196,4.448661937273775,0.15405626607012304,0.306988377767509,0.06625883657045274,0.3069960887183831,1.0000251180547264,0.00027617107691587875,0.31596682990797165,1.0292468796563408,0.15335643020573214,0.30670965206408857,0.3073566989751977,1.0021096398719558,0.9988267369541058,0.10243953407585943,0.10243953407585878,0.947278492655463
3,5721,5,1.339756878387673,1.794948493187082,0.5849763269252473,1.0293520980279518,1.0600200127437196,4.448661937273775,0.15405626607012304,0.7597301078147297,0.16797121538984555,0.75980363965228,1.000096786788878,0.0080979838853723,0.8558177943401619,1.1264760808306196,0.15172086960586462,0.7585661882813222,0.7660641310556853,1.0098843619583813,0.9918277189211576,0.14025312373222937,0.13998641482070268,0.876823665756228
3,5721,10,1.7887510817234593,3.199630432366846,1.16303531325085,1.0293520980279518,1.0600200127437196,4.448661937273775,0.15405626607012304,1.4997104644282349,0.34652504697439823,1.499294957750861,0.9997229420696658,0.06776072747482167,1.9633456016850026,1.309149764740441,0.1494309685579373,1.4940663864005799,1.5431674604819603,1.032864051107977,0.9715698368099349,0.1768538713382415,0.17593152767977718,0.7872968380731563
3,5721,20,2.9593351655746107,8.757664622206509,2.169929273766839,1.0293520980279518,1.0600200127437196,4.448661937273775,0.15405626607012304,2.934101733227226,0.7094324733312355,2.851790169805889,0.9719465884603793,0.3733587996241222,5.068950655194809,1.7275988074276671,0.1472514755971352,2.944380281920015,3.200737557510684,1.0870666323792588,0.8909790692192261,0.2750460189660572,0.2724944772309473,0.6678602268400542
3,5721,40,5.845531162771741,34.17023457493554,3.5313549310417565,1.0293520980279518,1.0600200127437196,4.448661937273775,0.15405626607012304,7.109243047575969,1.5611410802359946,6.833849264364447,0.9612625730519335,2.3944358735639226,21.078531810515898,2.964947416969099,0.15222642657937235,6.080983085546908,8.621438827070026,1.4177705653484212,0.7926576295950952,0.32320478701138694,0.3281699795998533,0.4986769307850415
3,5721,80,21.722630838391748,471.87269054104814,6.156709225773666,1.0293520980279518,1.0600200127437196,4.448661937273775,0.15405626607012304,17.36824814674311,3.5401159417489727,14.817150833078058,0.8531171772702112,21.283871232284945,63.93001099618694,3.680855458538291,0.1565864649115044,12.45173029079362,24.00841459565567,1.9281187461478073,0.6171649016657362,0.19023204704706326,0.1877001120936235,0.4389368767522311
3,5721,160,225.55637947913874,50875.68032373724,10.837140295112237,1.0293520980279518,1.0600200127437196,4.448661937273775,0.15405626607012304,32.688248115405116,7.681708633293524,107.85055365037427,3.299367811624849,120.26686804465605,628.2622517611715,19.219820210098316,0.15723398118930593,24.643196180337753,189.9135050614553,7.706528961246634,0.5678930185374348,0.2236938905515527,0.2242596476060387,0.38324506129676766
3,5780,1,1.054768317193524,1.1125362029552586,0.1066422765110343,1.025414316015661,1.0547683171935245,4.441982641254695,0.13775149261721778,0.13775149261721792,0.028103611427730088,0.13775149261721792,0.9999999999999928,0.0,0.13775149261721792,0.9999999999999928,0.13775149261721792,0.13775149261721792,0.13775149261721792,0.9999999999999928,0.9999999999999928,nan,nan,nan
3,5780,2,1.112628367810405,1.2379418848564459,0.2134502303951672,1.025414316015661,1.0547683171935245,4.441982641254695,0.13775149261721778,0.28322973367492704,0.057403832485157145,0.2831698265220322,0.9997884856504347,0.0002165440800006157,0.2918342191873412,1.0303798806741413,0.1421557381332512,0.2841790653286015,0.28389432254317604,0.998998016320811,0.9974480080663303,0.12157489903278294,0.12157489903278206,0.9453952289211348
3,5780,5,1.3040228446112794,1.7004755792680928,0.530907964449376,1.025414316015661,1.0547683171935245,4.441982641254695,0.13775149261721778,0.761477351603385,0.15186488740453927,0.759812543638581,0.9978137130916638,0.006255218488754842,0.8650272499090744,1.1359855261455263,0.15577668155736904,0.7764517808208451,0.7703954969976741,0.9922000516029863,0.9862629605178935,0.12338857283382125,0.12153795886026027,0.8631213887440006
3,5780,10,1.6753398397740213,2.8067635787340435,1.0320320682301631,1.025414316015661,1.0547683171935245,4.441982641254695,0.13775149261721778,1.6192838045301359,0.3196179797781384,1.6050710633568328,0.9912228226247046,0.054396104954868255,2.208470872929914,1.363856580762098,0.17114316938759186,1.7024445548543834,1.6665533044985805,0.978917815412277,0.9631081460306203,0.11511423806954414,0.11018447666610393,0.7358561124934909
3,5780,20,2.682047143316646,7.193376878972981,1.9731607247542577,1.025414316015661,1.0547683171935245,4.441982641254695,0.13775149261721778,2.9370347125892367,0.5957243213403898,2.8945871266620276,0.9855474687632176,0.47270115627383036,6.359711202352525,2.1653510512124376,0.17742001168876348,3.536969841987505,3.3793838186002993,0.9554460370239812,0.8565428735055406,0.07462825030150518,0.07074145748463027,0.5509499461779864
3,5780,40,5.216290454945583,27.2096861103564,3.3035730169093003,1.025414316015661,1.0547683171935245,4.441982641254695,0.13775149261721778,4.538495563737129,1.0575375480976759,5.081769969209491,1.1197036325898737,1.7719164398960379,21.046959778165963,4.637430946574569,0.19759323651414182,7.845815790774621,9.336929717612215,1.1900521203404872,0.5442656336615416,0.08694844537877087,0.09138808142718952,0.4979447828422069
3,5780,80,14.416612290479453,207.83870993400322,5.33676234588803,1.025414316015661,1.0547683171935245,4.441982641254695,0.13775149261721778,10.432862552972164,2.409318402972431,16.260841439104706,1.5586174318449384,16.66570383220183,74.22883283023116,7.114905660200083,0.1677263017195517,12.99208813886481,28.732827609697072,2.21156347637029,0.5659325166318409,0.10464500475989257,0.11908951407391859,0.449359215350546
3,5780,160,162.8046457965625,26505.35269294418,10.185101979990389,1.025414316015661,1.0547683171935245,4.441982641254695,0.13775149261721778,38.36109708178893,9.21867999722534,104.40304011173288,2.7215864001265984,127.84422000696681,705.424125474766,18.3890498222912,0.16346922818960488,25.576961108474176,161.54872715560583,6.316181444326527,0.6462634645902875,0.23067584792830853,0.24761877475532426,0.35477632386663294
3,5839,1,1.0647373993217095,1.1336657295143575,0.12545639070064482,1.023252127904414,1.0647373993217086,4.452930976958022,0.10797133490534379,0.1079713349053438,0.026513235266740588,0.10797133490534384,0.9999999999999911,3.1217311733394683e-16,0.10797133490534384,0.9999999999999911,0.10797133490534384,0.10797133490534384,0.10797133490534384,0.9999999999999908,0.9999999999999908,nan,nan,nan
3,5839,2,1.1335989206262957,1.2850465128451027,0.2507949144587129,1.023252127904414,1.0647373993217086,4.452930976958022,0.10797133490534379,0.21204394690428244,0.05190018649342289,0.2120131508117274,0.9998547655191028,0.00012138210093033913,0.2213171688689121,1.043732547427136,0.10717245950022626,0.21433891920344358,0.21233913109011976,0.9906699720202159,0.9984648129776182,0.2685280367167715,0.268528036716769,0.9218958658066173
3,5839,5,1.363826414172526,1.8600224879946905,0.6205885779717486,1.023252127904414,1.0647373993217086,4.452930976958022,0.10797133490534379,0.5057931415800525,0.12239388885500423,0.5050380452207478,0.9985071043926241,0.0034420513694092313,0.5980076958159164,1.182316735153412,0.10516628965688309,0.5257493339305394,0.5118856235796878,0.9736305698245846,0.9866228351735005,0.2490740756159931,0.24949026435647328,0.8316434272037201
3,5839,10,1.8087960467372481,3.271743138692297,1.1853229128143385,1.023252127904414,1.0647373993217086,4.452930976958022,0.10797133490534379,0.9647535747125395,0.22875538027384215,0.9597326054561,0.9947955940376415,0.03198971548076969,1.3783358163725614,1.4286921059434814,0.10401978209929658,1.0400269261801265,1.0187268539536019,0.9795196915672578,0.9420902195043247,0.1691771349067209,0.1704494198436296,0.735070555075994
3,5839,20,2.73401729955373,7.47485059425907,2.0115441316869087,1.023252127904414,1.0647373993217086,4.452930976958022,0.10797133490534379,1.9642760236755163,0.45409603516342023,1.9557133895370111,0.9956408192966261,0.2316650827855727,3.7944334054909916,1.9317210818421116,0.11339149231510752,2.2563796673723777,2.369875741509659,1.0503000783859437,0.8252387900688756,0.05714569795084946,0.057903715376951645,0.6375055821474959
3,5839,40,6.095404545644634,37.153956575065266,3.615070268186306,1.023252127904414,1.0647373993217086,4.452930976958022,0.10797133490534379,5.006633950924597,1.1765111830573798,4.931546845315017,0.9850024774438095,2.0385561475238383,13.00426813717888,2.59740741277427,0.12728885922543448,5.049445057769058,6.3271301909753195,1.2530347629469536,0.7794286977608128,0.22585172640293807,0.24112875579440168,0.5542916062117518
3,5839,80,39.8833866177414,1590.6845281002338,7.371919723384537,1.023252127904414,1.0647373993217086,4.452930976958022,0.10797133490534379,10.83231077528451,2.2630268907685274,12.112380231999113,1.1181714117393369,15.234527351670534,63.57323214461241,5.868852312626034,0.1443602731713349,11.351033408174446,21.44166021515721,1.8889610702507487,0.5648993646227457,0.17297598441779963,0.18464596920706872,0.4219235420607437
3,5839,160,372.4701221805104,138733.99191716433,11.840313651382651,1.023252127904414,1.0647373993217086,4.452930976958022,0.10797133490534379,18.343816891566956,3.7233677657689928,60.64833964493473,3.306200667147744,63.14038233992658,540.2669219037471,29.45226313026049,0.14800333269527832,23.271184829752098,134.82849021806013,5.79379568356496,0.4498184289303193,0.24204087585964185,0.25031292044642633,0.3859385381944831
