seed,test_index,horizon,sigma1_phi,Gmax,log_Gmax,spectral_radius_J,sigma1_J,fro_J,one_step_error,rollout_error,relative_rollout_error,linear_predicted_error,linear_to_actual_ratio,linear_vector_error,defect_amplification_bound,bound_to_actual_ratio,defect_l2_rms,defect_l2_sum,propagated_defect_norm_sum,effective_defect_gain,defect_cancellation_ratio,tg_alignment_mean,tg_alignment_weighted,gain_efficiency_mean
2,0,1,1.0541466479534498,1.1112251553914945,0.10546315024306209,1.023250493829457,1.05414664795345,4.445913384454001,0.09294959335238397,0.09294959335238405,0.019827607913157706,0.09294959335238408,0.9999999999999896,2.7755575615628914e-16,0.09294959335238408,0.9999999999999896,0.09294959335238408,0.09294959335238408,0.09294959335238408,0.9999999999999892,0.9999999999999892,nan,nan,nan
2,0,2,1.1107505868979108,1.2337668662940533,0.21007198242716876,1.023250493829457,1.05414664795345,4.445913384454001,0.09294959335238397,0.18616047184712925,0.03983011057168775,0.18616732808950937,1.0000368297432376,5.7871870513045066e-05,0.19241272974098583,1.0335853139596132,0.09368667560712937,0.18736759729367386,0.18649387797585049,0.9953368707799838,0.9982490047936887,0.10236903608224729,0.10236903608224619,0.9396003028037075
2,0,5,1.2959613733869317,1.6795158813109423,0.5185055860010566,1.023250493829457,1.05414664795345,4.445913384454001,0.09294959335238397,0.46542635558708434,0.10063116274386145,0.4655514626760568,1.0002688010411735,0.0014700858593050356,0.5335643111600705,1.1463990054603515,0.09583669451124822,0.47907962025267964,0.47145240613412215,0.98407944359116,0.9874834800262159,0.061899656764142566,0.061533881332122266,0.8595640082792234
2,0,10,1.6620294752539397,2.7623419766128863,1.0160788621716559,1.023250493829457,1.05414664795345,4.445913384454001,0.09294959335238397,0.9231716210381565,0.2048384334636382,0.9226992282666162,0.9994882936598397,0.01242560523021446,1.2694941046254695,1.3751442047122866,0.09908354483793459,0.9901482452069558,0.9677941306616478,0.9774234669873735,0.9534044473237271,0.13273226092722232,0.13475374987742886,0.7518892052070806
2,0,20,2.6081278401963357,6.802330830807203,1.9172653226864602,1.023250493829457,1.05414664795345,4.445913384454001,0.09294959335238397,1.809151690688122,0.4375038350576631,1.7883546985430234,0.9885045614184019,0.1652853823563051,3.429599109493867,1.895694610433355,0.10239831454739774,2.046058096134601,2.0782319801938907,1.0157248145202091,0.8605173607116643,0.2084639752346581,0.21245729860716,0.6333742432021867
2,0,40,5.4085974685406955,29.25292657670482,3.375979622577246,1.023250493829457,1.05414664795345,4.445913384454001,0.09294959335238397,3.2564585774840995,0.7987053398187974,2.969628310861708,0.9119195715844193,1.5108429165488164,8.814346487121462,2.7067276544114116,0.10535391061424085,4.202340146221751,4.597028776697596,1.0939211526774437,0.6459886276794253,0.05445781680632616,0.054863822303957005,0.5520821001906518
2,0,80,16.806232278223252,282.4494433895931,5.643499573118216,1.023250493829457,1.05414664795345,4.445913384454001,0.09294959335238397,7.5184306257381115,1.5997165537930678,6.17708148048297,0.8215918704279516,7.322084991349802,38.60496086986908,5.134709993560536,0.12077390684993866,9.556433937329778,17.258685579669574,1.8059755022480617,0.35791146735759893,0.16190015355703558,0.1506745107493346,0.47318079710719646
2,0,160,86.81101383964895,7536.1521238677215,8.927467002340638,1.023250493829457,1.05414664795345,4.445913384454001,0.09294959335238397,10.04941939022808,2.432809077966781,24.990266696593075,2.4867373652345797,25.18661758326378,327.4676640425265,32.58572971498747,0.12328428753809152,19.49099892842628,98.7304446950723,5.065437900726613,0.25311611604480455,0.2647575683779225,0.2612386455006512,0.3903792844130123
2,58,1,1.0647952482913652,1.13378892078387,0.12556505110504812,1.0314177827227982,1.0647952482913654,4.458563378922405,0.14369032310171762,0.14369032310171767,0.030633111963141238,0.14369032310171767,0.999999999999993,0.0,0.14369032310171767,0.999999999999993,0.14369032310171764,0.14369032310171767,0.14369032310171767,0.999999999999993,0.999999999999993,nan,nan,nan
2,58,2,1.1338040259151236,1.2855115691813424,0.25115674743542343,1.0314177827227982,1.0647952482913654,4.458563378922405,0.14369032310171762,0.290008836867884,0.06159451744847927,0.2899980253572676,0.9999627200648982,0.00014554446964554617,0.29893669298953673,1.030784772692009,0.14478891318916196,0.28956955332974343,0.29033688335839536,1.0026498988578993,0.9988328799386109,0.0787295382165407,0.07872953821654015,0.9438131961945478
2,58,5,1.3650650126235222,1.8634024886888567,0.6224041115967048,1.0314177827227982,1.0647952482913654,4.458563378922405,0.14369032310171762,0.7367505195325141,0.15505081993267056,0.7367618037146306,1.0000153161508765,0.004153301883814893,0.8331855842545993,1.1308924285296391,0.14640927353701738,0.7320078567404906,0.7430835607320164,1.015130580757484,0.9914925354947172,0.05090299099903854,0.050640690710200345,0.8717861616474448
2,58,10,1.821585033303235,3.318172033554348,1.1994140389938872,1.0314177827227982,1.0647952482913654,4.458563378922405,0.14369032310171762,1.4514291315844268,0.30307553038000773,1.4554046130872882,1.0027390117893806,0.03759504533846135,1.9306385149951786,1.3301638178418191,0.14327207414459256,1.4319863353707858,1.505784149892336,1.0515352784441485,0.9665426569879546,0.052112566452605244,0.05155017197907223,0.7808262123424016
2,58,20,2.9785398294833816,8.871699515818891,2.1828663806533695,1.0314177827227982,1.0647952482913654,4.458563378922405,0.14369032310171762,2.710393844978835,0.5731307972839507,2.7155904017783925,1.0019172699971937,0.2922833900185261,5.289067659465606,1.9514018854728123,0.1414132527029224,2.8243630510188775,3.198662706625062,1.132525333622091,0.8489767915053588,0.0585694472447404,0.05720785231716827,0.6371772928743594
2,58,40,6.175971513923355,38.14262414079274,3.641332400657923,1.0314177827227982,1.0647952482913654,4.458563378922405,0.14369032310171762,5.518505674657828,1.227772281407203,5.494193326135968,0.9955943963900394,2.93489223314979,15.91764158344031,2.8844115639017214,0.13875602446496269,5.532972332782959,7.623312562809472,1.3777969786042863,0.7207094397440205,0.12156032430545564,0.12267187040638482,0.5313846572663904
2,58,80,15.46133068472756,239.052746542498,5.476684224412083,1.0314177827227982,1.0647952482913654,4.458563378922405,0.14369032310171762,8.028436215507053,2.1098814118899263,11.651538414448328,1.4512836748884164,11.210581374625045,74.45688532639157,9.274145465909898,0.13739067434218025,10.960760532688182,26.42753441664681,2.411104077844981,0.44088632071211975,0.2885972088531232,0.2829767620609823,0.44108657133343915
2,58,160,99.84667641593437,9969.358791308305,9.207271547077061,1.0314177827227982,1.0647952482913654,4.458563378922405,0.14369032310171762,16.21536520790107,3.7415374055826827,20.89291385744044,1.2884639716446349,20.553984384874543,490.42205513561976,30.24428058497613,0.12683390855692267,20.013141399187006,143.55887704110984,7.173230537757636,0.14553550632370507,0.20149249935856509,0.20809678383904898,0.36478152986072165
2,117,1,1.0657958797546814,1.1359208573020552,0.1274436500041318,1.0236682474681646,1.0657958797546816,4.444761348108109,0.1395051294897068,0.13950512948970697,0.033484270257018375,0.13950512948970697,0.9999999999999928,0.0,0.13950512948970697,0.9999999999999928,0.13950512948970697,0.13950512948970697,0.13950512948970697,0.9999999999999928,0.9999999999999928,nan,nan,nan
2,117,2,1.1359370168852023,1.2903529063300525,0.25491575175840353,1.0236682474681646,1.0657958797546816,4.444761348108109,0.1395051294897068,0.2798606675080517,0.06762171125888583,0.2799406261933547,1.0002857089065567,0.00019073980963367327,0.2909887614111668,1.0397629792074796,0.14094203971293132,0.2818695771686942,0.28012362740593,0.9938058240257682,0.999346712684428,0.3316086394713161,0.3316086394713137,0.9268953125340195
2,117,5,1.372161880246899,1.882828225602705,0.6327750217234872,1.0236682474681646,1.0657958797546816,4.444761348108109,0.1395051294897068,0.708108655532317,0.17474850493398733,0.7110383629534912,1.0041373698771847,0.006529474086607365,0.8190966921791993,1.1567387092076236,0.14442902635282032,0.7219719309744711,0.7142067064949221,0.989244423299021,0.9955638283530254,0.3335353417381601,0.33337842674678525,0.8467358060556097
2,117,10,1.8446707586536468,3.4028102078318208,1.2246016219481186,1.0236682474681646,1.0657958797546816,4.444761348108109,0.1395051294897068,1.4459955304114203,0.36954990885337535,1.4780638300006268,1.0221773158455623,0.07558804180929611,1.9356045787572878,1.3385965157212902,0.14623002750816066,1.461986754320484,1.4977811299779524,1.0244833789031857,0.986835660042254,0.3348136909364782,0.33469806849851885,0.7691117576110305
2,117,20,3.0379703961170343,9.229264127683491,2.222379319191662,1.0236682474681646,1.0657958797546816,4.444761348108109,0.1395051294897068,2.949383483139726,0.7762482171987142,3.219964111881326,1.0917414199572162,0.7870409682984645,4.918753209778745,1.6677225046851323,0.13854997563133498,2.7634055016687897,3.3304784978501987,1.2052080289479625,0.9668172648344044,0.39651829349330425,0.3910610003209217,0.7149845440094551
2,117,40,5.140996455617609,26.429844556672816,3.2744938472774052,1.0236682474681646,1.0657958797546816,4.444761348108109,0.1395051294897068,5.240700715291884,1.2806708660689659,6.814438235658501,1.300291431597037,4.173567539692188,13.579678737112305,2.591195237974198,0.1198590700376238,4.709117718514737,7.978932842021043,1.694358331848542,0.8540538403544728,0.4091188835889935,0.4027648734627944,0.6556635808903521
2,117,80,12.160314700424712,147.87325361336534,4.9963555123445555,1.0236682474681646,1.0657958797546816,4.444761348108109,0.1395051294897068,7.945434659393705,1.8815132131960268,11.073809122492559,1.3937323251913283,11.580719364369138,54.289399050067075,6.832778995404859,0.11393430409335811,8.954776453601712,20.511128909147157,2.2905238355668103,0.539892717341076,0.20624992731146413,0.19947244160057004,0.4342418811769717
2,117,160,142.65666679590257,20350.92458131717,9.92088162381001,1.0236682474681646,1.0657958797546816,4.444761348108109,0.1395051294897068,14.906478462827819,3.59775072917676,35.482471311252006,2.3803389512643376,39.24378321162068,201.75008596849207,13.534389525439884,0.11597298469627121,18.259429333742062,69.73415578460424,3.8190764075929096,0.5088248493442828,0.1650256356404672,0.16853896852700348,0.3790585581581541
2,176,1,1.0552188586838378,1.1134868397220212,0.10749638880576663,1.0312349971737742,1.0552188586838367,4.445259209057443,0.09682633073509954,0.09682633073509957,0.02246720768362699,0.09682633073509957,0.9999999999999897,0.0,0.09682633073509957,0.9999999999999897,0.09682633073509957,0.09682633073509957,0.09682633073509957,0.9999999999999897,0.9999999999999897,nan,nan,nan
2,176,2,1.113082536480486,1.2389527330178323,0.21426645261973196,1.0312349971737742,1.0552188586838367,4.445259209057443,0.09682633073509954,0.197080812982341,0.0456814234665064,0.1971077493878121,1.0001366769553184,8.423643681918877e-05,0.20297952147483414,1.0299304047067264,0.09887641542660179,0.19771117960550721,0.1976023910672649,0.9994497603096579,0.9974967829246285,0.36843752630772986,0.368437526307726,0.9473319197721186
2,176,5,1.302408977859601,1.6962691456092909,0.5284312191241965,1.0312349971737742,1.0552188586838367,4.445259209057443,0.09682633073509954,0.5157171042099135,0.11931515008564651,0.5162803103243921,1.0010920834501709,0.0024210116137085252,0.5827099811596584,1.1299023755521507,0.10557117016886089,0.5269539160511904,0.5245958064278359,0.9955250173657949,0.984148756048837,0.2688821778619895,0.26601855460327317,0.876459936748498
2,176,10,1.6710105847429877,2.7922763743231016,1.026857167939217,1.0312349971737742,1.0552188586838367,4.445259209057443,0.09682633073509954,1.0699232848206506,0.24794720061606565,1.072791889517637,1.0026811311966783,0.023305248748794943,1.4232879924151676,1.3302710695316342,0.11533471329781901,1.1483294818681247,1.1245577032118965,0.9792988170803064,0.9539678457171116,0.13176398420728044,0.12331494835446707,0.7724966652881982
2,176,20,2.629525602538923,6.914404894407685,1.9336069013132209,1.0312349971737742,1.0552188586838367,4.445259209057443,0.09682633073509954,2.0739800881973522,0.4901002663577822,2.094600611663672,1.0099424886399182,0.16543421619024432,3.8660669604263598,1.8640810403279424,0.12186315437391403,2.42882426133012,2.4235407666911946,0.9978246698523866,0.8642729020495834,0.12933834396766034,0.1272893703472584,0.6397895179509798
2,176,40,6.473087589883751,41.90086294630703,3.735306422093266,1.0312349971737742,1.0552188586838367,4.445259209057443,0.09682633073509954,4.685853332078148,1.0872158921046586,4.553673607021401,0.971791749401997,1.273524869456734,13.465869066165041,2.873728243686408,0.13243519202031187,5.27095359180858,6.556535279614274,1.2438992613791124,0.6945243810675105,0.1424630987933818,0.1375708574094627,0.5451012591081278
2,176,80,18.096523570901194,327.4841653521825,5.7914397038367325,1.0312349971737742,1.0552188586838367,4.445259209057443,0.09682633073509954,8.607357902201787,1.9566481784208731,7.331103389432245,0.8517251719667572,6.831175662716317,42.88613584309823,4.982497106589215,0.1196247201353179,9.441874172931483,15.102251368630212,1.5994972070191558,0.48543115926808883,0.17511784258003232,0.16047781196865546,0.4372323170335101
2,176,160,93.854394121887,8808.647295986497,9.083489165255708,1.0312349971737742,1.0552188586838367,4.445259209057443,0.09682633073509954,12.786694198726199,3.025240792165444,11.216947041647735,0.8772358881285484,17.463424873009483,111.29008733057533,8.70358558677832,0.11232642815616914,17.73741391118114,42.01252174286008,2.3685821367892097,0.26699056796213444,0.24317118480181923,0.24073432673006306,0.41482150424933706
2,235,1,1.0601851660319188,1.1239925862741273,0.11688715560822296,1.0169050016949008,1.0601851660319193,4.452898000314258,0.08964148586951534,0.0896414858695153,0.02011959139596727,0.08964148586951531,0.999999999999989,3.0531133177191805e-16,0.08964148586951531,0.999999999999989,0.08964148586951533,0.08964148586951531,0.08964148586951531,0.9999999999999889,0.9999999999999889,nan,nan,nan
2,235,2,1.1227961569177085,1.2606712099891755,0.23164428546634908,1.0169050016949008,1.0601851660319193,4.452898000314258,0.08964148586951534,0.18251181831350152,0.040968538600414516,0.18250593322835637,0.9999677550462182,9.507927895379481e-05,0.1872048347787807,1.0257134935624659,0.09096579348558385,0.18191258199408328,0.18285485914931202,1.0051798349784205,0.9980917875380511,0.016850448593182715,0.016850448593182528,0.9541788231335431
2,235,5,1.3209834034809482,1.7449971522721097,0.5567529237173051,1.0169050016949008,1.0601851660319193,4.452898000314258,0.08964148586951534,0.47917410085681333,0.10776148527186835,0.47898298763142577,0.9996011611958017,0.0030023284966135474,0.5293757576319504,1.104767049565847,0.09509730035505724,0.47509914673194886,0.4857076449568831,1.0223290197381023,0.9861549279792471,0.061141657608777294,0.06249959163769482,0.8994329956689713
2,235,10,1.6531830957709799,2.733014348142921,1.0054051568929698,1.0169050016949008,1.0601851660319193,4.452898000314258,0.08964148586951534,1.0179616919637504,0.23052797937603456,1.017873888306066,0.999913745616973,0.029227211738853242,1.255972081666138,1.2338107529795548,0.10168924109539897,1.0142778628655305,1.0672374379436005,1.0522140697505198,0.9537464224150051,0.15703362598523946,0.16276892048480404,0.8387957410127076
2,235,20,2.4265521619050476,5.88815539444606,1.772942772798099,1.0169050016949008,1.0601851660319193,4.452898000314258,0.08964148586951534,2.058640661957161,0.46834028775973213,2.0621111375024506,1.0016858092864003,0.2628585601252503,3.4746889030949837,1.6878559562656146,0.1078144114937763,2.1502019929994995,2.363079286254112,1.0990033931452416,0.8726373040031389,0.2227574766161605,0.21474437178788566,0.6846971769905973
2,235,40,3.5770716914453535,12.795441885739722,2.549089004829373,1.0169050016949008,1.0601851660319193,4.452898000314258,0.08964148586951534,3.271366287362602,0.788676498028389,3.8802570329186445,1.186127352326215,1.3613655878937378,10.636976722114602,3.251539506048466,0.11282384572987904,4.490138297201588,5.750065312420913,1.2805987102901835,0.6748196450111215,0.12350734706240911,0.1227947528589583,0.5889742237134887
2,235,80,6.115643595946112,37.4010965926367,3.6217000246493796,1.0169050016949008,1.0601851660319193,4.452898000314258,0.08964148586951534,3.6676128133430512,0.8935608336216938,4.3042089039198475,1.173572327008132,5.269726766865944,25.29461542024489,6.896751840385433,0.10539486376678865,8.365729187538907,12.323033096645188,1.473037534492611,0.34928161518056955,0.18245728286326618,0.1774555972830742,0.5149114869730081
2,235,160,20.046554218803475,401.8643360474274,5.9961145591435185,1.0169050016949008,1.0601851660319193,4.452898000314258,0.08964148586951534,4.902519481804441,1.310739786754639,19.53021180404038,3.983709167607838,19.48966864338342,160.49428650957978,32.73710325991557,0.09711825361599266,15.29570376112048,56.69793586614644,3.70678830811725,0.34446071987783955,0.23179545721625053,0.23608850996543315,0.3969929011461453
2,294,1,1.0528842564014513,1.1085652573780371,0.10306661832615702,1.0104337387833486,1.0528842564014516,4.447384950109244,0.1048478757387896,0.10484787573878956,0.02342908969195086,0.10484787573878958,0.9999999999999906,2.847483988694276e-16,0.10484787573878958,0.9999999999999906,0.10484787573878958,0.10484787573878958,0.10484787573878958,0.9999999999999905,0.9999999999999905,nan,nan,nan
2,294,2,1.1091631654848189,1.2302429276683036,0.2072116520526928,1.0104337387833486,1.0528842564014516,4.447384950109244,0.1048478757387896,0.20548493083393193,0.045944819568696414,0.20549005042319282,1.0000249146700886,0.00010843069887664962,0.2131986453251393,1.037539076271439,0.10380447957950587,0.20759836437318702,0.20588112771104247,0.9917280819271843,0.9981004704404013,0.19044479302117068,0.19044479302116887,0.9337470372223043
2,294,5,1.2976064191830121,1.6837824191049588,0.5210427026654433,1.0104337387833486,1.0528842564014516,4.447384950109244,0.1048478757387896,0.4840302615785487,0.10895560776267847,0.48454862371384816,1.001070929188617,0.0030220192927932887,0.5630221511235816,1.1631961796921924,0.10100444503986195,0.5048523677245121,0.4924597589561635,0.9754530045601133,0.9839354686379146,0.15953176101538236,0.16008251911012542,0.8528865257068501
2,294,10,1.6661503344832074,2.7760569370985038,1.021031552916391,1.0104337387833486,1.0528842564014516,4.447384950109244,0.1048478757387896,0.8867568792920942,0.20439105274529873,0.8956292806563889,1.010005449713992,0.026693318061287878,1.2436385295287156,1.4024571543459823,0.09750262656381094,0.9741308136563588,0.9536000983806192,0.9789240674990257,0.9392084608394274,0.10291737257167319,0.10529254396536855,0.7643150681731048
2,294,20,2.488378876557251,6.1920294332963275,1.823262889715458,1.0104337387833486,1.0528842564014516,4.447384950109244,0.1048478757387896,1.5682385957254779,0.3809548778522091,1.636358576877662,1.043437255872835,0.22118895594051122,2.9998077841577193,1.9128516491905274,0.09065313843270757,1.8057049218356163,1.9367705685477357,1.0725841997367331,0.8448902536270287,0.20751923154040758,0.20237785537456407,0.6729280136865282
2,294,40,4.630950327722138,21.445700937829777,3.065524202807959,1.0104337387833486,1.0528842564014516,4.447384950109244,0.1048478757387896,3.00178228974283,0.7125029407931953,3.44215010027983,1.1467021149540881,1.1832207991640258,9.332712314490996,3.1090570246820093,0.09753594260427566,3.874163757134322,5.112993656635308,1.3197670457836645,0.6732161882917325,0.2416581969068082,0.23770934677596187,0.5498835869470142
2,294,80,11.024475796607913,121.53906658999367,4.800235746819184,1.0104337387833486,1.0528842564014516,4.447384950109244,0.1048478757387896,6.51327579230754,1.8569030703935838,8.814217286564054,1.3532694710968671,6.245851539920921,36.418661653488016,5.591450878911043,0.09106776915418377,7.192365289269277,14.491705938353446,2.0148734603308447,0.6082249615096404,0.18719284868301803,0.18520335483230185,0.4582082871424661
2,294,160,89.48498843718325,8007.563155602819,8.988141768508449,1.0104337387833486,1.0528842564014516,4.447384950109244,0.1048478757387896,12.009298660362598,2.820019657217679,28.479930915015213,2.3714899362953568,34.21166114809688,159.2525938494952,13.26077386809588,0.09734796078208922,15.26901513422882,57.27573062681346,3.75110838016117,0.4972425598650053,0.20537693157956308,0.2082135377819148,0.4083490112753502
2,353,1,1.0540680962951596,1.1110595516273019,0.10531411104572061,1.0174001014974672,1.0540680962951585,4.446021132550387,0.07561563342099581,0.0756156334209958,0.019028272459608763,0.0756156334209958,0.9999999999999868,0.0,0.0756156334209958,0.9999999999999868,0.0756156334209958,0.0756156334209958,0.0756156334209958,0.9999999999999868,0.9999999999999868,nan,nan,nan
2,353,2,1.1104189035132785,1.2330301412796318,0.20947466936568557,1.0174001014974672,1.0540680962951585,4.446021132550387,0.07561563342099581,0.14862777613257375,0.037664051503203635,0.14862250125987062,0.9999645095093166,4.373436356174807e-05,0.15294313451242075,1.0290346696434234,0.07444627525116464,0.1488738874261652,0.14895438248075682,1.0005406929044594,0.9977719271137921,0.2797895026228979,0.27978950262289426,0.949943427080863
2,353,5,1.2913997358862754,1.667713277847142,0.5114533933856882,1.0174001014974672,1.0540680962951585,4.446021132550387,0.07561563342099581,0.3522716221207986,0.09118901358393751,0.35210378137460846,0.9995235473547921,0.0012801407693115085,0.3993368727109135,1.133605001466665,0.07167883947256735,0.35816526072709687,0.35934462266613687,1.0032927870688655,0.979849868803361,0.2717309152627221,0.27214927284410373,0.8830762267215243
2,353,10,1.6196240462169111,2.623182051084039,0.9643881041507077,1.0174001014974672,1.0540680962951585,4.446021132550387,0.07561563342099581,0.6436917660414074,0.17245047907654923,0.6420936953738241,0.9975173355449112,0.011509599549591337,0.8908011488215165,1.3838939626333695,0.0700838553229392,0.7004042522811955,0.7036412478045947,1.0046216103241168,0.912529925409001,0.23391741709529013,0.23511443213378325,0.7841796552714666
2,353,20,2.402903353512842,5.773944526323262,1.7533554736994856,1.0174001014974672,1.0540680962951585,4.446021132550387,0.07561563342099581,1.1161227104403726,0.3168134523842818,1.1117876386946828,0.9961159541821522,0.0862953026402966,2.366347018497066,2.1201495107678685,0.0713125013784907,1.4255418118851229,1.4832062617561221,1.0404509004157116,0.7495839704575686,0.25225341505732457,0.2528981714159995,0.6405836307069124
2,353,40,5.901324164243888,34.82562689148882,3.5503535206952015,1.0174001014974672,1.0540680962951585,4.446021132550387,0.07561563342099581,2.0518847005504126,0.558310829673465,2.019108850592507,0.9840264660343175,0.4429348840283909,8.015483433545349,3.906400506517356,0.07358540947118883,2.9305975313567796,3.820906936302786,1.3037979099551817,0.5284370659250476,0.2379392481724271,0.24745734546764267,0.517244503344587
2,353,80,8.597512926351982,73.91722851878941,4.302945933648805,1.0174001014974672,1.0540680962951585,4.446021132550387,0.07561563342099581,2.8929975108115698,0.6488568757169815,3.1271611254903156,1.0809415195843204,1.306073616222302,25.209667303525237,8.714030070649175,0.09326705068035586,7.283291192479926,11.249891447241648,1.5446164584023876,0.2779725600158623,0.15325850561874677,0.15301766898620991,0.4889388058674703
2,353,160,26.096064965747814,681.0046066965305,6.523569070732404,1.0174001014974672,1.0540680962951585,4.446021132550387,0.07561563342099581,6.025101985549801,1.3311460287629542,12.007232686581926,1.9928679573191064,12.663393802652681,135.47488075357424,22.485076780191946,0.11200255879577135,17.288039732898135,48.67111505644447,2.815305599039443,0.2467014095045284,0.20191015548514302,0.1974034024485972,0.41374266280311234
2,412,1,1.0503771885521038,1.1032922382306218,0.09829865371054362,1.0124246922029985,1.0503771885521038,4.440296236875439,0.1076682323399912,0.10766823233999122,0.025281097794443423,0.10766823233999122,0.9999999999999907,0.0,0.10766823233999122,0.9999999999999907,0.10766823233999122,0.10766823233999122,0.10766823233999122,0.9999999999999907,0.9999999999999907,nan,nan,nan
2,412,2,1.1032168615898217,1.2170874436960957,0.1964606632697703,1.0124246922029985,1.0503771885521038,4.440296236875439,0.1076682323399912,0.21707593127711752,0.05075410686321454,0.21711225678287607,1.0001673400894509,0.00011224089654249074,0.2238005144049861,1.0309780227052578,0.10922148881083535,0.21842119609668953,0.21752587561860376,0.9959009450818572,0.9980985304182667,0.12073119575677299,0.12073119575677187,0.9444955795114579
2,412,5,1.275332276187301,1.626472414685082,0.48641350686435053,1.0124246922029985,1.0503771885521038,4.440296236875439,0.1076682323399912,0.5569435028661944,0.12880834834840194,0.5579361542865044,1.00178231977786,0.0033601415817918643,0.6252522767803234,1.122649377472923,0.11369590144520496,0.5681083983970125,0.5652692041470381,0.9950023723324871,0.9870273317443504,0.0715677434784927,0.07020176171247457,0.8826712268639236
2,412,10,1.5968707409516558,2.5499961633074903,0.936091854583905,1.0124246922029985,1.0503771885521038,4.440296236875439,0.1076682323399912,1.1699177741127667,0.2670612853784535,1.1754166922831875,1.0047002603876072,0.031271783876428046,1.4723072582652612,1.2584707155011958,0.11899240833862397,1.1883711788107802,1.228281065468652,1.0335836877984612,0.9569606870351819,0.1142574110332183,0.11568099402154453,0.825102351869918
2,412,20,2.2817823916724733,5.206530882946552,1.6499137765838876,1.0124246922029985,1.0503771885521038,4.440296236875439,0.1076682323399912,2.53904534542911,0.5700271955745504,2.4559857199870065,0.9672870649625729,0.2953410121070057,3.7905714200412004,1.4929120611670588,0.1199369631670568,2.3960324107839757,2.8030498904603913,1.1698714415733802,0.8761833773795651,0.133585749017807,0.1322504437298086,0.755770752033446
2,412,40,3.774534304316588,14.247109214462709,2.656554023992384,1.0124246922029985,1.0503771885521038,4.440296236875439,0.1076682323399912,4.308357224062148,1.0072309373634079,3.9839572025311307,0.9247044744295467,2.1423906125321306,12.274762054860886,2.849058566060032,0.11387681241460246,4.495413568722069,6.521026877447261,1.4505955409350735,0.6109401597943883,0.17573625593806286,0.19186902770331885,0.5853971184475814
2,412,80,10.194726401808456,103.93244640773038,4.6437411343181,1.0124246922029985,1.0503771885521038,4.440296236875439,0.1076682323399912,5.891075150075833,1.3182307912134457,7.093143438571788,1.2040490501093812,7.6580674999196985,41.71713388345821,7.081412614965742,0.1179647558192116,9.2789418570228,17.531407542935877,1.8893757298055667,0.40459634636865804,0.1911547805463646,0.1992298882096457,0.47127155547864097
2,412,160,48.85692509777764,2386.9991300098545,7.777792261868656,1.0124246922029985,1.0503771885521038,4.440296236875439,0.1076682323399912,7.1485814000714765,1.5070285084181447,39.931710271077314,5.585962869595084,38.718500737103795,246.361469628851,34.462987247566026,0.12948120498374907,20.42456861983212,87.10385981551889,4.264660930510015,0.45843789650252526,0.2376080692562854,0.251301921495922,0.3904821627061591
2,471,1,1.052198104814363,1.1071208517749371,0.10176281829622985,1.0226837323024007,1.0521981048143643,4.448270415154296,0.08922261668369169,0.0892226166836917,0.02034260015376147,0.0892226166836917,0.9999999999999888,0.0,0.0892226166836917,0.9999999999999888,0.0892226166836917,0.0892226166836917,0.0892226166836917,0.9999999999999888,0.9999999999999888,nan,nan,nan
2,471,2,1.105953633842191,1.2231334402087468,0.20141595967275222,1.0226837323024007,1.0521981048143643,4.448270415154296,0.08922261668369169,0.17512706296176123,0.03991097587541245,0.17512417122849303,0.9999834877989713,7.737584650897756e-05,0.18137363008330012,1.0356687710962285,0.08838809238849402,0.17676823007619086,0.17558117769119552,0.9932846960990406,0.9973971785090355,0.317246879004382,0.3172468790043784,0.9382652154825679
2,471,5,1.2740257921596256,1.6231417190879616,0.4843636039365958,1.0226837323024007,1.0521981048143643,4.448270415154296,0.08922261668369169,0.4199845202709113,0.0957921803462027,0.42015440201148785,1.0004044952429816,0.0021531057870911694,0.48500328752560395,1.1548122945406443,0.08773083786696861,0.43862945459111147,0.4301882475694903,0.9807554943397702,0.9766756864821542,0.3522812085379454,0.352065294582677,0.8655185458852006
2,471,10,1.5603601854251594,2.434723908260038,0.8898333654078858,1.0226837323024007,1.0521981048143643,4.448270415154296,0.08922261668369169,0.8366651128148435,0.19167118974929231,0.840968967374564,1.0051440588280773,0.01855266076138476,1.1540014702962103,1.3792871874551234,0.09433136588148137,0.9398319342279187,0.921741036042132,0.9807509220245324,0.9123701066685753,0.3265405197588919,0.3216029180378844,0.7838941455257661
2,471,20,2.189784229041541,4.795154969759055,1.5676060268452812,1.0226837323024007,1.0521981048143643,4.448270415154296,0.08922261668369169,1.9178408007876586,0.4312949648679633,1.9700249801607717,1.0272098598338715,0.15887328809426654,3.4475287421383873,1.7976094474173678,0.12094176576230352,2.3597086063825494,2.446253188966477,1.036675961747921,0.8053234182979608,0.3355031643868659,0.3621773455179751,0.6961655849071576
2,471,40,4.20399032729243,17.67353467196831,2.872068304355433,1.0226837323024007,1.0521981048143643,4.448270415154296,0.08922261668369169,4.493672613234785,0.9795546732509606,4.769254605646789,1.0613266733318216,2.4956734724800227,11.34867918297449,2.52547974891413,0.13920677562996767,5.464928197890099,7.19755109861555,1.3170440375400323,0.6626218473897538,0.2566027752721218,0.25038982294760787,0.6403114705174788
2,471,80,9.91349723560476,98.27742744034322,4.587794371489702,1.0226837323024007,1.0521981048143643,4.448270415154296,0.08922261668369169,6.337732286095498,1.4405515933174209,12.627372052424946,1.9924117148539764,9.689205454558348,54.140025248529426,8.542491668085841,0.1333076833975679,10.546186428373161,22.87119709790324,2.1686699029301453,0.5521080509416179,0.1465800089636034,0.14753455294337242,0.4486750503680754
2,471,160,128.6351482379889,16547.001362209376,9.713960177815487,1.0226837323024007,1.0521981048143643,4.448270415154296,0.08922261668369169,22.87192540629583,4.542673991689098,71.61147000650354,3.130976895665786,78.6964135540907,286.66866495965644,12.533648123946168,0.13852859145006718,21.91555996322748,103.89048309901035,4.740489555061797,0.6892976899361988,0.21265263976728271,0.2202883307895802,0.3913505141160009
2,530,1,1.059970202836448,1.1235368309011406,0.11648159439442904,1.032857549106349,1.0599702028364488,4.440907213194355,0.12835358027298377,0.12835358027298377,0.030643289116937273,0.12835358027298377,0.9999999999999922,0.0,0.12835358027298377,0.9999999999999922,0.1283535802729838,0.12835358027298377,0.12835358027298377,0.9999999999999922,0.9999999999999922,nan,nan,nan
2,530,2,1.1228040314245598,1.2606888929832438,0.2316583120181675,1.032857549106349,1.0599702028364488,4.440907213194355,0.12835358027298377,0.25693188482136947,0.06131403626611154,0.2569191091127505,0.9999502758926598,0.00014939193476373318,0.2652067523329776,1.0322064640492563,0.12878048467540104,0.25755955884042125,0.2571703820976527,0.9984889835014406,0.9990229318677616,0.2625045872126054,0.26250458721260334,0.9409093785806009
2,530,5,1.3286405246255335,1.7652856436772129,0.5683125150683974,1.032857549106349,1.0599702028364488,4.440907213194355,0.12835358027298377,0.6410119755058038,0.15251423173417533,0.6406387338489733,0.999417730602401,0.004331181971103771,0.727835365316718,1.1354473756007495,0.12950929156601726,0.6475380105968499,0.6453187681936869,0.9965727997942261,0.9927477169805327,0.26732095540967593,0.26730350700856975,0.865180166376992
2,530,10,1.7296795668573246,2.991791404003742,1.0958723397686363,1.032857549106349,1.0599702028364488,4.440907213194355,0.12835358027298377,1.2588026553601475,0.29665128776595884,1.256229455187341,0.99795583512487,0.036311433400794464,1.6773397036537194,1.3324882152983906,0.12899211199551716,1.2898806985868059,1.2937643009912283,1.0030108229456232,0.9709878794961874,0.22458562092302806,0.22466331987917218,0.7666492501154906
2,530,20,2.7231005785658504,7.41527676098567,2.0035422993688323,1.032857549106349,1.0599702028364488,4.440907213194355,0.12835358027298377,2.331481794433851,0.5318770860570036,2.3319768081910035,1.000212317230327,0.21209736967539689,4.256118554639376,1.8254993733171652,0.12660757252728297,2.5316197808839966,2.629690024614917,1.038738140881754,0.8867877150397183,0.09565221114754272,0.09658266408085153,0.6424044546612304
2,530,40,4.992029302749047,24.920356559505134,3.2156850019832293,1.032857549106349,1.0599702028364488,4.440907213194355,0.12835358027298377,3.7958671797924146,0.8087802835596649,3.8884659454026735,1.0243946274261688,1.4754620670315468,12.249631458168201,3.2270969657157753,0.13713608829007123,5.460955991573068,6.496169319746668,1.1895663194816184,0.5985782934540739,0.25077681582936223,0.2669877430740241,0.5674384261079359
2,530,80,12.378748706717525,153.2334195440608,5.031962376754709,1.032857549106349,1.0599702028364488,4.440907213194355,0.12835358027298377,7.381188678136621,1.4385689559465071,11.145008268750946,1.5099205229318833,10.35881596037108,58.46385378397709,7.920655646853925,0.1462028285562433,11.638199981428091,23.935748386805265,2.0566538145934294,0.4656218844151413,0.22668780739824887,0.23662855314223913,0.46975915552522785
2,530,160,88.85341181819773,7894.92879173424,8.973975907236051,1.032857549106349,1.0599702028364488,4.440907213194355,0.12835358027298377,15.872674263947541,3.715540780642029,33.84516892527184,2.132291532129919,36.61574226097402,521.8983799732126,32.88030556757713,0.13681085409293445,21.69806174983568,118.23767828962167,5.4492276615683,0.286246900437004,0.20056479577371084,0.20655391567180106,0.3298559405061174
2,589,1,1.0711910112093048,1.147450182495613,0.13754224806297222,1.0497706027146663,1.071191011209304,4.462612981726752,0.16079578924267668,0.16079578924267668,0.03069200939397391,0.16079578924267668,0.9999999999999938,0.0,0.16079578924267668,0.9999999999999938,0.16079578924267668,0.16079578924267668,0.16079578924267668,0.9999999999999938,0.9999999999999938,nan,nan,nan
2,589,2,1.148021092234933,1.3179524282162884,0.27607934151107555,1.0497706027146663,1.071191011209304,4.462612981726752,0.16079578924267668,0.32380589574502866,0.06176311033890452,0.3239229284803567,1.0003614286733655,0.00039187225499125866,0.33695903862155513,1.0406204551843072,0.1627383977251648,0.3254538784764964,0.3243513631972853,0.9966123762777903,0.9986791030791229,0.35885751443333946,0.35885751443333724,0.9268275916698622
2,589,5,1.4132623368183763,1.9973104326693378,0.6918014918615876,1.0497706027146663,1.071191011209304,4.462612981726752,0.16079578924267668,0.8284343579538357,0.1582371914020798,0.8323771493762855,1.0047593287079344,0.011770315260401523,0.9626465600909808,1.1620070447930684,0.16725499818781564,0.83602793074388,0.8392765607200948,1.0038857911999701,0.9917793351241805,0.4250447023844716,0.42536860915063235,0.8472838739673845
2,589,10,1.9676719331252168,3.871732836408728,1.3537021681724173,1.0497706027146663,1.071191011209304,4.462612981726752,0.16079578924267668,1.7439533694848215,0.33603499737603726,1.7730703368899425,1.0166959552443315,0.10749810817001638,2.3206174300559894,1.3306648392448233,0.1680265166345033,1.6798415697194935,1.8137247829666994,1.0796999048365976,0.9775851074768578,0.5135520029962909,0.514049693242683,0.7803626656229952
2,589,20,3.4281947878311403,11.752519503312596,2.464067643418077,1.0497706027146663,1.071191011209304,4.462612981726752,0.16079578924267668,3.8407466669541037,0.7480528285131456,3.751760949311332,0.9768311410881618,0.9530610565307386,5.808031573519746,1.512214180511362,0.15821345725549987,3.1558565629301505,4.0725955604955555,1.2904881699421187,0.9212210968610924,0.4742634646963178,0.4806912988101164,0.7302264953574763
2,589,40,7.452742493708651,55.54337067753064,4.017164169225664,1.0497706027146663,1.071191011209304,4.462612981726752,0.16079578924267668,6.097311480492998,1.2147949858457059,5.333733821473542,0.8747681397838449,4.1038658878918355,15.687916238427595,2.572923539927002,0.13868402542798333,5.45691414213445,8.287102990553969,1.5186427300673087,0.643618623728121,0.21721534658075528,0.2320023975606093,0.5713663849400445
2,589,80,19.641424643625587,385.7855620312225,5.955281676316773,1.0497706027146663,1.071191011209304,4.462612981726752,0.16079578924267668,9.458021443820899,2.0252961988380918,9.06762619867748,0.9587233706899161,12.569167154710678,68.33863526005324,7.2254684202159565,0.13812975169019343,10.946814307792062,25.517143222167753,2.3310108772014493,0.35535428553773507,0.2526746971347859,0.2573243583187667,0.43897671400314753
2,589,160,226.69109975442876,51388.85470787237,10.847176593454071,1.0497706027146663,1.071191011209304,4.462612981726752,0.16079578924267668,10.61673164344616,2.6890045010525196,35.88072746557629,3.379639673545474,39.661635291049585,325.5545812260789,30.6642940746315,0.12336707824426918,19.44611127237129,98.05982350657487,5.042644369000223,0.3659065066864056,0.17529488886807829,0.183789528429946,0.33403102313038757
2,648,1,1.0537567901951714,1.1104033728824305,0.10472334830400161,1.0225816430718573,1.05375679019517,4.436907156636989,0.14690401241435272,0.14690401241435258,0.02940111907847035,0.14690401241435258,0.9999999999999932,0.0,0.14690401241435258,0.9999999999999932,0.14690401241435258,0.14690401241435258,0.14690401241435258,0.9999999999999932,0.9999999999999932,nan,nan,nan
2,648,2,1.1091455527530913,1.2302038571919605,0.2071798932058144,1.0225816430718573,1.05375679019517,4.436907156636989,0.14690401241435272,0.2934419749100649,0.05913560116814716,0.29344757192775794,1.0000190736778327,0.00014578351558203266,0.3036337249672567,1.0347317389078858,0.14792621964378214,0.2958454238913649,0.29409641480511933,0.9940880982262926,0.997793774950326,0.14994452607246778,0.14994452607246675,0.9383465800791786
2,648,5,1.284965142422612,1.6511354172411636,0.5014631829197688,1.0225816430718573,1.05375679019517,4.436907156636989,0.14690401241435272,0.7272195805612817,0.14987639242441272,0.7278725062878056,1.000897838485068,0.0040011549294537395,0.8290823063721776,1.1400714839557473,0.14958522536346144,0.747888048699116,0.739010953837333,0.9881304496345076,0.9849278992527897,0.1137310934666524,0.11396402062574562,0.8698013514287004
2,648,10,1.6041775493086348,2.5733856097058574,0.9452223898147706,1.0225816430718573,1.05375679019517,4.436907156636989,0.14690401241435272,1.4046876622436735,0.2988850566944855,1.4122723902192715,1.0053995832521816,0.03505398365075346,1.8529539790943192,1.3191217014995629,0.1478282681768294,1.4780149237202758,1.4932319431175063,1.0102955789911288,0.9457823325630097,0.2663143059407315,0.2654600332070809,0.801695425094082
2,648,20,2.355588163340816,5.548795595271359,1.7135808943472797,1.0225816430718573,1.05375679019517,4.436907156636989,0.14690401241435272,2.5351582257241683,0.5436011973849587,2.58917071539117,1.021305372232367,0.33242209999589784,4.647978964011094,1.833407838945988,0.14143926813319474,2.8246326946075295,3.1990942132640368,1.1325699866645975,0.8093449404071904,0.35382395706271313,0.3572670312979531,0.7052259516814963
2,648,40,6.077060947516459,36.93066975982965,3.609042364628251,1.0225816430718573,1.05375679019517,4.436907156636989,0.14690401241435272,4.603070209553582,1.0603918257667226,5.534824228034288,1.2024201187604888,2.3506560251292474,15.20197730757701,3.302573416331039,0.12860710229792535,5.102975224146378,9.094082262232886,1.7821137400787865,0.6086182275940081,0.28314247700769946,0.298302864049959,0.6173211018980864
2,648,80,17.924020667779647,321.27051689899196,5.772283500003532,1.0225816430718573,1.05375679019517,4.436907156636989,0.14690401241435272,8.35867402089353,1.9390334500257531,9.487925276755748,1.1350993295156044,8.372612017868544,43.540579631910745,5.209029509115408,0.1171271683298241,9.269884873297578,19.295148302824856,2.081487371909613,0.4917259576267,0.19849160290243703,0.2167739334802641,0.4505940459062685
2,648,160,191.54926144282334,36691.11955929109,10.510290030900984,1.0225816430718573,1.05375679019517,4.436907156636989,0.14690401241435272,11.785641091239393,2.557479097561872,18.438651682200952,1.5645013741260907,21.98502196373743,277.43834495825274,23.5403694046377,0.10862144733907021,17.13618649071276,73.273610790996,4.275957829398498,0.25164109538418883,0.20899370095518996,0.20862630424119855,0.33223895783291263
2,707,1,1.0513708525365923,1.105380669563521,0.10018977298668427,1.0138609979657185,1.0513708525365923,4.454826898761169,0.101191100761509,0.10119110076150901,0.023904272287690133,0.10119110076150901,0.9999999999999901,0.0,0.10119110076150901,0.9999999999999901,0.101191100761509,0.10119110076150901,0.10119110076150901,0.9999999999999901,0.9999999999999901,nan,nan,nan
2,707,2,1.1060060372402318,1.223249354411841,0.20151072342226503,1.0138609979657185,1.0513708525365923,4.454826898761169,0.101191100761509,0.2006718143006264,0.04714768210645474,0.20067723011850108,1.0000269884332913,8.778772028472622e-05,0.2076493045414669,1.0347706540908954,0.10118533986319347,0.2023706793983766,0.20105661747421824,0.9935066585334106,0.9981130322369678,0.1148821714439368,0.11488217144393566,0.9380792332164363
2,707,5,1.2926336010556747,1.670901626578161,0.5133633768917588,1.0138609979657185,1.0513708525365923,4.454826898761169,0.101191100761509,0.48839985048661866,0.11305779948822385,0.48867428143654595,1.0005618981038853,0.0025177031899235843,0.5626255040186194,1.1519772241085755,0.10092453577940622,0.5046208682220589,0.4959517674562612,0.9828205662672201,0.9853262222311607,0.18549994713173645,0.18548362397567084,0.8588136079740424
2,707,10,1.6988975962424917,2.886253042518516,1.0599591358284173,1.0138609979657185,1.0513708525365923,4.454826898761169,0.101191100761509,0.939523691891915,0.21436151335328793,0.9427005225021792,1.0033813203835935,0.021434511391860655,1.3167628129540043,1.4015216692433194,0.10075680204928977,1.007561005830628,0.9966810126975852,0.9892016532298465,0.9458397526312805,0.17959450336504026,0.1796224737417253,0.7495381861364847
2,707,20,2.8276599909080296,7.995661024181998,2.0788990225657002,1.0138609979657185,1.0513708525365923,4.454826898761169,0.101191100761509,1.8083810879320459,0.41804681046310854,1.8407343122162338,1.0178907114767408,0.14140449799476928,3.7503655413589145,2.073880094403996,0.10322972147292732,2.063793233747762,2.1282474675372898,1.0312309550857868,0.8649061447474651,0.07481926728091791,0.07388318276604368,0.5892804965818459
2,707,40,5.286159412365044,27.943481332935548,3.3301839463866525,1.0138609979657185,1.0513708525365923,4.454826898761169,0.101191100761509,3.771889685153403,0.9513457575338651,3.9941144510040285,1.0589160300009108,1.1304603079951412,13.3582668147189,3.54153168034012,0.10412757474159265,4.162112128571227,4.932535193711823,1.1851038706650765,0.8097487993792465,0.053614782032470436,0.05229500886064123,0.4426858337301164
2,707,80,15.390462741415138,236.8663433948876,5.4674960301341295,1.0138609979657185,1.0513708525365923,4.454826898761169,0.101191100761509,5.3316334230387366,1.2422572351313828,8.703937928528333,1.6325086962875943,9.276528267859472,43.08248781436161,8.08054200204315,0.0985805957346071,7.805653923599969,12.828155205239277,1.6434440126091223,0.6785026988895074,0.17544120044166764,0.1736478428075683,0.42136870538782684
2,707,160,194.85218611942747,37967.37443552,10.544482502442046,1.0138609979657185,1.0513708525365923,4.454826898761169,0.101191100761509,9.673372717587442,2.1682707734251854,43.83772896298935,4.531793640421472,44.0586559616579,376.4584074226155,38.91697533148551,0.11376447468394402,17.79571934992017,90.54711791469826,5.088140363098301,0.484142731127981,0.2290692640299751,0.23800314736800007,0.34361981144621695
2,766,1,1.056614440937904,1.1164340767985192,0.11013974603944666,1.021632199463631,1.0566144409379037,4.441734377914431,0.0739582532028911,0.0739582532028911,0.01798513828650152,0.07395825320289116,0.9999999999999875,1.7109685898544713e-16,0.07395825320289116,0.9999999999999875,0.07395825320289116,0.07395825320289116,0.07395825320289116,0.9999999999999865,0.9999999999999865,nan,nan,nan
2,766,2,1.1171497793097291,1.2480236294117766,0.22156120359153228,1.021632199463631,1.0566144409379037,4.441734377914431,0.0739582532028911,0.15075731563110728,0.03652034419831131,0.15077244098191764,1.0001003291332566,4.4496110523032135e-05,0.15531326918235872,1.0302204475595633,0.07555055562253152,0.1510682375948199,0.15093060669307376,0.9990889487827594,0.9989520633712236,0.26436479256916867,0.26436479256916506,0.9439580766839955
2,766,5,1.3231194116855263,1.7506449775790531,0.5599842786509807,1.021632199463631,1.0566144409379037,4.441734377914431,0.0739582532028911,0.4028804588839853,0.09653926971080921,0.40350127679043657,1.0015409481714996,0.0014895705768753003,0.45241745726273247,1.1229570640282924,0.08106150257412266,0.40449974957450663,0.4061091602308844,1.0039787679919943,0.9935783683407531,0.30395202238195934,0.30475839394806226,0.873463324835323
2,766,10,1.748705792900748,3.0579719501246334,1.1177519348436877,1.021632199463631,1.0566144409379037,4.441734377914431,0.0739582532028911,0.917849730106476,0.21682022511004748,0.9264088713921947,1.0093252097864918,0.01880079441415706,1.164103717703052,1.2682944489922199,0.09109528958877641,0.9044520510986847,0.9441570315592247,1.0438994863379514,0.9812021098463666,0.3513652647276658,0.35449267514325805,0.7947051064501264
2,766,20,2.8748088811330947,8.264526103041716,2.111972391824118,1.021632199463631,1.0566144409379037,4.441734377914431,0.0739582532028911,2.3722806922148907,0.5532248440372897,2.4716642453851434,1.0418936736687183,0.30968018719236834,3.4903966922635035,1.471325338404486,0.10349883442862189,2.049932558729706,2.575186339057614,1.2562297857512903,0.9598001542248181,0.43611729040935054,0.43892341877964164,0.7436688086880872
2,766,40,6.5236356089294,42.55782155809166,3.7508636585281674,1.021632199463631,1.0566144409379037,4.441734377914431,0.0739582532028911,5.858615010111471,1.2825058479941838,6.518398614886064,1.1126176756171657,4.237619281916201,12.247432452116012,2.0904996199576154,0.1052809962322118,4.189329496503506,7.360908987514883,1.7570613611697135,0.8855426178943614,0.43302960492284936,0.43386063086886023,0.6459605912246611
2,766,80,48.711212309537025,2372.7822046647916,7.771818471635717,1.021632199463631,1.0566144409379037,4.441734377914431,0.0739582532028911,7.3612233899429205,1.6577126663123467,8.718588777409394,1.1843939947972422,8.964343080816658,47.62988306024272,6.470375987409348,0.12543061916378398,9.836785002824856,22.11647828276847,2.248344177128728,0.39421234547103623,0.2988770503571109,0.3004294624066881,0.49381727464862096
2,766,160,1032.3130339900476,1065670.2001457373,13.87911445511351,1.021632199463631,1.0566144409379037,4.441734377914431,0.0739582532028911,22.202960019178587,5.203679630339238,98.41911704525566,4.43270252976372,103.27201726263156,565.3097747868331,25.461009446421873,0.13773172347000914,21.440956509914564,185.23149453552918,8.63914324204127,0.5313303619994165,0.24798479345131486,0.2432507524626194,0.37026462238701746
2,825,1,1.056831129979885,1.1168920372945605,0.11054986124794244,1.0174678608336445,1.0568311299798863,4.442029015022303,0.1651862557141281,0.16518625571412804,0.03615778367730598,0.16518625571412804,0.999999999999994,0.0,0.16518625571412804,0.999999999999994,0.16518625571412804,0.16518625571412804,0.16518625571412804,0.999999999999994,0.999999999999994,nan,nan,nan
2,825,2,1.1178157807543712,1.2495121197035044,0.22275317088848937,1.0174678608336445,1.0568311299798863,4.442029015022303,0.1651862557141281,0.33134074641215383,0.07286784244160563,0.331438929579213,1.0002963208362428,0.0004281445546639556,0.3415591694402957,1.030839620960563,0.1659990164267523,0.3319940727744956,0.33160550888229556,0.9988296059355705,0.9994976582154952,0.2655032519095293,0.26550325190952767,0.9430410098551923
2,825,5,1.3281452829230511,1.7639698925507514,0.567566889723951,1.0174678608336445,1.0568311299798863,4.442029015022303,0.1651862557141281,0.8396058584609555,0.18729993180661766,0.8424151329241971,1.003345944332011,0.013584508381671575,0.9422585113475708,1.1222629068772605,0.16728376906983244,0.836398162801978,0.8453052988670912,1.0106493969753267,0.9965809205895567,0.29288296733273633,0.29304306755571297,0.8776954825602004
2,825,10,1.784099457687507,3.183010874920857,1.1578275648573795,1.0174678608336445,1.0568311299798863,4.442029015022303,0.1651862557141281,1.7424210851043316,0.39603323575784277,1.7698113624959384,1.0157196659439907,0.13500552600368937,2.215565961697554,1.2715445081777637,0.1657705683388553,1.6575006379745454,1.7860879114866255,1.0775790190157704,0.9908870392739287,0.34929924590722805,0.3490600705359443,0.8057021312404716
2,825,20,3.156188382756967,9.961525107450038,2.298730183112296,1.0174678608336445,1.0568311299798863,4.442029015022303,0.1651862557141281,3.705721101671081,0.8370846984955906,4.004975374243117,1.0807546667333081,1.0463008468928106,5.994711088702902,1.6176908418713993,0.15219199284257787,3.023045212391584,4.086586502502605,1.3518112417741956,0.9800295116206372,0.3960619369173359,0.39453327941071403,0.728229851758962
2,825,40,7.367574154979234,54.281148929117975,3.9941770014544837,1.0174678608336445,1.0568311299798863,4.442029015022303,0.1651862557141281,5.109832849140657,1.145083799087841,7.753302858559666,1.5173300355340529,5.918829934417274,20.310291506037647,3.9747467491922586,0.13195106059285946,5.163421288411801,10.279446939695685,1.9908208851301195,0.7542529188626946,0.3389930540712008,0.34898405645609254,0.5576923021807418
2,825,80,30.56700667663882,934.3418971696822,6.839842428173206,1.0174678608336445,1.0568311299798863,4.442029015022303,0.1651862557141281,6.094122012371078,1.2396680339930706,14.128550052299158,2.318389757149295,12.356069538476307,94.2263485159389,15.461841480144184,0.13786540351892573,10.831940550068442,31.79535585269525,2.9353333048429944,0.4443589220311085,0.2584750770336335,0.26235632203051334,0.43803344507454856
2,825,160,401.94236912462634,161557.66809751737,11.992617435910875,1.0174678608336445,1.0568311299798863,4.442029015022303,0.1651862557141281,15.183853194723234,3.110504490761138,54.95011287752312,3.6189834143430497,62.06638514290194,693.7263698496208,45.688427104307614,0.1499614058526044,23.515254320671875,188.24728377678818,8.005326296271567,0.2919038818253522,0.20035176985347652,0.2015207466935882,0.3554124365404245
2,884,1,1.057153919012516,1.1175744084835215,0.11116063006164545,1.0399892109845905,1.057153919012517,4.4478024714703395,0.12980665744580072,0.12980665744580092,0.027085326532258876,0.12980665744580092,0.9999999999999923,0.0,0.12980665744580092,0.9999999999999923,0.12980665744580092,0.12980665744580092,0.12980665744580092,0.9999999999999923,0.9999999999999923,nan,nan,nan
2,884,2,1.117941668087679,1.2497935732466623,0.22297839627419674,1.0399892109845905,1.057153919012517,4.4478024714703395,0.12980665744580072,0.25322902718143553,0.05265702552831027,0.2532510107468388,1.0000868129757752,0.000181883123244941,0.26103316663245285,1.030818502672779,0.1268033439198832,0.2535338078262928,0.25373387825043375,1.0007891272010438,0.9980969529692864,0.29560268279387725,0.29560268279387497,0.9468392676354058
2,884,5,1.3221077538169963,1.7479689127030233,0.5584544925803598,1.0399892109845905,1.057153919012517,4.4478024714703395,0.12980665744580072,0.5882394160678072,0.12114613447274193,0.5882281083542594,0.9999807770216687,0.004954877027282781,0.6675937090116688,1.1349013527082539,0.118369524344342,0.5904849534927189,0.5997846766728915,1.0157492974633202,0.9807321381020614,0.22543079979487737,0.22614181740031863,0.8841139392328303
2,884,10,1.727911558327765,2.9856783534026854,1.0938269750975218,1.0399892109845905,1.057153919012517,4.4478024714703395,0.12980665744580072,1.0506201874272358,0.2134123671204158,1.0442430335911712,0.993930105367876,0.038227224288689736,1.4826176752373073,1.4111833115142662,0.11235638762625572,1.120250100174536,1.1767863385868034,1.0504675147125255,0.8873684196956232,0.07011958637196175,0.07264087193496878,0.7880439909538698
2,884,20,2.651792581697498,7.032003896345882,1.9504717144705896,1.0399892109845905,1.057153919012517,4.4478024714703395,0.12980665744580072,1.7609408751448847,0.35711857606542946,1.741997534032902,0.9892424888425483,0.21259766654640677,4.4133925626212465,2.5062695885562447,0.13663389358874117,2.6747285746705525,2.939447654162909,1.0989704458236331,0.592627506588133,0.2019128468604221,0.185763146913347,0.6515156785236575
2,884,40,4.686752887235137,21.965652626006893,3.089479989074073,1.0399892109845905,1.057153919012517,4.4478024714703395,0.12980665744580072,4.595298427757601,1.0641139746656836,4.553871198709395,0.9909848664456767,0.9540882962740739,15.714841016612166,3.4197650628493874,0.16519449833030828,6.454449795796226,8.689033840717432,1.3462082928240588,0.5240940802151821,0.24316721147835055,0.23796783408342317,0.5898984337092487
2,884,80,14.112444191717897,199.1610810643522,5.294113949879114,1.0399892109845905,1.057153919012517,4.4478024714703395,0.12980665744580072,7.443208844955501,1.6201292120619168,4.368835541261709,0.5869559261692096,6.721717839603482,60.454375670368144,8.122085101957065,0.15325802041712308,11.975738442361331,21.16225912993532,1.7670942991773144,0.20644466710464393,0.1727407538145182,0.168757053115334,0.4479858753428536
2,884,160,157.24789593184832,24726.9007749934,10.115647030178861,1.0399892109845905,1.057153919012517,4.4478024714703395,0.12980665744580072,12.513296065121297,3.2031434906913994,16.026965133943843,1.2807948481788347,21.953865819826255,417.94959397215825,33.40043996378558,0.14200371335200881,22.042907915823996,78.5841158067211,3.565052129547197,0.20394662419263485,0.12117347374960012,0.11790557053762182,0.30106596292647053
2,943,1,1.0484798387426089,1.099309972249727,0.09468268501584934,1.0202472316620017,1.048479838742608,4.437505490199668,0.10629676932893477,0.10629676932893477,0.025526633473434708,0.10629676932893477,0.9999999999999906,0.0,0.10629676932893477,0.9999999999999906,0.10629676932893477,0.10629676932893477,0.10629676932893477,0.9999999999999906,0.9999999999999906,nan,nan,nan
2,943,2,1.0979713858787117,1.2055411642084188,0.18692856505602584,1.0202472316620017,1.048479838742608,4.437505490199668,0.10629676932893477,0.21706271457789283,0.05187432880284033,0.21704105462182696,0.9999002133733147,0.0001428790040099075,0.22333102090133128,1.028877858344428,0.10916012028543769,0.21824702860372913,0.21750780929349778,0.996612923827822,0.9978540785584301,0.3721224568185244,0.3721224568185209,0.9477179764009971
2,943,5,1.2509236503131682,1.5648099789128216,0.4477643973951716,1.0202472316620017,1.048479838742608,4.437505490199668,0.10629676932893477,0.5829202334432563,0.13694072683429157,0.5826551745326742,0.9995452912845084,0.00507547178860597,0.6488570906353666,1.1131147169186875,0.11919189825015547,0.5941718225280054,0.5901065567445928,0.9931580973225603,0.9873728191514662,0.39126946667506857,0.39249521299670265,0.8857686039667434
2,943,10,1.5309519297013865,2.343813811056399,0.8517794364166918,1.0202472316620017,1.048479838742608,4.437505490199668,0.10629676932893477,1.3174510927669452,0.3000118495265529,1.3215049435135635,1.0030770407864653,0.06193084370677811,1.621650944233318,1.2309002991735223,0.1352267482848968,1.3411269744813006,1.3625113740957187,1.0159450969381087,0.9699037884293834,0.2869279526778694,0.27362438626567287,0.821877078262018
2,943,20,2.2533774505923554,5.077709934838103,1.6248603597206999,1.0202472316620017,1.048479838742608,4.437505490199668,0.10629676932893477,3.1550805616923303,0.6883598503284744,3.2620480419292948,1.0339032484734996,0.6802730288492042,4.577332956684264,1.450781641603808,0.15157055380811418,3.0041370911879843,3.453691269340274,1.1496450276756551,0.9445106083707395,0.11601643247105567,0.10039085289415889,0.7547188276164707
2,943,40,4.136390527977219,17.109726599939656,2.8396471088132373,1.0202472316620017,1.048479838742608,4.437505490199668,0.10629676932893477,7.804539247372663,1.6072269686300944,7.637089578084862,0.9785445797656572,5.15772690381306,15.302717240012274,1.9607457602527674,0.16131756045559956,6.4126414878027695,9.068745678813832,1.4141981422262775,0.8421329529536187,0.18828495617963237,0.1834185078917809,0.6002669021280853
2,943,80,18.58953312775021,345.57074190772255,5.845197374514318,1.0202472316620017,1.048479838742608,4.437505490199668,0.10629676932893477,12.241599158456802,2.959369944237523,9.10644519710439,0.7438934308524087,16.04959538106404,67.21004895377693,5.490299762621009,0.1446083267410224,11.401817515688002,15.821157735223778,1.3875996272923252,0.5755865246719624,0.10926444256224625,0.10454131950983137,0.33620513077136194
2,943,160,246.26930890570455,60648.57250889333,11.012851377555938,1.0202472316620017,1.048479838742608,4.437505490199668,0.10629676932893477,32.56248013197895,7.403007686174603,29.826384086713635,0.9159739665352379,43.04907066334092,233.4502659771133,7.169302369810786,0.13282687287251668,20.710646609491473,65.29221303275828,3.152591720764312,0.4568138021566094,0.1741226764782498,0.16849144480554026,0.36478514836884485
2,1002,1,1.063222513651373,1.1304421135351443,0.1226088071216245,1.032362780855346,1.0632225136513729,4.445958590961236,0.12265449244346632,0.12265449244346638,0.026890020559300277,0.12265449244346638,0.9999999999999919,0.0,0.12265449244346638,0.9999999999999919,0.12265449244346638,0.12265449244346638,0.12265449244346638,0.9999999999999919,0.9999999999999919,nan,nan,nan
2,1002,2,1.1304190060406685,1.277847129217973,0.24517673160030104,1.032362780855346,1.0632225136513729,4.445958590961236,0.12265449244346632,0.24586242155823296,0.0541739574227955,0.2459196732652288,1.0002328607463962,0.0001322485482283509,0.2555167914718691,1.0392673668975008,0.12385200184766273,0.2476925354815056,0.24625924397073293,0.9942134246880415,0.9986210844310661,0.24737416840715992,0.24737416840715792,0.9290493845759793
2,1002,5,1.3557468874775715,1.838049622905123,0.6087050218852188,1.032362780855346,1.0632225136513729,4.445958590961236,0.12265449244346632,0.6168857184942372,0.1379658639728375,0.6182427950052045,1.0021998831716818,0.00394671060431433,0.7169275502471932,1.1621723906936086,0.12635172548749282,0.6316589794291687,0.6235873858665881,0.9872215961057407,0.9914292832367715,0.25610267495215205,0.2564319939789083,0.8447152955184551
2,1002,10,1.803945269560078,3.254218535568182,1.1799521655977647,1.032362780855346,1.0632225136513729,4.445958590961236,0.12265449244346632,1.2173680097410262,0.27908854030490005,1.224683071901651,1.006008916040253,0.03819165874725817,1.677158229099967,1.377692050127678,0.1259541404799613,1.2593084779965267,1.2590433613173828,0.9997894743950531,0.9727092088553801,0.27283367761256067,0.2730516071950206,0.7486822623942763
2,1002,20,2.847452995329267,8.107988560609614,2.092849817711799,1.032362780855346,1.0632225136513729,4.445958590961236,0.12265449244346632,2.180137507478694,0.5246333818648417,2.192806692342435,1.0058111861386174,0.29150475275759696,3.967797905615874,1.8199759840857876,0.11911429736394678,2.377253417065753,2.473416950903619,1.0404515282836608,0.8865495530550688,0.20704441145065863,0.2101957101509696,0.6585338821110902
2,1002,40,4.352670747472364,18.945742635901627,2.9415792432748136,1.032362780855346,1.0632225136513729,4.445958590961236,0.12265449244346632,3.24060623987797,0.8296060570538405,3.4949704839068483,1.078492795853672,1.4602746762086778,9.963528991482887,3.074587979518942,0.10488769956104949,4.136874093545016,5.248292371220291,1.268661373912607,0.6659252642005965,0.21289824699447055,0.22923704150390184,0.5715352872249603
2,1002,80,8.747554060244173,76.51970203689432,4.337548250639932,1.032362780855346,1.0632225136513729,4.445958590961236,0.12265449244346632,4.348857460539649,0.9693865637990705,6.127926782693086,1.409088901693428,4.430123872067496,33.92790233004629,7.801566880013624,0.1088607585248341,8.564308411331751,14.431459100446235,1.6850699913318672,0.424622814646899,0.1331739415812204,0.13357186787755032,0.49001092988111367
2,1002,160,75.14424090569804,5646.656941293582,8.638818957215364,1.032362780855346,1.0632225136513729,4.445958590961236,0.12265449244346632,6.517404705048764,1.4131680659136863,19.726825782601722,3.0267915950225035,17.826984253611727,209.57512145816548,32.15622336538596,0.1296211409946697,20.31032828726557,63.85483235787817,3.1439586526976373,0.30893238701249054,0.21762888487207438,0.2237051713890758,0.37903393858679507
2,1061,1,1.0507752669146941,1.1041286615596466,0.09905648233229344,1.0189218170134793,1.0507752669146937,4.4455016782468295,0.10007593227177287,0.10007593227177286,0.024233544408328745,0.10007593227177286,0.99999999999999,0.0,0.10007593227177286,0.99999999999999,0.10007593227177286,0.10007593227177286,0.10007593227177286,0.99999999999999,0.99999999999999,nan,nan,nan
2,1061,2,1.1049689449393256,1.2209563692803265,0.19963446089496129,1.0189218170134793,1.0507752669146937,4.4455016782468295,0.10007593227177287,0.20335765889531424,0.04902171912665221,0.20333719193803843,0.999899354873635,9.576585932088497e-05,0.2086331684409124,1.025942025366809,0.1017725199886599,0.20351721720975058,0.20374985011367114,1.001143062523697,0.9979746823106692,0.22153324481517828,0.22153324481517606,0.9535770425946882
2,1061,5,1.289333019957677,1.6623796363531833,0.5082500917408694,1.0189218170134793,1.0507752669146937,4.4455016782468295,0.10007593227177287,0.533286270494548,0.1268213380860946,0.5326338609613571,0.9987766241711288,0.0029564683020242375,0.5912146425368328,1.1086252829808712,0.10723598236325373,0.5355824942793754,0.5405937715384711,1.0093566860616634,0.9852756154506518,0.2154457987326936,0.21488120883894832,0.8945245260093744
2,1061,10,1.6724156928763037,2.796974249778927,1.0285382078059482,1.0189218170134793,1.0507752669146937,4.4455016782468295,0.10007593227177287,1.1378059964702998,0.26479929396854807,1.1315220922431468,0.9944771742751858,0.02862457546215395,1.4283970058952769,1.2553959201537404,0.11579658686717627,1.1540983206374387,1.1917246282747915,1.0326023415548944,0.9494828464535483,0.1724895285943614,0.1690202871947956,0.8211355576274417
2,1061,20,2.6374791410724963,6.956296219592512,1.9396471803456121,1.0189218170134793,1.0507752669146937,4.4455016782468295,0.10007593227177287,2.3125953634193146,0.5175466793648955,2.280898035133545,0.9862936124550107,0.20080372416759845,3.8091888891520056,1.6471488914169075,0.12792697583064977,2.5432476146345255,2.6966836341222837,1.0603307434969547,0.8458159519612803,0.08956040694269227,0.08766039994176926,0.7076116296665413
2,1061,40,4.590522279658051,21.072894800036952,3.047987608034293,1.0189218170134793,1.0507752669146937,4.4455016782468295,0.10007593227177287,3.519761080439493,0.7873841450742229,3.961387137778385,1.1254704643997449,1.2349714222848192,13.476844773666983,3.8289089701464056,0.14199180422133162,5.637328834060062,6.031550296824566,1.0699305423488275,0.65677760158345,0.1227607654334208,0.1270452195405095,0.48297582849168225
2,1061,80,11.84918650411031,140.40322080918992,4.944518431564983,1.0189218170134793,1.0507752669146937,4.4455016782468295,0.10007593227177287,4.477668778120888,0.9451729401543653,7.0763503542864195,1.5803648516530293,5.388887240786215,50.900607304795386,11.367657999517435,0.13962269552272996,11.109532801931653,20.44827375118409,1.8406060917006946,0.3460610142641822,0.25877898130877863,0.2569843353605931,0.46171860172894147
2,1061,160,127.28270967886375,16200.888183193916,9.69282134584066,1.0189218170134793,1.0507752669146937,4.4455016782468295,0.10007593227177287,7.873049975430997,1.7878976693298032,28.451141026217226,3.613738146589081,27.81756302928971,315.73618608116124,40.1034144412219,0.14837437399518372,23.55924558790345,106.5162197670071,4.521206732600049,0.26710618428302346,0.2552568922075472,0.26139356708704486,0.40056283995445985
2,1120,1,1.0587073998143386,1.1208613584216378,0.11409745974351489,1.028400462068983,1.0587073998143377,4.450713965062894,0.1296475977713773,0.12964759777137738,0.031063861550438398,0.12964759777137738,0.9999999999999923,0.0,0.12964759777137738,0.9999999999999923,0.12964759777137738,0.12964759777137738,0.12964759777137738,0.9999999999999923,0.9999999999999923,nan,nan,nan
2,1120,2,1.1225572979494147,1.260134887179491,0.2312187685506456,1.028400462068983,1.0587073998143377,4.450713965062894,0.1296475977713773,0.2614451889041928,0.06215097624244998,0.2613815166670526,0.9997564604749161,0.00017942898542572009,0.27061964341654865,1.0350913113024114,0.13138593548063193,0.26274916979948193,0.26201104429843625,0.9971907599114015,0.9975973240629217,0.2942473922060773,0.29424739220607504,0.9374002337933033
2,1120,5,1.3461013203164123,1.8119887645575883,0.5944250070262815,1.028400462068983,1.0587073998143377,4.450713965062894,0.1296475977713773,0.6700499251763842,0.15498721371586724,0.6670789575466873,0.9955660503522693,0.006203071416475458,0.7739612266962256,1.1550799389948243,0.13741443852771446,0.686497240388892,0.677905730561367,0.9874850045680315,0.9840290876347731,0.21697570331789132,0.2156419302199173,0.8490039083810833
2,1120,10,1.810207138657684,3.2768498848472394,1.186882559954347,1.028400462068983,1.0587073998143377,4.450713965062894,0.1296475977713773,1.3610347033497527,0.29995986415159737,1.3251025717964,0.9735994009080604,0.0788064813581559,1.88042017527681,1.381610748534739,0.1458391347717796,1.4553942081983955,1.3884816055969338,0.9540244133001652,0.9543537101643582,0.0871155592804856,0.08629598108990201,0.7234648205471575
2,1120,20,2.735437208971931,7.482616724228148,2.0125825602525995,1.028400462068983,1.0587073998143377,4.450713965062894,0.1296475977713773,2.492187987515807,0.5249946124175746,2.346431386180414,0.9415146040083907,0.5143862418491145,4.87869613457889,1.9575955582074422,0.1438624808938898,2.870326525157309,2.6340461227980962,0.9176816991766242,0.8908087697750122,0.16282131626118262,0.16232420117018434,0.5793279002826484
2,1120,40,4.981913983124323,24.819466935249658,3.211628302319781,1.028400462068983,1.0587073998143377,4.450713965062894,0.1296475977713773,5.613321961656742,1.2288087696630756,5.526490484423598,0.9845311781817844,2.0171221556812107,13.583866317855767,2.4199335813345293,0.15026063662194744,5.988570977823852,6.76175055172102,1.1291091942903093,0.8173165280427239,0.25017743962303296,0.24125425304775844,0.5669499200518364
2,1120,80,13.950258960674404,194.6097250698765,5.27099614316856,1.028400462068983,1.0587073998143377,4.450713965062894,0.1296475977713773,7.807328782308815,1.8671004347489377,6.535565808013,0.8371065175098563,7.563198652894901,70.25654512885086,8.998794221149003,0.15937265106283915,12.695440571188275,22.21160976315416,1.7495737653691512,0.2942409792762772,0.15929779262148955,0.1618555593379645,0.4008133675264423
2,1120,160,110.55294723346583,12221.95414200548,9.410989133361868,1.028400462068983,1.0587073998143377,4.450713965062894,0.1296475977713773,16.580063528125162,3.1745745475374694,16.14059486206698,0.9734941506519139,24.359737160330894,695.0827797856167,41.92280557951609,0.14732244901060298,23.399024483854326,149.79621824933028,6.401814671918991,0.10775034944608251,0.18242941119989137,0.18666840661327438,0.3380084178751466
2,1179,1,1.0566402084070226,1.116488530022436,0.11018851909030056,1.0225446381648915,1.0566402084070239,4.443170024442651,0.1780463489743868,0.17804634897438654,0.03867826250630214,0.17804634897438654,0.9999999999999943,0.0,0.17804634897438654,0.9999999999999943,0.17804634897438654,0.17804634897438654,0.17804634897438654,0.9999999999999943,0.9999999999999943,nan,nan,nan
2,1179,2,1.1157807146444048,1.2449666031723785,0.21910870479573882,1.0225446381648915,1.0566402084070239,4.443170024442651,0.1780463489743868,0.3536542939347398,0.07714575365424214,0.3537408720139332,1.0002448099193966,0.00027920755233786177,0.36778995683243365,1.0399702849367956,0.1788712021043302,0.3577386178714853,0.3543480657343301,0.9905222641119102,0.9982864483283137,0.018092488539327392,0.01809248853932729,0.9285377122619146
2,1179,5,1.3084553671892911,1.7120554479264627,0.5376946650025899,1.0225446381648915,1.0566402084070239,4.443170024442651,0.1780463489743868,0.8579122788156016,0.18977909881351096,0.860574596124031,1.0031032511996494,0.007584374749941437,1.0038929081361638,1.1701579904207642,0.17970951074799726,0.8985364006478735,0.8710253884239884,0.96938241766939,0.9880017362997102,0.028207934205953328,0.028156722030298797,0.8419961131140643
2,1179,10,1.6875098377977162,2.8476894526640746,1.0465079471072174,1.0225446381648915,1.0566402084070239,4.443170024442651,0.1780463489743868,1.6101346059313812,0.3658708975409909,1.6350638028851205,1.0154826788157365,0.06261894470513465,2.2770644173209664,1.4142074885744094,0.1772399203786084,1.77209526146843,1.7019972168677593,0.9604434106197058,0.96067360550341,0.04252939094859969,0.04209012567080979,0.741114387455661
2,1179,20,2.6743050123367285,7.151907299009349,1.9673790762393017,1.0225446381648915,1.0566402084070239,4.443170024442651,0.1780463489743868,3.0045783301286755,0.7164220497407254,3.239429666171736,1.078164491066206,0.5913825206091148,5.586412040986296,1.8592998508203473,0.1676893421045824,3.3461303525036197,3.560237969017272,1.0639866335014274,0.9098913315240865,0.13047505946146187,0.12674390561714075,0.6711656804869118
2,1179,40,5.769001512982459,33.281378456793895,3.5049980350710026,1.0225446381648915,1.0566402084070239,4.443170024442651,0.1780463489743868,6.509858499436133,1.4936981405670902,8.844572896939534,1.358642879519674,6.777108451000624,17.301553490126327,2.6577464766131156,0.15060036466194768,5.970476486170554,10.344840927539757,1.7326658854618324,0.8549742774095007,0.3810161109603983,0.40259695316710076,0.6139865187575938
2,1179,80,10.434696835669081,108.88289805232233,4.690272974928023,1.0225446381648915,1.0566402084070239,4.443170024442651,0.1780463489743868,7.612168392210842,1.6640664640360987,17.920343632094543,2.3541706789397288,20.703958312393535,74.5818892055742,9.797719304513832,0.1420375898793375,11.262157124729255,29.606558556325425,2.6288532674895686,0.6052829003412108,0.22747694894026313,0.23406086174406063,0.4398750724994179
2,1179,160,78.24417288011078,6122.150589692664,8.71966871732316,1.0225446381648915,1.0566402084070239,4.443170024442651,0.1780463489743868,27.925114675979614,6.583121034645503,52.220635208689544,1.8700240201200764,62.56718037841917,415.7597059671741,14.888379539039056,0.1509382847324531,23.6189703678454,124.84267486397324,5.285695054426786,0.41829154386181155,0.1845331296967178,0.18507303904984845,0.38008548458627983
2,1238,1,1.0604981086309655,1.124656238409855,0.11747742310371763,1.0251159192476011,1.0604981086309657,4.4469477518068,0.13378729819045515,0.13378729819045515,0.02980864782156454,0.13378729819045515,0.9999999999999926,0.0,0.13378729819045515,0.9999999999999926,0.13378729819045515,0.13378729819045515,0.13378729819045515,0.9999999999999926,0.9999999999999926,nan,nan,nan
2,1238,2,1.1241791486960326,1.2637787583629367,0.23410624746389821,1.0251159192476011,1.0604981086309657,4.4469477518068,0.13378729819045515,0.26726426024234373,0.05977496275814263,0.2673023495763286,1.0001425156283497,0.0001436041368508798,0.2756146785480838,1.031244051479862,0.13374989886884703,0.2674997872771214,0.2676920379646405,1.0007186947304705,0.9985442660481207,0.3807177506546014,0.38071775065459856,0.9441682992100877
2,1238,5,1.3326193929004813,1.7758744463344471,0.5742929474394901,1.0251159192476011,1.0604981086309657,4.4469477518068,0.13378729819045515,0.6744721033958155,0.1526365232156729,0.6759022835338011,1.0021204437230005,0.003960350296742688,0.7543390184129032,1.1184139634759904,0.13365607076310965,0.6682799864972875,0.6831130732283295,1.0221959164283625,0.9894442223738278,0.4042146717949557,0.40421201230540715,0.888529825228575
2,1238,10,1.7186353675396047,2.953707526557992,1.0830611699176655,1.0251159192476011,1.0604981086309657,4.4469477518068,0.13378729819045515,1.37316685947063,0.31479703530874537,1.389166487607073,1.0116516270590814,0.03660839518938751,1.7349927605083175,1.263497402768061,0.13161685866945627,1.3158676229231738,1.4421713351231622,1.0959851203872664,0.9632464976766693,0.38575770897032147,0.38613376891224305,0.8303980107084713
2,1238,20,2.5299936636785616,6.400867938253671,1.8564335965228318,1.0251159192476011,1.0604981086309657,4.4469477518068,0.13378729819045515,2.38924488534447,0.5267953311229479,2.5706846468273095,1.0759402113177192,0.38604623277964156,4.325938286363013,1.8105880702719672,0.12302506710447375,2.45293668122145,3.049414910444372,1.2431690282873107,0.8430091418595114,0.37615392906744655,0.3795486382391168,0.7208694719695837
2,1238,40,5.692591307595896,32.40559579531635,3.4783311176176612,1.0251159192476011,1.0604981086309657,4.4469477518068,0.13378729819045515,4.75398645072185,0.914245289508078,5.8071399014043115,1.2215305957640137,2.378885615448604,14.825547284715439,3.118550597144489,0.1307416946789631,5.2108242482044576,8.448366267369435,1.6213109222174527,0.6873683878779652,0.2029648921279929,0.19754353057440246,0.6015498569786681
2,1238,80,26.349698812627846,694.3066275162013,6.542913689322485,1.0251159192476011,1.0604981086309657,4.4469477518068,0.13378729819045515,11.636226417182188,2.5127872640172773,17.410148988812978,1.4962023223529706,14.075498370468322,68.9245589064418,5.923274129890338,0.1593020024793394,12.521662185153577,28.00619883457503,2.236619900813235,0.6216534093630476,0.22891686831957195,0.23125578559016677,0.4559647511486451
2,1238,160,224.96599209153078,50609.69759772669,10.83189848904162,1.0251159192476011,1.0604981086309657,4.4469477518068,0.13378729819045515,27.014041069687124,4.928552810536148,48.56663346873245,1.7978292601039176,48.432310042512185,277.21183504710206,10.261768475586045,0.1479037785925847,23.03920057822274,82.54072288574034,3.582620959676874,0.5883960276912329,0.22299858429884503,0.21952289789902696,0.361314419164334
2,1297,1,1.0552514210569035,1.1135555616426143,0.10755810466764043,1.0259843024295578,1.055251421056904,4.450758875668698,0.20057644270488126,0.20057644270488126,0.038347725654423806,0.20057644270488126,0.999999999999995,0.0,0.20057644270488126,0.999999999999995,0.20057644270488126,0.20057644270488126,0.20057644270488126,0.999999999999995,0.999999999999995,nan,nan,nan
2,1297,2,1.1143798629046862,1.2418424788474671,0.21659614684262907,1.0259843024295578,1.055251421056904,4.450758875668698,0.20057644270488126,0.3966106398310945,0.07588168669103612,0.3966904175430266,1.00020114869325,0.0002711429305009106,0.40846387278676966,1.029886321155484,0.1986436570852441,0.3972683226396045,0.3970393584363251,0.9994236535101538,0.9991211428139675,0.18081884027542144,0.18081884027542053,0.9460527608179699
2,1297,5,1.315027467917764,1.729297241378206,0.5477151071239288,1.0259843024295578,1.055251421056904,4.450758875668698,0.20057644270488126,0.957100451611178,0.18334237749983312,0.9595544099588914,1.0025639506737056,0.008129266260376774,1.0766837168374555,1.1249432753113537,0.19194019739158813,0.9591610766890584,0.9683529183037447,1.0095832095756165,0.9909139445149124,0.24903564362088926,0.24815840790976998,0.8830703927742947
2,1297,10,1.7292010833785758,2.9901363867576403,1.0953190006625086,1.0259843024295578,1.055251421056904,4.450758875668698,0.20057644270488126,1.8147265052743755,0.3504248005443726,1.838294110633224,1.0129868634697017,0.08568713155333381,2.4167779365725153,1.3317587689099806,0.1836096934102305,1.8335184721200264,1.9439088051668072,1.0602068289604627,0.9456689047074297,0.3917793776244123,0.38717602927642325,0.8055922975822676
2,1297,20,2.8956233832477203,8.384634777610975,2.1264008376910115,1.0259843024295578,1.055251421056904,4.450758875668698,0.20057644270488126,3.445908195205803,0.7332888220242768,3.3889164196384645,0.9834610290411595,0.7814728269887159,6.55379788195573,1.9019072797916807,0.18699641578573953,3.73487766258667,4.420458079472891,1.183561679611055,0.7666437185266936,0.2831339367674857,0.2768738829017547,0.6955655134440403
2,1297,40,6.38818699783453,40.80893311930215,3.708901006446785,1.0259843024295578,1.055251421056904,4.450758875668698,0.20057644270488126,6.134362795064704,1.4601518608888284,5.92962709070727,0.9666247805685455,4.858860475051673,17.14754239209187,2.7953257681282935,0.16170410821580172,6.19867751495625,8.87681740348128,1.4320502045901204,0.667990206533009,0.1665230087264872,0.16621224828840359,0.5841536575864412
2,1297,80,20.855477005972926,434.95092114666545,6.075233199773276,1.0259843024295578,1.055251421056904,4.450758875668698,0.20057644270488126,7.285492657614371,1.3645927418659993,9.368698686032339,1.2859389373264583,10.428977129652228,56.429833988605566,7.745506946551981,0.14374447185938563,11.056181348426385,21.394701628833086,1.935089607758484,0.437898076288495,0.14404159722133766,0.14287530943133273,0.4578315663128132
2,1297,160,328.35674406135456,107818.1513705739,11.588201303343684,1.0259843024295578,1.055251421056904,4.450758875668698,0.20057644270488126,15.83065951509719,3.7228474202087467,14.982245623306493,0.9464069143182826,25.58127856213565,248.67131899566738,15.708209677462744,0.1565432960731198,24.4413648202432,75.89709539870113,3.105272391983629,0.1974020948311929,0.2172119358166193,0.21889595590068997,0.37693014274227193
2,1356,1,1.0523636894045962,1.1074693347772535,0.10207753386510468,1.0170460541132047,1.0523636894045965,4.449200766787959,0.13335665624009957,0.1333566562400998,0.02912006941706675,0.1333566562400998,0.9999999999999926,0.0,0.1333566562400998,0.9999999999999926,0.1333566562400998,0.1333566562400998,0.1333566562400998,0.9999999999999926,0.9999999999999926,nan,nan,nan
2,1356,2,1.106905659624048,1.225240139307749,0.20313685687286961,1.0170460541132047,1.0523636894045965,4.449200766787959,0.13335665624009957,0.26737369465508004,0.05810985343866679,0.26739723082614936,1.0000880272500206,0.00021402657012914723,0.2766155687406474,1.0345653827220687,0.13484666358515368,0.26967704208372584,0.2679149826138643,0.9934660382795379,0.9980674772919954,0.058399674932332585,0.05839967493233215,0.9379837144289593
2,1356,5,1.283329099746547,1.6469335782562826,0.49891512145469435,1.0170460541132047,1.0523636894045965,4.449200766787959,0.13335665624009957,0.6747589910628253,0.14412464541355122,0.6761052189089118,1.001995123983402,0.007369742725723803,0.7650634525603492,1.133832172217939,0.13837177202900938,0.6916774546219865,0.684692543546483,0.9899014908917021,0.9874581303411125,0.23444545908793374,0.23609628658894619,0.8729134679884205
2,1356,10,1.616265406460858,2.612313864122082,0.960236366569722,1.0170460541132047,1.0523636894045965,4.449200766787959,0.13335665624009957,1.3527869149723277,0.2774005043146761,1.3646418801106321,1.0087633647303174,0.058433468282637124,1.7754083854903824,1.3124080118166268,0.13916449220122815,1.3913647506851468,1.4330205838704484,1.0299388303209405,0.9522835160014708,0.18929145403185965,0.18937728585199592,0.8012953361977418
2,1356,20,2.465237334930396,6.077395117534722,1.8045761695577434,1.0170460541132047,1.0523636894045965,4.449200766787959,0.13335665624009957,2.2037457404248313,0.4150920291530008,2.1586107617937147,0.9795189718109601,0.22651533905903265,4.514045958744449,2.048351529824962,0.1355335315868623,2.7089048092153583,3.035829394323827,1.1206851506912723,0.7110448188655553,0.1259937485096671,0.12857201667770382,0.6919007797871292
2,1356,40,4.461237670025466,19.90264154845425,2.990852464049477,1.0170460541132047,1.0523636894045965,4.449200766787959,0.13335665624009957,3.4157263315028095,0.622591644118651,3.2230971930922268,0.9436052190030596,1.0312417964872882,16.228489213274806,4.751109321493795,0.147403722489066,5.862121150645027,8.212711367563296,1.400979467416777,0.39245226683870615,0.30374192983706233,0.31587321486542147,0.5498211630030923
2,1356,80,11.934637756354082,142.4355783753924,4.958889815912827,1.0170460541132047,1.0523636894045965,4.449200766787959,0.13335665624009957,6.268885409748661,1.503784412807763,5.808466811492391,0.9265549506551388,4.710012146552846,48.967025842545226,7.8111215378729435,0.1619996438316626,12.84916203388585,22.19658086822015,1.727473029734021,0.26168295225183247,0.20807066924626286,0.21030652472874478,0.5059453018215566
2,1356,160,68.14009870690559,4643.073051786837,8.443131721643043,1.0170460541132047,1.0523636894045965,4.449200766787959,0.13335665624009957,8.279570408134106,1.959784418691172,30.965099667800732,3.739940376300159,31.416886521485555,346.26271096072844,41.82133781005705,0.1527624798976522,24.132316287059346,105.9219742938935,4.389217057903921,0.2923387698749295,0.19636023429289404,0.19225235272268065,0.34640697414704175
2,1415,1,1.0465441879095676,1.0952547372472963,0.09098697296825187,1.0190454757994605,1.0465441879095683,4.437938101862959,0.18312989617365022,0.18312989617365005,0.0367928527951422,0.18312989617365005,0.9999999999999946,0.0,0.18312989617365005,0.9999999999999946,0.18312989617365008,0.18312989617365005,0.18312989617365005,0.9999999999999946,0.9999999999999946,nan,nan,nan
2,1415,2,1.0935617252861107,1.195877247010735,0.1788800139823271,1.0190454757994605,1.0465441879095683,4.437938101862959,0.18312989617365022,0.36455372675735576,0.07407899276573807,0.36444235381477247,0.9996944951198965,0.00041429393760607886,0.37530181664432416,1.0294828693223625,0.18353564115547502,0.36707038730089137,0.3649294307127617,0.9941674494532959,0.9986652846906897,0.4025441604108625,0.4025441604108603,0.9457968536561139
2,1415,5,1.2371217115599138,1.5304701292129306,0.42557496220073787,1.0190454757994605,1.0465441879095683,4.437938101862959,0.18312989617365022,0.8954838837132938,0.1886138368658797,0.8934883329124581,0.9977715391230026,0.011154780948866497,0.9996564805966363,1.1163310683508563,0.1836584264395115,0.9182891397285108,0.9017879194687315,0.982030474339859,0.9907965205819524,0.36247670765960266,0.362494399024403,0.8824672859098124
2,1415,10,1.4997413358373293,2.249224074419137,0.8105853009261714,1.0190454757994605,1.0465441879095683,4.437938101862959,0.18312989617365022,1.7204776212396768,0.384344281401156,1.7193173571103264,0.9993256150995352,0.08245594287074266,2.17908708155489,1.2665593871455092,0.18045633954247717,1.804105121235021,1.7718939107659668,0.9821456022213358,0.9703274821725002,0.2424285916089951,0.24240210492385808,0.8079468132483578
2,1415,20,2.253450760147888,5.078040328411095,1.6249254250412413,1.0190454757994605,1.0465441879095683,4.437938101862959,0.18312989617365022,3.161266397014956,0.7567914074267984,3.2058967048244664,1.0141178572775935,0.4601446317310993,5.249465838626546,1.6605578838858321,0.16814313104106152,3.34988812925805,3.520589828962767,1.0509574329404618,0.910613522328156,0.09558319458299912,0.09563190395135382,0.699846444166211
2,1415,40,4.419451697152381,19.53155330346306,2.972031275953408,1.0190454757994605,1.0465441879095683,4.437938101862959,0.18312989617365022,5.863215939082576,1.3793691083827473,5.449118454473304,0.9293736596244027,2.7687009361329,15.836047137303792,2.700914873652372,0.16360400429033292,6.5024232140436276,7.478124391716664,1.1500519338030417,0.7286744869487808,0.2135420444580771,0.21522627034027336,0.5433461280087492
2,1415,80,21.009877062726506,441.41493419088135,6.089985326940551,1.0190454757994605,1.0465441879095683,4.437938101862959,0.18312989617365022,11.030917129177032,2.4931177754872174,9.785374382828797,0.8870862021931298,11.359593985549617,69.24638758209068,6.277482349942813,0.15537869796816056,12.325287995100824,20.617837341649366,1.6728077550678526,0.47460721610513956,0.1740525804283619,0.17711098278316245,0.38029035964475744
2,1415,160,152.51667002366668,23261.334635108025,10.054547803407972,1.0190454757994605,1.0465441879095683,4.437938101862959,0.18312989617365022,26.426215493078317,5.840554659283917,30.61050409601462,1.1583385484778277,44.48186908778394,432.8609597844211,16.379982971750085,0.14138845472895026,22.34616978120243,105.22248537273377,4.708748139076916,0.2909121941720139,0.16586792717964843,0.16843008915027405,0.3368557007473318
2,1474,1,1.0668705808021,1.13821283618101,0.12945934473795814,1.0257577947700933,1.0668705808021008,4.443538815416748,0.14866737451483017,0.14866737451483017,0.034421053851637344,0.14866737451483017,0.9999999999999932,0.0,0.14866737451483017,0.9999999999999932,0.14866737451483017,0.14866737451483017,0.14866737451483017,0.9999999999999932,0.9999999999999932,nan,nan,nan
2,1474,2,1.1358425226259263,1.290138236205228,0.2547493724813883,1.0257577947700933,1.0668705808021008,4.443538815416748,0.14866737451483017,0.2924587491947128,0.06749676845887263,0.2924553297862409,0.9999883080657278,0.00029072164842167754,0.30660549783607993,1.0483717744137224,0.1484466672122137,0.29689300579260436,0.29289159251743446,0.9865223727164322,0.9985104975959028,0.21108433115372438,0.21108433115372296,0.9134113090466783
2,1474,5,1.3481684134108503,1.8175580709187293,0.5974938809020367,1.0257577947700933,1.0668705808021008,4.443538815416748,0.14866737451483017,0.6908235489227282,0.1578958528452281,0.6909555008914572,1.0001910067613267,0.00729865420511333,0.8268386250669529,1.196888302890551,0.1462287283773893,0.7310490643092686,0.7000076365454151,0.9575385165246275,0.9870685187112647,0.18689165524227688,0.18664257992958672,0.8205538983450489
2,1474,10,1.6993961664783566,2.8879473306413344,1.0605459835517206,1.0257577947700933,1.0668705808021008,4.443538815416748,0.14866737451483017,1.2472420861001399,0.2818926226839013,1.2485185837428823,1.0010234561974514,0.047359322216704074,1.8158830614226507,1.455918687847143,0.14105484143319252,1.4093729670890993,1.3279013750367268,0.9421930220354349,0.9402193620805235,0.16618010535525038,0.16478472993651722,0.7315786138114908
2,1474,20,2.5468949120330415,6.486673692939794,1.8697498712761813,1.0257577947700933,1.0668705808021008,4.443538815416748,0.14866737451483017,2.168130442916624,0.48978282994003075,2.1315493309050013,0.9831278085084154,0.23369768233801663,4.42853758637383,2.042560493000803,0.13536804929656887,2.702085980941516,2.556546541319708,0.9461381167555974,0.8337612073374103,0.1326656057164169,0.1303712801532126,0.6130219012001097
2,1474,40,4.221442499660129,17.820576777936758,2.8803537884064516,1.0257577947700933,1.0668705808021008,4.443538815416748,0.14866737451483017,3.5843969656494408,0.8477344851995665,3.9927243826367227,1.1139180232826968,1.474998174061528,13.31346823062661,3.7142839808800026,0.12568156330039257,4.996621215203266,5.845277166177102,1.1698459647874888,0.6830684446821575,0.19731410632108462,0.19027016757083845,0.49311153523845674
2,1474,80,16.812811597149327,282.6706338012389,5.644282381699503,1.0257577947700933,1.0668705808021008,4.443538815416748,0.14866737451483017,11.04191370357053,2.460409601836148,10.294460378644805,0.9323076284608138,13.857029571375755,47.271918168585096,4.281134542221532,0.12905255107015695,10.270200702792959,17.551143537206304,1.7089387096820128,0.5865407206557107,0.13472075854262683,0.1302830736354926,0.4438761327320344
2,1474,160,219.84069479987267,48329.93109009076,10.78580633901752,1.0257577947700933,1.0668705808021008,4.443538815416748,0.14866737451483017,11.050187584203448,2.2789734206820933,25.660480331284212,2.3221759934615576,24.732010039531758,310.64460508708066,28.112156714077486,0.13712621942739753,21.720259288378863,76.50008690284417,3.5220614030042694,0.33543073439737736,0.1571490713688384,0.158065566103765,0.32043128014463107
2,1533,1,1.0570395282187506,1.1173325642169187,0.11094420560147694,1.0156200173164034,1.057039528218751,4.4434652018716365,0.141216542552502,0.141216542552502,0.031829602496278274,0.141216542552502,0.9999999999999929,0.0,0.141216542552502,0.9999999999999929,0.141216542552502,0.141216542552502,0.141216542552502,0.9999999999999929,0.9999999999999929,nan,nan,nan
2,1533,2,1.1161016985357746,1.245683001474441,0.21968397505493775,1.0156200173164034,1.057039528218751,4.4434652018716365,0.141216542552502,0.2809014611190807,0.06321499787631417,0.2808836738446685,0.9999366778857527,0.00026723292803615823,0.29016737765233314,1.032986359331621,0.14109691338157754,0.28219372524932773,0.28124253781156333,0.9966293104606596,0.9987240053738377,0.04089472685605068,0.04089472685605039,0.9401781072581117
2,1533,5,1.3041015138146734,1.700680758333723,0.5310286169836983,1.0156200173164034,1.057039528218751,4.4434652018716365,0.141216542552502,0.6869777074273532,0.15418031097970528,0.6860768503942934,0.9986886662793844,0.008077690783143162,0.7846093205354921,1.1421175855527483,0.1405931226315789,0.7029606816608218,0.6929876369709853,0.9858127987097727,0.9900275470903066,0.036781681757050384,0.03679075962637376,0.8612496738513099
2,1533,10,1.6465577529851074,2.711152433915366,0.9973737968647414,1.0156200173164034,1.057039528218751,4.4434652018716365,0.141216542552502,1.3003426630901316,0.2917603346029907,1.2878437621667547,0.9903879944278106,0.07031761316987623,1.7398978849363327,1.338030301029762,0.1375711175822466,1.3751390370600345,1.3371488542987433,0.972373569699168,0.9631266990406634,0.024727077812907935,0.02494746653003973,0.7647165380979515
2,1533,20,2.3792461245203436,5.660812121045074,1.7335673662057884,1.0156200173164034,1.057039528218751,4.4434652018716365,0.141216542552502,2.214478072295351,0.49421170754340255,2.0879139019307553,0.9428469525401937,0.45975174422119125,3.9397004706889502,1.7790650176117435,0.12663244364945034,2.5206548652820415,2.468678178904738,0.9793796893445432,0.8457618817115666,0.09138240591388513,0.09208903173428241,0.6548494259244599
2,1533,40,4.544313367597329,20.65078398292378,3.0277532839611383,1.0156200173164034,1.057039528218751,4.4434652018716365,0.141216542552502,3.4370119810902624,0.7563681100211053,3.3921604642478598,0.9869504333737655,2.51361033661296,12.434019024852345,3.6176827701683245,0.12389044680651053,4.940334755443271,5.5129972712335755,1.1159157312486454,0.615302402188354,0.05966316342948495,0.06273119460676098,0.4907379058965074
2,1533,80,18.28437195551136,334.31825780749034,5.812093406973564,1.0156200173164034,1.057039528218751,4.4434652018716365,0.141216542552502,4.081449515434204,0.8559083827048176,6.772246289796727,1.6592747905338876,7.271458011688824,49.71578042328155,12.180912745650497,0.1319452345327365,10.490995346538877,18.463911463025145,1.7599770901734926,0.3667828619823308,0.17251471004222277,0.17058060413049334,0.4322295368874426
2,1533,160,81.16285949590855,6587.4097615525925,8.792915494319754,1.0156200173164034,1.057039528218751,4.4434652018716365,0.141216542552502,6.855474169234102,1.383815552139379,32.32789957494275,4.715632905455822,32.63411929020755,328.72847925562627,47.95123884076307,0.1487813391805932,23.54338929434521,102.00266367274565,4.332539482632827,0.3169319154121317,0.2221303701300976,0.2267062289353717,0.3982194195836345
2,1592,1,1.0581372759959726,1.1196544948521772,0.11302015097605365,1.0332403578982576,1.0581372759959713,4.459424603060455,0.165114201457691,0.1651142014576912,0.036973792247429395,0.16511420145769118,0.9999999999999938,4.718447854656915e-16,0.16511420145769118,0.9999999999999938,0.16511420145769118,0.16511420145769118,0.16511420145769118,0.9999999999999939,0.9999999999999939,nan,nan,nan
2,1592,2,1.1210614214532337,1.2567787106707449,0.2285518685022641,1.0332403578982576,1.0581372759959713,4.459424603060455,0.165114201457691,0.32934013118746247,0.07357608156260877,0.3293607475264926,1.0000625989276035,0.00024029667096934986,0.3393418712581432,1.0303690292301082,0.16466942581566715,0.32933764702473556,0.32997400673003124,1.0019322410026414,0.9981414923871825,0.42755131785245243,0.4275513178524499,0.9465055462259785
2,1592,5,1.341533434874062,1.799711956884999,0.5876266281441419,1.0332403578982576,1.0581372759959713,4.459424603060455,0.165114201457691,0.8085129190069654,0.17909216549346726,0.8070060194094134,0.9981362083868693,0.008484077135147667,0.917892200299349,1.1352845189248486,0.161624940385056,0.8079743762613472,0.8196399651259385,1.014438067848846,0.9845859813404965,0.35487804197221895,0.35564076249483434,0.8746128157937811
2,1592,10,1.810193699138917,3.2768012284022356,1.1868677113015387,1.0332403578982576,1.0581372759959713,4.459424603060455,0.165114201457691,1.499906061322252,0.3267605903934037,1.4689038518179027,0.9793305658908932,0.09787196869400996,2.0675282251592195,1.3784384758980006,0.15378120515518517,1.5350334905613021,1.5570528360124611,1.0143445374883036,0.9433872877298726,0.143637533207026,0.14703143162736493,0.7537256978097202
2,1592,20,2.911964650010973,8.479538122913528,2.137655981682895,1.0332403578982576,1.0581372759959713,4.459424603060455,0.165114201457691,2.289757785999488,0.48177832660768094,2.2484961587947048,0.9819799161915402,0.47519468374396623,5.336927585386176,2.330782591075058,0.14171820364779789,2.8197562664098883,2.763592479899713,0.980082042132782,0.8136135031299184,0.2133416325474106,0.200070228566922,0.5731513690814986
2,1592,40,6.37982955647124,40.702225169624015,3.706282763426399,1.0332403578982576,1.0581372759959713,4.459424603060455,0.165114201457691,4.201600136989426,0.8671280093295152,4.188232495403264,0.9968184403202774,1.8927247276328287,19.139154483574742,4.55520607853191,0.1556970383231849,6.182911021464898,8.065242199814142,1.3044409294933161,0.519294075942292,0.23343584584514013,0.22216322947995976,0.5004824326395847
2,1592,80,13.653831090580933,186.42710345011452,5.228040296456534,1.0332403578982576,1.0581372759959713,4.459424603060455,0.165114201457691,6.1892119258593405,1.2216281634883779,11.15547817460649,1.8024068828532813,8.853860156456546,69.16132907851632,11.174496835300014,0.16082325781717152,12.770753432517301,28.095614032912884,2.1999965923212432,0.39705407974135376,0.3547629495663683,0.34505659646504167,0.4871519513314814
2,1592,160,219.63472309171658,48239.41158757502,10.78393163372251,1.0332403578982576,1.0581372759959713,4.459424603060455,0.165114201457691,18.51834026646355,5.141349810966576,45.14861549236349,2.4380487042959778,54.06227916852862,380.4050208767888,20.5420688573099,0.15247622428791793,23.982520611457197,126.94066212133566,5.293049224387706,0.35566708679373665,0.13708782474693018,0.14053710237146608,0.40526002256647836
2,1651,1,1.0512599408674494,1.1051474632726332,0.09997877699139347,1.0314957630109731,1.0512599408674486,4.446427631658889,0.16716738061931818,0.16716738061931818,0.034383808053604685,0.16716738061931818,0.999999999999994,0.0,0.16716738061931818,0.999999999999994,0.16716738061931816,0.16716738061931818,0.16716738061931818,0.999999999999994,0.999999999999994,nan,nan,nan
2,1651,2,1.1054480776393054,1.2220154523564357,0.20050150580565396,1.0314957630109731,1.0512599408674486,4.446427631658889,0.16716738061931818,0.33134621018861826,0.06814983007363537,0.33132363610635185,0.9999318716147242,0.00023269664557732566,0.341163899574273,1.0296297017553484,0.166269150935222,0.3325334229687536,0.33172096029490383,0.9975567488326516,0.9988022336960566,0.05040399117573556,0.05040399117573526,0.9462852424458615
2,1651,5,1.2857722806665286,1.6532103577304065,0.5027190688973708,1.0314957630109731,1.0512599408674486,4.446427631658889,0.16716738061931818,0.80714440682605,0.16577251035733923,0.8071766981581994,1.0000400068833721,0.00666094561857278,0.9078330491953173,1.1247467510370368,0.16336298062988544,0.8166961490188852,0.8139391340277038,0.9966241851458533,0.9916917179838226,0.19413792722043346,0.19329160631656692,0.8780829152957416
2,1651,10,1.6394160844225891,2.687685097863494,0.9886802647057277,1.0314957630109731,1.0512599408674486,4.446427631658889,0.16716738061931818,1.573421104023921,0.320729178072505,1.5836129027995622,1.0064774768493796,0.060837871280168584,2.039891232653842,1.2964687123090906,0.158150702887014,1.5803433023611433,1.628862154631013,1.030701463534776,0.9722203307979108,0.42683797935725876,0.42418560430511226,0.7972956529306082
2,1651,20,2.4780359185726817,6.140662013736354,1.814932556173679,1.0314957630109731,1.0512599408674486,4.446427631658889,0.16716738061931818,3.537532030014657,0.7005329392524728,3.6422086131625018,1.02959028561712,0.5581224395957557,5.47519370113802,1.547743922792222,0.14946793806645717,2.9825048915932464,3.933561768275584,1.3188785639088372,0.9259314656088881,0.564776424079645,0.5631195338303119,0.7462815513996864
2,1651,40,6.316039604974292,39.89235629160381,3.6861847339046254,1.0314957630109731,1.0512599408674486,4.446427631658889,0.16716738061931818,9.526266919964595,1.90753691095311,7.7550482173032815,0.8140700111027439,6.019607388995259,16.61433176991852,1.744054823311655,0.15175012277874236,6.059225590470168,10.293577947666643,1.698827316127028,0.7533870396406919,0.26503048524018596,0.2674535203191745,0.6238698736159548
2,1651,80,34.70638267121953,1204.5329981211273,7.093847217380067,1.0314957630109731,1.0512599408674486,4.446427631658889,0.16716738061931818,15.567550446492968,4.776601031137628,16.467528455943334,1.0578111509928083,23.869353246289048,76.41807154559149,4.908805133360388,0.15555672967579445,12.400495910014492,28.55900576111835,2.303053520468841,0.5766142068700111,0.18295319281603195,0.18358896557981183,0.4163440083405781
2,1651,160,581.5473149254766,338197.2794970315,12.731384671348716,1.0314957630109731,1.0512599408674486,4.446427631658889,0.16716738061931818,34.05941386511379,6.401759142026131,44.80514328348604,1.315499540330576,55.013763720679876,415.5649568113938,12.201177579190423,0.15099075900597686,23.431194006458313,111.3970132086161,4.754218379904663,0.40221135192896307,0.19040488512526557,0.1819203007219398,0.3478789818742022
2,1710,1,1.0577410440868105,1.1188161163458559,0.11227108727038942,1.0356125335334094,1.057741044086809,4.449498809882256,0.17601637265893896,0.17601637265893896,0.03907821658301111,0.17601637265893896,0.9999999999999943,0.0,0.17601637265893896,0.9999999999999943,0.17601637265893896,0.17601637265893896,0.17601637265893896,0.9999999999999943,0.9999999999999943,nan,nan,nan
2,1710,2,1.119003447015868,1.2521687144333946,0.22487701953635722,1.0356125335334094,1.057741044086809,4.449498809882256,0.17601637265893896,0.34961863506003327,0.07855096490060431,0.3496124932450075,0.9999824328156143,0.0003436373254558909,0.3630640271293857,1.0384573095397007,0.17641631770902927,0.35283173077020663,0.34983067440043536,0.9914943693889969,0.9993763235433748,0.16917620981140444,0.1691762098114035,0.9289479339706689
2,1710,5,1.3250479231438288,1.755751998627774,0.5628972543891224,1.0356125335334094,1.057741044086809,4.449498809882256,0.17601637265893896,0.8534602102074742,0.19999217938030026,0.8540641994045506,1.0007076946175717,0.009834202041964123,0.995926365508098,1.1669277062910635,0.17708430839230993,0.8854163354249258,0.8585571344525886,0.969664891082625,0.9947668770455169,0.19538237006236078,0.19544163813025706,0.8360750255950111
2,1710,10,1.747734183831253,3.054574777332296,1.1166403938465936,1.0356125335334094,1.057741044086809,4.449498809882256,0.17601637265893896,1.6374122237838304,0.41882113323276193,1.6538586287433321,1.0100441444864112,0.08979641838230096,2.3154864158980266,1.4141133077333818,0.17569056388914908,1.7567604561896792,1.6899374500814321,0.961962368931514,0.9786507948348251,0.2057135057806486,0.2055782968218826,0.7265479801262738
2,1710,20,2.9693382242777524,8.816969490156955,2.1766782157560374,1.0356125335334094,1.057741044086809,4.449498809882256,0.17601637265893896,3.0794880456714337,0.9348282769881233,3.2830533365937318,1.0661036145954297,0.7298716272200986,5.855775627409832,1.9015419253342387,0.1627285077087949,3.2373707395228046,3.513043541414372,1.085153300030197,0.9345324923789456,0.200247117074079,0.20170293699668607,0.6493124731676878
2,1710,40,8.23902599848598,67.8815494037279,4.217764265734987,1.0356125335334094,1.057741044086809,4.449498809882256,0.17601637265893896,5.301131826187029,1.4992087662576787,6.838713126647267,1.29004773902523,3.8297709593584486,13.940375209342916,2.6296978959245907,0.13358550045845793,5.138355469135812,7.892836478719201,1.5360627590147333,0.866445560488415,0.034119803919494374,0.02826969887425032,0.5995267901110668
2,1710,80,25.900951471368938,670.8592871222087,6.50855940875404,1.0356125335334094,1.057741044086809,4.449498809882256,0.17601637265893896,10.665134551090755,2.248717488233118,6.749955637712161,0.6328992480476322,11.205930436023886,41.6932134118846,3.9093002729740998,0.1322008639135544,10.14895512933672,15.863987870841333,1.5631153816992107,0.42548920817815666,0.13292113111999923,0.12426587132606175,0.44849002921573067
2,1710,160,124.53482181595379,15508.92184473136,9.649170740197434,1.0356125335334094,1.057741044086809,4.449498809882256,0.17601637265893896,19.013785482871086,3.724273437038661,19.128556354684644,1.0060361926307073,29.66792245850744,477.6919947910316,25.123455569716462,0.1568383095042849,24.313722854617463,111.77069759754112,4.597021125307206,0.17114106618142338,0.17426113297580126,0.17480049843617262,0.3268610944839305
2,1769,1,1.0503032497552474,1.1031369164464335,0.09815786352553756,1.0157731138376478,1.0503032497552474,4.443707731290862,0.11009555779665658,0.11009555779665656,0.02744993936298303,0.11009555779665656,0.9999999999999909,0.0,0.11009555779665656,0.9999999999999909,0.11009555779665654,0.11009555779665656,0.11009555779665656,0.9999999999999909,0.9999999999999909,nan,nan,nan
2,1769,2,1.1027232916253908,1.2159986578931368,0.1955656798370642,1.0157731138376478,1.0503032497552474,4.443707731290862,0.11009555779665658,0.22306251697688384,0.05536701719420452,0.2230721666693405,1.0000432600357354,0.00019426326390684998,0.22855621251486982,1.0246285015180487,0.11153938366895175,0.22306031500855117,0.2234190761542356,1.0016083593608736,0.9984472700770788,0.1786192444382404,0.1786192444382388,0.9555578191556691
2,1769,5,1.2714921369336976,1.6166922542842208,0.4803822435483318,1.0157731138376478,1.0503032497552474,4.443707731290862,0.11009555779665658,0.5843351151408691,0.14297367090280091,0.5841131428619669,0.9996201284619877,0.005502718726850974,0.6440624016974296,1.1022140977137076,0.11737787200850754,0.5862275083479417,0.5914454025000271,1.008900800589841,0.987602812352471,0.3061969365012377,0.3070930114773543,0.8992163759873001
2,1769,10,1.580605316892321,2.498313167788275,0.9156157712547863,1.0157731138376478,1.0503032497552474,4.443707731290862,0.11009555779665658,1.2735667633503664,0.30186413652542643,1.2596746833165473,0.9890919891806266,0.04719280037328522,1.5864644155684955,1.2456861008173528,0.13097162408588486,1.3013895866597127,1.3308315361157295,1.0226234709097253,0.9465320358977461,0.12555586775211658,0.12599364997099888,0.822060302126967
2,1769,20,2.180908251693463,4.756360802304638,1.5594828385046577,1.0157731138376478,1.0503032497552474,4.443707731290862,0.11009555779665658,2.7346322096474327,0.5839282816571751,2.6182071362889605,0.9574256922200579,0.4514577072884902,4.65947744915129,1.7038771914969948,0.15520352734754497,3.0603196278246774,3.2101449794905235,1.0489574194484852,0.8156040157116178,0.11960732876663689,0.10465403999571946,0.6839126760716754
2,1769,40,3.8069457583490642,14.492836007011931,2.6736544588525444,1.0157731138376478,1.0503032497552474,4.443707731290862,0.11009555779665658,4.603937524733062,0.8569764404154062,4.280304078339538,0.9297050742641672,1.5602194217873493,19.425251363412684,4.21926910585933,0.18055922567747526,7.112059792793281,9.533324179185941,1.3404448861420075,0.44898337640554625,0.11043706478623867,0.10842157054773434,0.5230868091016792
2,1769,80,14.292387401630016,204.2723376382724,5.319454091962352,1.0157731138376478,1.0503032497552474,4.443707731290862,0.11009555779665658,9.30376190042745,1.8158208382386363,16.869499070582574,1.8131911855791927,14.657676372021694,131.77505417775896,14.163631398574882,0.17692685007202721,14.022372385919407,36.396792696474826,2.595623029739442,0.46348861591357887,0.26549024618992123,0.26537407452774425,0.38326200957620676
2,1769,160,154.70591112975967,23933.918938489096,10.08305193425086,1.0157731138376478,1.0503032497552474,4.443707731290862,0.11009555779665658,7.310125296256497,1.6802720444300372,84.55712203583572,11.567123490911609,85.0775988746286,686.466426575788,93.90624630296368,0.15465396006418872,24.071379201034823,139.1651785892655,5.781354588244068,0.6076025834407834,0.16764527879137858,0.16414884792891635,0.3213919497491721
2,1828,1,1.0671034302642406,1.138709730881709,0.1298958064040464,1.0388575460408127,1.0671034302642404,4.457395989962957,0.15573820752133735,0.15573820752133732,0.0326182880628344,0.15573820752133738,0.9999999999999939,4.849289084079041e-16,0.15573820752133738,0.9999999999999939,0.15573820752133738,0.15573820752133738,0.15573820752133738,0.9999999999999936,0.9999999999999936,nan,nan,nan
2,1828,2,1.138197746552785,1.295494110257838,0.25889217470157877,1.0388575460408127,1.0671034302642404,4.457395989962957,0.15573820752133735,0.3095271904667947,0.06477558226952365,0.3094186333176278,0.9996492807336111,0.00023589073326946847,0.3196054144224987,1.0325600602018326,0.154636443044618,0.3092649796264775,0.31025890090253455,1.0032138177340884,0.9972917212609745,0.36641532224790957,0.36641532224790724,0.9437223631554986
2,1828,5,1.37665361078535,1.8951751640883419,0.6393112691376642,1.0388575460408127,1.0671034302642404,4.457395989962957,0.15573820752133735,0.7554924314725926,0.1567835489122897,0.7528824893410679,0.9965453762039173,0.006006472819968024,0.8784426063631177,1.1627417691675237,0.15415125479626574,0.7707360165093606,0.7699971441275427,0.999041341826524,0.9777730931640431,0.19435914912086605,0.19476473491506427,0.8537464216010417
2,1828,10,1.864857252751715,3.4776925731406743,1.2463690201738564,1.0388575460408127,1.0671034302642404,4.457395989962957,0.15573820752133735,1.4320209987972006,0.2896612594920527,1.4217917510065066,0.9928567752852179,0.05568830849560129,2.1103966746856626,1.4737190840485226,0.15819147961680075,1.581250693799079,1.5439418882616958,0.9764055088268472,0.9208842391129646,0.15862292033902917,0.1606468556501175,0.7231165558154045
2,1828,20,3.124825646540573,9.76453532127771,2.27875697704971,1.0388575460408127,1.0671034302642404,4.457395989962957,0.15573820752133735,2.8876276127104883,0.5643650973532108,2.905575509251636,1.006215447054927,0.39231582162707224,5.706473499179664,1.9761805414456637,0.1631479411153962,3.260829077329867,3.507854673279301,1.0757554566925385,0.8283055542136734,0.3803536533728321,0.38839119025254537,0.6578147753937656
2,1828,40,6.475793059643337,41.93589575132481,3.7361421606786096,1.0388575460408127,1.0671034302642404,4.457395989962957,0.15573820752133735,6.204134570146453,1.2022611680621664,5.812686039919251,0.9369052160617524,3.6795662182216686,16.36189901799773,2.6372572730335686,0.1642457037548199,6.5630919283831615,8.554618800335595,1.3034433912680314,0.6794792585838214,0.13977547712165733,0.14152445275154718,0.5651478556930344
2,1828,80,32.459539096422006,1053.6216783521488,6.959988725722475,1.0388575460408127,1.0671034302642404,4.457395989962957,0.15573820752133735,7.197475114913022,1.8161922215593682,9.086379210345873,1.2624398230317015,10.618226133824773,80.97304932995684,11.250202055187703,0.1462233252601023,11.579557831004015,22.61143757395584,1.952703022339437,0.40184880685391217,0.1953526107645268,0.18558244292723947,0.3836583416091418
2,1828,160,406.04067479758356,164869.029590077,12.012906677628258,1.0388575460408127,1.0671034302642404,4.457395989962957,0.15573820752133735,17.473031068108984,4.157841071888404,29.577143845679657,1.6927311426614797,32.73727832709782,241.32405382099813,13.811230168385169,0.12187936942156267,18.843710334683763,64.1705158381486,3.405407677066456,0.4609148525512771,0.14699977055929,0.12773207353891108,0.3765107675489376
2,1887,1,1.0514397514573124,1.105525550944615,0.10032083361689761,1.0258719233976494,1.0514397514573126,4.45349669268354,0.13445792922643815,0.13445792922643815,0.028894000697191648,0.13445792922643815,0.9999999999999926,0.0,0.13445792922643815,0.9999999999999926,0.13445792922643815,0.13445792922643815,0.13445792922643815,0.9999999999999926,0.9999999999999926,nan,nan,nan
2,1887,2,1.105424401730945,1.2219631079422175,0.20045867039369372,1.0258719233976494,1.0514397514573126,4.45349669268354,0.13445792922643815,0.2687395194592751,0.058077820520484345,0.2687286325253472,0.999959488898578,0.00017714123786146088,0.2757395017392442,1.0260474614751585,0.13437590199486882,0.26875175388716976,0.26905404054867693,1.0011247802372782,0.9987905477179709,0.309769038046088,0.3097690380460857,0.9527347789720262
2,1887,5,1.284933123886675,1.6510531328611693,0.5014133466498145,1.0258719233976494,1.0514397514573126,4.45349669268354,0.13445792922643815,0.6678300072052012,0.14733847043325987,0.6672177693657514,0.9990832429917114,0.005312109247991633,0.7460481045832719,1.1171227655753357,0.13378335293514879,0.668910391022806,0.6744656434540949,1.008304927694117,0.9892539017239982,0.33566880790805453,0.3356627157719269,0.8860021074039794
2,1887,10,1.6552743436279531,2.739933152672951,1.0079335232676818,1.0258719233976494,1.0514397514573126,4.45349669268354,0.13445792922643815,1.3117679685507253,0.30302563872371635,1.305708534972078,0.9953807123485848,0.0478334199537622,1.738039117078173,1.3249592601337883,0.13277015548959092,1.327652053467005,1.3709432243676314,1.0326073166441276,0.9524161991276883,0.32172057205684906,0.32187672962863717,0.7849851548810036
2,1887,20,2.741611322883989,7.516432645765697,2.017091643194901,1.0258719233976494,1.0514397514573126,4.45349669268354,0.13445792922643815,2.437164000609337,0.612881229749729,2.4228349817538364,0.99412061771308,0.33209386639607524,4.522438780071877,1.8556152884833272,0.1283022246534937,2.5629746993267095,2.871477242609144,1.1203689382355109,0.8437590748768556,0.24575675773466155,0.24951367473250807,0.6705606079952499
2,1887,40,4.603908968014678,21.195977785765976,3.053811436590996,1.0258719233976494,1.0514397514573126,4.45349669268354,0.13445792922643815,3.1305477194705067,0.725965112713246,3.3467421625669886,1.069059622299272,1.8188367483585015,10.268358608318897,3.2800517763887207,0.11196553512085436,4.412694215745768,5.335458019212319,1.2091157370873018,0.6272642668194158,0.1522579852001606,0.15499132600253013,0.571168341575271
2,1887,80,9.572839662646052,91.63925920672938,4.517859773819856,1.0258719233976494,1.0514397514573126,4.45349669268354,0.13445792922643815,3.0318665420765982,0.812938519630472,3.8917413609040867,1.2836123578970393,3.682768289280574,38.26053004965035,12.619463791913738,0.1031664642327999,8.130562594530936,17.444021327580323,2.145487612298088,0.2230988650966018,0.31763873712187995,0.2957968329561199,0.5334314776715311
2,1887,160,18.169407271551336,330.12736059950254,5.799478521214987,1.0258719233976494,1.0514397514573126,4.45349669268354,0.13445792922643815,4.230100103506313,0.9432791323344418,7.323060590406094,1.731179029152534,7.4119621964626115,200.520774294412,47.40331656175255,0.11352480430101786,17.80039733097275,56.3248568321577,3.1642471673456556,0.1300147217813276,0.1546554069768085,0.1551595972503705,0.33109306755093076
2,1946,1,1.0672838584198001,1.139094834443456,0.13023394214341463,1.0228698445304254,1.0672838584198001,4.460209237260671,0.10236982431904662,0.10236982431904676,0.024067012341327153,0.10236982431904676,0.9999999999999902,0.0,0.10236982431904676,0.9999999999999902,0.10236982431904676,0.10236982431904676,0.10236982431904676,0.9999999999999902,0.9999999999999902,nan,nan,nan
2,1946,2,1.1388225207602434,1.296916733790715,0.2599897041915108,1.0228698445304254,1.0672838584198001,4.460209237260671,0.10236982431904662,0.20728321530755625,0.04904283657813003,0.20728466570087145,1.0000069971575463,0.0001100078513544167,0.21300685191649738,1.0276126390670255,0.10305849302852783,0.2061124146063041,0.20744875406853647,1.0064835466839002,0.9992090173382685,0.17506429213375663,0.17506429213375493,0.9491316029131199
2,1946,5,1.3745919094003438,1.889502917388883,0.636313787806682,1.0228698445304254,1.0672838584198001,4.460209237260671,0.10236982431904662,0.5369574056641769,0.12972496737269815,0.5372010455666248,1.0004537415815051,0.0034002317984868674,0.5965638550160811,1.111007779617406,0.10455743571310422,0.5227430266056399,0.5402616947939799,1.0335129639166956,0.9943348764925428,0.20109792940605187,0.20101364957684043,0.8880184801718055
2,1946,10,1.806288298757722,3.2626774182290657,1.1825481522365955,1.0228698445304254,1.0672838584198001,4.460209237260671,0.10236982431904662,1.1227980484216904,0.2816892519616058,1.1290830417303408,1.0055976168799758,0.03422220916900611,1.4117589660676733,1.257357873085166,0.10502913320296536,1.0502204725274815,1.1513376322100037,1.096281840173207,0.980670665270494,0.23261384791470524,0.23240334646758562,0.81315057755337
2,1946,20,2.8250252502244377,7.980767664405647,2.0770346053820075,1.0228698445304254,1.0672838584198001,4.460209237260671,0.10236982431904662,2.205573205561507,0.5892207594582884,2.315985211496607,1.0500604585042506,0.3142910291276076,3.7203551993513946,1.6867974229874834,0.10116108825991342,2.0209836166652377,2.4725309286624477,1.2234294767526583,0.9366860428918771,0.2533815960387141,0.2536390070939494,0.6908154774861602
2,1946,40,4.707476803952502,22.16033785975086,3.098304108141507,1.0228698445304254,1.0672838584198001,4.460209237260671,0.10236982431904662,2.962819546492369,0.7196560691414798,3.4301212654024233,1.157721964357662,1.7239819373397696,9.44925530392513,3.1892780358871122,0.0936225517312633,3.7266750045299175,4.576017447942394,1.2279089113969064,0.749586579252397,0.19917332868759097,0.19559320493447938,0.53038504646261
2,1946,80,12.597168646261489,158.6886579023535,5.066944156184103,1.0228698445304254,1.0672838584198001,4.460209237260671,0.10236982431904662,6.582109073179717,1.6819107645517009,9.180001543325965,1.3946899756997255,5.369026806817637,39.75123360771052,6.039285154007223,0.11466705025608977,8.990310828983384,13.08215473203392,1.4551393139666602,0.7017193827288359,0.11070999844924917,0.11547665958310742,0.4022360733671809
2,1946,160,133.59715394078862,17848.19954107877,9.789657916074455,1.0228698445304254,1.0672838584198001,4.460209237260671,0.10236982431904662,11.059133331503228,2.6586173399244517,20.869385486165474,1.8870724188410495,21.550178762178763,239.51061439491846,21.65726799880824,0.12487375935590991,19.58490527733258,43.56163550222736,2.22424540151569,0.47907717985240467,0.11969811496900176,0.12209325664927081,0.2570747801389578
2,2005,1,1.0570739907672178,1.117405421956532,0.1110094103280174,1.035264507810554,1.057073990767218,4.448267371214528,0.14333489043212877,0.14333489043212883,0.031975789229701776,0.14333489043212883,0.999999999999993,0.0,0.14333489043212883,0.999999999999993,0.14333489043212883,0.14333489043212883,0.14333489043212883,0.999999999999993,0.999999999999993,nan,nan,nan
2,2005,2,1.1177874930240186,1.2494488795609204,0.22270255773957182,1.035264507810554,1.057073990767218,4.448267371214528,0.14333489043212877,0.2902058600195099,0.0650565980669083,0.29027194033072884,1.000227701505454,0.00018808482552129809,0.2966777894335138,1.0223011672251132,0.14423981880586764,0.28847399557994446,0.2905732726160295,1.0072771794624458,0.9989629731510102,0.374160822622799,0.3741608226227964,0.9597164456966287
2,2005,5,1.3217415168998459,1.7470006374967055,0.5579003960612436,1.035264507810554,1.057073990767218,4.448267371214528,0.14333489043212877,0.7465125040550664,0.17061418282890922,0.7482624255571378,1.0023441288559332,0.005824884915331821,0.8182019760138894,1.096032513279287,0.14619148236558244,0.7309040661615436,0.7536901393920298,1.0311751901315171,0.9927984810319116,0.32954974977661,0.3295852831328925,0.9055777730230352
2,2005,10,1.7307145203697347,2.9953727510186408,1.0970686815923492,1.035264507810554,1.057073990767218,4.448267371214528,0.14333489043212877,1.5197325237544683,0.36253972948512164,1.528378165232896,1.0056889231119879,0.05409979971537607,1.8827029608366053,1.2388383688633737,0.14672822218647205,1.467200009742291,1.5668636885439005,1.0679278068019602,0.9754378612559651,0.2374315994699325,0.2374236455065662,0.8273638115356036
2,2005,20,2.7004567326341724,7.29246656482923,1.9868418378783657,1.035264507810554,1.057073990767218,4.448267371214528,0.14333489043212877,2.8391939166520026,0.7244325320690286,2.81088913058172,0.9900306964225746,0.38455824720022147,4.625299190007262,1.6290888631733356,0.142224318392672,2.8423217695394696,3.0772206838182377,1.082643322369806,0.9134506164484595,0.11958596665053296,0.11843636951389885,0.6835843604382487
2,2005,40,4.032621028805072,16.262032361960877,2.7888330878193854,1.035264507810554,1.057073990767218,4.448267371214528,0.14333489043212877,3.779718108393568,0.8549321498625694,3.7650239129808387,0.9961123567971646,2.059721640671824,14.76631388915943,3.9067235877638806,0.13698296204707544,5.47263686961085,6.25140532143714,1.1423022338921722,0.6022684051648236,0.12831413311596188,0.1281025108931146,0.4774024365842787
2,2005,80,15.402053487706665,237.22325163817703,5.469001687775448,1.035264507810554,1.057073990767218,4.448267371214528,0.14333489043212877,6.4025040064572325,1.5978046860797053,6.0473347720537225,0.9445265111829206,7.230918010236924,60.29619307157259,9.417595523682762,0.1367328296058576,10.808592369301536,15.311766454557384,1.4166290976099458,0.3949469050485548,0.17903000738814456,0.17881098193833828,0.3484672603108136
2,2005,160,133.99793406025057,17955.44633241526,9.79564876474249,1.035264507810554,1.057073990767218,4.448267371214528,0.14333489043212877,11.232300733942715,2.371705431395404,40.70168119848016,3.6236281562052888,46.136267635455916,443.0635204576343,39.44548235952653,0.13315188918783988,20.916595538364156,85.60936893194993,4.092892114059842,0.47543489347332457,0.17178695672683375,0.16644754271127435,0.28842515487952103
2,2064,1,1.0568826876383148,1.1170010154295877,0.11064742915521603,1.032970594996084,1.0568826876383142,4.443537310625918,0.08152038630761195,0.08152038630761195,0.017771486007572893,0.08152038630761195,0.9999999999999878,0.0,0.08152038630761195,0.9999999999999878,0.08152038630761195,0.08152038630761195,0.08152038630761195,0.9999999999999878,0.9999999999999878,nan,nan,nan
2,2064,2,1.1167853833792731,1.24720959252959,0.22090872998392888,1.032970594996084,1.0568826876383142,4.443537310625918,0.08152038630761195,0.15928815712433889,0.0348903273501051,0.15929313242709156,1.0000312346055193,4.6839606086200565e-05,0.1651914499757125,1.037060462986991,0.08029159422010737,0.16056408827728486,0.1601291133899561,0.9972909578225327,0.9947793318456106,0.1872006871495087,0.1872006871495064,0.941236576661279
2,2064,5,1.3130965297258663,1.724222496378113,0.5447762221381687,1.032970594996084,1.0568826876383142,4.443537310625918,0.08152038630761195,0.39689775040497,0.08848445043997756,0.39669255387493296,0.9994829990096223,0.0013889833604612098,0.4609494831240811,1.1613809417003638,0.08273054164643447,0.4132384522417585,0.41195056448004863,0.9968834270994767,0.9629615494655899,0.2840465848098124,0.28451300293184356,0.871019658867095
2,2064,10,1.6805240916472968,2.824161222606972,1.038211408159691,1.032970594996084,1.0568826876383142,4.443537310625918,0.08152038630761195,0.9166626213670872,0.21216113138302567,0.9135600270634002,0.996615336732002,0.016789142561610758,1.214897806367229,1.3253489103279463,0.09891649177303434,0.9746311525937944,0.9872114681658237,1.012907770840844,0.9253944636205816,0.2924237625506329,0.2960569082774255,0.789919658858119
2,2064,20,2.5256694476172274,6.379006158627111,1.853012310712732,1.032970594996084,1.0568826876383142,4.443537310625918,0.08152038630761195,2.279860696146927,0.5663238122163038,2.2860208548593635,1.0027019890833009,0.20912479394603642,3.690440352515147,1.6187130901252718,0.126383636882595,2.4614290292560232,2.5649534016362865,1.0420586460750212,0.8912523921101329,0.29995126255574034,0.3078251498258462,0.6833625250214141
2,2064,40,3.9367142061202305,15.497718740668837,2.7406928350720876,1.032970594996084,1.0568826876383142,4.443537310625918,0.08152038630761195,3.3726432082040168,0.8200314216519713,4.1737989266634905,1.2375453521174866,1.3293273700809538,12.424614078307146,3.683939661356422,0.1313767439299916,5.1643014079578915,5.778037609994018,1.1188420569508961,0.7223557907349466,0.15829828518601063,0.15162731672983604,0.5081702958692961
2,2064,80,12.126999738475224,147.06412265697816,4.990868700218316,1.032970594996084,1.0568826876383142,4.443537310625918,0.08152038630761195,6.326512858310226,1.272422218384773,6.856022409378246,1.0836969058511403,5.005789540159666,40.17339912303502,6.350006713455901,0.12072739221137829,9.427039695630981,13.64457056920452,1.4473865613961696,0.5024725677224411,0.11572103100909466,0.11687689217307946,0.4354552802526199
2,2064,160,91.27885030043895,8331.828512169943,9.027838220336355,1.032970594996084,1.0568826876383142,4.443537310625918,0.08152038630761195,14.58907439144499,3.4356115271164653,21.90323379097012,1.5013449930596103,30.88199486090633,278.81343485325897,19.11111201247659,0.15591123508175986,23.818494729805366,80.56102767569885,3.3822887881696606,0.2718837435781273,0.25332262364028535,0.2609594214938826,0.4175975643221076
2,2123,1,1.0585476422141578,1.1205231108371525,0.1137956395143733,1.0236925886309483,1.0585476422141586,4.457490641699397,0.0798865935388231,0.0798865935388231,0.017737875725075705,0.0798865935388231,0.9999999999999875,0.0,0.0798865935388231,0.9999999999999875,0.0798865935388231,0.0798865935388231,0.0798865935388231,0.9999999999999875,0.9999999999999875,nan,nan,nan
2,2123,2,1.1199578334485385,1.2543055487027444,0.2265820717832216,1.0236925886309483,1.0585476422141586,4.457490641699397,0.0798865935388231,0.1616391607313156,0.03577249137920262,0.16163057004886364,0.9999468527155543,7.446108271020829e-05,0.16611876699725397,1.027713619927683,0.08074518623851543,0.16148133830923064,0.1620573310720505,1.0035669308221602,0.9973666046431549,0.22067828666090958,0.2206782866609068,0.9519493296911105
2,2123,5,1.318479551706344,1.7383883282677617,0.5529584358715987,1.0236925886309483,1.0585476422141586,4.457490641699397,0.0798865935388231,0.42025392513013327,0.09196796051976944,0.42008474272543284,0.9995974281390732,0.0023270034751744777,0.4707761272357228,1.1202182753913459,0.08453724547968929,0.4222894259418035,0.4282045997957007,1.0140073927750002,0.9810374361365037,0.23838873913348857,0.2384932607814138,0.8895463192587065
2,2123,10,1.6668486668148381,2.7783844780624034,1.0218696357859958,1.0236925886309483,1.0585476422141586,4.457490641699397,0.0798865935388231,0.9096514396445776,0.1941466359938986,0.9108046657380383,1.001267767018442,0.022609209216917777,1.167074487309455,1.282990864902558,0.09476767316744693,0.9410419419359919,0.9722991018039231,1.0332154800705537,0.9367535813292494,0.22228174929998076,0.21758069473823669,0.8173528142874618
2,2123,20,2.243149113804279,5.0317179467609225,1.6157614659116162,1.0236925886309483,1.0585476422141586,4.457490641699397,0.0798865935388231,2.163568105052542,0.4366935606776249,2.151722405025846,0.9945249238981506,0.18350799730319706,3.5528029004586434,1.6421035659389898,0.11905071117034019,2.3289697373166343,2.5137147898655314,1.0793247973937838,0.8559930560542827,0.043079939344831356,0.03751524054730379,0.695275524668178
2,2123,40,5.08415043263004,25.848585621612227,3.252255884626279,1.0236925886309483,1.0585476422141586,4.457490641699397,0.0798865935388231,3.8011406625583892,0.7971743402193926,3.909078908052242,1.028396277611364,1.0874723071653418,15.316285072740614,4.0293918148327235,0.13985673088824546,5.486110315014851,6.960091735171458,1.2686751332948025,0.5616418657671534,0.1530948929107388,0.15295715944422045,0.48884774072905857
2,2123,80,12.802224021965092,163.89693990858004,5.099237815097026,1.0236925886309483,1.0585476422141586,4.457490641699397,0.0798865935388231,8.386044114996993,1.7334005810623192,6.899572279309795,0.8227445723748458,8.227694513715825,56.14990354768051,6.6956365573209995,0.17999053120721464,13.895764339820943,25.718746025473397,1.8508334911647475,0.2682701665344042,0.3383131382353326,0.3491263542984363,0.5128865428858386
2,2123,160,159.04372215879468,25294.90555812388,10.138358293100719,1.0236925886309483,1.0585476422141586,4.457490641699397,0.0798865935388231,22.08954095096596,5.068450241676978,37.714842593381135,1.7073619898711336,45.60927694039376,384.7021129113254,17.415577524461984,0.1608928330400385,24.956145734005368,133.79519342792668,5.361212218183863,0.28188488410607604,0.19389192818609796,0.19786846352784423,0.3701172662764049
2,2182,1,1.0474268069175956,1.0971029158495902,0.09267299261700351,1.0207794204375995,1.0474268069175943,4.444365759671154,0.2280971987667879,0.22809719876678786,0.04795700359500607,0.22809719876678786,0.9999999999999957,0.0,0.22809719876678786,0.9999999999999957,0.22809719876678786,0.22809719876678786,0.22809719876678786,0.9999999999999957,0.9999999999999957,nan,nan,nan
2,2182,2,1.097302620764855,1.2040730415374195,0.1857100107752921,1.0207794204375995,1.0474268069175943,4.444365759671154,0.2280971987667879,0.4575954865326213,0.0960200648804548,0.4575473724780986,0.999894854612994,0.0006678914317271307,0.46751816934162227,1.0216843983409627,0.22826208677231424,0.4565240545216389,0.4584599087666674,1.0042404211253577,0.9980095614226668,0.32923106546759,0.32923106546758857,0.9621138031362755
2,2182,5,1.2619450321412577,1.592505264146,0.4653084140449032,1.0207794204375995,1.0474268069175943,4.444365759671154,0.2280971987667879,1.149909444932083,0.23998451540900825,1.1463537318143302,0.9969078320615378,0.021103797550574777,1.2666555760811584,1.1015263694577007,0.22978491312270397,1.148894549330425,1.1658131034834596,1.0147259417001269,0.9833083265139277,0.15453390148838564,0.15469242217405857,0.9039870092132781
2,2182,10,1.5844381151791496,2.510444140832456,0.9204596860289734,1.0207794204375995,1.0474268069175943,4.444365759671154,0.2280971987667879,2.281844409330136,0.47269745348966247,2.248460121115907,0.9853696036076228,0.19285586957482473,2.9465344144086676,1.2912950604172255,0.2354428483710593,2.3535864163298394,2.4067944332812914,1.0226072076989734,0.9342136121074865,0.2948620216233642,0.29719842363374926,0.806134901406033
2,2182,20,2.3527953175888587,5.535645806468058,1.7112082362230483,1.0207794204375995,1.0474268069175943,4.444365759671154,0.2280971987667879,4.243792126426076,0.8756565260086531,4.415039315712193,1.0403523980874938,1.1742806655166875,7.671132709360223,1.807612738991646,0.23316416635504433,4.6577287902696405,5.315506223353912,1.1412227853322892,0.8305962085632638,0.4416394351627558,0.44379707320558626,0.7157617411386545
2,2182,40,4.513310799015014,20.36997436850554,3.0140619719416804,1.0207794204375995,1.0474268069175943,4.444365759671154,0.2280971987667879,6.812605347902907,1.5818199647801867,8.296036635642944,1.2177480144504003,4.922828021680952,18.9719576789766,2.784831457295064,0.19609539340954377,7.602008597417375,11.77157767887846,1.5484825527397599,0.7047514667917775,0.2595653213691312,0.28094819244032826,0.6503092152368235
2,2182,80,17.16527052025705,294.64651203360575,5.68577637355428,1.0207794204375995,1.0474268069175943,4.444365759671154,0.2280971987667879,8.623871625145203,2.0365175944270706,13.956149085682096,1.6183159597354406,15.807432217185731,61.53192321083137,7.135069477544006,0.16793087169561818,12.94529022563708,26.17578727069659,2.0220317053114494,0.5331701752216561,0.19799400422451144,0.21340550521101226,0.4509535195557553
2,2182,160,329.38319790970615,108493.29106522465,11.594443616550649,1.0207794204375995,1.0474268069175943,4.444365759671154,0.2280971987667879,17.644378292616175,4.075448326753439,34.26868466054243,1.9421871426823352,39.7669781867445,434.26296762083354,24.611973310647283,0.15960675900683202,24.959393000842496,130.6368724616424,5.23397634138109,0.2623201552119551,0.23545551842950047,0.23998946149821945,0.34838486279973907
2,2241,1,1.0491656988855391,1.1007486637179817,0.09599055167886414,1.0159188604702862,1.0491656988855391,4.441039759669283,0.14529941505578722,0.14529941505578708,0.03748984863715542,0.14529941505578708,0.9999999999999931,0.0,0.14529941505578708,0.9999999999999931,0.14529941505578708,0.14529941505578708,0.14529941505578708,0.9999999999999931,0.9999999999999931,nan,nan,nan
2,2241,2,1.1010860230494868,1.2123904301549349,0.19259397286364052,1.0159188604702862,1.0491656988855391,4.441039759669283,0.14529941505578722,0.28994888426707643,0.07482962009839526,0.28995964675613284,1.000037118573788,0.0002087564782147072,0.29669197235531886,1.0232561270421383,0.1447397929929431,0.28947741384799586,0.290254705882356,1.0026851560680563,0.9989834475712385,0.34902029170939375,0.34902029170939136,0.9577922840604564
2,2241,5,1.2750274113265754,1.625694899634148,0.48593535491790907,1.0159188604702862,1.0491656988855391,4.441039759669283,0.14529941505578722,0.7159756893519392,0.18390657544324662,0.7157381564210501,0.9996682388320962,0.0058689644943292875,0.7901161430807756,1.1035516356650923,0.14271836937376892,0.7135243421235248,0.7216975743837849,1.0114547350072665,0.9917424996643169,0.2814337659642281,0.2818000935606743,0.8974185540409702
2,2241,10,1.6283158331278715,2.6514124524149145,0.9750924989148868,1.0159188604702862,1.0491656988855391,4.441039759669283,0.14529941505578722,1.3700042648665842,0.3436911016178386,1.3622306418488381,0.9943258402786767,0.04750010991322745,1.7599588574874372,1.2846375026860422,0.13825311963048809,1.381528254255442,1.4101120934455045,1.0206900141940756,0.9660442231371319,0.14177377191442667,0.1446809959827396,0.7978885517157706
2,2241,20,2.5268688806208783,6.38506633985021,1.8539618793835753,1.0159188604702862,1.0491656988855391,4.441039759669283,0.14529941505578722,2.3496599817360058,0.5568014447922346,2.2558057234872346,0.9600562383586116,0.27948524057850466,4.5089531782562595,1.9189811348469643,0.13124381483133638,2.6196024514597367,2.604908700218967,0.9943908468887778,0.8659826439589274,0.10697728305598785,0.10351489608564605,0.6085679334962191
2,2241,40,6.055098397334329,36.66421660140076,3.601801254929956,1.0159188604702862,1.0491656988855391,4.441039759669283,0.14529941505578722,3.8809586920592833,0.8941053570535981,3.8708617659187894,0.9973983422804387,1.1792651453892269,15.509424919153311,3.9962870387893306,0.13579377683943844,5.42274060273795,5.710320264344282,1.0530321626413643,0.6778712203041874,0.08051480665289998,0.0802145431923751,0.44827339340680594
2,2241,80,14.350110446969909,205.92566984023492,5.327515277657933,1.0159188604702862,1.0491656988855391,4.441039759669283,0.14529941505578722,6.381100482292341,1.522296854595151,7.091519854409112,1.1113317952112172,6.83215149948759,59.393345196340746,9.307696276082511,0.1454516269662963,11.566188974804293,18.782965129091508,1.6239545428496964,0.37755060533150836,0.20705595143708014,0.20637321830596228,0.4182758219293519
2,2241,160,148.21522668644766,21967.753421715068,9.997330903514452,1.0159188604702862,1.0491656988855391,4.441039759669283,0.14529941505578722,6.084616409228649,1.4810980394559365,33.82566148870607,5.559210180842635,33.97825405422551,332.5110391599237,54.64782277081561,0.14536052438109529,23.011426161749778,78.88217065260278,3.4279566202516762,0.4288125086931791,0.17310298526284684,0.16280081538165012,0.30846803232818537
2,2300,1,1.0570061454017983,1.1172619914171675,0.11088104174958557,1.0234947776537455,1.057006145401798,4.453821757857523,0.1321824364106668,0.1321824364106667,0.02904265903703393,0.1321824364106667,0.9999999999999925,0.0,0.1321824364106667,0.9999999999999925,0.1321824364106667,0.1321824364106667,0.1321824364106667,0.9999999999999925,0.9999999999999925,nan,nan,nan
2,2300,2,1.1174961940688835,1.2487977437584397,0.22218128348974625,1.0234947776537455,1.057006145401798,4.453821757857523,0.1321824364106668,0.26235998920268927,0.057772702706597526,0.26238431049092814,1.000092701971485,0.00018561577155732576,0.27102011050140584,1.033008544195453,0.13172463987432817,0.2634476831615983,0.26338982421561963,0.999780377852311,0.9961824124083498,0.4060263401146216,0.4060263401146185,0.9454023560896623
2,2300,5,1.3220468359811501,1.74780783652777,0.5583623378537156,1.0234947776537455,1.057006145401798,4.453821757857523,0.1321824364106668,0.6496099618923741,0.14479148168636746,0.6503338121631878,1.0011142844372398,0.005906303194439825,0.7476698871762573,1.1509520035656848,0.13344595537501278,0.6671419087467967,0.6670495395976395,0.9998615449757433,0.9749408005820145,0.3719751321129726,0.37175228732111393,0.8705420233161913
2,2300,10,1.7614090881243327,3.102561975726993,1.132228213957378,1.0234947776537455,1.057006145401798,4.453821757857523,0.1321824364106668,1.309247336701808,0.30093344243251174,1.317796968126731,1.0065301881357724,0.058051872017958334,1.7979273555185231,1.3732526354017816,0.13966050552685833,1.3950180654784003,1.409170741448163,1.0101451560520889,0.93515777000342,0.26187195038574645,0.2573133458852343,0.7725122917538758
2,2300,20,3.1168301260446056,9.714630034619232,2.2736330002328584,1.0234947776537455,1.057006145401798,4.453821757857523,0.1321824364106668,2.5719453603827778,0.6133460426646635,2.6394318153613603,1.0262394590562134,0.5277465983306887,4.65950214335952,1.8116645147803814,0.14254144567098762,2.8483221585745353,3.0284672980856646,1.0632460548638514,0.871540470993291,0.21851742289255274,0.2168734552605383,0.6708312849951565
2,2300,40,6.675994707775488,44.568905338246324,3.797036426150822,1.0234947776537455,1.057006145401798,4.453821757857523,0.1321824364106668,4.323809989865545,1.0026093369062816,4.69974997119861,1.086946462081872,2.915401252859117,14.08811705865328,3.258264607296346,0.14655853967059435,5.853127532265984,6.569381410890951,1.12237113828061,0.7154022087082962,0.22695424378933482,0.23144916836900306,0.5318666199553793
2,2300,80,11.418487186465219,130.3818496274704,4.8704674498313425,1.0234947776537455,1.057006145401798,4.453821757857523,0.1321824364106668,6.900303156071834,1.6610739145510858,12.154081376756265,1.7613836815359967,11.183721082549656,47.410221123776815,6.870744668958318,0.15343844667255302,12.243934247270222,20.10080941796084,1.6416953090418878,0.6046563162723253,0.17084965786878742,0.17231291218312955,0.49346947564429783
2,2300,160,72.41033720555632,5243.256934222373,8.564698136563955,1.0234947776537455,1.057006145401798,4.453821757857523,0.1321824364106668,9.684965499462885,2.0491639815330585,56.108669603482255,5.79337836635494,59.54753903301085,314.9018708786426,32.514506210280935,0.13555588615431305,21.30672877823519,78.60877468547866,3.689387305937713,0.713771074895627,0.18505580611943298,0.19240861558757918,0.3466566491469651
2,2359,1,1.051265141468357,1.1051583976664845,0.09998867100112721,1.024077316003041,1.0512651414683567,4.452996025963897,0.1502405367727408,0.1502405367727409,0.035366453240272516,0.15024053677274093,0.9999999999999936,5.887846720064156e-17,0.15024053677274093,0.9999999999999936,0.15024053677274093,0.15024053677274093,0.15024053677274093,0.9999999999999933,0.9999999999999933,nan,nan,nan
2,2359,2,1.1052658013486902,1.2216124916309623,0.20017170050111285,1.024077316003041,1.0512651414683567,4.452996025963897,0.1502405367727408,0.3027989260757569,0.07158358755414676,0.30275217555220235,0.9998456053851925,0.0004426472773181684,0.3095420527429664,1.022269321607572,0.15094773006780554,0.301892162334371,0.3031271775291733,1.004090915064676,0.9987628889628815,0.2172644671228826,0.21726446712288117,0.9593713480398299
2,2359,5,1.282456481687924,1.6446946274233687,0.4975547301599873,1.024077316003041,1.0512651414683567,4.452996025963897,0.1502405367727408,0.7762091628082333,0.18577733691145482,0.7749458027202282,0.9983723973530081,0.01272483798992951,0.8502810848145794,1.0954277861631543,0.1540591673199041,0.7701478148968403,0.7823862158864333,1.0158909767097521,0.9904901019277592,0.06216082262941889,0.061525123814267745,0.9033171229753899
2,2359,10,1.6192921499678423,2.622107066947477,0.9639782185838981,1.024077316003041,1.0512651414683567,4.452996025963897,0.1502405367727408,1.6042372761791006,0.38923670841130315,1.5970952728783756,0.9955480380572277,0.10568838442625969,1.9923096081511253,1.241904572181689,0.16040795760750934,1.602563264008082,1.6535123204437339,1.031792227851414,0.9658804794691707,0.0753580360881083,0.07675527648128835,0.8196203817214963
2,2359,20,2.4080300565237125,5.798608753121594,1.7576180186274784,1.024077316003041,1.0512651414683567,4.452996025963897,0.1502405367727408,3.0834079763709408,0.7433727596515987,3.124416997721893,1.0132999011694903,0.6371173302613032,5.292361897716621,1.7164001449933126,0.16051480596297463,3.2054385947300266,3.4353406145349457,1.0717224844621553,0.9094926379359491,0.10630585898368779,0.10568998367415897,0.6632636742210337
2,2359,40,4.689446116727563,21.99090488169122,3.090628953410414,1.024077316003041,1.0512651414683567,4.452996025963897,0.1502405367727408,4.447881992984868,1.0784500547235394,5.701428547743912,1.2818299938568778,3.1557856794024084,18.546401422096302,4.1697152602850975,0.1365307257374181,5.336432603402295,6.88236406359031,1.2896938039098236,0.8284113561946124,0.26407720899984416,0.242573743920018,0.48875302963941525
2,2359,80,12.657727232643133,160.21805869599558,5.076535754223712,1.024077316003041,1.0512651414683567,4.452996025963897,0.1502405367727408,6.349524827135211,1.6172643693418987,17.1599184510553,2.7025515953132415,16.788074664628084,66.76702080324529,10.515278327271197,0.120821329968648,9.435118698338023,22.04131190754374,2.3360926992287085,0.7785343505430019,0.25732761407772264,0.25435080824021905,0.4499754030816655
2,2359,160,76.03965426535173,5782.0290207942235,8.662509941725617,1.024077316003041,1.0512651414683567,4.452996025963897,0.1502405367727408,9.93716297982575,2.2276197386265784,28.649887074895155,2.883105281966255,28.337069089766544,180.58280595274888,18.17247098788304,0.11993986073393438,18.800407500692273,57.869844633338595,3.0781165052516917,0.49507454627569647,0.1694930611984169,0.18133071738850584,0.3460843863031068
2,2418,1,1.0509362163631413,1.1044669308636752,0.09936280306193183,1.012851297187315,1.0509362163631395,4.450753151585897,0.10521378666069109,0.10521378666069131,0.027532387429448964,0.10521378666069131,0.9999999999999905,0.0,0.10521378666069131,0.9999999999999905,0.1052137866606913,0.10521378666069131,0.10521378666069131,0.9999999999999905,0.9999999999999905,nan,nan,nan
2,2418,2,1.1045270272473606,1.2199799539198917,0.19883442739696777,1.012851297187315,1.0509362163631395,4.450753151585897,0.10521378666069109,0.20865451848489444,0.05483613743940848,0.2086496610681637,0.9999767202897546,0.00012907756632982853,0.21446377888902896,1.0278415269715524,0.1045354642591875,0.2090664980951371,0.20881829074277208,0.9988127827527246,0.9991924573560603,0.2932956149090725,0.29329561490906975,0.9489609107282606
2,2418,5,1.279945190029016,1.6382596894784138,0.4936345134497595,1.012851297187315,1.0509362163631395,4.450753151585897,0.10521378666069109,0.5065104229270455,0.1345227873647856,0.5063080196329367,0.9996003965862338,0.0037042876736928516,0.5675657027142882,1.1205410136170793,0.10225935427658053,0.5111786137336998,0.5099908861335121,0.9976764919965775,0.9927785640867076,0.29651918191122395,0.29653594972216113,0.8806371693826971
2,2418,10,1.6074671090526549,2.5839505066861,0.9493194319776705,1.012851297187315,1.0509362163631395,4.450753151585897,0.10521378666069109,0.9454791533699451,0.2526576265188904,0.942845593940552,0.9972145769475642,0.031147984075055885,1.2431410770710731,1.314826532811621,0.09814414337293427,0.9802847945998654,0.9830980794574468,1.002869864832218,0.9590554733469622,0.2842631308726524,0.28562117223870753,0.7890169827698059
2,2418,20,2.2865601712451458,5.228357416724631,1.6540971592867721,1.012851297187315,1.0509362163631395,4.450753151585897,0.10521378666069109,1.5313898600369928,0.39302146488735323,1.5090864397483637,0.9854358312859068,0.17376821871849357,3.0504096396625764,1.9919223179320824,0.09761808133918712,1.9486004305194764,2.0157506547307187,1.0344607458561117,0.7486473767014401,0.17408032092315212,0.1772374796471576,0.6718604403248779
2,2418,40,3.376856756495379,11.40316155388849,2.433890646240255,1.012851297187315,1.0509362163631395,4.450753151585897,0.10521378666069109,2.562975721031747,0.5478153817125436,2.4508502100883813,0.9562518247741225,0.686522853564515,9.708819322018318,3.7881042892243824,0.12096030883722599,4.745866143712851,4.8355447454693135,1.0188961506795267,0.5068405607009875,0.09867012858429212,0.1122969102475824,0.5121701162458863
2,2418,80,7.0097707904224675,49.13688653426003,3.8946100059945934,1.012851297187315,1.0509362163631395,4.450753151585897,0.10521378666069109,4.139597157972643,0.9394016019940633,5.699707847637479,1.376875002597812,3.652301584195589,39.817395766857715,9.61866438867645,0.11819319424682113,9.316725714532033,12.275959116404303,1.3176259012601943,0.4642983732343151,0.08858703444148033,0.08415294255918725,0.3790734906852027
2,2418,160,19.397748681282337,376.27265390219065,5.930314023957373,1.012851297187315,1.0509362163631395,4.450753151585897,0.10521378666069109,5.110788552620873,1.3644556905988319,17.01070417334894,3.32839130365228,19.09202289714986,189.18023167417658,37.01585963229934,0.11921879980313245,18.720193776881096,44.866281612182114,2.3966782687682797,0.37914227705311304,0.12603295811075013,0.12388865241279466,0.2827997522355543
2,2477,1,1.0619112239502084,1.1276554475514298,0.12014065211682305,1.021206655732009,1.061911223950209,4.454174475862515,0.10490862820279097,0.104908628202791,0.02212517790880424,0.104908628202791,0.9999999999999905,0.0,0.104908628202791,0.9999999999999905,0.104908628202791,0.104908628202791,0.104908628202791,0.9999999999999905,0.9999999999999905,nan,nan,nan
2,2477,2,1.1275968147522044,1.2714745766393172,0.24017731090178054,1.021206655732009,1.061911223950209,4.454174475862515,0.10490862820279097,0.20739607186271236,0.043846354130782354,0.207367517883069,0.9998623215021003,7.06574716900164e-05,0.21416192706571244,1.0326228705405653,0.10378811643018893,0.20756400289336174,0.20787389636447673,1.0014930019983919,0.9975640112093687,0.37862788512970047,0.37862788512969686,0.9436084197089973
2,2477,5,1.347195569014006,1.8149359011709716,0.5960501509339395,1.021206655732009,1.061911223950209,4.454174475862515,0.10490862820279097,0.5031298933441645,0.10740327147705563,0.5024997219844277,0.9987474976778875,0.0023542734435715094,0.5814852678287555,1.1557358756081526,0.1021175736524807,0.5105289138754157,0.5130368071102284,1.0049123431928162,0.9794613466718818,0.3743554664002626,0.3741671878174949,0.8619965226271158
2,2477,10,1.7767258292589285,3.1567546723558273,1.1495444974514446,1.021206655732009,1.061911223950209,4.454174475862515,0.10490862820279097,0.9735793790624339,0.21207193846405387,0.9734674296742981,0.9998850125726322,0.02378471586812703,1.3785060420814654,1.4159154063112742,0.10247416682695806,1.0246628303403957,1.0474444017818214,1.0222332368920384,0.9293738436315272,0.2985897080779858,0.29831128035390136,0.7563474400507469
2,2477,20,2.472591485503852,6.113708654186147,1.8105335700902139,1.021206655732009,1.061911223950209,4.454174475862515,0.10490862820279097,1.8416810833296413,0.41632835079814545,1.8658463253150535,1.0131212956489306,0.20549965555932692,3.4052164427514375,1.8489718299082611,0.10111385304155636,2.021699693370791,2.239473066448979,1.1077179631536138,0.8331631012975889,0.13621569338202408,0.13685239717415304,0.6791023117186298
2,2477,40,5.11936320773213,26.207879652681402,3.2660601156531484,1.021206655732009,1.061911223950209,4.454174475862515,0.10490862820279097,2.404300684381045,0.5439899330796609,2.70223025890997,1.1239152725215906,1.2853164035563998,10.339105060752047,4.300254592912411,0.09948759239926708,3.9544987972345553,4.574220746867538,1.1567131465728004,0.5907520446538305,0.0722902901609478,0.07287375649818147,0.49711375347149117
2,2477,80,13.879985017097557,192.65398407485267,5.260895751236491,1.021206655732009,1.061911223950209,4.454174475862515,0.10490862820279097,4.890083694384665,1.2407268057565937,6.322990604094928,1.2930229826854873,3.5267460796879417,45.64511009945611,9.334218584412138,0.12127519197357352,9.505564774709995,13.181201929108976,1.3866826686803697,0.47969757523639944,0.12178470939995421,0.13199129967538722,0.3525058138218655
2,2477,160,49.728762714376685,2472.9498411027807,7.813166984704634,1.021206655732009,1.061911223950209,4.454174475862515,0.10490862820279097,10.553904279727105,2.413293065543769,33.296778497147095,3.154925193049795,37.76981036730044,300.4650445873248,28.46956317052119,0.11213941184246043,17.573029953788634,71.67527593299467,4.078709028635209,0.4645504054741896,0.22901086804818863,0.2179925376997605,0.3202396688133193
2,2536,1,1.0572901887538633,1.1178625432351799,0.1114184183683409,1.0272033670346856,1.0572901887538646,4.4427041334928985,0.14897762640166604,0.1489776264016659,0.03225537727953734,0.1489776264016659,0.9999999999999933,0.0,0.1489776264016659,0.9999999999999933,0.1489776264016659,0.1489776264016659,0.1489776264016659,0.9999999999999933,0.9999999999999933,nan,nan,nan
2,2536,2,1.1185809362252743,1.2512233108866113,0.22412172145905623,1.0272033670346856,1.0572901887538646,4.4427041334928985,0.14897762640166604,0.2952804840537437,0.06404456374424798,0.2952275344424544,0.9998206802882352,0.00018396723107061183,0.3054802030947387,1.0345424760247195,0.14839098029557365,0.2967796321319276,0.2955767519534477,0.9959468910658054,0.9988185217251143,0.36834566338843217,0.3683456633884297,0.9371920068416374
2,2536,5,1.3276216347362026,1.7625792050196272,0.5667781937127874,1.0272033670346856,1.0572901887538646,4.4427041334928985,0.14897762640166604,0.7218344944423548,0.15796205282078504,0.7201671488004819,0.9976901275088523,0.005246938018155774,0.8276249681641505,1.1465577975786843,0.1466982482644486,0.7334475558277183,0.7273316593391135,0.9916614399488948,0.9901495962032747,0.3547270704481,0.3547543033998685,0.8572262516466735
2,2536,10,1.7583705504798852,3.0918669927949347,1.128775113239437,1.0272033670346856,1.0572901887538646,4.4427041334928985,0.14897762640166604,1.403936012513007,0.31623281005552784,1.387949669870959,0.9886131971118585,0.04786899899664938,1.9056291922113209,1.3573476107364006,0.14331494440638595,1.432571299060291,1.4437888577207691,1.0078303667453308,0.9613245471793144,0.33902419714772536,0.3390838220380082,0.7561241342774246
2,2536,20,2.776701101620085,7.710069007738193,2.0425271379551826,1.0272033670346856,1.0572901887538646,4.4427041334928985,0.14897762640166604,2.565315591523172,0.6430007367852685,2.4548986376798316,0.956957750458383,0.3387178605659231,4.822724615067768,1.8799732208403428,0.1310885734399776,2.6043161716278376,2.823519800872149,1.0841693614747616,0.8694462269829112,0.2761603060866788,0.28147834943156214,0.6311249663715618
2,2536,40,6.0205406835110375,36.24691012181155,3.590354139648726,1.0272033670346856,1.0572901887538646,4.4427041334928985,0.14897762640166604,3.708950276968631,0.9987640218239219,3.5079913638939,0.9458178465420201,1.3920053512536508,14.715458665923688,3.9675535035618767,0.11489534556291857,4.523646437520502,5.352822603992669,1.1832981816604247,0.6553535626750062,0.15484891646462223,0.16009952034793445,0.4531480824182793
2,2536,80,9.077052292557259,82.39287832181898,4.411499005047035,1.0272033670346856,1.0572901887538646,4.4427041334928985,0.14897762640166604,4.48132502586004,1.0548422046072756,7.334536447593815,1.6366892392917194,5.380879091044859,42.50596790451916,9.48513389661165,0.10343761978002014,8.129902809462457,14.375633457581442,1.7682417360327514,0.5102061393841198,0.28573950556418626,0.2692460304537963,0.444601070324212
2,2536,160,37.94625131612,1439.9179889461386,7.272341438827476,1.0272033670346856,1.0572901887538646,4.4427041334928985,0.14897762640166604,9.747688110793286,2.1307662174500175,33.037702943724945,3.3892860099969147,32.3661649261828,241.13647316898167,24.737811717834852,0.10823203675541637,17.06835635558123,72.85738189102759,4.268564610042475,0.45345718012677516,0.18937306108493002,0.1771263868973321,0.3559582369015363
2,2595,1,1.0523174969607951,1.107372114409833,0.10198974395353456,1.0191593449473855,1.0523174969607951,4.447263164595448,0.0808303509587569,0.08083035095875657,0.02075962851959551,0.08083035095875657,0.9999999999999877,0.0,0.08083035095875657,0.9999999999999877,0.08083035095875657,0.08083035095875657,0.08083035095875657,0.9999999999999877,0.9999999999999877,nan,nan,nan
2,2595,2,1.1078947614857366,1.2274308025275373,0.20492320641121503,1.0191593449473855,1.0523174969607951,4.447263164595448,0.0808303509587569,0.16326093001596362,0.04183328520425951,0.16329268491808313,1.000194503988893,7.861985484989359e-05,0.16721242840947154,1.0242035764044741,0.0814432780225921,0.16288197759720113,0.16353498555748697,1.004009086640019,0.9985183559433547,0.511296858753806,0.5112968587537997,0.9568176581771485
2,2595,5,1.2954041629519633,1.6780719453932766,0.5176454828072116,1.0191593449473855,1.0523174969607951,4.447263164595448,0.0808303509587569,0.42459648451240206,0.10781852417545941,0.42565073220608846,1.0024829402318205,0.002463029510263175,0.46666123866456694,1.0990699539127604,0.0836277268350401,0.418010821825548,0.42993239282031875,1.0285197664086914,0.9900410839338158,0.55143221420376,0.5515732503969305,0.9048963439185798
2,2595,10,1.6802069194329634,2.8230952921104087,1.0378339043199256,1.0191593449473855,1.0523174969607951,4.447263164595448,0.0808303509587569,0.9317918897388057,0.2315036459277693,0.942635746916094,1.0116376385078079,0.0243266168791478,1.139285329734405,1.2226821700001718,0.0874999994193196,0.8739460473927468,0.9699050033369961,1.10979963377662,0.9718846110422338,0.5855289499669102,0.5853808240693277,0.8439814875157027
2,2595,20,2.623216263039774,6.881263562676358,1.9288022924480526,1.0191593449473855,1.0523174969607951,4.447263164595448,0.0808303509587569,2.3208489884430907,0.5484353716016732,2.4013836646348805,1.034700524072363,0.24865703943877104,3.4125272281103727,1.470378833393903,0.0935026929300819,1.8648118247814651,2.596136461225421,1.3921707416938207,0.9249836056388906,0.5742597842718008,0.5704865636047737,0.7689848381933163
2,2595,40,4.18862219306904,17.544555876270497,2.8647436953075784,1.0191593449473855,1.0523174969607951,4.447263164595448,0.0808303509587569,5.04818705135581,1.1544106699548995,6.117619620660974,1.2118448778592588,2.880474360299679,15.281745598714615,3.0271749923787667,0.11038785093908529,4.3608205836774285,8.954836218282626,2.0534750390329326,0.6831637644216144,0.3638266918141583,0.3464047224710864,0.6067102843924854
2,2595,80,18.60850337971751,346.27639803295807,5.847237294401819,1.0191593449473855,1.0523174969607951,4.447263164595448,0.0808303509587569,4.104593868678385,0.9168542312826969,10.89200826951488,2.6536141255363552,12.126298806325714,50.59887294200428,12.327376242535857,0.10654344564819508,8.415532978849766,22.826904523917054,2.7124728262947193,0.4771566051850219,0.23066396810153006,0.22133191822174028,0.48549262751135663
2,2595,160,70.20905912166852,4929.311982749945,8.502954700046184,1.0191593449473855,1.0523174969607951,4.447263164595448,0.0808303509587569,5.956485552746442,1.1726981078590266,34.523160423028244,5.795894259679712,35.99811923868054,200.95395173693535,33.73699977233699,0.11381420307804054,18.02217188389341,64.56289243923447,3.582414642096215,0.5347214029408746,0.2011302560200226,0.20558641977847572,0.35954545476627814
2,2654,1,1.0492282490302458,1.1008799185630755,0.09610978600049828,1.0201925766379702,1.049228249030247,4.447714496419941,0.08369266605824789,0.08369266605824789,0.0201108043533772,0.08369266605824789,0.999999999999988,0.0,0.08369266605824789,0.999999999999988,0.08369266605824789,0.08369266605824789,0.08369266605824789,0.999999999999988,0.999999999999988,nan,nan,nan
2,2654,2,1.0996282106662822,1.2091822016931295,0.1899442647386976,1.0201925766379702,1.049228249030247,4.447714496419941,0.08369266605824789,0.1640337984756043,0.03955765401626904,0.16403800098823262,1.0000256197970565,7.171092767753588e-05,0.16956909433129222,1.0337448495805583,0.08277841271541603,0.16554661447510866,0.1642664926297197,0.9922673027808586,0.9986090185659279,0.017455825854262697,0.01745582585426249,0.9395474789867495
2,2654,5,1.2560590427092755,1.5776843187717415,0.455958150935268,1.0201925766379702,1.049228249030247,4.447714496419941,0.08369266605824789,0.3879687742391565,0.09431912779229756,0.38817742573476127,1.0005378048684794,0.002111671361714424,0.4451845051562705,1.1474750926265094,0.0811538386605814,0.40570159227720654,0.39303925604431633,0.9687890398412847,0.9876301661099016,0.03454992101796631,0.03421922120009649,0.8612867396646572
2,2654,10,1.5204947023449664,2.311904139859108,0.8380714879519029,1.0201925766379702,1.049228249030247,4.447714496419941,0.08369266605824789,0.7298054520483569,0.17716122135091608,0.7321266231903506,1.0031805341210838,0.01988636746599109,0.9949240370837173,1.3632729575960914,0.08215908828893317,0.8212945164345764,0.7749656521321828,0.9435904375649328,0.9447213836845942,0.11561288977207676,0.11560928937084312,0.7695740275402653
2,2654,20,1.9928755670841938,3.971553025881147,1.3791572086023578,1.0201925766379702,1.049228249030247,4.447714496419941,0.08369266605824789,1.4381330186660812,0.32446236553429036,1.4332977050548377,0.9966377841628797,0.13866571230050043,2.55986825041917,1.7799940737008706,0.09230221808474122,1.8329508867198727,1.7928421044911813,0.9781179176598297,0.7994556249344751,0.16051268595796264,0.15561312517080422,0.6980741596502588
2,2654,40,3.9441941470555184,15.556667469667008,2.744489322911377,1.0201925766379702,1.049228249030247,4.447714496419941,0.08369266605824789,2.3574606945511007,0.5071099774317089,2.2546412679897054,0.9563855181980141,0.6028476285974198,9.876475611451365,4.189455049782709,0.10634469102628967,4.207129627315726,4.1707960306155245,0.9913638038475691,0.5405781657601141,0.06197544553684995,0.058750374398273054,0.45216171050191434
2,2654,80,17.243040774437457,297.3224551489127,5.6948172574205795,1.0201925766379702,1.049228249030247,4.447714496419941,0.08369266605824789,4.529775788659338,1.0210114260910426,5.997521323874604,1.3240216742934354,3.659482631216938,44.44956370929551,9.812751399435399,0.11167566861416676,8.846948976310895,10.819757299636468,1.2229930712393704,0.5543120014416695,0.1714226057608834,0.17272018783745155,0.3440511431434374
2,2654,160,86.07792314385964,7409.408852760206,8.910505938152344,1.0201925766379702,1.049228249030247,4.447714496419941,0.08369266605824789,6.366692705927515,1.3620690790155998,12.724460750731346,1.9985982264990774,12.407838613328034,306.7689516171049,48.183407898970366,0.1467608786366617,22.51716698569419,74.64090784662068,3.3148445314653574,0.17047569647570193,0.14683221073068053,0.14969283176737416,0.3134995786133242
2,2713,1,1.0552960934241227,1.1136498447962146,0.10764276965038888,1.0184599453367584,1.0552960934241227,4.447788187239487,0.11821338628456561,0.11821338628456561,0.029840774512966045,0.11821338628456561,0.9999999999999916,0.0,0.11821338628456561,0.9999999999999916,0.11821338628456561,0.11821338628456561,0.11821338628456561,0.9999999999999916,0.9999999999999916,nan,nan,nan
2,2713,2,1.1136689167209994,1.2402584560705243,0.2153197902128874,1.0184599453367584,1.0552960934241227,4.447788187239487,0.11821338628456561,0.23358788080081025,0.05901966657335529,0.2335896537040722,1.0000075898769014,0.00018120420836970075,0.23997962691937197,1.0273633464914698,0.11670214901408134,0.2333844697740673,0.23383786011988553,1.001942675732692,0.9989385533391082,0.255924082546914,0.25592408254691185,0.9507904937378148
2,2713,5,1.3065177783767792,1.7069887052145947,0.5347308270444225,1.0184599453367584,1.0552960934241227,4.447788187239487,0.11821338628456561,0.5635466362587943,0.14189185230636303,0.5637681007264087,1.0003929833901302,0.0051912098565857386,0.6300725958460323,1.1180487209166599,0.11225872731674137,0.5608937958343692,0.5687278174563988,1.0139670320481529,0.991279278808318,0.291044129611916,0.29072868948642044,0.8870363867498462
2,2713,10,1.6745391821946298,2.8040814727050596,1.0310760246364847,1.0184599453367584,1.0552960934241227,4.447788187239487,0.11821338628456561,1.066827804661081,0.26243533461645213,1.0741936314724958,1.0069044196066428,0.04561337162781236,1.3957681650026177,1.3083350086155991,0.10608540152923346,1.0583708324165135,1.116509857508546,1.0549325655160828,0.9620995499936934,0.35055739400264757,0.3493607690936708,0.80253421055497
2,2713,20,2.382782977438156,5.677654717569044,1.7365382456291885,1.0184599453367584,1.0552960934241227,4.447788187239487,0.11821338628456561,1.9626439348032287,0.44614874743315514,2.122582335259131,1.0814912973360786,0.33787108144205846,3.6945630965476357,1.8824418586747087,0.10462597333036083,2.0875261953795077,2.48758138165643,1.1916407981669388,0.8532715154210335,0.39821291368619677,0.3963608700067356,0.6962309169315842
2,2713,40,3.0780985897700996,9.474690928344677,2.248624130736686,1.0184599453367584,1.0552960934241227,4.447788187239487,0.11821338628456561,3.457328337508004,0.6866845954714753,4.947717910813636,1.4310812939392048,1.9715804753546546,12.531064827006503,3.6244937141372935,0.1180650768744098,4.686610459956193,7.444315088104616,1.5884219846541714,0.6646303726073698,0.4198372854089342,0.42476514980487545,0.6315001335819896
2,2713,80,6.260564189516092,39.194663971051284,3.668540614343348,1.0184599453367584,1.0552960934241227,4.447788187239487,0.11821338628456561,6.204773917369011,1.2222678217648124,14.786582080404417,2.3830976401915893,11.491903692184026,66.95351363462488,10.790645159076954,0.15407875024573744,11.83215904577644,27.60235600638647,2.3328249645392733,0.5356999988328237,0.1676160385900413,0.1467756097147344,0.44493101704420696
2,2713,160,49.44337188122392,2444.647022985004,7.801656024609772,1.0184599453367584,1.0552960934241227,4.447788187239487,0.11821338628456561,7.480728564623988,1.6067334924878938,60.738094227831205,8.11927524212799,61.15742424142186,361.41272354398455,48.31250331058504,0.15192523851259743,23.562523403483343,115.27467949151664,4.892289230553088,0.5268988341216866,0.21749780809484265,0.20525513221935296,0.3636703766483849
2,2772,1,1.068649710121383,1.142012202942516,0.13279179676562108,1.0186140468903924,1.0686497101213837,4.439086865046803,0.20458765480796512,0.20458765480796512,0.03927550132486998,0.20458765480796512,0.9999999999999951,0.0,0.20458765480796512,0.9999999999999951,0.20458765480796512,0.20458765480796512,0.20458765480796512,0.9999999999999951,0.9999999999999951,nan,nan,nan
2,2772,2,1.1413092992385327,1.3025869165283508,0.2643522229590021,1.0186140468903924,1.0686497101213837,4.439086865046803,0.20458765480796512,0.4154640133811042,0.07998609716930967,0.415455834782664,0.9999803145442738,0.00039314169950568516,0.4279577562735264,1.0300717811652214,0.20695847374696313,0.41389009438171154,0.4158695865514653,1.0047826517150882,0.9990050925045199,0.15518643340793392,0.15518643340793317,0.9447158664856135
2,2772,5,1.380520377109798,1.905836511615379,0.6449210259053142,1.0186140468903924,1.0686497101213837,4.439086865046803,0.20458765480796512,1.0712557506720424,0.20822656312098592,1.0710104849358766,0.9997710483831587,0.012043202701237328,1.2168129397898217,1.1358752931094784,0.21263889827167828,1.0628807388696135,1.0792117748976322,1.015364880960573,0.992400666715729,0.13108662233180773,0.13093805772892778,0.8647651493208652
2,2772,10,1.820144020724642,3.312924256179666,1.1978312604483965,1.0186140468903924,1.0686497101213837,4.439086865046803,0.20458765480796512,2.142510588194337,0.4223001388668701,2.1369676427403212,0.9974128737171432,0.10353024495780709,2.9472920317416578,1.375625421868077,0.2167691522703201,2.1669854041503416,2.205976444752311,1.0179932179179845,0.9687173441148239,0.0931640899258291,0.09321394272777986,0.741691007274185
2,2772,20,2.651793244209611,7.032007410035733,1.9504722141416684,1.0186140468903924,1.0686497101213837,4.439086865046803,0.20458765480796512,3.6822436456209195,0.7264524380749487,3.5936070489291274,0.9759286442663284,0.628734517980199,7.700274292659409,2.091190869951504,0.21187434133837613,4.234369652302579,4.176241714479659,0.9862723515904398,0.8604882798018012,0.046015406693650625,0.04571026192860152,0.5784564699364786
2,2772,40,4.851513686158069,23.53718504697905,3.158581512990041,1.0186140468903924,1.0686497101213837,4.439086865046803,0.20458765480796512,5.149673939108374,1.081739310198233,5.246127387447983,1.0187300107696349,2.6436374289008238,22.960514191899893,4.4586345588853575,0.2039585306297849,8.145115428632886,9.050224411915913,1.1111229166994068,0.5796682102756154,0.13952193612331337,0.13696811917460802,0.46913475313109715
2,2772,80,11.98220742897881,143.573294871075,4.96684567045539,1.0186140468903924,1.0686497101213837,4.439086865046803,0.20458765480796512,7.857597065576758,1.6885907684112478,11.015265202237261,1.4018618046086746,14.275712661685445,90.85468052890386,11.562654558469013,0.1737292906826952,13.597974369769556,25.954445108141,1.9086993696533083,0.42440765565749494,0.19588646232384402,0.19114342063956596,0.4083180210674256
2,2772,160,65.32332487120378,4267.1367722288305,8.358698336161252,1.0186140468903924,1.0686497101213837,4.439086865046803,0.20458765480796512,9.62394216458209,2.3176921510633823,21.199111984509056,2.2027472341350673,28.409349953327347,542.1977798041156,56.33842873656337,0.15919775256517035,24.533450841850062,121.68137974648445,4.959815092091157,0.1742182084775508,0.20970943007460116,0.19882889037714252,0.32718170335570024
2,2831,1,1.054528234566112,1.112029797497121,0.10618699177973648,1.0270771978632331,1.0545282345661122,4.449646667288225,0.1325550766517037,0.13255507665170374,0.029612443814937644,0.1325550766517038,0.9999999999999929,5.81874973016778e-16,0.1325550766517038,0.9999999999999929,0.1325550766517038,0.1325550766517038,0.1325550766517038,0.9999999999999925,0.9999999999999925,nan,nan,nan
2,2831,2,1.1113920147835008,1.2351922105245292,0.211226594022157,1.0270771978632331,1.0545282345661122,4.449646667288225,0.1325550766517037,0.2657435977215685,0.05919120968101827,0.2658305570396756,1.0003272301528678,0.0001807455411529497,0.2748811220410679,1.0343847392668784,0.13385176641143345,0.26769109108450706,0.26599834067277217,0.9936764783434593,0.9993692305272537,0.12992013550120685,0.12992013550120585,0.9364358329223513
2,2831,5,1.2964205962133484,1.6807063622861738,0.5192141587910315,1.0270771978632331,1.0545282345661122,4.449646667288225,0.1325550766517037,0.667915890144938,0.14742656757309128,0.670763179991309,1.00426294670988,0.005319116860705918,0.7620653389695464,1.1409600373546687,0.13713634751876694,0.685516117995592,0.674059483291061,0.9832875779229955,0.9951097738679396,0.16196452725696342,0.16253989370057623,0.8607082598479862
2,2831,10,1.6522396238263364,2.7298957745417933,1.0042634306445577,1.0270771978632331,1.0545282345661122,4.449646667288225,0.1325550766517037,1.3404656147740612,0.29192000839979826,1.3670325202707703,1.0198191622402681,0.04630725602906906,1.7880870466507304,1.3339298128524657,0.14098996624815804,1.4091851473623378,1.3934855959186803,0.9888591279342928,0.9810166135011453,0.1842416696444639,0.18559064092588065,0.770973473952374
2,2831,20,2.4779137455373212,6.140056530322797,1.8148339490096315,1.0270771978632331,1.0545282345661122,4.449646667288225,0.1325550766517037,2.624979837164983,0.5640812533453549,2.777091104494549,1.057947594558992,0.34110436849950304,4.600863103408825,1.752723216486807,0.14296027028745092,2.8579003613329887,2.951728274245876,1.032831065135218,0.940835621193504,0.15601848071534202,0.15708085608929395,0.6658197724803346
2,2831,40,4.740705981097698,22.47429319921549,3.1123721315524078,1.0270771978632331,1.0545282345661122,4.449646667288225,0.1325550766517037,5.0792166983878255,1.0992776805511733,6.148281059723596,1.210478194733274,2.4905658825150323,14.628125447922462,2.8799963294666115,0.13224270752755832,5.263676418900722,6.9304753172577325,1.316660593415639,0.8871369968541151,0.31843774265737335,0.31722967697116117,0.5448625215492283
2,2831,80,27.073213450246737,732.9588865226208,6.597089610985647,1.0270771978632331,1.0545282345661122,4.449646667288225,0.1325550766517037,10.725199016831935,2.586703704299214,22.079833346987794,2.058687518276919,20.63517563012399,66.06759447789527,6.160034361526528,0.15428769664826003,12.08272198218633,29.486754718075836,2.440406620424473,0.7488051349866764,0.32693659356156235,0.30758540929030537,0.4750892044260862
2,2831,160,285.6926743560624,81620.30418071912,11.309833335744313,1.0270771978632331,1.0545282345661122,4.449646667288225,0.1325550766517037,13.82955412639063,3.5115628841963753,45.62228880352059,3.298898025675361,54.46356908894625,336.31415830460304,24.318510577490144,0.12513079488078774,18.961086108332516,100.7070276011631,5.311247838113401,0.4530199122170664,0.20461454925458875,0.20027330024324352,0.35332069692803453
2,2890,1,1.0667806171651555,1.1380208851592701,0.12929068804827354,1.0406150861717411,1.0667806171651542,4.446950639514612,0.1937757449282117,0.1937757449282117,0.04304652117233291,0.1937757449282117,0.9999999999999949,0.0,0.1937757449282117,0.9999999999999949,0.1937757449282117,0.1937757449282117,0.1937757449282117,0.9999999999999949,0.9999999999999949,nan,nan,nan
2,2890,2,1.1383864015048182,1.2959235991310891,0.2592236449046476,1.0406150861717411,1.0667806171651542,4.446950639514612,0.1937757449282117,0.3832640742932284,0.08617054365570526,0.38316378679165786,0.9997383331538274,0.00042652967140824056,0.40032066282343803,1.0445034890412372,0.19361777934815091,0.3872354297127557,0.3841757364602951,0.9920986226525522,0.9973659198835353,0.14604156660186662,0.14604156660186587,0.921952769844744
2,2890,5,1.3830573991332242,1.9128477692971586,0.6485931103430138,1.0406150861717411,1.0667806171651542,4.446950639514612,0.1937757449282117,0.9208566969039542,0.21488062792431523,0.9197045298962395,0.9987488096556288,0.01180153323545161,1.0986003464658995,1.1930198804651608,0.19171659436651836,0.9585213042393903,0.9372572653795469,0.9778157890014579,0.9812722332152845,0.1525915966654402,0.15269648890172233,0.8281705994048657
2,2890,10,1.8892634365129009,3.5693163325445356,1.2723740739634877,1.0406150861717411,1.0667806171651542,4.446950639514612,0.1937757449282117,1.6856408671280851,0.4126194181866189,1.6777576357582606,0.9953233031284673,0.1034023103849119,2.489054869664311,1.4766222854486455,0.1823785165896419,1.8201511479262171,1.7947048167568729,0.9860196604010949,0.934837651347065,0.1040676902342264,0.10699799275437985,0.7273127448237404
2,2890,20,3.1283997188921537,9.786884801164506,2.2810432037771373,1.0406150861717411,1.0667806171651542,4.446950639514612,0.1937757449282117,2.6057623274826067,0.6318892082072957,2.481971940776859,0.9524936002796,0.6683446696687285,6.041048955547139,2.31834227236807,0.15825779783333702,3.109196563462999,3.2199468532415025,1.03562022777201,0.7708114617725044,0.1910296400934058,0.1762936581310051,0.6013637330129598
2,2890,40,4.860763025262444,23.627017187758508,3.1623908533436595,1.0406150861717411,1.0667806171651542,4.446950639514612,0.1937757449282117,3.1909378090089064,0.760648782286511,3.318125907421514,1.0398591592896356,1.804746585538554,18.727185158884687,5.8688656062216635,0.12796067000873176,4.8593890926261905,7.600167601278931,1.5640170927682442,0.43658588619324007,0.28613482851641436,0.2682673831055787,0.5183042596598905
2,2890,80,6.76730577004674,45.796427385307894,3.8242060833900147,1.0406150861717411,1.0667806171651542,4.446950639514612,0.1937757449282117,3.193088064719696,0.8022030517920647,8.835816120645815,2.767169568002961,7.064138533857494,57.30969734281066,17.948047839965085,0.1093250181050422,8.2825311735696,23.827810274449643,2.876875411044224,0.3708194760187588,0.17502207591496052,0.1807560454514403,0.4671117785064084
2,2890,160,12.939291330815585,167.42526014371936,5.120537043587467,1.0406150861717411,1.0667806171651542,4.446950639514612,0.1937757449282117,3.3097502786041777,0.7442502141993046,24.538514267171678,7.414007765419785,25.191598364786966,231.2110707946195,69.85755761976344,0.0985803342055166,15.194015818671778,61.505455551654855,4.048005233486159,0.3989648405508225,0.18233663441669382,0.19289946490642307,0.3314958784681483
2,2948,1,1.0658177279328178,1.1359674291758741,0.12748464838781348,1.0216952442236031,1.0658177279328176,4.457885835390839,0.08551402203178056,0.08551402203178053,0.021986704979764536,0.08551402203178053,0.9999999999999883,0.0,0.08551402203178053,0.9999999999999883,0.08551402203178053,0.08551402203178053,0.08551402203178053,0.9999999999999883,0.9999999999999883,nan,nan,nan
2,2948,2,1.1350824618411817,1.2884121951794376,0.2534106037975721,1.0216952442236031,1.0658177279328176,4.457885835390839,0.08551402203178056,0.16895774410787318,0.043466573910142046,0.16897291916988605,1.0000898157234046,7.665694289276e-05,0.17470669592105148,1.0340259740299726,0.08456299220405988,0.16911516638373267,0.1691002199580524,0.9999116198387119,0.9992471873295082,0.22450744876277776,0.22450744876277512,0.9384617526984972
2,2948,5,1.3617532819504994,1.8543720009029563,0.617546094752821,1.0216952442236031,1.0658177279328176,4.457885835390839,0.08551402203178056,0.40729630122389127,0.10473424665793787,0.4075858970643286,1.0007110200597602,0.0020365362161215233,0.46635488682114884,1.1450015269468206,0.08189090272111438,0.40925857305834445,0.4101116758081389,1.0020845079515825,0.9938412415622301,0.20694361577683734,0.20693215060581324,0.8604070419180299
2,2948,10,1.7862984157699804,3.1908620301823416,1.1602911091887869,1.0216952442236031,1.0658177279328176,4.457885835390839,0.08551402203178056,0.7664517804926431,0.19585865511876166,0.7671331357453662,1.0008889734097612,0.01677060235648911,1.0381150141371287,1.3544426936680485,0.07807400712102695,0.7794464069670515,0.7880644593498274,1.0110566323813193,0.973439579267753,0.1371843918739396,0.139051106347306,0.7622754113984942
2,2948,20,2.6837923979084723,7.202741635071308,1.9744617361914882,1.0216952442236031,1.0658177279328176,4.457885835390839,0.08551402203178056,1.3576111775240471,0.34161651258766557,1.3733369169136656,1.0115833897436652,0.13574906773307902,2.488087212421872,1.8326949966333779,0.07385816416812617,1.4732628292285432,1.5450087312583898,1.0486986439937636,0.8888861849959251,0.07968027330558997,0.0775636767858811,0.6539260986323119
2,2948,40,5.23856081805865,27.44251944449931,3.3120936151333082,1.0216952442236031,1.0658177279328176,4.457885835390839,0.08551402203178056,2.0272516721440237,0.5133382513149426,2.137789585440664,1.0545259943871372,0.7092019289836167,8.579975039107184,4.232318639566339,0.0791284855402012,3.150479738659994,3.8822569553238933,1.2322748525198095,0.550656386231475,0.21412995207811258,0.22656257160274573,0.502574497050955
2,2948,80,12.059928965483447,145.44188665250664,4.9797766023782195,1.0216952442236031,1.0658177279328176,4.457885835390839,0.08551402203178056,2.8766346697057057,0.7049544437071481,3.6646130661496943,1.273923694497015,2.167382423487813,42.89347023479396,14.910989805730933,0.0834043354497647,6.645813425002299,11.0568547141872,1.6637323390076022,0.3314335912768736,0.17058487272935785,0.1748767431421585,0.3701567429885859
2,2948,160,99.87550538547717,9975.116576004479,9.207848928507266,1.0216952442236031,1.0658177279328176,4.457885835390839,0.08551402203178056,4.867712487736547,1.1532380380914167,15.812058864440484,3.248355136889562,14.469914639200276,170.1335180784481,34.95143119218181,0.08268494578913943,13.104928023083398,37.47232768532742,2.8594073633462602,0.4219662839528332,0.18743426119142512,0.18926270364167724,0.35884399351143814
2,3007,1,1.0552717033627668,1.1135983679181551,0.10759654500620705,1.0123605665265483,1.0552717033627663,4.447771675138175,0.08061541916787758,0.08061541916787754,0.020386405395383254,0.08061541916787754,0.9999999999999876,0.0,0.08061541916787754,0.9999999999999876,0.08061541916787754,0.08061541916787754,0.08061541916787754,0.9999999999999876,0.9999999999999876,nan,nan,nan
2,3007,2,1.1136081669234787,1.2401231494386704,0.21521068874907429,1.0123605665265483,1.0552717033627663,4.447771675138175,0.08061541916787758,0.1619090862165462,0.04086865046762698,0.1619381592582952,1.0001795639912952,8.531248177986177e-05,0.1659260885564196,1.0248102341489336,0.08071884942666582,0.16143756649097768,0.1622373072656892,1.0049538703543033,0.9981561084041841,0.4738301521951659,0.47383015219516006,0.95665557626036
2,3007,5,1.306369112832499,1.7066002589627705,0.5345032388622616,1.0123605665265483,1.0552717033627663,4.447771675138175,0.08061541916787758,0.4122333145905919,0.10340979620089318,0.4131699513096904,1.0022721034083033,0.002735522785144034,0.4561621586258635,1.1065630614519797,0.08155107167037502,0.4077334167942271,0.41952116639980574,1.0289104329447851,0.9848607994094306,0.5110055992163807,0.5111087971814529,0.9040397729760189
2,3007,10,1.6747056772276527,2.804639105338531,1.031274869498713,1.0123605665265483,1.0552717033627663,4.447771675138175,0.08061541916787758,0.8478381949186374,0.2104452866274147,0.8565382255472742,1.0102614280422584,0.027028244151782708,1.0828158053459291,1.2771491209473524,0.08349905202595424,0.8347151305283238,0.9111093275181908,1.0915212797706364,0.9401047708296807,0.5104563298684115,0.510020679980757,0.8351557256674705
2,3007,20,2.426254178026639,5.886709336391721,1.7726971550190989,1.0123605665265483,1.0552717033627663,4.447771675138175,0.08061541916787758,1.6665149676504503,0.4086972120733923,1.7096987541314037,1.0259126304408988,0.21352714969673306,2.99888348215455,1.7994938781633316,0.08606635267436108,1.720269563631558,2.130206142609216,1.2382978735682935,0.8025977955528999,0.33061683551300086,0.32506794788621357,0.7164679943729887
2,3007,40,4.052326246987372,16.421348012022758,2.798582196392904,1.0123605665265483,1.0552717033627663,4.447771675138175,0.08061541916787758,2.4476747380630894,0.5589283808193507,3.1535994947847716,1.2884062762686754,1.3118184861295283,9.289856301288195,3.7953802263120564,0.0867271041633457,3.467001623580649,5.32986955699733,1.537313833586483,0.5916841793331624,0.29708106267566586,0.2943394282161601,0.6028381932400744
2,3007,80,10.751849029101983,115.60225754460126,4.750155484980127,1.0123605665265483,1.0552717033627663,4.447771675138175,0.08061541916787758,3.549379123723005,0.8503971420373502,6.491105857658748,1.8288003708237608,4.72545484039482,32.509629128506745,9.159243911483546,0.08572236812424672,6.797186370957874,14.355539576774689,2.111982634183925,0.4521673200051967,0.21162914766074373,0.2158115850706733,0.4628656300470531
2,3007,160,23.33677744347264,544.6051814461734,6.300061094418001,1.0123605665265483,1.0552717033627663,4.447771675138175,0.08061541916787758,8.612870089087695,2.0266947376281843,25.799798910110646,2.99549379512857,25.211751521219846,148.30091385923416,17.218524408852737,0.08416867009188206,13.328901856531221,54.484825783877675,4.087720531694054,0.4735226466989077,0.27068941286858467,0.2752640377736021,0.3804050334986637
2,3066,1,1.0599280111863543,1.1234473888974603,0.11640198368515971,1.0221698524395277,1.0599280111863538,4.447123503129583,0.08442358479667589,0.08442358479667594,0.01967200376226593,0.08442358479667599,0.9999999999999887,3.927683650008203e-16,0.08442358479667599,0.9999999999999887,0.08442358479667599,0.08442358479667599,0.08442358479667599,0.9999999999999881,0.9999999999999881,nan,nan,nan
2,3066,2,1.1221366302501032,1.259190616949057,0.23046914705623794,1.0221698524395277,1.0599280111863538,4.447123503129583,0.08442358479667589,0.167805455060328,0.039315589171177265,0.16781727074896877,1.000070413018668,8.182808043241408e-05,0.17452774231521778,1.0400600043215043,0.08476687549305674,0.16953236631650054,0.16805249227921853,0.9912708465679042,0.9986003091828002,0.11626648237949164,0.11626648237949026,0.927585268511275
2,3066,5,1.3182060806381282,1.7376672710313352,0.5525435649202168,1.0221698524395277,1.0599280111863538,4.447123503129583,0.08442358479667589,0.41210298356264613,0.09796391252849908,0.41244005102068537,1.0008179204506706,0.0023591007740962483,0.4796417741621748,1.1638881379009975,0.0856534073572822,0.4282456397202917,0.41777766943998645,0.9755561544371045,0.9872237823853608,0.10910350452007576,0.10910880794023564,0.8460096724064843
2,3066,10,1.6469090450187585,2.712309402564599,0.9978004500621516,1.0221698524395277,1.0599280111863538,4.447123503129583,0.08442358479667589,0.8170954111546563,0.19711376224727234,0.8209325131687671,1.0046960268797587,0.0211285697205365,1.1263360451791238,1.3784633101628498,0.0888277989755349,0.8874679452618291,0.8705768016273072,0.9809670380494256,0.9429754062298186,0.14078286983951468,0.14163070534953473,0.7623184923355864
2,3066,20,2.2992860881887087,5.286716515338134,1.665197356624933,1.0221698524395277,1.0599280111863538,4.447123503129583,0.08442358479667589,1.7147490147814628,0.4116328268284513,1.7677579182403333,1.0309135057095369,0.1750388725569054,3.1665166435169185,1.84663563951397,0.09617755234639487,1.9172686800771643,2.068453205063981,1.0788541150011015,0.8546279480302059,0.26088366723952017,0.26437623496395113,0.6611623055714438
2,3066,40,3.8314735013737544,14.680189191729257,2.6864989108233,1.0221698524395277,1.0599280111863538,4.447123503129583,0.08442358479667589,3.094739310084106,0.7304622038060317,3.502549580673413,1.1317753224836966,1.3777999435593602,9.34134054827368,3.018457974096631,0.08528348548224512,3.350310863323953,4.702429058411125,1.403579921460091,0.7448383669730186,0.20817597804313878,0.2119452055228254,0.5545933997476408
2,3066,80,4.972833790131772,24.729075904276325,3.2079797134383137,1.0221698524395277,1.0599280111863538,4.447123503129583,0.08442358479667589,4.785366090169915,1.2056121007590372,4.74946386119602,0.9924974958451672,4.539597448365611,24.972732390252133,5.218562575923093,0.08223430730040762,6.50948348836593,10.614113578302758,1.6305615641045594,0.4474668398974753,0.19142696506173681,0.19748673508683243,0.445134774915556
2,3066,160,60.24311981149663,3629.233484622338,8.196776743700154,1.0221698524395277,1.0599280111863538,4.447123503129583,0.08442358479667589,5.398965833485413,1.3322765791492428,11.83445295289885,2.191985153804701,12.005827330642326,158.8252507470895,29.417717326904548,0.08656379367164856,13.703919855686879,46.8259417263859,3.416974283234295,0.25273283390754037,0.2566914529126859,0.25966962638477503,0.3634393530262718
2,3125,1,1.0596379221578487,1.122832526075003,0.11585453380260918,1.0213107624374118,1.0596379221578487,4.449187721064181,0.08333910257536012,0.08333910257536009,0.021725536032644967,0.08333910257536009,0.999999999999988,0.0,0.08333910257536009,0.999999999999988,0.08333910257536008,0.08333910257536009,0.08333910257536009,0.999999999999988,0.999999999999988,nan,nan,nan
2,3125,2,1.1225344370802055,1.2600835624309739,0.23117803815401491,1.0213107624374118,1.0596379221578487,4.449187721064181,0.08333910257536012,0.1656801467503087,0.04347837458107798,0.16570061109709472,1.00012351719374,6.639875018012074e-05,0.17160826324132344,1.035780487929841,0.08332415792200033,0.1666483131631127,0.166027838642888,0.996276742869768,0.9980290802526309,0.3047019373911379,0.3047019373911342,0.936800855380301
2,3125,5,1.3287344601613806,1.7655352656203556,0.5684539110496557,1.0213107624374118,1.0596379221578487,4.449187721064181,0.08333910257536012,0.4017049825728569,0.10722474867289365,0.4022785103640983,1.0014277338248756,0.0017403038750463766,0.46540488476854186,1.158573841398969,0.08283715962842439,0.41417701642231103,0.4090350955174208,0.9875852094611443,0.9834816493074352,0.3104759911041034,0.31055726268621775,0.8566494798669244
2,3125,10,1.7061473372908342,2.9109387365446038,1.0684756190403446,1.0213107624374118,1.0596379221578487,4.449187721064181,0.08333910257536012,0.7315557859346125,0.19741035181303634,0.736250848176016,1.0064179141654992,0.012976751239333076,1.0381208192831983,1.4190589962417244,0.08118893419771113,0.8116725890246227,0.794717302243383,0.9791106820527036,0.9264311297837298,0.2923483982879779,0.29378637500292143,0.7608696995461689
2,3125,20,2.3667983464065316,5.601734412552693,1.7230762663161072,1.0213107624374118,1.0596379221578487,4.449187721064181,0.08333910257536012,1.1385040103210404,0.2894946762028108,1.1701391397628722,1.027786577082772,0.08380547854334078,2.5194411301879533,2.2129400576090266,0.08033134334564242,1.606157024924115,1.5923797143360636,0.991422189503107,0.7348367535884845,0.2603029251552901,0.26007779388521274,0.6448249220736627
2,3125,40,4.457722534697499,19.871290196349896,2.989275986330423,1.0213107624374118,1.0596379221578487,4.449187721064181,0.08333910257536012,2.0284866161217767,0.47339114953496114,2.2583911964466736,1.113337982364629,0.5289178515967228,9.422249897601365,4.644965277422226,0.0881364665571463,3.5053165514390563,4.784115496882208,1.3648169649380621,0.4720603417535507,0.30688328155374456,0.30739816554175475,0.5421718024141547
2,3125,80,6.969437274749046,48.573055926661404,3.8830689723660754,1.0213107624374118,1.0596379221578487,4.449187721064181,0.08333910257536012,5.324721992501591,1.4286600365365136,6.708104427767093,1.2598036925145792,3.1557442220990324,28.828977292159152,5.41417511238274,0.08796497993957625,6.970760661062776,12.584575417919696,1.8053374703014153,0.533041775745183,0.21830356587675118,0.22233696867675318,0.49987695304575014
2,3125,160,35.75530806642456,1278.4420549249253,7.153397471001693,1.0213107624374118,1.0596379221578487,4.449187721064181,0.08333910257536012,6.28214811651304,1.3814478485548913,18.964001144316228,3.0187128339855755,18.320244773897365,103.6957046137328,16.506408745945006,0.09060250807089353,14.37077158750693,36.986995749521654,2.573765474198747,0.5127207755055772,0.21953309252781364,0.21594403868492182,0.3948819900150616
2,3184,1,1.0471874025663623,1.0966014560936845,0.09221581181264946,1.0246150976252923,1.0471874025663614,4.440498787939047,0.0742798189790754,0.07427981897907548,0.019752222593055955,0.07427981897907548,0.9999999999999866,0.0,0.07427981897907548,0.9999999999999866,0.07427981897907548,0.07427981897907548,0.07427981897907548,0.9999999999999866,0.9999999999999866,nan,nan,nan
2,3184,2,1.0964694892990823,1.2022453409637903,0.1841909259040715,1.0246150976252923,1.0471874025663614,4.440498787939047,0.0742798189790754,0.14846110395048126,0.03965827891870407,0.1484772649190987,1.0001088565838891,4.4767646863474e-05,0.15227080353956424,1.0256612640463234,0.07438798428157149,0.148775811511469,0.14874217336273834,0.9997739004184221,0.9982190091911955,0.2198817743172189,0.21988177431721595,0.9546301671308391
2,3184,5,1.2544594886505172,1.5736686086653169,0.4534095869550012,1.0246150976252923,1.0471874025663614,4.440498787939047,0.0742798189790754,0.3744467340063222,0.10111186393388133,0.37507836337265027,1.0016868336907871,0.0015711370987103964,0.4139241072496959,1.105428542054545,0.07556405490084146,0.3777731572341152,0.379638811750264,1.0049385576513885,0.9879874021399723,0.21487307697380503,0.21465315662042214,0.8998984367804534
2,3184,10,1.5381774139234863,2.365989756704344,0.8611964361741876,1.0246150976252923,1.0471874025663614,4.440498787939047,0.0742798189790754,0.7682956838026522,0.20944875593843734,0.7760843152500725,1.0101375441924516,0.019258486762884556,0.9460909232819098,1.2314151221041163,0.07775365937389768,0.7771745900164944,0.8043490733203192,1.0349657382689867,0.9648600849957196,0.29689040524490273,0.29717749492043866,0.8424964784468897
2,3184,20,2.2186409293272216,4.922367573285958,1.593789628840363,1.0246150976252923,1.0471874025663614,4.440498787939047,0.0742798189790754,1.5343413841036009,0.4132666676184542,1.5902839605268517,1.0364603190677364,0.18190614010222142,2.3342958379960557,1.5213666672751616,0.07664814893065747,1.5320711047705746,1.7770641381478538,1.1599097017197288,0.894893958179993,0.10297211028634788,0.10380649685342606,0.7696789230201988
2,3184,40,3.8658904180484535,14.945108724358846,2.704384070674902,1.0246150976252923,1.0471874025663614,4.440498787939047,0.0742798189790754,3.0052513319746117,0.7417441176879238,3.7009101512571085,1.2314810784312706,1.1732893832824447,7.852838813893675,2.6130389596180414,0.08355204566586716,3.3265257650932174,4.804159708447294,1.4441973541463518,0.7703553536635532,0.37474326258283513,0.37426257424018944,0.6159823978125514
2,3184,80,6.59793310681259,43.532721281973636,3.7735128687026527,1.0246150976252923,1.0471874025663614,4.440498787939047,0.0742798189790754,3.16910950849517,0.7556535154559728,6.218066694862958,1.9620864088775405,4.906125151708081,25.272124698665245,7.974519224066047,0.08479204025372417,6.757821699725243,12.682938687304587,1.8767791236368727,0.4902701848655264,0.3294914158362323,0.32520373729872454,0.5266743486265926
2,3184,160,53.46377149583696,2858.3748625590683,7.958008512435668,1.0246150976252923,1.0471874025663614,4.440498787939047,0.0742798189790754,8.632876747744792,1.7794428610052537,25.860746307395463,2.9956116672407243,23.079867673566973,185.13739864704206,21.44562051061442,0.09797818619865564,15.473147101840851,47.08686550462099,3.043134353645421,0.5492135870640519,0.166891947047898,0.16347005329082012,0.3244737210142853
2,3243,1,1.0516637605247694,1.1059966652010995,0.10074688790671808,1.0220530956199414,1.0516637605247696,4.448000477079272,0.08621500621258685,0.08621500621258685,0.022278473084732943,0.08621500621258685,0.9999999999999885,0.0,0.08621500621258685,0.9999999999999885,0.08621500621258685,0.08621500621258685,0.08621500621258685,0.9999999999999885,0.9999999999999885,nan,nan,nan
2,3243,2,1.1055579074329105,1.2222582866874359,0.2007002023165399,1.0220530956199414,1.0516637605247696,4.448000477079272,0.08621500621258685,0.17130723660129135,0.04426313972373314,0.17129366333296178,0.9999207665210188,5.790374827645647e-05,0.1769189896432084,1.0327584120393996,0.08621658508555001,0.17243317014218684,0.17151345542161262,0.9946662540634332,0.9987185140191389,0.22241598949047714,0.22241598949047456,0.940402590835678
2,3243,5,1.279531040017298,1.637199682367748,0.49298727162665396,1.0220530956199414,1.0516637605247696,4.448000477079272,0.08621500621258685,0.4193666296360708,0.10789025692905235,0.41908698030465147,0.9993331626513464,0.0015141281584814925,0.47648483205366465,1.136201114683732,0.08578924664537037,0.4289389170907648,0.423343420572286,0.9869550271716294,0.989945656266769,0.3155436589642737,0.3154397320632502,0.8675007104974536
2,3243,10,1.6056953296291085,2.5782574915927317,0.9471137798988459,1.0220530956199414,1.0516637605247696,4.448000477079272,0.08621500621258685,0.8050932185572228,0.20327839862231104,0.8032377268055328,0.9976953081842919,0.011180336965962517,1.0642867973329453,1.3219423202200264,0.08355777975653295,0.8351393517735249,0.8390508275706233,1.0046836205105063,0.957317125985342,0.4058224720892173,0.40509276701166946,0.7860441305709509
2,3243,20,2.419437754631944,5.853679048538463,1.7670703607568647,1.0220530956199414,1.0516637605247696,4.448000477079272,0.08621500621258685,1.4745010240372465,0.3533666637348003,1.4435045279616905,0.9789783149891023,0.09078873916727918,2.6393156455616817,1.789972066845448,0.08141003393697932,1.625841229772161,1.7817479551510287,1.0958929583798995,0.8101620230788097,0.30208946506967693,0.30518141727519044,0.6969409195435067
2,3243,40,4.964308456887197,24.644358455121747,3.2045480083769164,1.0220530956199414,1.0516637605247696,4.448000477079272,0.08621500621258685,2.9316231680197395,0.6455096546825202,2.832723115096198,0.9662644046470857,0.7078849800541701,8.637614593863058,2.9463590982935277,0.09405126433317995,3.7245490938214094,4.443805128204583,1.19311224426504,0.6374543962598769,0.23963308514169554,0.2427133210311404,0.542685945416722
2,3243,80,11.492153348680246,132.0695885895826,4.883328969957218,1.0220530956199414,1.0516637605247696,4.448000477079272,0.08621500621258685,6.900872246688913,1.6631345600176515,9.441636750302136,1.3681801970515102,8.396152011388953,47.496997303927245,6.8827527312531585,0.10166411073202748,8.032573641356215,18.87657639488929,2.350003527848414,0.5001773919585544,0.21867323592960217,0.2230363949254505,0.468750589445958
2,3243,160,73.27413640612197,5369.099066062969,8.588415401744793,1.0220530956199414,1.0516637605247696,4.448000477079272,0.08621500621258685,8.34643182933439,1.801614941133738,29.94028500821558,3.587195776641627,28.51211958582908,201.04319386682366,24.08732234057633,0.12158482747124591,18.934350214024132,60.48339279348776,3.194373829036364,0.49501662564536636,0.1775831105017063,0.16947011719032554,0.35482784816270424
2,3302,1,1.0670875001318532,1.1386757329376478,0.12986594940829072,1.0346503686874167,1.0670875001318523,4.443098714950317,0.11062501874396956,0.1106250187439696,0.026206818173863614,0.1106250187439696,0.999999999999991,0.0,0.1106250187439696,0.999999999999991,0.1106250187439696,0.1106250187439696,0.1106250187439696,0.999999999999991,0.999999999999991,nan,nan,nan
2,3302,2,1.138023610445709,1.295097737931887,0.2585861656100109,1.0346503686874167,1.0670875001318523,4.443098714950317,0.11062501874396956,0.22012538356071787,0.0524574310696199,0.22014816652271008,1.000103499930915,0.00011421347861534604,0.22643194736122813,1.0286498708076965,0.10954024699913649,0.2190696435677018,0.22043064711967042,1.0062126524232327,0.9987185057946685,0.349910679942276,0.3499106799422728,0.9491360587519855
2,3302,5,1.371689298566927,1.881531531803028,0.6320860897751456,1.0346503686874167,1.0670875001318523,4.443098714950317,0.11062501874396956,0.5398995861536382,0.13077891391562843,0.5408265038780741,1.001716833552399,0.0032525568570771126,0.6059397981104946,1.1223194342995149,0.10619099839681642,0.5307121271836889,0.5459734331258684,1.0287562788948599,0.9905729309605276,0.33374066572283,0.33393269813271176,0.8851713057486892
2,3302,10,1.8064466268344899,3.263249415601707,1.1827234522020014,1.0346503686874167,1.0670875001318523,4.443098714950317,0.11062501874396956,1.0265419208984556,0.2532292408569737,1.0387568219096548,1.011899076659731,0.02870594108693944,1.343779837011442,1.3090355197918564,0.10053076456119438,1.0030925444810321,1.0758585924506836,1.0725417095062717,0.9655142685094736,0.2943596664509922,0.2952785932934722,0.8025653162162683
2,3302,20,2.666254000056791,7.108910392818838,1.9613489821160188,1.0346503686874167,1.0670875001318523,4.443098714950317,0.11062501874396956,1.6912197487442862,0.40988086417255587,1.7989128508108616,1.0636777699329347,0.19315992871985993,3.2205196688970577,1.9042585514320416,0.09476682618440224,1.8886546502450505,2.1209403324702385,1.1229900247750684,0.8481675902290399,0.09369026700110072,0.09546880220455577,0.6819460345731791
2,3302,40,5.194089450153379,26.978565216194635,3.295042669832342,1.0346503686874167,1.0670875001318523,4.443098714950317,0.11062501874396956,2.8859985280915987,0.6037491337286445,3.453079444305846,1.1964938341771212,0.9705374283660058,11.528073718017687,3.99448357502828,0.10501134995601859,4.172610109795898,5.054504996439289,1.2113532928880637,0.683168667701073,0.1631034589003774,0.1571133437828758,0.4810292330823151
2,3302,80,14.99575445056144,224.87265154153326,5.415534248821093,1.0346503686874167,1.0670875001318523,4.443098714950317,0.11062501874396956,9.305453196136554,2.0637072950238653,11.871297208648645,1.2757355239374455,10.317737317967397,48.48401659616419,5.21027999112325,0.11655959693657007,9.23305969576586,17.953238232390543,1.944451657842483,0.6612343163380358,0.22749381645514902,0.22806588678802944,0.4256537845953661
2,3302,160,172.48529271857387,29751.17620421211,10.300623946468276,1.0346503686874167,1.0670875001318523,4.443098714950317,0.11062501874396956,22.51322250351907,5.1042305945883415,22.361105422214973,0.993243211571319,34.09865583040682,278.1520882632291,12.355054378365903,0.12464230523163122,19.545960805644846,70.06672947414395,3.5847165647599573,0.3191401338415071,0.21111169462207524,0.21254896378178623,0.35561925033841446
2,3361,1,1.0600497720758493,1.12370551927806,0.11663172362034256,1.0293305609758034,1.0600497720758488,4.4573853624569955,0.12357102479473653,0.12357102479473636,0.024871348788945515,0.12357102479473636,0.9999999999999919,0.0,0.12357102479473636,0.9999999999999919,0.12357102479473636,0.12357102479473636,0.12357102479473636,0.9999999999999919,0.9999999999999919,nan,nan,nan
2,3361,2,1.1230378707694206,1.261214059182314,0.23207479609120485,1.0293305609758034,1.0600497720758488,4.4573853624569955,0.12357102479473653,0.24519692753582698,0.04963228517087533,0.24517239054039117,0.9998999294335235,0.00022907458630719996,0.2512607680861641,1.0247304915737578,0.12197222477969306,0.24392321242169474,0.24581590503250492,1.0077593788308146,0.9973821283369372,0.0064557635929256285,0.006455763592925576,0.9584071339360682
2,3361,5,1.3282829748253144,1.764335661210787,0.5677742236159694,1.0293305609758034,1.0600497720758488,4.4573853624569955,0.12357102479473653,0.5960029823914794,0.12306898960510557,0.595130591355415,0.9985362639754504,0.007470881113651325,0.6699119291916462,1.1240076794642937,0.11905620641543278,0.5951349058557017,0.6109450254176422,1.0265656062287376,0.9741148001795785,0.11045534330708531,0.11024951669638912,0.8964588951412193
2,3361,10,1.719374366425436,2.9562482119208693,1.08392096841086,1.0293305609758034,1.0600497720758488,4.4573853624569955,0.12357102479473653,1.140936464257854,0.24449541845290798,1.1400779524644837,0.9992475375971703,0.06907729191360776,1.6084082512516198,1.4097263972519634,0.12284255335317858,1.2270938394646287,1.2804959405254008,1.0435191664592414,0.8903409346199855,0.21000056880650947,0.20737635438261445,0.7854044039271031
2,3361,20,2.716286857814338,7.37821429393489,1.998531643742506,1.0293305609758034,1.0600497720758488,4.4573853624569955,0.12357102479473653,2.0234375886215252,0.4494338732761772,2.0838789475944073,1.0298706316976434,0.37466350795133935,4.849432094470726,2.396630428208274,0.13189285939848688,2.6305673542836727,3.083986587853808,1.1723655670065916,0.6757094715657012,0.26645760377109307,0.26009137533101284,0.6517904707748777
2,3361,40,4.888030747668798,23.892844590155583,3.1735790245782325,1.0293305609758034,1.0600497720758488,4.4573853624569955,0.12357102479473653,2.808756682048385,0.6017998354986055,2.800088895132082,0.996914012889866,1.1778494539767599,14.93857372192156,5.318571671728813,0.15549659826458032,6.1400489951203445,7.989715052876408,1.3012461397663178,0.3504616718620035,0.20489949788857245,0.19307640458454176,0.5714798490339617
2,3361,80,11.653975335638888,135.81514112367952,4.911294704665514,1.0293305609758034,1.0600497720758488,4.4573853624569955,0.12357102479473653,3.554642733984432,0.9009490243660376,5.659339755641767,1.592098047304506,5.218124899611788,53.123339409079,14.944775997089458,0.1364150927139129,10.669254120450002,20.5872678783032,1.9295882960405932,0.27489513368629703,0.21427251648466802,0.20552177145879993,0.4597505875665139
2,3361,160,36.929570080771455,1363.7931463506102,7.218025174667422,1.0293305609758034,1.0600497720758488,4.4573853624569955,0.12357102479473653,3.8497601830928394,0.8263241378477209,24.817148552328558,6.446414158814129,27.069457140797304,391.29377240964027,101.64107731388106,0.132230462221321,20.783106461338257,113.7979844260223,5.475504089714154,0.21808073910537204,0.22368141397269897,0.2156338302791276,0.36651808957409143
2,3420,1,1.0587674845153028,1.1209885862668618,0.11421096229587083,1.0375713781296343,1.058767484515302,4.440543755200493,0.10701857805590353,0.10701857805590353,0.02560292099607656,0.10701857805590353,0.9999999999999907,0.0,0.10701857805590353,0.9999999999999907,0.10701857805590353,0.10701857805590353,0.10701857805590353,0.9999999999999907,0.9999999999999907,nan,nan,nan
2,3420,2,1.1207403162368061,1.2560588564385762,0.22797892716989737,1.0375713781296343,1.058767484515302,4.440543755200493,0.10701857805590353,0.20993549177682005,0.05051878156706201,0.20992921238823506,0.9999700889614574,0.00013368201878116983,0.21681861774472977,1.0327868618576703,0.10529196251304725,0.21055513532236078,0.21026073723590039,0.9986018004927276,0.9984232679290267,0.08029959309622639,0.08029959309622564,0.9421101586505202
2,3420,5,1.3253409061592731,1.7565285175390832,0.5633394280255314,1.0375713781296343,1.058767484515302,4.440543755200493,0.10701857805590353,0.4945773161984097,0.12098811625920868,0.4943028687828035,0.9994450869325816,0.0037954969344103466,0.564843941432932,1.14207409626998,0.10047231712604225,0.5018464251786405,0.5017308651439881,0.9997697302823024,0.9851952573038258,0.07528737172137126,0.07561715127098183,0.8710130515326959
2,3420,10,1.7184490821119525,2.9530672478114117,1.0828443752120789,1.0375713781296343,1.058767484515302,4.440543755200493,0.10701857805590353,0.9006341238877101,0.22521192273758103,0.8987651497714145,0.9979248242247041,0.03055043187053987,1.2444711081926279,1.3817721038824258,0.09629276219906611,0.9614436969408283,0.9723075269595434,1.0112994968434252,0.9243630485736333,0.024844746367668702,0.025022150584767013,0.7813077962174959
2,3420,20,2.5481063774294004,6.492846110696382,1.8707009724440615,1.0375713781296343,1.058767484515302,4.440543755200493,0.10701857805590353,1.6997846535638823,0.4312628413343434,1.7228785303747733,1.0135863544611194,0.17461296743468976,3.3339710109669705,1.9614078783313766,0.10236403398319963,2.0398608482682183,2.2386974233920043,1.0974755583414386,0.7695897231901581,0.28521428931266696,0.29767393749319554,0.6919370508063004
2,3420,40,4.677940427500482,21.88312664324339,3.0857158669443945,1.0375713781296343,1.058767484515302,4.440543755200493,0.10701857805590353,4.146446460004089,0.95290596823255,4.318223375896526,1.0414275012469996,1.4589102004661014,10.941612056503875,2.63879255696288,0.10978585546478868,4.373029872185108,5.972363616847548,1.3657266909689063,0.7230342378543684,0.22160972882666016,0.22123608900344485,0.5772754728643297
2,3420,80,14.48270876547164,209.74885318546907,5.345910877801828,1.0375713781296343,1.058767484515302,4.440543755200493,0.10701857805590353,5.575322347429494,1.1978467987290218,7.536323811912545,1.3517288045931857,10.59999151506271,54.58639616113518,9.790715721809747,0.1238786651744327,9.760330597521055,18.04944093818313,1.8492653253740554,0.4175377973048265,0.17706388581070157,0.17007906263097514,0.3904608826466356
2,3420,160,64.0331185457175,4100.24027068991,8.318800853582628,1.0375713781296343,1.058767484515302,4.440543755200493,0.10701857805590353,8.741729152733146,2.096019169960415,28.5463923347769,3.2655315482808933,30.128352189379292,256.71777198297303,29.366932731233025,0.12584821328340395,19.91900233214703,88.91467535049611,4.463811684333097,0.3210537768062336,0.19232604814068877,0.1954997394781915,0.3652015397253528
2,3479,1,1.0744690438127154,1.1544837261118108,0.14365325366439308,1.0269153016208958,1.0744690438127158,4.440647669884344,0.1593333459997195,0.1593333459997196,0.03278189766686837,0.1593333459997196,0.9999999999999938,0.0,0.1593333459997196,0.9999999999999938,0.1593333459997196,0.1593333459997196,0.1593333459997196,0.9999999999999938,0.9999999999999938,nan,nan,nan
2,3479,2,1.1542458030761764,1.3322833739189675,0.2868942926739836,1.0269153016208958,1.0744690438127158,4.440647669884344,0.1593333459997195,0.318358958157042,0.06516455165679202,0.3184416563492307,1.0002597639867477,0.00026121289341929377,0.33406163262040284,1.0493238027736411,0.16113473625234018,0.32224955546567824,0.3188559013961425,0.9894688634569795,0.998700839328678,0.18836180741486713,0.18836180741486594,0.9111531530087226
2,3479,5,1.4237633989167242,2.027102216094903,0.7066072934776331,1.0269153016208958,1.0744690438127158,4.440647669884344,0.1593333459997195,0.786150541300713,0.15871161581143517,0.788696053893739,1.0032379454815528,0.007875717303450993,0.9450832471610041,1.202165739906927,0.16409650932259748,0.8203722466910559,0.7964505851681514,0.9708404792831635,0.9902636379220235,0.21681447949478577,0.21694379585533274,0.8138628073682483
2,3479,10,1.9556630042310208,3.824617786117902,1.34145853708771,1.0269153016208958,1.0744690438127158,4.440647669884344,0.1593333459997195,1.4920678887166174,0.298406223160645,1.510618048688521,1.0124325173889093,0.06859712280930978,2.1824171423198,1.4626795193595217,0.16136520436871846,1.6129039532210439,1.5730776161236575,0.9753076821357822,0.9602946690011082,0.24179840230723235,0.24178470924173087,0.7219489195829436
2,3479,20,3.1902348256633526,10.177598242875282,2.320189054296114,1.0269153016208958,1.0744690438127158,4.440647669884344,0.1593333459997195,2.4979567413531405,0.5314751569827074,2.5212738354577398,1.0093344667337865,0.3985891062127322,5.194011347793794,2.0793039614369793,0.15178011685939385,3.02817268791363,3.1497430192040574,1.0401464327895338,0.8004696954911792,0.1475971182796428,0.15029444881567608,0.6458962424209986
2,3479,40,6.147335547961437,37.78973433923034,3.6320374874142303,1.0269153016208958,1.0744690438127158,4.440647669884344,0.1593333459997195,4.8014143289490265,1.0403797441736522,4.8502705505025965,1.0101753812952574,2.2713151137310263,14.321335104433347,2.982732612365098,0.1367072803966409,5.405933681046029,6.692447557919811,1.2379818090230152,0.72473792413402,0.15935563761624655,0.15402484426669044,0.5259377886397397
2,3479,80,17.426310838577443,303.6763094427217,5.715962362564267,1.0269153016208958,1.0744690438127158,4.440647669884344,0.1593333459997195,7.58918712349242,1.8428170653638876,11.078964827184427,1.4598355063468336,10.479271036000016,59.42861345313217,7.830695499544369,0.1309261593413995,10.375672476990571,21.477357134729633,2.0699725422480824,0.5158439540621763,0.1664816772058775,0.1735142916044915,0.41148415777192077
2,3479,160,190.56402981311248,36314.649458612825,10.499976505194914,1.0269153016208958,1.0744690438127158,4.440647669884344,0.1593333459997195,26.08811863681664,5.160023280335698,46.78478064004981,1.7933367020964548,51.51365828326679,365.7830042487648,14.02105722305926,0.1263061213360026,19.99940112297773,108.96121286370975,5.4482237839873076,0.4293709606423791,0.2043385316424011,0.2062182749811503,0.37931979028863033
2,3538,1,1.0587570240609974,1.1209664359984994,0.1141912025164434,1.038696968748313,1.0587570240609983,4.451249465516727,0.11694799481236513,0.11694799481236508,0.025956283159973906,0.11694799481236508,0.9999999999999915,0.0,0.11694799481236508,0.9999999999999915,0.11694799481236508,0.11694799481236508,0.11694799481236508,0.9999999999999915,0.9999999999999915,nan,nan,nan
2,3538,2,1.1199650881608418,1.2543217986991222,0.22659502707241183,1.038696968748313,1.0587570240609983,4.451249465516727,0.11694799481236513,0.23015223554511316,0.051381408404742715,0.23017409152993454,1.0000949631654397,0.00011267346255038093,0.23915417743842343,1.0391129891568867,0.11618871819045644,0.23237244187125133,0.23039467174241884,0.99148879224702,0.9990425984645517,0.1454854098194503,0.14548540981944905,0.9292045196483086
2,3538,5,1.3160196897502194,1.7319078238102639,0.5492235892149495,1.038696968748313,1.0587570240609983,4.451249465516727,0.11694799481236513,0.5471493059351652,0.12431355066165636,0.5476816347887422,1.0009729133306058,0.0031021009821958693,0.6398380052594207,1.1694029368562107,0.11433329189449626,0.5716019449744624,0.552185415339044,0.9660313793433876,0.991843716937838,0.14663641048405782,0.1469030416041845,0.838561725948303
2,3538,10,1.6752956287831708,2.8066154438199997,1.031979288999157,1.038696968748313,1.0587570240609983,4.451249465516727,0.11694799481236513,1.0063299258146867,0.23492772724663993,1.0098849391814841,1.003532651942074,0.026842103281641095,1.4318691008924802,1.422862486905864,0.11254358319173584,1.1252227303124014,1.046916689973322,0.9304084087269194,0.9646277959397298,0.08990114393988369,0.09110806962192235,0.7252416391197001
2,3538,20,2.455600333589602,6.029972998325365,1.7967425328394109,1.038696968748313,1.0587570240609983,4.451249465516727,0.11694799481236513,1.7816023859924361,0.4317468693107372,1.8024498810882459,1.0117015419712718,0.19994647405066504,3.580331536170862,2.0096131237366115,0.11363876673856843,2.271628901876257,2.095985621348152,0.9226795889139141,0.8599533616690068,0.10936561082127773,0.1083787444888339,0.6040311281442124
2,3538,40,3.9857042468923027,15.885838343695339,2.7654280421359574,1.038696968748313,1.0587570240609983,4.451249465516727,0.11694799481236513,3.2386865150050905,0.7752605731786474,3.6395636279251025,1.1237776830399346,1.343025134146322,12.677431535623155,3.9143743850748165,0.12797623452962847,5.086289372890095,5.317289613301538,1.0454162599640267,0.6844772229108044,0.16963574342352894,0.17638247234879736,0.45995941147592606
2,3538,80,12.092068801466285,146.21812789939426,4.985099533468984,1.038696968748313,1.0587570240609983,4.451249465516727,0.11694799481236513,7.134459709912422,1.6435213383555884,7.714424394691642,1.081290624428565,9.629421437897767,42.52726367301161,5.960824701823657,0.12278296865841674,9.74463037431211,17.53222256246217,1.7991675301178165,0.44001405795571036,0.2395258723028365,0.22822340552773768,0.4822534384860178
2,3538,160,115.9104905444016,13435.241818243812,9.505636520012567,1.038696968748313,1.0587570240609983,4.451249465516727,0.11694799481236513,11.62980216736241,2.6061271306200364,25.47119054319064,2.190165419552222,29.723908099511952,213.2815043442806,18.339220330233005,0.12234666139844655,19.427398996798573,66.29452893378233,3.4124243263190803,0.3842125580020683,0.23773834844103764,0.23649664439016693,0.40391566942078866
2,3597,1,1.0556625187521131,1.1144233534980557,0.10833709938202292,1.0158333082249889,1.0556625187521134,4.4586311346864616,0.11949212132208369,0.1194921213220837,0.030573260450164678,0.1194921213220837,0.9999999999999917,0.0,0.1194921213220837,0.9999999999999917,0.1194921213220837,0.1194921213220837,0.1194921213220837,0.9999999999999917,0.9999999999999917,nan,nan,nan
2,3597,2,1.1132734501878914,1.2393777748932515,0.2146094592350561,1.0158333082249889,1.0556625187521134,4.4586311346864616,0.11949212132208369,0.23583692851585916,0.06038409115899078,0.23583768331034236,1.0000032004931838,0.00010619794157818661,0.24257097066276212,1.0285538070279316,0.11804171380911688,0.23606538300732324,0.23603620168270112,0.9998763845666342,0.9991589494706976,0.04546619472995661,0.04546619472995623,0.948135811094575
2,3597,5,1.2962716456688166,1.680320179364942,0.5189843582118658,1.0158333082249889,1.0556625187521134,4.4586311346864616,0.11949212132208369,0.5670951026671335,0.14485517300065198,0.5673743618992069,1.0004924380950548,0.0030692408104557845,0.6324658897639256,1.1152730587679955,0.11332528847055477,0.5661690032960229,0.5714009030716614,1.0092408799230959,0.992953211745361,0.41726094019504173,0.41581319904855024,0.8878993691200144
2,3597,10,1.6537957366636482,2.7350403386068587,1.006146184798765,1.0158333082249889,1.0556625187521134,4.4586311346864616,0.11949212132208369,1.087070803192028,0.2726454459204178,1.0917517552741092,1.0043060231848147,0.02663381136719916,1.3930875944934193,1.2815058507714634,0.10640810463694893,1.0610225167677947,1.1315214209394726,1.0664443054294817,0.9648529272805593,0.4973300778372995,0.4937655518190921,0.8159317369252839
2,3597,20,2.7204093876350703,7.400627236333018,2.001564758284681,1.0158333082249889,1.0556625187521134,4.4586311346864616,0.11949212132208369,2.270882130007105,0.5278950114765475,2.2671623190165597,0.9983619532949803,0.2595815141106098,3.748000717912065,1.6504602631666916,0.1037296437906598,2.070342067250604,2.6549709578415666,1.282382752028675,0.8539311182747221,0.47876934856695014,0.4742324264237452,0.7345511180210393
2,3597,40,5.983587106092962,35.80331465620195,3.578040477282701,1.0158333082249889,1.0556625187521134,4.4586311346864616,0.11949212132208369,4.1169292085447555,0.822101269043687,3.6016794618228207,0.8748460999396039,2.524185308664168,11.446771466841374,2.780414937202079,0.1049242034220313,4.186885226713539,5.841758198104679,1.3952515728954238,0.616540318801857,0.2228912578345512,0.22348803019231817,0.5343035244634871
2,3597,80,10.238558213868586,104.82807429877589,4.652321620542592,1.0158333082249889,1.0556625187521134,4.4586311346864616,0.11949212132208369,4.297975824988953,0.9544122288644229,3.807031505477089,0.8857731314686661,3.1324057473025957,43.18169083131286,10.046983182234126,0.11954002257345578,9.475531912636214,19.32445190871801,2.0394055011252337,0.19700592407278517,0.27910752516673526,0.28138118879609064,0.496320178288761
2,3597,160,85.29617606508259,7275.437651325568,8.892259248488068,1.0158333082249889,1.0556625187521134,4.4586311346864616,0.11949212132208369,8.999275966113453,2.288307759638579,11.262837078961137,1.2515270252152577,15.534394485966716,188.9198319426607,20.992781269741425,0.1139455268498199,17.95529207623877,51.787138674180945,2.884227026454987,0.21748328575983578,0.14530093374370218,0.14209358709888636,0.3264791293513664
2,3656,1,1.0557782914390115,1.1146678006738782,0.10855642390479525,1.0293156851598637,1.0557782914390104,4.447136215097419,0.1384874330113516,0.1384874330113517,0.027772530207785737,0.1384874330113517,0.9999999999999928,0.0,0.1384874330113517,0.9999999999999928,0.1384874330113517,0.1384874330113517,0.1384874330113517,0.9999999999999928,0.9999999999999928,nan,nan,nan
2,3656,2,1.1135129825059447,1.2399111622092842,0.2150397336708265,1.0293156851598637,1.0557782914390104,4.447136215097419,0.1384874330113516,0.27911650716824954,0.05635052092476892,0.2791815354816224,1.0002329791026392,0.0002236993519885876,0.2866727280993564,1.0270719242217767,0.13951943818790438,0.2790312986279745,0.2795547221568937,1.0018758595594541,0.9986650675317055,0.4551004466367843,0.45510044663678095,0.9512895274655018
2,3656,5,1.3046941287844593,1.7022267696846394,0.5319372584584117,1.0293156851598637,1.0557782914390104,4.447136215097419,0.1384874330113516,0.7111131646417054,0.14670412269306,0.7126196999325338,1.002118559134799,0.005888100025771852,0.7898773450334208,1.1107618088204,0.14196172439311952,0.7097228581606471,0.7191859271554573,1.0133334707851092,0.99086991697836,0.19586899334778834,0.19499576361792845,0.8927179529328959
2,3656,10,1.692112339951864,2.8632441710173726,1.0519553075012031,1.0293156851598637,1.0557782914390104,4.447136215097419,0.1384874330113516,1.443752908943667,0.3083328026531749,1.4467734009265778,1.0020921114438617,0.04552553994747224,1.8068958763112914,1.251527089655057,0.14200433777915208,1.4198397530349758,1.4910349609773355,1.050143129032819,0.9703148744267227,0.25039700984409347,0.250767271531533,0.8223999745674158
2,3656,20,2.8210502244406563,7.958324368816678,2.074218471266638,1.0293156851598637,1.0557782914390104,4.447136215097419,0.1384874330113516,3.0097215407113365,0.6671377506142577,2.8020285563344363,0.9309926245443246,0.42752600831129456,4.376595994110313,1.4541531284239404,0.13157307696800963,2.620029827600741,3.0955833153641708,1.181506898415317,0.9051698083612391,0.2313864723334663,0.23149226927079755,0.7310292690811915
2,3656,40,6.440330703630258,41.47785957212262,3.7251597805864023,1.0293156851598637,1.0557782914390104,4.447136215097419,0.1384874330113516,6.377623842978155,1.424264587301177,5.446792251910257,0.8540472730932923,2.759743563958773,11.982342548331689,1.8788098582396637,0.12274176998761864,4.877569942298048,7.095986873057463,1.4548201167801638,0.7675877012387124,0.28569181273622174,0.2835407144821356,0.6281429401155014
2,3656,80,16.55165027360275,273.957126779654,5.612971622538009,1.0293156851598637,1.0557782914390104,4.447136215097419,0.1384874330113516,9.914930637403389,2.3073067172373802,5.590350981695161,0.5638315774601537,10.041975351090699,43.04475794243421,4.341407874307343,0.11017454142886346,8.62552098314735,14.149116851857748,1.6403782310080124,0.3951024675410154,0.11639808909437342,0.12172823340930586,0.3929710047476307
2,3656,160,148.94120121507382,22183.481419389107,10.007103210687598,1.0293156851598637,1.0557782914390104,4.447136215097419,0.1384874330113516,17.41947060404603,3.718811310690967,9.982518909246721,0.5730667214954326,19.166814733356233,198.50076576868057,11.395338600162434,0.11123771840045123,17.494559057865295,53.79525402949979,3.0749705580784124,0.18556504824333744,0.14660227702632309,0.14741470083149721,0.3894676406915066
2,3715,1,1.056250993605588,1.1156661614927919,0.10945168076097005,1.0260599163324025,1.0562509936055886,4.456273488320243,0.06610254241111453,0.06610254241111452,0.015539408501408782,0.06610254241111452,0.9999999999999849,0.0,0.06610254241111452,0.9999999999999849,0.06610254241111452,0.06610254241111452,0.06610254241111452,0.9999999999999849,0.9999999999999849,nan,nan,nan
2,3715,2,1.115504886967387,1.2443511528481226,0.2186142316933738,1.0260599163324025,1.0562509936055886,4.456273488320243,0.06610254241111453,0.1292543027918474,0.03035402202086663,0.12925286578132644,0.9999888823003109,2.59583050902196e-05,0.13371135875925455,1.0344828440611669,0.06500065978492586,0.1299823156710296,0.12959064067170678,0.9969867054814202,0.9973935240335988,0.06906116121280874,0.06906116121280768,0.9409906268333725
2,3715,5,1.3115135794130883,1.7200678689849311,0.5423637487590565,1.0260599163324025,1.0562509936055886,4.456273488320243,0.06610254241111453,0.3095871109826516,0.07230228149537658,0.30955743706618183,0.9999041500262185,0.0006200694804280901,0.35810506116706914,1.156718249769562,0.0638575919782265,0.3192279740678575,0.3164678607025744,0.9913537860416409,0.9781639006847266,0.0426596554516985,0.04319525595079234,0.8629376044423841
2,3715,10,1.700224198273683,2.890762324395388,1.0615202474081038,1.0260599163324025,1.0562509936055886,4.456273488320243,0.06610254241111453,0.6351191607524236,0.14662203839521012,0.6341033255670632,0.998400559693148,0.005554952512727007,0.8801934900744073,1.3858714151083769,0.06821838145101934,0.6800620276649383,0.676414197029423,0.9946360324689183,0.9374482799914972,0.07244491081814927,0.07485778027592825,0.7553102877645602
2,3715,20,2.744482677215566,7.53218516553632,2.019185194339823,1.0260599163324025,1.0562509936055886,4.456273488320243,0.06610254241111453,1.5324980370764203,0.3553950190711631,1.5214224197751673,0.9927728342658219,0.10836258373526517,2.781054174551946,1.814719567182886,0.0846693575058897,1.658956621675201,1.6997368691284334,1.0245818648422835,0.895092909619181,0.07702420383657249,0.0830315114906567,0.6097849788330524
2,3715,40,6.70573669866035,44.96690467176021,3.8059267674543555,1.0260599163324025,1.0562509936055886,4.456273488320243,0.06610254241111453,3.715476920467513,0.940988301179899,4.09311128794469,1.1016381949237513,1.4424559347861552,10.765671312433852,2.897520706730489,0.10740437716778303,4.173770332003682,5.17503296008379,1.2398940402644139,0.7909343417743984,0.13367101188478264,0.14165866849474648,0.5232334929173574
2,3715,80,18.994305583604064,360.7836446033325,5.888278456238964,1.0260599163324025,1.0562509936055886,4.456273488320243,0.06610254241111453,6.9021793107309035,1.5828412518395159,10.516303602547374,1.523620747753908,10.085277616759166,33.31746863857177,4.8270940435831164,0.10381997759604444,8.132713162328367,15.294427083904443,1.8806057435727512,0.6875905547069838,0.19323982270582485,0.18581310002984683,0.5174110988473324
2,3715,160,67.85059532043147,4603.7032853369565,8.434616320618346,1.0260599163324025,1.0562509936055886,4.456273488320243,0.06610254241111453,14.427941040853934,3.2939240459074677,46.83534326822255,3.2461557151920926,54.87247666279633,170.50929610403549,11.817992298500803,0.12334253766073887,19.19716406463771,67.77770108194953,3.530610086663789,0.6910140432705777,0.21878964495253908,0.21338996903593296,0.394043345300541
2,3774,1,1.0517900821960986,1.1062623770060758,0.10098710553149397,1.0211624328529083,1.0517900821961,4.451953257405375,0.10097522043416104,0.10097522043416099,0.025020191099011147,0.10097522043416099,0.9999999999999901,0.0,0.10097522043416099,0.9999999999999901,0.10097522043416099,0.10097522043416099,0.10097522043416099,0.9999999999999901,0.9999999999999901,nan,nan,nan
2,3774,2,1.1055995671262535,1.2223504028297592,0.20077556500567859,1.0211624328529083,1.0517900821961,4.451953257405375,0.10097522043416104,0.20326017888596892,0.0501177966452787,0.2032761836674908,1.0000787403691593,7.548767991358949e-05,0.2089503316936182,1.0279944297935528,0.10188555009934906,0.20376303827444073,0.20345828496347357,0.9985043739357788,0.9991049698663466,0.25568821588825624,0.2556882158882537,0.948267551974779
2,3774,5,1.275214318831458,1.6261715589527794,0.48622851537090767,1.0211624328529083,1.0517900821961,4.451953257405375,0.10097522043416104,0.5164506525753786,0.12532966752105096,0.5167189233060467,1.0005194508503947,0.0023182151060542177,0.573655217867312,1.1107648233314664,0.1039288282428797,0.5195603266562181,0.5207726578902374,1.0023333791512152,0.9922159227778696,0.15444246795872724,0.15365284795310866,0.8886977661387712
2,3774,10,1.5529730688219985,2.4117253524864157,0.8803424052532337,1.0211624328529083,1.0517900821961,4.451953257405375,0.10097522043416104,1.0499528926047008,0.24805305857494528,1.0495928264754595,0.9996570644913895,0.024311398544074426,1.316826853992296,1.2541770809598312,0.10625934862529808,1.0622297672108287,1.0899869587751445,1.0261310616790553,0.9629407196347759,0.11707376443499119,0.11814916552800576,0.819724468170211
2,3774,20,2.1586273963537215,4.659672236288847,1.5389451101035596,1.0211624328529083,1.0517900821961,4.451953257405375,0.10097522043416104,2.046866725141491,0.4696547258506802,2.0234908362118214,0.9885796722167856,0.23686911776502065,3.4207707235025326,1.6712229875475006,0.11125980116988576,2.2223277807921527,2.373377679349117,1.0679692257202138,0.8525785229288705,0.09739151659821464,0.10003831444750319,0.6975230580393713
2,3774,40,3.5274132701962584,12.442644378756661,2.5211296353606993,1.0211624328529083,1.0517900821961,4.451953257405375,0.10097522043416104,3.606791968695139,0.7804842066433018,3.577741158101232,0.9919455264273482,1.4124022939102459,9.80705324322546,2.719051536197537,0.11440355407574207,4.565144897306814,5.224899321028057,1.1445199305963896,0.6847483440881443,0.10442434041564856,0.10398757054215786,0.5558617845576854
2,3774,80,8.898132121692763,79.17675525510055,4.3716827614887315,1.0211624328529083,1.0517900821961,4.451953257405375,0.10097522043416104,4.41939686705317,1.088912355242011,5.313435933507913,1.2022988867824589,5.686087220198436,41.72390406194179,9.441085586360353,0.13496635387731618,10.61859247744426,15.660831204349336,1.4748500083806462,0.3392818595753884,0.1491272594952668,0.1419450286793357,0.43799829712931476
2,3774,160,33.45062704690555,1118.9444498311693,7.020141064390829,1.0211624328529083,1.0517900821961,4.451953257405375,0.10097522043416104,4.083782029210839,0.9288757203943371,13.20577299207764,3.233711519767267,14.066869649028181,413.90669246250195,101.35376704776927,0.1475797808502296,23.046511976639895,67.60788705691226,2.9335409681708056,0.1953288819832667,0.1142954487856439,0.11455999011527478,0.26533569232652426
2,3833,1,1.0527617510039755,1.1083073043769565,0.10283390039126532,1.0219919017490815,1.052761751003977,4.435793448645164,0.16926145492189545,0.16926145492189545,0.03570183170431914,0.16926145492189545,0.9999999999999941,0.0,0.16926145492189545,0.9999999999999941,0.16926145492189548,0.16926145492189545,0.16926145492189545,0.9999999999999941,0.9999999999999941,nan,nan,nan
2,3833,2,1.1087897113631107,1.2294146240246902,0.20653814067355436,1.0219919017490815,1.052761751003977,4.435793448645164,0.16926145492189545,0.3372688222044112,0.07165165149365618,0.3372820514120973,1.0000392245200687,0.00025567473785230503,0.34731287554379064,1.0297805568677527,0.16920627442420327,0.3384125308474145,0.33762994964114246,0.9976874934142852,0.9989695871784599,0.17588160046700374,0.1758816004670027,0.9456509424388689
2,3833,5,1.2966610692340834,1.6813299284672765,0.5195851043337479,1.0219919017490815,1.052761751003977,4.435793448645164,0.16926145492189545,0.8329163575474264,0.1814714217475767,0.8330861623232179,1.0002038677404421,0.007320610211213889,0.9361680391057807,1.123964045876568,0.16869403769527416,0.8434654766826172,0.8393881198409333,0.995165946971865,0.9924922007248439,0.19836857384734086,0.19834091295831377,0.8770427234243241
2,3833,10,1.6741136959093599,2.8026566668312967,1.0305677769284685,1.0219919017490815,1.052761751003977,4.435793448645164,0.16926145492189545,1.6195953612160896,0.37050066333511383,1.6201820301419512,1.000362231789439,0.06069817234400842,2.0944619371846436,1.293200750841861,0.16542426466592053,1.6536903153225726,1.663211222000238,1.005757369798593,0.9741288470826096,0.18516225690738614,0.18500389207673493,0.7910481604298761
2,3833,20,2.6494251794800987,7.019453781663153,1.9486854061305592,1.0219919017490815,1.052761751003977,4.435793448645164,0.16926145492189545,2.87169686275772,0.7057426162152082,2.889195743673955,1.006093568281239,0.4482277084976791,4.787525687178327,1.6671417339575374,0.14699596457347944,2.9009789000410917,3.1555108508940024,1.087740021428389,0.9156031717829152,0.17137882308897512,0.1664886461934706,0.6990074843153209
2,3833,40,4.163154468379416,17.331855127587495,2.8525461451759564,1.0219919017490815,1.052761751003977,4.435793448645164,0.16926145492189545,3.9754237423894265,0.9154102933176421,4.566031594522598,1.1485647544526123,1.691402226999641,14.911585857760398,3.7509424967105,0.13975251586467588,5.515140448849918,7.1583274664249394,1.2979411010136066,0.6378629108459879,0.07628255667392185,0.0822040014337649,0.5358306134883652
2,3833,80,7.991360525379291,63.86184304659039,4.156722047606007,1.0219919017490815,1.052761751003977,4.435793448645164,0.16926145492189545,6.549320046472979,1.524536834934974,5.307270080700302,0.8103543639707207,7.178369189600234,56.488783482324806,8.62513712591368,0.1564013540259463,12.170243354901253,18.840924264276182,1.5481140117620147,0.28168841433980435,0.08452000590995053,0.08409557220600757,0.40010797681982524
2,3833,160,62.810820962888805,3945.1992300320717,8.280254733914067,1.0219919017490815,1.052761751003977,4.435793448645164,0.16926145492189545,13.834066480852993,2.9848943561895633,60.320433124238704,4.360282148978035,63.9486824737534,889.4365410170388,64.29320997177955,0.14792590792478222,23.204673388254474,165.52552560271778,7.1332840084920965,0.36441771083098917,0.13949952393893908,0.1397825816403166,0.27914665958732293
2,3892,1,1.054524800857735,1.1120225556240457,0.10618047945724994,1.0399796325818458,1.0545248008577348,4.450073437879784,0.17180909483347484,0.17180909483347503,0.035714183949092475,0.171809094833475,0.999999999999994,9.105563360159024e-16,0.171809094833475,0.999999999999994,0.171809094833475,0.171809094833475,0.171809094833475,0.9999999999999942,0.9999999999999942,nan,nan,nan
2,3892,2,1.1113947111423135,1.2351982039551064,0.21123144623542828,1.0399796325818458,1.0545248008577348,4.450073437879784,0.17180909483347484,0.3558047671690808,0.07358826771863111,0.3557521302247483,0.9998520622847402,0.0003505913390378156,0.364643759303683,1.0248422532528936,0.1777914462989413,0.35538804702201066,0.35643020052227176,1.0029324382431903,0.9980976070587427,0.11852258779074934,0.11852258779074865,0.954637464274392
2,3892,5,1.2989227543228257,1.6872003216975957,0.5230705408519187,1.0399796325818458,1.0545248008577348,4.450073437879784,0.17180909483347484,0.9668308896198526,0.19822503524478213,0.9647817653717768,0.9978805763551033,0.012587817421626605,1.0604459223415275,1.0968266878176411,0.19247608423702245,0.960140306884302,0.9775340230396197,1.0181158066488847,0.9869546661627275,0.28299906318760204,0.287223965671411,0.9025215392364581
2,3892,10,1.7127840051174854,2.9336290481862943,1.076240239616566,1.0399796325818458,1.0545248008577348,4.450073437879784,0.17180909483347484,2.0625091113050513,0.42882811108669394,2.0274109270168466,0.9829827737022712,0.13384708318915048,2.5085240180943815,1.2162486964758732,0.20314975567074017,2.026577737314153,2.1340543267810066,1.0530335389992451,0.9500277952506386,0.10224124499176,0.09630760248457661,0.8407648801386656
2,3892,20,2.9361569798779343,8.621017810485913,2.154203153167646,1.0399796325818458,1.0545248008577348,4.450073437879784,0.17180909483347484,4.015855971243344,0.9257393874817264,3.654058451421961,0.909907745095408,1.0017509021633033,6.850035547841584,1.7057473168592627,0.20463661242390166,4.087586159174518,4.545970623109706,1.1121406243404437,0.8038015980231685,0.08668134163205019,0.08437626058180774,0.6776451732051484
2,3892,40,5.468807559301364,29.907856120671745,3.3981211923955823,1.0399796325818458,1.0545248008577348,4.450073437879784,0.17180909483347484,6.75330419207516,1.555796150135762,5.271822460761133,0.7806286094660875,4.170911018747618,22.792951401930203,3.375081405140491,0.1835929130543132,7.256493100076023,10.575489784059627,1.4573830138347172,0.4984944024727175,0.16257146011633616,0.15466944316489087,0.5423990188456311
2,3892,80,21.767944385982904,473.8434027912446,6.160876893251477,1.0399796325818458,1.0545248008577348,4.450073437879784,0.17180909483347484,8.74343967934633,1.926738528330212,14.010226403731195,1.602370110338385,16.519563860621073,153.82649605155908,17.59336161658741,0.15877958593429498,12.420029939350142,48.37541854642015,3.8949518465453314,0.28961457750049735,0.2073308160403984,0.20664555610859633,0.37280990339154807
2,3892,160,191.68738792539887,36744.05468966235,10.511731714401602,1.0399796325818458,1.0545248008577348,4.450073437879784,0.17180909483347484,19.26106533414375,3.889666032002881,115.81651496737669,6.01298593604118,120.34404136339825,1255.5572385989126,65.18628210939134,0.15268502060151357,24.088538514614935,316.6987194567801,13.147278290238882,0.3656993472093346,0.1610112700133338,0.16524871355220278,0.287501132171413
2,3951,1,1.0877441260887073,1.1831872838404855,0.16821188509544785,1.0343614909083523,1.0877441260887075,4.4588035773681325,0.12318434704912397,0.12318434704912398,0.026384892879590657,0.12318434704912398,0.9999999999999919,4.602741507868935e-16,0.12318434704912398,0.9999999999999919,0.12318434704912398,0.12318434704912398,0.12318434704912398,0.9999999999999919,0.9999999999999919,nan,nan,nan
2,3951,2,1.1832894175718012,1.4001738457374124,0.3365964044387936,1.0343614909083523,1.0877441260887075,4.4588035773681325,0.12318434704912397,0.24300344992398096,0.05199764638993846,0.2430137957361003,1.0000425747540687,0.00015119274640064496,0.2572985955500637,1.0588269245994393,0.1232283428002531,0.24645666989847392,0.24340577303244987,0.9876209604419234,0.9983896138063318,0.006881624623657906,0.0068816246236578504,0.8963425436098111
2,3951,5,1.5175348093939418,2.302911897722307,0.8341743646670624,1.0343614909083523,1.0877441260887075,4.4588035773681325,0.12318434704912397,0.5830004166432861,0.12452510246778388,0.5835038446933968,1.000863512333333,0.004298713462064105,0.7340855500864545,1.2591509870834448,0.12334838254288293,0.6167416874548972,0.5905143629790276,0.9574743770214356,0.9881281155461399,0.02701716121591549,0.0270322687749586,0.7730599871854944
2,3951,10,2.2176202538025347,4.917839590075219,1.5928693263599065,1.0343614909083523,1.0877441260887075,4.4588035773681325,0.12318434704912397,1.0950459573905926,0.2345024334260218,1.1018263934282222,1.0061919191535904,0.03539054405373799,1.8176401730612608,1.6598756981785046,0.12334802759068567,1.2334799554259097,1.1521662644807615,0.9340778173269364,0.956308501121384,0.08791920378450009,0.08792024820984778,0.638025565674702
2,3951,20,3.9130727313042826,15.312138200477158,2.728645860301866,1.0343614909083523,1.0877441260887075,4.4588035773681325,0.12318434704912397,2.060358665992805,0.4529304300324524,2.092979808282172,1.0158327493303927,0.20487087387890823,5.18865631228531,2.5183267350129555,0.124572331137586,2.4912794834702776,2.431917185560848,0.9761719637225366,0.8606295562648811,0.16612062072154965,0.16704420952939567,0.5242433221857288
2,3951,40,8.900133988180444,79.21238500756475,4.372132662953013,1.0343614909083523,1.0877441260887075,4.4588035773681325,0.12318434704912397,4.001375595060799,0.8642935362247943,3.474784770095185,0.8683975516780714,1.1812344601990639,15.896353896703557,3.972722259896228,0.13063180537879443,5.20796325471746,5.574649814202405,1.0704088223266155,0.6233189322928512,0.13666185291416566,0.14479104504905918,0.4346124858500367
2,3951,80,44.12276596798514,1946.8184766655875,7.57395176870201,1.0343614909083523,1.0877441260887075,4.4588035773681325,0.12318434704912397,6.964633148076385,1.4543608005436484,11.687925481555661,1.678182501943241,11.979633929922844,75.91669533133988,10.900315022666755,0.14223583815142246,11.321093583237987,20.60642347420566,1.820179589780578,0.5671981601361422,0.19758274774099807,0.20339984131098093,0.37352262403074865
2,3951,160,418.9405094028309,175511.15041870344,12.075457855019092,1.0343614909083523,1.0877441260887075,4.4588035773681325,0.12318434704912397,12.765225302947341,2.66065355774192,48.41311662284117,3.792578311301967,48.613823462082266,453.5104995155266,35.52702664878279,0.14650054480968772,23.20387898396889,94.55097500667466,4.07479176529054,0.5120319131497432,0.23262768109273466,0.24212090353439966,0.31444500390464203
2,4010,1,1.0700830538897113,1.1450777422219307,0.1354725318383541,1.0308676509796448,1.0700830538897115,4.457191037276211,0.15241674393852123,0.15241674393852125,0.0339265072645613,0.15241674393852125,0.9999999999999934,0.0,0.15241674393852125,0.9999999999999934,0.15241674393852125,0.15241674393852125,0.15241674393852125,0.9999999999999934,0.9999999999999934,nan,nan,nan
2,4010,2,1.1450106330574144,1.3110493498145408,0.27082784695221845,1.0308676509796448,1.0700830538897115,4.457191037276211,0.15241674393852123,0.3084134870009389,0.06874318969815864,0.3084130793751766,0.99999867831408,0.00011959670780543045,0.31662199251216383,1.0266152611905681,0.15298496497255903,0.3059678272381498,0.3087487241745912,1.0090888540848966,0.9989128868457257,0.008033838935552207,0.008033838935552153,0.9517187438544841
2,4010,5,1.3986380542867327,1.9561884068989774,0.6709978895193965,1.0308676509796448,1.0700830538897115,4.457191037276211,0.15241674393852123,0.8000580413492447,0.17864043469879706,0.7996259438883725,0.999459917357815,0.0033691634021303742,0.8849800453027392,1.1061448039573205,0.15440793844146872,0.7720117362361272,0.8061005572078973,1.044155832575766,0.9919679830740323,0.09354387167023287,0.09376235104262734,0.8947099146261396
2,4010,10,1.9017420595143317,3.616622860925812,1.2855406790585944,1.0308676509796448,1.0700830538897115,4.457191037276211,0.15241674393852123,1.6929618264818345,0.37520728517238167,1.6799459781685515,0.9923117886595633,0.033341340640903466,2.1050311715625343,1.243401439202575,0.15636874647848498,1.5635205971483042,1.7295784819974354,1.1062076733443755,0.9713036995166788,0.21240904368831798,0.21287001881339973,0.81839244808653
2,4010,20,2.9728905938503773,8.838078483004049,2.1790694868460885,1.0308676509796448,1.0700830538897115,4.457191037276211,0.15241674393852123,3.503386471326753,0.7363127994480896,3.407725756056714,0.9726947865863589,0.4234531794275856,5.863888230190407,1.673777151959406,0.15812068803264984,3.1619422864542734,3.696557653389717,1.1690781546601052,0.9218646307144305,0.281727592384483,0.2811518377749996,0.652383554179622
2,4010,40,5.317254574095281,28.273196205737186,3.3419142252983294,1.0308676509796448,1.0700830538897115,4.457191037276211,0.15241674393852123,5.855184314990563,1.1705024377999402,6.628628022683203,1.1320955355260898,3.916073858875974,22.120888327447055,3.778000339086286,0.14945060004238392,5.960452326094986,8.386631480648457,1.4070461471408147,0.7903802662580655,0.1691671821269183,0.16845825716807508,0.48748040927487263
2,4010,80,16.276357762750983,264.9198220210642,5.579427221795114,1.0308676509796448,1.0700830538897115,4.457191037276211,0.15241674393852123,7.343149398262721,1.4177471824714138,8.892289309381907,1.2109639647922303,10.892589180075616,52.20058985706627,7.108746809565953,0.14695105176842307,11.68874296194426,18.93585831466643,1.6200081032081066,0.46960054102720783,0.1583898359870372,0.15582563896966645,0.43362962596452237
2,4010,160,99.98567177854635,9997.1345610072,9.210053787015356,1.0308676509796448,1.0700830538897115,4.457191037276211,0.15241674393852123,8.852587655879757,2.066423586818668,33.17764579291483,3.7477907118918754,32.68284309024874,289.2703364358677,32.676359464651966,0.16078656053005191,25.45077351191715,89.61566221946912,3.521137075755564,0.3702215100711151,0.234489346150215,0.23121786519161486,0.36998997704528175
2,4069,1,1.0478574033199468,1.0980051376924216,0.09349502221338774,1.018682007649073,1.0478574033199457,4.440290131657128,0.14747377265514136,0.14747377265514153,0.032652162871186406,0.14747377265514153,0.9999999999999932,0.0,0.14747377265514153,0.9999999999999932,0.14747377265514153,0.14747377265514153,0.14747377265514153,0.9999999999999932,0.9999999999999932,nan,nan,nan
2,4069,2,1.09794795542553,1.2054897128231017,0.18688588506729975,1.018682007649073,1.0478574033199457,4.440290131657128,0.14747377265514136,0.29729349432419117,0.06554620648042599,0.2973118708933864,1.0000618128870797,0.0002501778926638445,0.3037236725463487,1.021629057967695,0.14836177500887104,0.29671826651144895,0.2977842810758904,1.0035926826378898,0.9984135825410321,0.04866941823929852,0.048669418239298184,0.9615521553077675
2,4069,5,1.2604330643202883,1.5886915096318321,0.4629107275058757,1.018682007649073,1.0478574033199457,4.440290131657128,0.14747377265514136,0.7541182688370144,0.1630286902535562,0.7544751553191738,1.0004732500151585,0.007884768978251336,0.8192666343590911,1.086390117060214,0.14935266984355544,0.7467444354405542,0.7621609256330155,1.0206449348140976,0.9899158169156215,0.019988950457321235,0.02001064677533278,0.9163194580524251
2,4069,10,1.5676832458087218,2.457630759189369,0.8991977798390873,1.018682007649073,1.0478574033199457,4.440290131657128,0.14747377265514136,1.4726560515050588,0.30405691117674555,1.4712413620599956,0.9990393619449575,0.06894044412053617,1.7777997909959367,1.2072063868403071,0.14353557349605828,1.433142079997762,1.5278502325308216,1.066084273049331,0.9629486783026784,0.053127682570480284,0.05203782306953228,0.8581212799670003
2,4069,20,2.40144666807692,5.766946099617741,1.7521426682427526,1.018682007649073,1.0478574033199457,4.440290131657128,0.14747377265514136,2.286975477807539,0.4425152052490294,2.1790595061423503,0.9528127989511084,0.30755568632870056,4.317209740155153,1.8877376613998254,0.13157392565961168,2.616688241019751,2.924452315626149,1.117615874058599,0.7451171265467516,0.17315202707062935,0.17229847570515927,0.6909681146445822
2,4069,40,5.749368641042693,33.055239770605105,3.4981800944456687,1.018682007649073,1.0478574033199457,4.440290131657128,0.14747377265514136,4.013710395105554,0.8238898317695048,4.272158125196691,1.0643912252379484,1.4198200758121047,16.58621000471401,4.132388331988217,0.1483535145181833,5.819931841799292,7.657367192675316,1.3157142387268854,0.5579147529040059,0.3485794513426439,0.3720449224661793,0.5471684516982439
2,4069,80,13.206952334753774,174.42358997245816,5.161486765931127,1.018682007649073,1.0478574033199457,4.440290131657128,0.14747377265514136,9.769626985724168,2.3637708417521797,9.816429910739686,1.0047906562946474,10.456629989828302,66.44586919815349,6.801269822813835,0.16396314914998805,12.899953658733782,27.488260190257407,2.1308805378263322,0.35711354020939085,0.24535730101030698,0.24349078110412148,0.4893165540134317
2,4069,160,145.00508182530086,21026.4737551622,9.953537577754961,1.018682007649073,1.0478574033199457,4.440290131657128,0.14747377265514136,13.690541273721255,2.8812768729136145,44.956454511422294,3.283760197101585,51.94586520578658,748.3303340754285,54.66039063859621,0.16912256023760508,26.797724770968934,181.38913484392205,6.768825950493689,0.24784535496078908,0.1882301310000936,0.18536266242696098,0.30802039901523476
2,4128,1,1.062086812810798,1.1280283979465993,0.12047132824354377,1.016389134013887,1.062086812810798,4.440050429916585,0.17825053554854423,0.1782505355485442,0.04390200517328561,0.17825053554854423,0.9999999999999946,1.5328517645723046e-16,0.17825053554854423,0.9999999999999946,0.1782505355485442,0.17825053554854423,0.17825053554854423,0.9999999999999944,0.9999999999999944,nan,nan,nan
2,4128,2,1.127176813427487,1.270527568728544,0.23943222265997058,1.016389134013887,1.062086812810798,4.440050429916585,0.17825053554854423,0.35614732297621926,0.08827298561126452,0.3563072666609849,1.0004490941653807,0.0004968787001152943,0.36576790424518796,1.0270129259671847,0.1773920017579979,0.3547798281661612,0.3566110185125476,1.0051614838302694,0.9991482263985261,0.10945155427630036,0.10945155427629975,0.9516119588181009
2,4128,5,1.337945137877339,1.7900971919696118,0.5822699155683518,1.016389134013887,1.062086812810798,4.440050429916585,0.17825053554854423,0.8862572199084487,0.2226169118700865,0.8915132479782862,1.0059305898465678,0.014827352811903626,0.9849228780874627,1.1113284675855224,0.17438625232326707,0.8718106630572968,0.8969380229348489,1.0288220377913635,0.9939518954288353,0.11860859552226995,0.11868545124210342,0.8957303389130294
2,4128,10,1.7216870226827312,2.9642062040741273,1.0866092745396772,1.016389134013887,1.062086812810798,4.440050429916585,0.17825053554854423,1.7481649652063245,0.44056018505701683,1.8065983039486484,1.033425529000592,0.13772368084971826,2.2130728047219264,1.2659404854625549,0.1688592969958639,1.6873816975046738,1.8434227950602824,1.0924752815479528,0.9800238495421063,0.15706153174784623,0.15689109283472893,0.835966154105862
2,4128,20,2.5887620586723,6.701688996421244,1.902359583645919,1.016389134013887,1.062086812810798,4.440050429916585,0.17825053554854423,3.267213886627687,0.7939651739703815,3.8655928072775096,1.18314654057358,1.0185717112745802,5.567771150376371,1.7041342696187067,0.16101278817843212,3.2149058800438426,4.074026918693702,1.267230541330231,0.9488383077539836,0.23949186397692834,0.23729778487026235,0.765847791721972
2,4128,40,4.953000514390027,24.53221409554787,3.199987114920661,1.016389134013887,1.062086812810798,4.440050429916585,0.17825053554854423,5.239302088656402,1.222426864574919,8.450094448108429,1.6128282555807774,4.543211694776742,18.423078821809128,3.516323073200318,0.16571221683928142,6.6154763768606575,9.601523963080435,1.4513730253295516,0.8800784626066175,0.23235019708397872,0.23125714755961488,0.5685980768536701
2,4128,80,14.10616704138422,198.98394859943443,5.2932241611669255,1.016389134013887,1.062086812810798,4.440050429916585,0.17825053554854423,8.225753876127246,1.7796076113351658,18.373923049999064,2.2337068828820414,20.24622313399982,88.52873109969747,10.7623851178705,0.17086149305758608,13.631576376344022,26.29659703847938,1.9290943550823652,0.6987186601792165,0.16920761990649755,0.16728949489021067,0.3667690167012296
2,4128,160,127.76108029106861,16322.89363714088,9.70032391899857,1.016389134013887,1.062086812810798,4.440050429916585,0.17825053554854423,17.99315030664498,3.7990912376866404,127.24632196810715,7.07193125158935,127.67932073542569,761.5648647024221,42.32526554403158,0.18177344487103583,28.948459454556517,222.31940306380747,7.679835378210918,0.5723581487468569,0.14181795065001915,0.14518712056171865,0.3596580226474134
2,4187,1,1.0617356861039524,1.1272826671466305,0.11981001740382101,1.0224200356574669,1.061735686103952,4.443447843887852,0.16253636807723496,0.16253636807723498,0.03695382498588207,0.16253636807723498,0.9999999999999939,0.0,0.16253636807723498,0.9999999999999939,0.16253636807723498,0.16253636807723498,0.16253636807723498,0.9999999999999939,0.9999999999999939,nan,nan,nan
2,4187,2,1.1270835279483118,1.2703172789724129,0.23926669523172042,1.0224200356574669,1.061735686103952,4.443447843887852,0.16253636807723496,0.32509008594035654,0.07361545916397526,0.3251549198065925,1.0001994335386988,0.00021700082595533653,0.33735703281040236,1.0377339925164477,0.16357503186923392,0.32714350994630265,0.3254054106581997,0.9946870433456277,0.999230219156155,0.10866142404771983,0.10866142404771917,0.9308154576128714
2,4187,5,1.3445523719906283,1.8078210810256248,0.5921222974634387,1.0224200356574669,1.061735686103952,4.443447843887852,0.16253636807723496,0.8209175841795229,0.18354041145600494,0.8225915689234158,1.0020391629758607,0.006473313760327497,0.949562006346568,1.156708084521809,0.16731737013784867,0.8363973170350718,0.8276427524172474,0.9895330072926832,0.9938969036107911,0.14555943426011972,0.14557147755831246,0.8464814430186067
2,4187,10,1.7750628413557556,3.1508480907619685,1.1476716517627892,1.0224200356574669,1.061735686103952,4.443447843887852,0.16253636807723496,1.7028270364966236,0.37321212733761167,1.7127346661606098,1.0058183417643924,0.059127301072644155,2.3345862771548105,1.3710061134323774,0.17467209430673916,1.7447955147939864,1.7575183780142238,1.007291893584297,0.9745187803360468,0.18248075874860453,0.18174980411491476,0.7442437791514228
2,4187,20,2.8939733999372046,8.375082039544104,2.125260873429612,1.0224200356574669,1.061735686103952,4.443447843887852,0.16253636807723496,3.5202104636569223,0.7611058052813361,3.4493918990144303,0.9798822924442637,0.48900835619716965,6.628315332398096,1.8829315465167842,0.18398863046339012,3.673198974203292,3.9071448836145546,1.0636899637221544,0.8828420756753071,0.15848490113318356,0.15334788630934623,0.6082082417655006
2,4187,40,5.680491337171186,32.26798183167689,3.474075464029971,1.0224200356574669,1.061735686103952,4.443447843887852,0.16253636807723496,5.146518427716609,1.0928575316955977,5.441957691722786,1.0574056555233702,2.3549947150837065,24.950087568033688,4.847954577149636,0.17803304191278838,7.103722521819092,10.1496901770667,1.4287847175747526,0.5361698334417072,0.14165355254626882,0.1398138115136503,0.48312190784800024
2,4187,80,28.023056486098923,785.2916948230909,6.666055234523416,1.0224200356574669,1.061735686103952,4.443447843887852,0.16253636807723496,8.842941265379887,1.8668959056991103,8.693577480114158,0.9831092641256717,9.185491936939258,108.44410660957587,12.263352583165343,0.18606928057146957,14.853168488531274,44.26979921202089,2.9804953230149764,0.19637716083775525,0.2695858483613673,0.26913027293196445,0.46944982441337724
2,4187,160,187.0289645477728,34979.83357981205,10.462526990980145,1.0224200356574669,1.061735686103952,4.443447843887852,0.16253636807723496,25.215641800537014,4.644539117306865,58.58537457516751,2.323374318155163,65.01267500440075,814.9531131878294,32.31934842802508,0.18026506065313713,28.140282831322022,203.04614622853904,7.215497706459974,0.28853231476369223,0.15937537793649245,0.14511559437075278,0.321642387306039
2,4246,1,1.0671740857875263,1.1388605293764424,0.13002822690284305,1.0382659055844319,1.0671740857875263,4.450193637229122,0.19149569271313446,0.19149569271313463,0.038673451584839376,0.19149569271313463,0.9999999999999948,0.0,0.19149569271313463,0.9999999999999948,0.19149569271313463,0.19149569271313463,0.19149569271313463,0.9999999999999948,0.9999999999999948,nan,nan,nan
2,4246,2,1.1387506324286536,1.2967530028566585,0.259863449925626,1.0382659055844319,1.0671740857875263,4.450193637229122,0.19149569271313446,0.38185926897022593,0.07711657488276753,0.38185497625645054,0.9999887583879057,0.00031337264699595943,0.3954748440554505,1.0356560025947286,0.19121836808193274,0.38243633337444527,0.38224176929323994,0.9994912510548106,0.998988093223026,0.08262918667114247,0.08262918667114204,0.9353014090425245
2,4246,5,1.3795107888899547,1.9030500166637851,0.6434578710289368,1.0382659055844319,1.0671740857875263,4.450193637229122,0.19149569271313446,0.94480486704079,0.19101054890837918,0.9444143755200074,0.999586696116409,0.009058127387479827,1.0927505238831787,1.1565885845886528,0.1904809353123663,0.9523985143614322,0.952190112352269,0.9997811819254004,0.9918338399744001,0.06461658131227195,0.06464013001401536,0.848931217016819
2,4246,10,1.8611414735091603,3.4638475844158485,1.2423799898522143,1.0382659055844319,1.0671740857875263,4.450193637229122,0.19149569271313446,1.8506417915770281,0.37690964754985534,1.8414908368329777,0.9950552533798269,0.08085607281007734,2.5765145053016916,1.392227559665184,0.18975406644881287,1.8975203421819262,1.9051259836002692,1.0040082002017414,0.9665979324647936,0.045753503961726213,0.045830391717530665,0.7369152853998828
2,4246,20,3.2192991553230135,10.363887051463468,2.338327364479871,1.0382659055844319,1.0671740857875263,4.450193637229122,0.19149569271313446,3.5564647442545008,0.7484528092056157,3.388677256069391,0.9528218328450542,0.7038776811501903,6.784951905899998,1.907779886433893,0.19079978312657034,3.8157286820030274,3.8392549482120417,1.0061656024758718,0.8826392885545442,0.15437346239633443,0.15494127837983845,0.6003439510639252
2,4246,40,5.902949706777602,34.84481524074578,3.550904352558898,1.0382659055844319,1.0671740857875263,4.450193637229122,0.19149569271313446,6.04985220564256,1.2756647737531897,7.052390206007291,1.1657128085591388,4.96086475092024,25.55645689947477,4.2243109469085605,0.19984677858180133,7.982074176294196,11.281461500779947,1.413349619611972,0.6251309021902632,0.12711558748776772,0.12735103516295015,0.5059405696244946
2,4246,80,17.593839269874692,309.54318025418485,5.735097598561786,1.0382659055844319,1.0671740857875263,4.450193637229122,0.19149569271313446,5.854649103995085,1.1776062649142964,13.381110061001731,2.2855528697476934,13.23553852901692,106.89387787361301,18.25794782486126,0.16676718814167377,12.828268908057552,30.365409509031267,2.367069923983155,0.44066950775097985,0.17825476264271753,0.1728623846806876,0.432982129828731
2,4246,160,122.35606213657462,14971.00594156931,9.613870672321664,1.0382659055844319,1.0671740857875263,4.450193637229122,0.19149569271313446,9.33272266177093,2.009971097980717,52.43351074391023,5.618243747742602,54.15426277503753,593.5076183420192,63.59426288034558,0.1719670166724262,26.67044393477648,112.58582369407266,4.221370441729628,0.46572036357247626,0.10528441176298295,0.1032784142912064,0.2585818901893135
2,4305,1,1.0633738776827144,1.1307640037379725,0.1228935137678197,1.0176687854561435,1.0633738776827166,4.4454381649961405,0.10267183352619941,0.10267183352619927,0.022667786853180286,0.10267183352619937,0.9999999999999912,2.5514002453611344e-16,0.10267183352619937,0.9999999999999912,0.10267183352619937,0.10267183352619937,0.10267183352619937,0.9999999999999902,0.9999999999999902,nan,nan,nan
2,4305,2,1.1302996129406553,1.2775772150137952,0.24496548355001868,1.0176687854561435,1.0633738776827166,4.4454381649961405,0.10267183352619941,0.20114925519320603,0.04440016517176076,0.201137243312448,0.9999402837423013,0.00010125815555750528,0.206537426840004,1.0267869331239707,0.10010432020991335,0.2001410309669608,0.20147540394509206,1.0066671635080693,0.9983215785846633,0.25733103049835393,0.25733103049835143,0.9535884746383616
2,4305,5,1.3514535732255812,1.8264267605841915,0.602361468219949,1.0176687854561435,1.0633738776827166,4.4454381649961405,0.10267183352619941,0.46779082451123294,0.1028469294380604,0.46764244152662987,0.9996828005663448,0.002522347363051657,0.5230343580606471,1.1180945214287472,0.09245005441716099,0.460750515243778,0.4758483944970263,1.0327680138247033,0.9827551105240753,0.24992042793364608,0.2509304202620362,0.8983072826807184
2,4305,10,1.7747002435531356,3.149560954467559,1.1472630635892036,1.0176687854561435,1.0633738776827166,4.4454381649961405,0.10267183352619941,0.8069978481874212,0.17440887429309146,0.80885083240344,1.0022961451758265,0.017528127540442646,1.09641145591245,1.3586299621183286,0.08357770386996943,0.8288311524185314,0.9068174149916596,1.0940918573651135,0.8919665844869978,0.18510260508617377,0.19525425931021054,0.8313831749341013
2,4305,20,2.6546887724283423,7.047372478457099,1.9526548492637907,1.0176687854561435,1.0633738776827166,4.4454381649961405,0.10267183352619941,1.511717246402559,0.3064878837564096,1.516669469859928,1.003275892677121,0.11379892832036173,3.1262669320810605,2.0680235933807403,0.10336484254159216,2.0000524521671634,2.332720309281359,1.1663295663839868,0.6501720175476878,0.1832772021549329,0.18598042576049068,0.7339960986144792
2,4305,40,5.827801528896279,33.96327066020581,3.5252796659990535,1.0176687854561435,1.0633738776827166,4.4454381649961405,0.10267183352619941,5.323927763102342,0.9767617706707847,4.833400829031324,0.9078637134277756,1.9064080670807009,14.840077346591167,2.7874302595615243,0.16768317554301315,6.217194926394887,7.251707216404759,1.166395344244055,0.666519025767786,0.22585942589806132,0.1826264609488582,0.4922801977708312
2,4305,80,33.273620909929015,1107.1338484576654,7.009529836382027,1.0176687854561435,1.0633738776827166,4.4454381649961405,0.10267183352619941,6.876951356406739,1.4286009003941214,6.243213367641947,0.9078460852897575,9.37199600980826,71.03708713929782,10.329735293694917,0.17065496048191864,13.051532352751984,18.72837142084182,1.4349557519116016,0.33335591372852647,0.09471217921872137,0.09084137074409172,0.3315116208666712
2,4305,160,462.40951716043696,213822.56156054843,12.27290179848146,1.0176687854561435,1.0633738776827166,4.4454381649961405,0.10267183352619941,23.692657178531025,5.122723424325995,62.40762217627574,2.6340490940301144,62.177018484520616,712.0130473465775,30.05205545251228,0.16239887370565637,25.28647886388206,105.42020644318326,4.169034645379598,0.5919891857725647,0.16893963709237947,0.16220252938322688,0.2931058917706047
2,4364,1,1.063155896086412,1.1303004593833017,0.1224834906404604,1.0357761174194982,1.0631558960864125,4.453084816180622,0.16882986375762768,0.16882986375762782,0.03583529322347393,0.16882986375762782,0.9999999999999941,0.0,0.16882986375762782,0.9999999999999941,0.16882986375762782,0.16882986375762782,0.16882986375762782,0.9999999999999941,0.9999999999999941,nan,nan,nan
2,4364,2,1.1294890936305924,1.275745612630457,0.2435308019048501,1.0357761174194982,1.0631558960864125,4.453084816180622,0.16882986375762768,0.32892647789045987,0.07004285921035512,0.32885775129977074,0.9997910578949712,0.00028214954570409843,0.34123700685955827,1.0374263849114544,0.16538553351782417,0.33069779293920326,0.3294295540392147,0.9961649611002311,0.9982642639907866,0.10391610678732095,0.10391610678732033,0.9341723056549291
2,4364,5,1.3482660251410858,1.817821274549743,0.5976386820941333,1.0357761174194982,1.0631558960864125,4.453084816180622,0.16882986375762768,0.7615970617322868,0.16286776083867283,0.7600301367403403,0.9979425800456957,0.007160158988632207,0.8916081185315194,1.1707084537636154,0.1571764676075696,0.784942331883003,0.7711314343996319,0.9824052074625138,0.9856038838982933,0.05153198882228785,0.05246492266652594,0.8450873345825815
2,4364,10,1.7841608259559754,3.183229852875908,1.1578963583461903,1.0357761174194982,1.0631558960864125,4.453084816180622,0.16882986375762768,1.3599522397859454,0.2893342736560352,1.3542719475033558,0.9958231678169193,0.0486648456557826,1.9992978859756692,1.470123602495301,0.14950591748484904,1.4919908099813504,1.4341747086459993,0.9612490231517747,0.9442865916816504,0.033610359720399816,0.03532634148661894,0.7228091473335284
2,4364,20,2.9934280903435058,8.960611732057568,2.1928384983234377,1.0357761174194982,1.0631558960864125,4.453084816180622,0.16882986375762768,2.364199872396071,0.4919105858266777,2.4014459345510213,1.0157541934545495,0.28554227652465247,5.480940522721429,2.318306750083105,0.1444819481663631,2.884726418722044,2.8427237829971235,0.9854396467365772,0.8447693542772357,0.07588028978807654,0.07625734807007051,0.5702446094732552
2,4364,40,8.550552876535386,73.11195449442756,4.29199188956063,1.0357761174194982,1.0631558960864125,4.453084816180622,0.16882986375762768,5.149808434205704,1.1038865481056304,5.36397320745506,1.0415869397833992,2.039169959121137,19.077695449200842,3.70454468218357,0.14176564622326251,5.660722107537387,6.994543598256799,1.2356274456475078,0.766879658708809,0.08219983908075933,0.08190825593827068,0.4815525949355599
2,4364,80,67.45688544819848,4550.431394371371,8.42297731940038,1.0357761174194982,1.0631558960864125,4.453084816180622,0.16882986375762768,13.85011605401508,2.830367832020847,16.044600033721252,1.1584451690619588,17.47862130732372,80.90174176810126,5.841232048351554,0.14807194765887877,11.798547185199144,22.79827571417469,1.9322951678978162,0.7037637510342776,0.24491690178511266,0.24843592530792558,0.39446439453986715
2,4364,160,1952.081226310978,3810621.114115772,15.15330275589386,1.0357761174194982,1.0631558960864125,4.453084816180622,0.16882986375762768,33.7088594200672,7.648694698968608,62.21710738330518,1.8457197441176771,65.2722300494824,672.066905199984,19.93739677824567,0.14745009188049701,23.465254627665903,134.0498558432401,5.712695556484319,0.4641340864705054,0.19999449085108442,0.20599243944479448,0.3201575668776027
2,4423,1,1.0603195907265277,1.1242776344784713,0.11714072673436265,1.0385672688092948,1.0603195907265284,4.446571163135764,0.12947119488100303,0.12947119488100312,0.027228750974609348,0.12947119488100312,0.9999999999999922,0.0,0.12947119488100312,0.9999999999999922,0.12947119488100312,0.12947119488100312,0.12947119488100312,0.9999999999999922,0.9999999999999922,nan,nan,nan
2,4423,2,1.1236276682270616,1.2625391368053835,0.23312488113671356,1.0385672688092948,1.0603195907265284,4.446571163135764,0.12947119488100303,0.25823923365918694,0.05413992634963828,0.2582487612223317,1.0000368943285989,0.00010995464600603733,0.2671419481198235,1.0344746781288274,0.12971462400705167,0.25942879203740976,0.2587092699845831,0.9972265142693804,0.9982199757964613,0.13817085618447814,0.13817085618447708,0.938530320142061
2,4423,5,1.331037421638247,1.7716606178013925,0.5719173088968644,1.0385672688092948,1.0603195907265284,4.446571163135764,0.12947119488100303,0.6481518935122244,0.13465238884402944,0.6484039279958141,1.000388850956252,0.0031634967175359604,0.7433452608525604,1.146868918062552,0.13269777571366773,0.6633011517992251,0.6574053927277148,0.9911114897727541,0.9863075891505048,0.09118169648717711,0.09058123700890786,0.8608632108953694
2,4423,10,1.7329980559389455,3.0032822618881645,1.0997057778868515,1.0385672688092948,1.0603195907265284,4.446571163135764,0.12947119488100303,1.3442123195620428,0.2755213150096512,1.3485019079121074,1.003191153873267,0.02894480230691262,1.8130281849278804,1.3487662317501903,0.14303377473245169,1.4258416935522698,1.4119805873740887,0.9902786499785616,0.9550428100572997,0.0894815222164129,0.09020403248252261,0.764878067762958
2,4423,20,2.666112783187516,7.108157372675884,1.961243050266206,1.0385672688092948,1.0603195907265284,4.446571163135764,0.12947119488100303,2.856370263685175,0.5822727701668033,2.9152298373371983,1.0206064229138432,0.28094797176637176,5.112537608065642,1.7898721580547643,0.1579132155054506,3.140788148059269,3.304391263424992,1.052089828302114,0.8822290113173735,0.208417594837863,0.21836638913516682,0.6584273057788644
2,4423,40,5.0755515892097804,25.761223934729927,3.2488704131016206,1.0385672688092948,1.0603195907265284,4.446571163135764,0.12947119488100303,4.900981402055609,1.06327513151402,7.1909568282598615,1.4672483403515408,4.2992987559845615,17.956546689028027,3.6638675432427767,0.16284218583609722,6.488920419114994,9.435244191875643,1.4540545395011162,0.7621378611961882,0.16554140284059665,0.1669896968350424,0.5787338589599281
2,4423,80,14.436504386958532,208.41265891467293,5.339520051386966,1.0385672688092948,1.0603195907265284,4.446571163135764,0.12947119488100303,4.999653998848327,1.0910296854302983,20.602593962329557,4.120803953048625,19.51170664808291,71.57226581158517,14.31544379432494,0.15284827633088685,12.150160591656732,30.18661416406949,2.4844621547469927,0.682507612491778,0.25307695688384707,0.26147864371000124,0.44379424705787995
2,4423,160,158.67029184692302,25176.261514787726,10.133656826154057,1.0385672688092948,1.0603195907265284,4.446571163135764,0.12947119488100303,10.415448087896536,2.390528565335593,44.68126151405484,4.289902953477107,46.62480549068351,595.7259164933037,57.19637901950449,0.13515218989360342,21.161314813051277,148.58186530476712,7.021390996609011,0.3007181355706219,0.15266712720553077,0.16182073841416952,0.2693015882312863
2,4482,1,1.0605635321667497,1.1247950057620124,0.1176008019523972,1.0181143127205192,1.0605635321667504,4.455193852193569,0.141938952643926,0.14193895264392606,0.029594300646990944,0.14193895264392606,0.999999999999993,0.0,0.14193895264392606,0.999999999999993,0.14193895264392603,0.14193895264392606,0.14193895264392606,0.999999999999993,0.999999999999993,nan,nan,nan
2,4482,2,1.1245717201914913,1.26466155385445,0.23480454002245246,1.0181143127205192,1.0605635321667504,4.455193852193569,0.141938952643926,0.28561580726020475,0.05955323184024921,0.2856435978870569,1.0000973007310685,0.0002549331049996551,0.29412802356704704,1.0298030294208695,0.14276106700585134,0.2855174267535351,0.2857984454425482,1.0009842435616187,0.9994581931498875,0.26140631266867054,0.2614063126686687,0.9446721816536969
2,4482,5,1.336623261043749,1.7865617419632258,0.5802929581770119,1.0181143127205192,1.0605635321667504,4.455193852193569,0.141938952643926,0.7224799841187248,0.15091789708426595,0.7230015616383282,1.0007219266015217,0.007888140830578249,0.8163191983467772,1.1298848636512964,0.14476913997736576,0.7237865430257671,0.72649108842446,1.0037366616231709,0.9951967383471964,0.2582251210800449,0.2581028598803586,0.8685698498535269
2,4482,10,1.755210973215567,3.0807655604963378,1.1251781247026185,1.0181143127205192,1.0605635321667504,4.455193852193569,0.141938952643926,1.4407900956490476,0.30358092298427625,1.4413439289881826,1.0003843955762928,0.0678735157636565,1.9464792752397644,1.3509804662856961,0.14764259885100053,1.4760453137638094,1.4770428471910573,1.0006758149075403,0.9758308174534235,0.22058781395703708,0.21971243197797133,0.7500256732417697
2,4482,20,2.9262180376183977,8.562752003683267,2.1474216342423547,1.0181143127205192,1.0605635321667504,4.455193852193569,0.141938952643926,2.6943369786471947,0.5860582297548287,2.668750015875694,0.9905034288679255,0.3240960764621525,5.608546878106487,2.0816055759003436,0.15265237440138174,3.051002138722721,2.991705957291486,0.9805650147934477,0.8920495710386664,0.11303110403850515,0.10960572405637363,0.5538561889389573
2,4482,40,7.851146327795992,61.640498660464495,4.121319100303431,1.0181143127205192,1.0605635321667504,4.455193852193569,0.141938952643926,4.836690785093548,1.091526282292492,5.169161794583389,1.068739355948596,3.0642871092073753,19.973948586413677,4.129672429747305,0.1454897727133434,5.801561036483809,6.961054876536344,1.1998589401647104,0.7425831122244279,0.09987601153289308,0.0952851471392103,0.443909021045207
2,4482,80,15.015356780557239,225.46093924742624,5.41814692552373,1.0181143127205192,1.0605635321667504,4.455193852193569,0.141938952643926,7.010958531701619,1.8235585685853573,12.159978376423307,1.7344245186217035,9.13960566509037,75.94290921582382,10.832029439688016,0.12819340874177101,10.038968066152684,21.823506659972406,2.1738794780663158,0.557196355557585,0.14414995953585513,0.14878574364852779,0.3677920053596844
2,4482,160,95.19260003047971,9061.631100562885,9.11180441600771,1.0181143127205192,1.0605635321667504,4.455193852193569,0.141938952643926,17.98187903753999,4.070390567557523,41.98235038445543,2.334703191852792,53.666270295991076,830.93042769979,46.20932139322551,0.13218169951955122,20.782657631051066,159.9214380437338,7.694946473294036,0.26251858974013537,0.15191574889746956,0.16087856721128724,0.27555259227946155
2,4541,1,1.0506618998240036,1.1038904277417845,0.09884069269538232,1.0158562453063644,1.0506618998240036,4.437206497817217,0.11765744528179735,0.11765744528179738,0.029914334861137478,0.11765744528179738,0.9999999999999916,0.0,0.11765744528179738,0.9999999999999916,0.11765744528179738,0.11765744528179738,0.11765744528179738,0.9999999999999916,0.9999999999999916,nan,nan,nan
2,4541,2,1.1039779157999998,1.2187672385741115,0.19783988770095365,1.0158562453063644,1.0506618998240036,4.437206497817217,0.11765744528179735,0.22951010832721083,0.0587807076031055,0.22956238321722333,1.000227767266516,0.00010369790303193882,0.2369438001313495,1.032389387370858,0.11546233405619334,0.2308821190113729,0.2297864937309544,0.9952546118118158,0.9990247011036495,0.1235083195641922,0.12350831956419116,0.942148747662896
2,4541,5,1.2805469067586628,1.6398003804091794,0.49457451516502093,1.0158562453063644,1.0506618998240036,4.437206497817217,0.11765744528179735,0.5326465354540327,0.1390697618435969,0.5340315637736133,1.0026002765950575,0.0025720114388713216,0.6068805551001386,1.1393682577562003,0.10883596035528285,0.543239611047966,0.5387831837154288,0.9917965714540931,0.9911808310180553,0.1580003696646643,0.1579961217421093,0.8711226187682087
2,4541,10,1.63142726852473,2.6615549324860615,0.9789105130893168,1.0158562453063644,1.0506618998240036,4.437206497817217,0.11765744528179735,0.9472525075658714,0.2520841176672604,0.9568728704806132,1.0101560701480348,0.018332887660887837,1.294345086751579,1.366420332924344,0.09918179711066963,0.9850224838261903,0.9981042358210565,1.0132806633449125,0.9586903212503385,0.17899173842085686,0.181244873021644,0.7776428374696626
2,4541,20,2.5592488981522927,6.549754922693724,1.8794276325645127,1.0158562453063644,1.0506618998240036,4.437206497817217,0.11765744528179735,1.592935847904305,0.4164048320106105,1.6320795016088225,1.0245732769188505,0.11462464975773654,3.282469462470711,2.0606413414508715,0.08904445582183543,1.760843037461122,1.9440837485546638,1.1040641937953464,0.8395109021523364,0.11758004316483574,0.12842675815598564,0.6301104628380345
2,4541,40,5.661866703319828,32.05673456616174,3.4675072881624414,1.0158562453063644,1.0506618998240036,4.437206497817217,0.11765744528179735,2.5223427763446087,0.5842834625824356,2.8853302649680908,1.1439088660065164,1.190056583752974,13.680764690867635,5.423832485881978,0.0954152501371448,3.775386367386133,4.514575313343552,1.1957916022431343,0.6391144381709689,0.05815631532064886,0.06005690390416309,0.38501382761537684
2,4541,80,8.971573915053979,80.48913851327697,4.388122250020373,1.0158562453063644,1.0506618998240036,4.437206497817217,0.11765744528179735,4.966074254387073,1.083737816117636,6.699865119750057,1.3491270521843963,7.028539945666685,79.20760801933172,15.949742988510293,0.12084148398175189,9.429520978712839,15.173520550466367,1.6091507283053526,0.441549810241245,0.09425534834421491,0.10226257074139283,0.30841555446847574
2,4541,160,74.04729173566824,5483.001413387162,8.609407933180263,1.0158562453063644,1.0506618998240036,4.437206497817217,0.11765744528179735,8.777443766715427,1.8329356772636876,38.08020600053947,4.33841640147463,35.08884587426288,390.5036544719568,44.48945101223765,0.12672629592164003,19.90408714978803,82.9575013819238,4.167862648391151,0.4590327018797728,0.1483228422247773,0.15501705557363324,0.30742764605883377
2,4600,1,1.065283054577756,1.1348279863705144,0.1264810855893419,1.0300014683785406,1.0652830545777559,4.447922772991882,0.15326009721087896,0.15326009721087896,0.034229140979504524,0.15326009721087896,0.9999999999999934,0.0,0.15326009721087896,0.9999999999999934,0.15326009721087896,0.15326009721087896,0.15326009721087896,0.9999999999999934,0.9999999999999934,nan,nan,nan
2,4600,2,1.1340555919833897,1.2860820857087965,0.2516004540340373,1.0300014683785406,1.0652830545777559,4.447922772991882,0.15326009721087896,0.30486557842659623,0.06812337168482716,0.30494852624192337,1.0002720799630913,0.0003039394077155702,0.3141020164275524,1.03029675586409,0.1520824221397817,0.30415565331084315,0.30510311423152014,1.0031150528039263,0.9994933254287255,0.20287234107857405,0.20287234107857274,0.9448618505788943
2,4600,5,1.3610243725449294,1.8523873426613187,0.6164752626607776,1.0300014683785406,1.0652830545777559,4.447922772991882,0.15326009721087896,0.7498538948961282,0.16778215444503117,0.7517395332721,1.0025146743769757,0.009132917645149336,0.842010601319806,1.1228995502336392,0.1479029907759923,0.7392369537486433,0.7554723972190119,1.0219624348972793,0.995058900946409,0.1898326260699057,0.1897404975580405,0.8810169799065675
2,4600,10,1.8015753014309648,3.2456735667260714,1.1773228992560243,1.0300014683785406,1.0652830545777559,4.447922772991882,0.15326009721087896,1.4576054209885572,0.32581181321797015,1.4668990454805682,1.0063759535730232,0.08374568464345414,1.8865863609055,1.2943052582954884,0.14068232930298252,1.404340037523986,1.5117147397480792,1.0764591903349892,0.970354397500298,0.17724315127328044,0.17621345173674402,0.8059120672259011
2,4600,20,2.83484604660657,8.036352107960898,2.083975262314446,1.0300014683785406,1.0652830545777559,4.447922772991882,0.15326009721087896,2.6721133884582646,0.5846917304629126,2.689567945225241,1.0065321168040127,0.685377816445105,4.965031737180126,1.858091710713223,0.138168353475969,2.758465168982415,3.286402470979141,1.1913880617138546,0.8183927467727099,0.19292335566179525,0.19257332258735294,0.6907730556996823
2,4600,40,5.539036749254064,30.680928109587033,3.423641227331815,1.0300014683785406,1.0652830545777559,4.447922772991882,0.15326009721087896,4.034798661611321,0.9035706697634683,5.9513334317282105,1.4750013398070052,3.9774945562674757,17.078467944687677,4.232793102461099,0.14591327781589333,5.817507291259066,9.166519221776264,1.5756781664114392,0.6492468174386237,0.2335679486893699,0.2317521395961054,0.5630906520965971
2,4600,80,13.971648402405087,195.20695908042862,5.2740603243702955,1.0300014683785406,1.0652830545777559,4.447922772991882,0.15326009721087896,8.090749720407302,1.742455385659182,18.57714468940269,2.296096818141036,15.858991937580123,68.04335668592631,8.410018729698251,0.13153299351238235,10.408763111998764,26.660744784813208,2.561374920145879,0.6967976641066986,0.277608390391424,0.2758519308388709,0.4451503275447504
2,4600,160,71.61127446763548,5128.174630879022,8.542505052404254,1.0300014683785406,1.0652830545777559,4.447922772991882,0.15326009721087896,22.042428977809678,4.651589315294311,58.21171445126378,2.6408938193638307,66.04716011643606,310.08645876148694,14.067708194666473,0.13218759236627153,20.900107037036605,106.98263028078055,5.118759922674035,0.5441230440725248,0.15818387136052858,0.15395174447346976,0.351249484568531
2,4659,1,1.057782668025623,1.1189041727754054,0.11234978917967015,1.0227349948830426,1.0577826680256226,4.447746450177019,0.1033286630034782,0.10332866300347833,0.02487265858167738,0.10332866300347833,0.9999999999999903,0.0,0.10332866300347833,0.9999999999999903,0.10332866300347833,0.10332866300347833,0.10332866300347833,0.9999999999999903,0.9999999999999903,nan,nan,nan
2,4659,2,1.1182015010037598,1.2503745968470614,0.2234431838975326,1.0227349948830426,1.0577826680256226,4.447746450177019,0.1033286630034782,0.20719522634732987,0.049821945264801396,0.20720577657069128,1.0000509192395326,0.00010856377040452203,0.21183029684301963,1.0223705467418385,0.10297020141511869,0.20593915058079096,0.2074450801330222,1.007312497638177,0.9988464244985783,0.12328491707055934,0.12328491707055816,0.9598496212410591
2,4659,5,1.312994311178474,1.7239540611870356,0.5446205252432225,1.0227349948830426,1.0577826680256226,4.447746450177019,0.1033286630034782,0.5242245749807344,0.12520483348489278,0.5245355898507253,1.0005932855589637,0.003349382491663445,0.5724178436883892,1.0919324865863544,0.10240879036047286,0.512037409192672,0.529580410829794,1.034261171785829,0.9904739282724507,0.18464318242739497,0.18453048915096742,0.9113374619704815
2,4659,10,1.6607512131777715,2.7580945920714397,1.0145400761257686,1.0227349948830426,1.0577826680256226,4.447746450177019,0.1033286630034782,1.0765348029481523,0.25136407196943006,1.0808373414910961,1.0039966553158894,0.036393004366285606,1.33377230521628,1.2389495458610968,0.10451238377163964,1.044692301827745,1.1237689761612606,1.0756937465655347,0.9617967432978815,0.2864703654817732,0.28678330912600436,0.8360201065108769
2,4659,20,2.4193253446417144,5.8531351232257505,1.7669774361908601,1.0227349948830426,1.0577826680256226,4.447746450177019,0.1033286630034782,2.205878128776912,0.4787991197774769,2.2987625596988677,1.0421076893189272,0.37460440510635934,3.7306027951983265,1.6912098390797425,0.11750667823801558,2.3339773357249767,2.562421382865845,1.0978775773201364,0.8971055951491871,0.3946895518097843,0.39516958150125037,0.6886250291464017
2,4659,40,4.242457135083781,17.998442543023287,2.8902852287650322,1.0227349948830426,1.0577826680256226,4.447746450177019,0.1033286630034782,4.28508711070254,0.8848203321204103,4.7426964232261115,1.106791134159358,2.451318006730342,13.21695946841487,3.084408584227812,0.12993769985918846,5.1585933755601925,6.434881767582853,1.2474101560455058,0.7370293028721209,0.15421863631154029,0.14481048568989596,0.5243829183000513
2,4659,80,8.591579265796991,73.81523428047277,4.301565136868067,1.0227349948830426,1.0577826680256226,4.447746450177019,0.1033286630034782,5.8737381650945,1.1959128227161249,6.85030619606726,1.1662600551001998,5.301167693819955,46.67390734906052,7.946201556349013,0.13272967343778727,10.508534848675787,16.530294182039935,1.573035101474966,0.41440921260252445,0.10843695184845759,0.10448770580099233,0.40906595632922144
2,4659,160,34.70168688998573,1204.2070730106075,7.093576598630942,1.0227349948830426,1.0577826680256226,4.447746450177019,0.1033286630034782,18.409172718975775,4.641525677822267,19.614003870946824,1.0654473272842475,27.131960009009443,368.59007381590203,20.022087871225597,0.12390489548034352,19.579625529527057,72.6278935631209,3.7093607052695874,0.2700615825227024,0.13261334370220074,0.12998472121019258,0.3068094438735313
2,4718,1,1.053133808449931,1.1090908185002561,0.10354059726074008,1.0228043917042027,1.0531338084499307,4.4477888787596,0.10948507559465437,0.1094850755946544,0.023423827485045026,0.1094850755946544,0.9999999999999909,0.0,0.1094850755946544,0.9999999999999909,0.10948507559465441,0.1094850755946544,0.1094850755946544,0.9999999999999909,0.9999999999999909,nan,nan,nan
2,4718,2,1.1094213509365318,1.2308157339138392,0.2076771478694489,1.0228043917042027,1.0531338084499307,4.4477888787596,0.10948507559465437,0.22284594814729805,0.047488466704040326,0.22282285136040608,0.9998963553652871,0.00011842156245087694,0.23108085551739482,1.0369533636961288,0.11265328747472471,0.2252198783972632,0.22313913825613452,0.9907612944472891,0.9985825575100753,0.24925841426006445,0.24925841426006218,0.9311487729805747
2,4718,5,1.2964770928627525,1.680852852317854,0.5193013147936012,1.0228043917042027,1.0531338084499307,4.4477888787596,0.10948507559465437,0.5810307750267877,0.12213515618587945,0.5807086757976545,0.9994456417061225,0.003757442614763266,0.6693803616481492,1.1520566386819822,0.12122127940942258,0.6048624287975449,0.5863950511449428,0.9694684662604753,0.9903028251411968,0.24575796168761369,0.24452832853019152,0.8459693315178922
2,4718,10,1.6659072202664873,2.7752468665360146,1.0207397041554895,1.0228043917042027,1.0531338084499307,4.4477888787596,0.10948507559465437,1.2129564991253687,0.24895664699128342,1.2115638644206088,0.9988518675601596,0.04207020643889543,1.633715365689404,1.3468870209833839,0.13229114420714466,1.317009681502554,1.2580045887945974,0.9551976773316961,0.9630838195761364,0.24818202136778306,0.24708563696250138,0.751111602607455
2,4718,20,2.7052304340348594,7.318271701228434,1.9903741937061603,1.0228043917042027,1.0531338084499307,4.4477888787596,0.10948507559465437,2.353740844687927,0.47827968889769185,2.3388497827988606,0.9936734488324515,0.3424223381566244,4.522567448996212,1.9214381477905822,0.14321966064029906,2.850687360170861,2.678243061652957,0.9395078180346059,0.8732776409604024,0.17660115339838475,0.1699414627604732,0.5973992037120021
2,4718,40,7.773458822149623,60.426662059655804,4.10143043237023,1.0228043917042027,1.0531338084499307,4.4477888787596,0.10948507559465437,4.321376994810842,0.910042584662847,4.331118092338137,1.002254165174432,1.9418078756860044,16.64806098106537,3.852489843181131,0.13377140380550726,5.281104473222754,5.946813467932424,1.1260548807706932,0.7283090542007484,0.16302222539331096,0.15458130370211245,0.4497120920026923
2,4718,80,15.52463401469683,241.01426129028178,5.484856107218203,1.0228043917042027,1.0531338084499307,4.4477888787596,0.10948507559465437,8.654645038644103,1.9449839330848802,10.552027224285807,1.2192328139593993,12.097422855820943,56.58449173020904,6.538048813966603,0.12210750197955081,9.631244574513985,20.007367675343165,2.0773397997062886,0.5274070730099091,0.16029407546693458,0.16029166977455148,0.46131458326367386
2,4718,160,163.6742405771303,26789.257028500324,10.195756228988735,1.0228043917042027,1.0531338084499307,4.4477888787596,0.10948507559465437,18.84162380185543,3.725902414762154,39.40062859980062,2.091148247844787,47.66078306280071,264.99224633905396,14.064193677031108,0.12471011333219993,19.645761887891176,68.99284690011449,3.5118437907281557,0.5710828059732558,0.18382727097288665,0.17189392032446593,0.3473191461537972
2,4777,1,1.0476093726753333,1.0974853977172052,0.09302156083740563,1.0243176587867941,1.047609372675332,4.443512753461582,0.10512297162732652,0.10512297162732628,0.022409353055226587,0.10512297162732628,0.9999999999999905,0.0,0.10512297162732628,0.9999999999999905,0.10512297162732628,0.10512297162732628,0.10512297162732628,0.9999999999999905,0.9999999999999905,nan,nan,nan
2,4777,2,1.09752227938338,1.2045551537428902,0.18611033176535105,1.0243176587867941,1.047609372675332,4.443512753461582,0.10512297162732652,0.20987444758642357,0.04477069172856973,0.20988534749909327,1.0000519353965862,0.00010385925635507136,0.21423455697635368,1.0207748462953483,0.10463582436261866,0.2092693701072061,0.2101377238091333,1.004149454368221,0.998798995699267,0.44031060633617114,0.4403106063361669,0.9627858870275168
2,4777,5,1.265159303162894,1.6006280623796196,0.4703960912097253,1.0243176587867941,1.047609372675332,4.443512753461582,0.10512297162732652,0.5231889988920421,0.11194330027331068,0.5235366288513223,1.0006644443212978,0.00292765382953835,0.5704515426409029,1.0903355075296837,0.10378413695529616,0.5189063345962444,0.5290822934866634,1.0196103963508862,0.9895183325852847,0.3050867409188133,0.30540221036889864,0.9134947279458554
2,4777,10,1.6235603417553273,2.635948183320675,0.969242959133197,1.0243176587867941,1.047609372675332,4.443512753461582,0.10512297162732652,1.0504107521713055,0.2267198893218728,1.0537628292492378,1.0031912059839467,0.02548331355044727,1.3074227959755889,1.2446776589757977,0.10508990513445729,1.050691731502921,1.1012617548736037,1.0481302192207658,0.9568686323536055,0.1957156701620826,0.1952228150231281,0.8349618910072523
2,4777,20,2.648393118773954,7.0139861115692295,1.94790617161469,1.0243176587867941,1.047609372675332,4.443512753461582,0.10512297162732652,2.1546300714274973,0.4817073966537132,2.16229599079189,1.0035578819148816,0.20160881054063357,3.6002980900487755,1.6709588053152367,0.11346289311821385,2.2621058579771627,2.4582406774738783,1.0867045274672087,0.8796111831547325,0.10325605670885867,0.0972780825198985,0.6882610646492199
2,4777,40,5.696830545244213,32.45387826122747,3.47981995099265,1.0243176587867941,1.047609372675332,4.443512753461582,0.10512297162732652,3.8325816076192054,0.9632448062125096,3.572306849181653,0.9320889194061454,1.084262312526321,11.574313359380648,3.01997831862753,0.11662087515125005,4.645250145097994,4.912840324394232,1.0576051172569505,0.7271367708499927,0.13849540843763114,0.14022856568339528,0.47345914017136753
2,4777,80,8.620943399126242,74.32066509093832,4.308389043482472,1.0243176587867941,1.047609372675332,4.443512753461582,0.10512297162732652,4.922228276606053,1.0468800379594507,4.540608933994746,0.922470206344343,3.862781626715733,41.150695680002215,8.360176198162065,0.11569587428091282,9.175610445145477,11.166293465020981,1.2169537418547132,0.4066352857569478,0.16101954645766503,0.16005406327145522,0.35702341014449696
2,4777,160,51.1895892594233,2620.3740485484655,7.87107235318651,1.0243176587867941,1.047609372675332,4.443512753461582,0.10512297162732652,9.182207209376966,1.9142699151637492,19.159994093624054,2.0866436202896472,20.401806288735255,237.20256602207067,25.832848313403,0.14552693928737226,22.707756691277105,60.85622778578824,2.679975332357044,0.3148403177578892,0.12537454587934851,0.13066403492006168,0.31985810118012514
2,4836,1,1.0458046016719942,1.0937072648783184,0.08957308581510054,1.009887482533738,1.045804601671994,4.437987603501683,0.11698196842969046,0.11698196842969051,0.02775924190215574,0.11698196842969044,0.9999999999999909,3.8113418379280446e-16,0.11698196842969044,0.9999999999999909,0.11698196842969043,0.11698196842969044,0.11698196842969044,0.9999999999999915,0.9999999999999915,nan,nan,nan
2,4836,2,1.0934895621893996,1.1957194226171648,0.17874803153244026,1.009887482533738,1.045804601671994,4.437987603501683,0.11698196842969046,0.23568305625468308,0.05563090622938182,0.23561787291831235,0.9997234279909316,0.00018485329046686054,0.2426930000245282,1.0297430960088578,0.11872063356956213,0.23741616927243858,0.2358019690737732,0.9932009677200458,0.9992192764285006,0.28821935780522145,0.288219357805219,0.9436357055944165
2,4836,5,1.2506469390352135,1.5641177661181491,0.4473219373178721,1.009887482533738,1.045804601671994,4.437987603501683,0.11698196842969046,0.6007294239112498,0.13958766232587644,0.5989944948032917,0.9971119624927587,0.005559479813471821,0.6718687583701852,1.1184215915307725,0.12307307021944465,0.6150473573678678,0.6026193555549438,0.9797934229550854,0.9939848252163839,0.2726248045224072,0.2725064414997409,0.8737554474837927
2,4836,10,1.586965568903825,2.5184597168862406,0.9236474911922818,1.009887482533738,1.045804601671994,4.437987603501683,0.11698196842969046,1.2149261967415466,0.275084000661766,1.2050782452368192,0.9918941977453932,0.050946350620616886,1.5790141114001792,1.2996790386404717,0.1266971518996092,1.2661459971096363,1.2402890266116546,0.9795782077603931,0.9716108256871151,0.2479730118307169,0.2473079870143249,0.7738749637820087
2,4836,20,2.652523654205499,7.035881736119694,1.9510230183371893,1.009887482533738,1.045804601671994,4.437987603501683,0.11698196842969046,2.1770306580918124,0.46581790733500955,2.1770711845850053,1.000018615490343,0.3830205086129928,4.450094800732397,2.0441121415501535,0.12924216757415827,2.5828590609179396,2.671126445667428,1.0341742939384844,0.815038609690761,0.22124043716826167,0.22156210994030662,0.6127074423645721
2,4836,40,5.031056644589433,25.311530961067483,3.231260061114388,1.009887482533738,1.045804601671994,4.437987603501683,0.11698196842969046,3.227098358654188,0.6419274758709639,3.0834683223990345,0.9554925136167671,1.8785367728529208,14.187629231605786,4.396404340623357,0.14048345618848931,5.598220280321781,6.906976048171479,1.2337806842739083,0.4464281185997941,0.15403738065027306,0.14913434477733145,0.5141603078348095
2,4836,80,16.058758675381394,257.8837301941372,5.55250882518245,1.009887482533738,1.045804601671994,4.437987603501683,0.11698196842969046,5.636369129306787,1.063838443244292,7.601372825660375,1.3486293483044574,5.987183205188257,52.30087862101217,9.279179099372543,0.16050109396441495,12.67969643282726,20.49717432524258,1.6165350987564782,0.3708497915392743,0.144354848213019,0.14315202184118173,0.43472488792668934
2,4836,160,107.68883479641417,11596.885139809383,9.358491818605627,1.009887482533738,1.045804601671994,4.437987603501683,0.11698196842969046,13.573983153858666,3.2192816290672117,15.162520790461583,1.117028113163036,20.29583246292206,322.9895908446196,23.79475406618606,0.15441055528666317,24.422647466611608,106.889704069906,4.376663267814668,0.1418520232832273,0.15976214601543967,0.15998343759835243,0.3944795864762233
2,4895,1,1.0636087532067433,1.131263579898003,0.12333522028967392,1.0247055965149505,1.063608753206742,4.458170619319187,0.16071313193446138,0.16071313193446138,0.028212178387565123,0.16071313193446138,0.9999999999999938,0.0,0.16071313193446138,0.9999999999999938,0.1607131319344614,0.16071313193446138,0.16071313193446138,0.9999999999999938,0.9999999999999938,nan,nan,nan
2,4895,2,1.1317992649942687,1.280969576241567,0.24761727262597813,1.0247055965149505,1.063608753206742,4.458170619319187,0.16071313193446138,0.31950434896104557,0.056027187562170386,0.3194692939436749,0.9998902831292105,0.00018127306086462294,0.332558204081215,1.0408565803959056,0.1611451585673967,0.32228916197369484,0.3200479492579287,0.9930459569225288,0.9981919730602978,0.20657262841181906,0.20657262841181778,0.9268329877463445
2,4895,5,1.363718467525815,1.8597280586709573,0.6204302720205004,1.0247055965149505,1.063608753206742,4.458170619319187,0.16071313193446138,0.7823799608414521,0.13735524924975073,0.7817561979445541,0.9992027366137699,0.005440151900637128,0.9207163361484746,1.176814824293608,0.16234479243456576,0.8117063727362748,0.7914125124933286,0.9749985204938871,0.9877986329552038,0.17798341921363625,0.17797596991616718,0.8333256996447983
2,4895,10,1.819683000273731,3.311246221485207,1.1973246204891712,1.0247055965149505,1.063608753206742,4.458170619319187,0.16071313193446138,1.4912723380655544,0.2652402772650188,1.484693738056804,0.9955885991841804,0.04539643704392465,2.1299466001819023,1.4282747327995238,0.1621616610839992,1.6215788617454552,1.5493572881377495,0.9554621885426108,0.9582642747570065,0.13828793490503122,0.1382444084863004,0.7231062033248443
2,4895,20,2.5263556379905543,6.382472809606661,1.8535556099766264,1.0247055965149505,1.063608753206742,4.458170619319187,0.16071313193446138,2.849503215979636,0.5342322259022041,2.803062543226912,0.9837021862294131,0.4304420147407933,5.318768044203627,1.8665597618478478,0.16224689591292318,3.2445445187518427,3.2374534748477073,0.9978144716883515,0.8658232666521238,0.174485650319512,0.17445596367328292,0.6429303438534891
2,4895,40,4.805307986850078,23.09098484848515,3.139442275054692,1.0247055965149505,1.063608753206742,4.458170619319187,0.16071313193446138,5.5840978574953155,1.1602766748560411,5.995852892917523,1.0737370737279477,4.083508422639186,17.934264323251345,3.2116672703324642,0.16719523884064957,6.681084418573631,8.440414457382689,1.2633300118043802,0.7103742266676313,0.18985402484179226,0.19101765209916535,0.533621287523836
2,4895,80,13.85738547125242,192.02713209887764,5.257636675059025,1.0247055965149505,1.063608753206742,4.458170619319187,0.16071313193446138,8.47789311696078,2.0293072362459994,16.38392598877984,1.9325468913971482,16.86722893699369,67.61817263634153,7.975822731365335,0.15735045402460143,12.545014281677545,28.544582475465322,2.275372656781725,0.5739767258064529,0.2231524197042187,0.23080612603994305,0.47772511660669903
2,4895,160,55.10334680495551,3036.3788291072,8.018420909752082,1.0247055965149505,1.063608753206742,4.458170619319187,0.16071313193446138,13.201530604081634,3.081551630920813,86.93129795117794,6.584940834383295,93.44172282237732,620.4288783459942,46.99673825353029,0.14525719146934565,22.99515078939823,185.6014990677107,8.071332115520683,0.4683760550848992,0.11928560265471984,0.12489584724498742,0.3533433042011136
2,4954,1,1.0611645816762847,1.1260702694042042,0.11873393399074147,1.0263869489615485,1.061164581676285,4.445968669826529,0.14442776945072464,0.1444277694507247,0.03173868486349803,0.14442776945072464,0.9999999999999927,4.933939044724272e-16,0.14442776945072464,0.9999999999999927,0.14442776945072464,0.14442776945072464,0.14442776945072464,0.9999999999999931,0.9999999999999931,nan,nan,nan
2,4954,2,1.1254489210597298,1.26663527391451,0.23636399400540545,1.0263869489615485,1.061164581676285,4.445968669826529,0.14442776945072464,0.28946213085869626,0.06393413141391371,0.28946387224395986,1.0000060159346489,0.00019564218073564815,0.29740737538981454,1.0274483038853734,0.14430571189330924,0.2886113204597002,0.28975004959180445,1.0039455456227062,0.9990123302886444,0.08957069316200683,0.0895706931620062,0.9500252272846439
2,4954,5,1.3364547907448585,1.7861114077048836,0.5800408588430613,1.0263869489615485,1.061164581676285,4.445968669826529,0.14442776945072464,0.7293000086775353,0.1636568514377128,0.7297204848656245,1.0005765476252366,0.005681481463727671,0.8148957211118286,1.1173669428435986,0.1445570875054737,0.7227828773162212,0.7356648424251027,1.017822731435909,0.991919747666772,0.07328368139829715,0.07326755767491641,0.8845931750814195
2,4954,10,1.7416401805242303,3.0333105184164735,1.1096546034252461,1.0263869489615485,1.061164581676285,4.445968669826529,0.14442776945072464,1.478057134908076,0.3404795403438276,1.4883590123169919,1.0069698776627842,0.04995158498454722,1.9047440042827455,1.2886809036656115,0.14592591983375433,1.4591824881612585,1.535700623067091,1.0524390441405675,0.9691726303688345,0.059207346009037876,0.05906066030649844,0.8006914580958314
2,4954,20,2.666229465646937,7.108779563483951,1.9613305783759891,1.0263869489615485,1.061164581676285,4.445968669826529,0.14442776945072464,2.903199737232801,0.6934335843972198,3.0323959308140074,1.0445013107173775,0.3635360052517321,4.9346378641675335,1.6997238601540403,0.14238670692172203,2.8445042398024025,3.3031079405796824,1.161224474324966,0.91804324453346,0.10426380273863793,0.10339884644660889,0.6921252139477919
2,4954,40,5.576365689419229,31.095854302131997,3.437074508117412,1.0263869489615485,1.061164581676285,4.445968669826529,0.14442776945072464,4.370105981178927,1.046267810091454,5.6454143345070396,1.291825497784397,2.698267053816304,14.80210814898314,3.3871279581622318,0.13275636951710337,5.281757890609564,7.700642962006917,1.4579696990083335,0.7331094770086248,0.17096334045159675,0.17272470486947922,0.5846131468971634
2,4954,80,20.286996969177395,411.5622460274128,6.019960274843804,1.0263869489615485,1.061164581676285,4.445968669826529,0.14442776945072464,6.400596580905614,1.4983855670869153,13.837959479518608,2.161979638085656,12.177791308550885,76.29578999810859,11.920106045382658,0.13946952553630865,11.09330893913666,22.09704257252163,1.9919252852108287,0.6262358156799928,0.16189984370649535,0.16068694163757283,0.3915695959389166
2,4954,160,396.0376965866017,156845.8571176212,11.963018800248772,1.0263869489615485,1.061164581676285,4.445968669826529,0.14442776945072464,16.47135016760911,3.7292949802518445,90.7548885961659,5.509863348946055,91.0277767973871,529.2932546984489,32.134175359789474,0.12365717135492091,19.43700647509421,133.27314811342237,6.856670459218766,0.6809690465098699,0.1883339899585175,0.1847086640912877,0.40283757621766575
2,5013,1,1.055367123453163,1.1137997652658038,0.10777738142264925,1.018378390605948,1.0553671234531634,4.453135830158273,0.1420672363771409,0.1420672363771409,0.03051222709345965,0.1420672363771409,0.999999999999993,0.0,0.1420672363771409,0.999999999999993,0.1420672363771409,0.1420672363771409,0.1420672363771409,0.999999999999993,0.999999999999993,nan,nan,nan
2,5013,2,1.112834020098036,1.238399556287556,0.2138198655583293,1.018378390605948,1.0553671234531634,4.453135830158273,0.1420672363771409,0.28258134174332733,0.060742371361568605,0.2826766484145248,1.0003372716351635,0.00031089413229762325,0.2910302924435656,1.029899181057437,0.14160863819649908,0.2832157863941196,0.28319103294227704,0.9999125986154984,0.9981836129399686,0.12839584045773694,0.12839584045773603,0.9476970351800639
2,5013,5,1.2975196230337018,1.6835571721575198,0.5209089193378814,1.018378390605948,1.0553671234531634,4.453135830158273,0.1420672363771409,0.6987001503604583,0.15142269569032757,0.7016784226285275,1.0042625899916175,0.009728676688998208,0.7864694671671889,1.1256180018874327,0.14129614156950268,0.7064772010206631,0.7116849317063577,1.0073714065764188,0.9859396923666217,0.26328956956294713,0.26306941611404866,0.8870724679621029
2,5013,10,1.677506610445778,2.8140284280892836,1.0346170610183127,1.018378390605948,1.0553671234531634,4.453135830158273,0.1420672363771409,1.384185033706739,0.30790229478956593,1.4072909769810469,1.016692813974755,0.09135148434407547,1.800802246448549,1.3009837576600147,0.14217115942708758,1.4216772109934088,1.478806749204542,1.040184605738466,0.951639541635873,0.4768343157467087,0.4771112743093717,0.8163678034925188
2,5013,20,2.7025002831363327,7.303507780351959,1.988354750599043,1.018378390605948,1.0553671234531634,4.453135830158273,0.1420672363771409,2.742466534455489,0.6398895096203835,2.791600844619476,1.0179161020003993,0.5985473537516794,4.474590197149406,1.631593363467542,0.13658767759702414,2.726801992425931,3.1760153341011526,1.164739993194582,0.8789632766082123,0.39379854210490145,0.39666415085141227,0.7259911414453566
2,5013,40,5.853349118919648,34.26169590795742,3.5340279927787566,1.018378390605948,1.0553671234531634,4.453135830158273,0.1420672363771409,4.762109816994366,1.1218884793667823,4.666887945088622,0.9800042679473853,2.0507932125727537,13.750568426733627,2.887495029548138,0.12548479178675084,4.98642047139705,7.12448439920445,1.4287773042950738,0.6550492195069928,0.10833102471379195,0.11616752509893295,0.5799944771632944
2,5013,80,17.7941106219539,316.6303728263327,5.757735077230635,1.018378390605948,1.0553671234531634,4.453135830158273,0.1420672363771409,9.394818158227999,2.265119937015286,12.754787465382016,1.3576406962396976,6.5257163663545565,51.65550220262584,5.4982971817699156,0.11701521180607154,9.26248046388655,24.119364198651407,2.603985432702427,0.5288193901104233,0.22911616542623212,0.23620857224407674,0.5140173785856855
2,5013,160,218.10500058838804,47569.79128166075,10.769953201812346,1.018378390605948,1.0553671234531634,4.453135830158273,0.1420672363771409,22.52109941406232,5.120339227886896,41.57698182201916,1.8461346427900505,45.41420944535817,301.6039305724454,13.392060708373853,0.11043682962718902,17.422643517669698,99.90400975419199,5.734147613872219,0.41616930015438724,0.21614303209539903,0.2154401948373793,0.402448801046699
2,5072,1,1.0643598361018298,1.132861860706714,0.1247470511410311,1.029961257707398,1.06435983610183,4.448638114539384,0.10618412950384612,0.10618412950384598,0.02321839645270318,0.10618412950384598,0.9999999999999906,0.0,0.10618412950384598,0.9999999999999906,0.10618412950384598,0.10618412950384598,0.10618412950384598,0.9999999999999906,0.9999999999999906,nan,nan,nan
2,5072,2,1.1325575426989256,1.2826865875242288,0.24895677482885623,1.029961257707398,1.06435983610183,4.448638114539384,0.10618412950384612,0.21544640853756028,0.04714286559197653,0.21545735836202065,1.0000508238894938,0.00011869003752038383,0.22137548959775957,1.0275199809569562,0.10726425454647782,0.21451774039323546,0.2156398549467624,1.00523087065652,0.9991536973311923,0.06163936228999388,0.061639362289993296,0.94926097552046
2,5072,5,1.3597264240970217,1.8488559483876736,0.6145670415212704,1.029961257707398,1.06435983610183,4.448638114539384,0.10618412950384612,0.5654837134909227,0.12446859552129431,0.5658970437077144,1.0007309321328444,0.0038545973015700194,0.6264155941620901,1.1077517870408913,0.11043654947280325,0.5519872821820269,0.5692523255563405,1.0312779731193502,0.9941058091500146,0.06215715558982117,0.06187011704614822,0.8905208291575456
2,5072,10,1.8086346715853965,3.271159375260815,1.1851444710809378,1.029961257707398,1.06435983610183,4.448638114539384,0.10618412950384612,1.2349734972022361,0.2777597738690385,1.2383204452766312,1.0027101375713539,0.039605413185617555,1.5237569860311244,1.2338378025788488,0.11489309627469527,1.1478234041021511,1.2642162413953768,1.1014030876851386,0.9795163238132709,0.04148713129549091,0.040451000148055055,0.8240097508218996
2,5072,20,2.9146284910779126,8.495059241003108,2.1394847287314938,1.029961257707398,1.06435983610183,4.448638114539384,0.10618412950384612,2.8351143550020668,0.6798541419717226,2.8409206174530026,1.0020479817474348,0.307719926883323,4.291200828997365,1.5135900325947294,0.11977914154022808,2.3925049333622646,3.05651450120334,1.2775373871049538,0.9294641384277877,0.19827210016045874,0.20486000393265172,0.7306431184756407
2,5072,40,7.652222312779675,58.55650632420312,4.069992208109051,1.029961257707398,1.06435983610183,4.448638114539384,0.10618412950384612,6.393601500245734,1.4686853204423216,5.9736005028321415,0.9343091687216586,2.778183264873893,12.577374639968388,1.9671815078692318,0.1068904775251647,4.208875248182132,7.352813061806284,1.746978142196554,0.8124238237283123,0.18204099289141398,0.16682346471773507,0.6356120315809031
2,5072,80,70.1807747009601,4925.341137626921,8.502148817730607,1.029961257707398,1.06435983610183,4.448638114539384,0.10618412950384612,12.309201980385847,2.950251631449436,13.202652540174702,1.0725839547691658,11.438204275421121,51.00221441655665,4.143421685485895,0.11150982379973927,8.827868512603242,22.587606964680475,2.558670525329294,0.5845086892480142,0.2571050265876948,0.26037856494355294,0.49096435616776546
2,5072,160,151.13024762889913,22840.35174837237,10.036284064193056,1.029961257707398,1.06435983610183,4.448638114539384,0.10618412950384612,31.879337256233747,7.33416331702787,75.38569794094131,2.364719734761746,73.47209549476742,325.64252060514804,10.214845998452219,0.1170684430852821,18.462560786262777,116.60510708456366,6.315760226031301,0.6465042554805988,0.2007073207469335,0.19163678793391153,0.3811458115285609
2,5131,1,1.0592501794844895,1.1220109427379232,0.11512255993879507,1.0199685157721494,1.0592501794844884,4.441914452890929,0.10553993561874635,0.10553993561874646,0.022862649801891854,0.10553993561874646,0.9999999999999906,0.0,0.10553993561874646,0.9999999999999906,0.10553993561874646,0.10553993561874646,0.10553993561874646,0.9999999999999906,0.9999999999999906,nan,nan,nan
2,5131,2,1.1211790997300086,1.2570425736713926,0.22876179830376614,1.0199685157721494,1.0592501794844884,4.441914452890929,0.10553993561874635,0.21128224289364403,0.04588743401629774,0.21133243569895951,1.0002375628194167,0.00012607422759454775,0.21981798039606093,1.0403996918317107,0.10677937067656144,0.2135445188259228,0.2118927819958734,0.9922651405939534,0.9973555196565128,0.3650294633265798,0.3650294633265763,0.9291212090908966
2,5131,5,1.320878119789876,1.7447190073396381,0.5565935153755726,1.0199685157721494,1.0592501794844884,4.441914452890929,0.10553993561874635,0.527211980191258,0.11572935640851248,0.5289969562685382,1.0033856895221378,0.003909729582642681,0.6211773243011567,1.178230669333063,0.110622345353959,0.5528301160685288,0.539183286444428,0.9753146052875126,0.9811078525021366,0.3173249870204069,0.315940125466104,0.8401766275996118
2,5131,10,1.680393918131851,2.823723720094514,1.0380564820173308,1.0199685157721494,1.0592501794844884,4.441914452890929,0.10553993561874635,1.0219362179613836,0.2303357072533066,1.0408682017251178,1.018525602117811,0.03874387160106187,1.4900949356820101,1.458109527280024,0.1144096861974888,1.1432016437722246,1.115338064368791,0.9756267150635882,0.9332311296254207,0.24833303642046425,0.24428839399134528,0.7375514181310742
2,5131,20,2.341334061888122,5.481845189357532,1.7014417576711047,1.0199685157721494,1.0592501794844884,4.441914452890929,0.10553993561874635,1.7749016852087964,0.4239817841059351,1.913589400325895,1.0781382519791696,0.2985702477614954,3.8540582922757274,2.1714207183381764,0.11205143043768881,2.2384676562546386,2.3879792687613466,1.0667919467538196,0.8013425515701734,0.16031584622497674,0.1583520258808098,0.6412925426148094
2,5131,40,3.639407939794026,13.245290152235796,2.583642029032657,1.0199685157721494,1.0592501794844884,4.441914452890929,0.10553993561874635,2.4141146688259143,0.5528035595851368,2.8873413576788924,1.1960249423790326,1.0180570563708302,9.616482225898867,3.9834405341548105,0.10058014866119484,3.988168076330744,5.311650394495709,1.331852191992524,0.5435864831523833,0.22795536849932993,0.21823801776148744,0.5975438292776314
2,5131,80,8.900913895748316,79.22626817952546,4.372307912763801,1.0199685157721494,1.0592501794844884,4.441914452890929,0.10553993561874635,3.9264160989234242,0.8602143927951476,5.638348042003312,1.4360036990346685,3.109730386083617,56.47897089167801,14.384356998526938,0.11443473173296963,9.035231965520477,18.036827557605537,1.9962771986857912,0.3126019819170365,0.1787746864630166,0.16591701858001356,0.3923348703128812
2,5131,160,50.6655302242863,2566.9959529080684,7.850491604285584,1.0199685157721494,1.0592501794844884,4.441914452890929,0.10553993561874635,6.648049812846857,1.5148233233975494,9.600683201690101,1.444135268532059,9.848210744053201,187.7852692081296,28.24667000016285,0.1222416957332888,19.37938102539414,59.06817162830069,3.0479906221411093,0.16253564207310306,0.15449077255415858,0.14468290442966927,0.3698172275960669
2,5190,1,1.0649851445715308,1.1341933581580443,0.12592170060995514,1.0244176408359844,1.064985144571531,4.451508169477063,0.11215446094458141,0.11215446094458137,0.023752368904545164,0.11215446094458137,0.9999999999999911,0.0,0.11215446094458137,0.9999999999999911,0.11215446094458137,0.11215446094458137,0.11215446094458137,0.9999999999999911,0.9999999999999911,nan,nan,nan
2,5190,2,1.1340703807066896,1.286115628396216,0.2516265349898189,1.0244176408359844,1.064985144571531,4.451508169477063,0.11215446094458141,0.22476506967439078,0.04761501891714884,0.22475147606887513,0.9999395208270736,0.00017750896001074087,0.23328375583038247,1.0379004004863006,0.11298167049229893,0.22595732832801418,0.22556354889946678,0.9982572841011079,0.9963998046911623,0.1785931707304129,0.17859317073041128,0.93538542413548
2,5190,5,1.3653428828190395,1.8641611876646054,0.6228111865937269,1.0244176408359844,1.064985144571531,4.451508169477063,0.11215446094458141,0.5757647713383912,0.12277563959899511,0.5755847087825594,0.9996872636798979,0.0052788880749560846,0.6711903931815041,1.1657371666232559,0.11832281278888386,0.5910332646351024,0.5900376015752148,0.998315385749898,0.975505132632104,0.16889867096718764,0.16842892966336398,0.8531729400744906
2,5190,10,1.8282444013046046,3.342477590901632,1.206712325678782,1.0244176408359844,1.064985144571531,4.451508169477063,0.11215446094458141,1.232756766863058,0.26857622315227714,1.237488570562548,1.0038383919899543,0.05286211248210709,1.6981915872382014,1.3775560863961134,0.12818651840910444,1.2775385768321246,1.3193245225734256,1.0327081674863514,0.9379713250146731,0.14724213713227183,0.14511984224402852,0.7643352703984241
2,5190,20,3.0491859268907944,9.297534816748874,2.229749291553166,1.0244176408359844,1.064985144571531,4.451508169477063,0.11215446094458141,2.494365264290291,0.5480646597556961,2.5073714424215403,1.0052142235611787,0.4890572196983382,4.750711898601966,1.9045774757265392,0.133191204989606,2.6573932743779762,3.0074231989173206,1.131719278404991,0.8337275057677945,0.09845328271371115,0.09805615562565487,0.646818602276353
2,5190,40,5.982529448301689,35.790658599796906,3.577686926391158,1.0244176408359844,1.064985144571531,4.451508169477063,0.11215446094458141,3.7508351353641354,0.8479430615175453,4.181974861349392,1.114944995027994,2.6852512898483485,12.80438236143391,3.4137417133346872,0.13717266926505065,5.4765423130363065,7.220008361857059,1.3183516074860997,0.579220224098708,0.07800026668645418,0.07862774935854325,0.5882378255684326
2,5190,80,21.433797473496817,459.40767413487856,6.129937994806113,1.0244176408359844,1.064985144571531,4.451508169477063,0.11215446094458141,5.394790114670579,1.1523665063331436,5.466438699955001,1.0132810700252415,5.52675800479248,42.66846800620903,7.9091988936096875,0.13132323459537015,10.479275337148346,17.58556595138974,1.6781280561500331,0.310848039526587,0.2366839867469599,0.23509969896362587,0.4631116636792011
2,5190,160,133.94970737847854,17942.524106780027,9.7949288228608,1.0244176408359844,1.064985144571531,4.451508169477063,0.11215446094458141,6.613933345214236,1.5204022012685092,19.640244307819554,2.9695255882841636,21.57220695172642,247.63729955404776,37.44175918150659,0.13445999931413294,21.316862777208943,60.99769778271016,2.8614763072888114,0.32198337022133633,0.14374041751945385,0.1509714992335314,0.32086153444563836
2,5249,1,1.0543631589013363,1.1116816708484045,0.10587388762345,1.0315412183816153,1.054363158901336,4.443528654669121,0.12867839388994157,0.1286783938899416,0.03145103283237535,0.1286783938899416,0.9999999999999922,0.0,0.1286783938899416,0.9999999999999922,0.1286783938899416,0.1286783938899416,0.1286783938899416,0.9999999999999922,0.9999999999999922,nan,nan,nan
2,5249,2,1.1114553649850156,1.2353330283539743,0.21134059231481278,1.0315412183816153,1.054363158901336,4.443528654669121,0.12867839388994157,0.25898584615674947,0.06290073421625443,0.25897299307079685,0.9999503714734054,0.0001431980011232999,0.26615675583801246,1.0276884230844099,0.12958236345358937,0.25915846433114464,0.25937699963731164,1.000843249734212,0.9984423963301268,0.3659208041143086,0.3659208041143058,0.950030057258015
2,5249,5,1.2985587461201011,1.6862548171250094,0.5225099852444268,1.0315412183816153,1.054363158901336,4.443528654669121,0.12867839388994157,0.6542685058076858,0.15526282224742616,0.65376409615861,0.999229047944996,0.004538247707164606,0.7318076246272628,1.1185126872702742,0.13181936930704743,0.659018815416186,0.6613003193801532,1.003461970903707,0.9886039322820711,0.23451804908309665,0.23351010843336753,0.8839714291657887
2,5249,10,1.6575261122816405,2.7473928128954896,1.01065239393972,1.0315412183816153,1.054363158901336,4.443528654669121,0.12867839388994157,1.285284274700825,0.2919152600511564,1.2837383491817755,0.9987972112088507,0.04770218885322178,1.6706560680012288,1.2998338973610373,0.1322115977945032,1.3219575590524366,1.3354887501340609,1.01023572276505,0.9612498413430353,0.202655255085411,0.20360034824541476,0.7923099686518226
2,5249,20,2.426852193260164,5.889611567931669,1.7731900477692681,1.0315412183816153,1.054363158901336,4.443528654669121,0.12867839388994157,2.2619046167009986,0.48430168094689274,2.309022332860683,1.0208309916394287,0.2923581247681528,4.199013936828595,1.85640628071792,0.12584510711221134,2.5127969998671,2.722295162638923,1.0833724979705495,0.8481895587774455,0.254031301581785,0.2541145803167221,0.6781894609421092
2,5249,40,4.574251149818012,20.9237735816114,3.040886004460112,1.0315412183816153,1.054363158901336,4.443528654669121,0.12867839388994157,4.0776184063929275,0.9189895425864393,4.0160943303846555,0.9849117622404747,1.5194421122529354,12.555593755334797,3.0791487834295674,0.12681192627917898,5.065980107627988,6.6222448425781035,1.307199140519088,0.6064551259963911,0.1299298919086899,0.13139088569160057,0.574884597690716
2,5249,80,12.983570513021869,168.57310326661096,5.127369502987487,1.0315412183816153,1.054363158901336,4.443528654669121,0.12867839388994157,4.308705156779797,0.958954861828015,5.100955462157083,1.1838720164294998,3.021190365979822,45.511370683218786,10.56265607118791,0.13926340112438124,11.04540939635867,14.869341549409151,1.3462010339165076,0.3430518725531444,0.12417026164722691,0.12883568136925125,0.38579345948036264
2,5249,160,65.72465172942032,4319.729844953593,8.370948143392333,1.0315412183816153,1.054363158901336,4.443528654669121,0.12867839388994157,15.802459212843532,3.51451892296508,26.143430791125077,1.6543900186039944,27.691309823162207,455.0508338604383,28.79620366243966,0.13266439689778697,21.00784966412483,118.50197228653893,5.640842550815904,0.2206159972418856,0.255009172705091,0.2594990431912946,0.36100921376131756
2,5308,1,1.054303422621557,1.1115557069515296,0.10576057188103985,1.0227151403113404,1.054303422621557,4.449794094627498,0.15764972843011296,0.15764972843011296,0.037619717831699,0.15764972843011296,0.9999999999999937,0.0,0.15764972843011296,0.9999999999999937,0.15764972843011296,0.15764972843011296,0.15764972843011296,0.9999999999999937,0.9999999999999937,nan,nan,nan
2,5308,2,1.1119781697766224,1.236495450059767,0.21228112827969428,1.0227151403113404,1.054303422621557,4.449794094627498,0.15764972843011296,0.3153490481337204,0.07514977234814119,0.31534299756198636,0.9999808130965645,0.00018652941811441131,0.325321218846235,1.0316226440876555,0.15830014668129994,0.31659763185936174,0.3156410967358797,0.9969787041113816,0.9990555755350712,0.030991834110322157,0.030991834110321963,0.9418168587547003
2,5308,5,1.3080297930782978,1.7109419395804546,0.5370440607167966,1.0227151403113404,1.054303422621557,4.449794094627498,0.15764972843011296,0.7835675078257014,0.18553343000425943,0.7835524514448206,0.9999807848325365,0.006196531941701308,0.8916409029962853,1.1379248042972998,0.15919782445747455,0.7959779615618504,0.7893941684338672,0.9917286741016479,0.9925997464604566,0.06839411524736737,0.0684119422906511,0.8634199519163264
2,5308,10,1.701429558145471,2.8948625413310927,1.062937628492186,1.0227151403113404,1.054303422621557,4.449794094627498,0.15764972843011296,1.5207690630875033,0.3529979353427861,1.5186465797507518,0.9986043355376762,0.07027977111725245,2.058917435522932,1.3538659389499055,0.1589374630783726,1.5893592240168088,1.573293586120262,0.9898917515601381,0.9652658557489765,0.07584103763358556,0.07585553459362286,0.7596220522111764
2,5308,20,2.5937170202486692,6.727367981127635,1.9061839796623672,1.0227151403113404,1.054303422621557,4.449794094627498,0.15764972843011296,2.7854732352032925,0.6196608619328071,2.7764592980592706,0.9967639476731985,0.5221546240778013,5.333261619329458,1.9146698492474363,0.16448658565915364,3.286602300205908,3.2628515965571157,0.9927734780544318,0.8509303031093797,0.18160793205434328,0.18276663472586785,0.6245672199451645
2,5308,40,5.762381258763174,33.20503777134506,3.502701604511833,1.0227151403113404,1.054303422621557,4.449794094627498,0.15764972843011296,4.244653087044571,0.9846923699209275,5.72452545570809,1.3486438911062835,3.1459783487737267,18.130472336624504,4.271367286047921,0.14557918422506322,5.703438754549062,8.015837064656218,1.4054393164584762,0.7141519231907693,0.2034292720118979,0.22821635878145158,0.521872307055658
2,5308,80,27.785904927769973,772.0565126550716,6.649057750266651,1.0227151403113404,1.054303422621557,4.449794094627498,0.15764972843011296,7.955275036042091,1.8039725222038732,14.842958989539607,1.8658008582094572,14.63757609896866,66.87790881472523,8.406737480694108,0.13505402929205956,10.613741304486528,28.10904458657977,2.6483634545245422,0.5280492171770985,0.3582575694569854,0.3679853123207805,0.5044445487094981
2,5308,160,289.525306661852,83824.90319763946,11.336485416518844,1.0227151403113404,1.054303422621557,4.449794094627498,0.15764972843011296,17.223330685638462,3.8967930177983416,90.48712530025057,5.253753002356422,99.77657943643818,535.8257360227508,31.110459748040768,0.1317747321117018,20.86974177734931,179.38292110594492,8.595358918174814,0.5044355657850402,0.27358981922573045,0.27508389979285897,0.3881776065554409
2,5367,1,1.0557391110088667,1.1145850705137923,0.10848220158466898,1.0286526917564298,1.0557391110088656,4.4536446582779385,0.13733135346660374,0.13733135346660386,0.029980678007331486,0.13733135346660386,0.9999999999999927,0.0,0.13733135346660386,0.9999999999999927,0.13733135346660386,0.13733135346660386,0.13733135346660386,0.9999999999999927,0.9999999999999927,nan,nan,nan
2,5367,2,1.1146199549720641,1.2423776440219263,0.2170269985033263,1.0286526917564298,1.0557391110088656,4.4536446582779385,0.13733135346660374,0.27262396525611204,0.05955748002605923,0.2726543071363685,1.000111295719094,0.00024708206773889016,0.2783991273049258,1.0211836184078216,0.13538317894095506,0.2707379111590502,0.27286722362155247,1.0078648477909335,0.9992197066310894,0.5224782209744702,0.5224782209744664,0.9618469849995873
2,5367,5,1.3102901036112686,1.7168601556216292,0.540497131668613,1.0286526917564298,1.0557391110088656,4.4536446582779385,0.13733135346660374,0.6669397283412694,0.14633748551445291,0.667636578806634,1.0010448477362366,0.007081887018312875,0.7239967473983145,1.0855504877463955,0.12922629464190397,0.6454555744464826,0.6724079792091299,1.0417571802455337,0.992904009842196,0.5864915455671909,0.5860972780093284,0.9177184214340602
2,5367,10,1.70259724692175,2.898837385225523,1.0643097549635074,1.0286526917564298,1.0557391110088656,4.4536446582779385,0.13733135346660374,1.2991112311052788,0.28860097852449046,1.3036020455169495,1.0034568359537996,0.06949788231864273,1.5781992837538494,1.2148299898932613,0.12133887992978502,1.2098297765425787,1.3511877301459296,1.1168411923265096,0.9647823292298237,0.5981633491626673,0.600636700114281,0.8558179873117127
2,5367,20,2.8711381251142636,8.243434133484648,2.10941702087189,1.0286526917564298,1.0557391110088656,4.4536446582779385,0.13733135346660374,2.5724574083912746,0.5830514593714762,2.613792225247111,1.0160682220514137,0.6640354970603661,4.199540310936359,1.6325013962282098,0.1208874909318879,2.4123101134934206,2.988480203573293,1.2388457797598347,0.8746225663873656,0.3655541889769327,0.3685789950401711,0.7098633538318531
2,5367,40,6.12701623918072,37.540327995184256,3.6254157683387405,1.0286526917564298,1.0557391110088656,4.4536446582779385,0.13733135346660374,5.242150949310193,1.165780986605912,5.5542330844053165,1.0595332217848838,4.726795855129055,14.138315445828022,2.697044702172962,0.12816391176898573,5.111328751212356,7.251904283464579,1.4187904234773587,0.7658999439733084,0.2062672091580562,0.1983551970840464,0.5232574243186197
2,5367,80,10.099390229918372,101.99768301617067,4.624950097498531,1.0286526917564298,1.0557391110088656,4.4536446582779385,0.13733135346660374,6.941126226945294,1.8116327704312356,9.384387894322662,1.3519978728945572,11.308415203045165,64.02437305753604,9.22391712298717,0.12562045212906434,10.031046511259426,21.848221701670937,2.1780600535694083,0.429526394525965,0.23269217511332435,0.23126272604381015,0.4227476200606102
2,5367,160,130.67950255602435,17077.132388289974,9.745495560289699,1.0286526917564298,1.0557391110088656,4.4536446582779385,0.13733135346660374,12.1480074293816,2.151043612501006,22.636858683033026,1.8634215376163432,26.790014671283007,278.1477528637015,22.896574148527723,0.1549377343610395,24.09352074937454,80.44054810829286,3.3386796784517703,0.2814110447452225,0.15988961826628578,0.1476162237591696,0.34743669677010197
2,5426,1,1.053908742524025,1.1107236375685716,0.10501172865042367,1.0315340886599433,1.0539087425240254,4.4437273882318316,0.12391854294043753,0.12391854294043754,0.029813333876973245,0.12391854294043754,0.9999999999999919,0.0,0.12391854294043754,0.9999999999999919,0.12391854294043754,0.12391854294043754,0.12391854294043754,0.9999999999999919,0.9999999999999919,nan,nan,nan
2,5426,2,1.1109124115255113,1.234126386081427,0.2103633400777244,1.0315340886599433,1.0539087425240254,4.4437273882318316,0.12391854294043753,0.2472556875599365,0.0599350484354562,0.24731312885723092,1.0002323153730468,0.00019436775636336612,0.2543028605963587,1.0285015608982215,0.1238111575268127,0.2476222218339021,0.24747046181986587,0.9993871308765697,0.9993642353859974,0.23538316868101405,0.23538316868101214,0.9476842144996271
2,5426,5,1.3020728930101562,1.6953938187118376,0.5279150552682382,1.0315340886599433,1.0539087425240254,4.4437273882318316,0.12391854294043753,0.6143094994944832,0.15224814614706048,0.6158454115961619,1.0025002252169983,0.005765324193666052,0.6869273348891162,1.118210503751593,0.12334405361795028,0.6167160752068555,0.6190204424398423,1.003736512352484,0.9948708788498694,0.25449405414335113,0.25453060493579516,0.8826114407004152
2,5426,10,1.6975348554738183,2.881624585548517,1.0583542273119995,1.0315340886599433,1.0539087425240254,4.4437273882318316,0.12391854294043753,1.216111589038992,0.31100341240458235,1.2267520729541876,1.0087495950298466,0.0530677879171184,1.567399565540762,1.2888616305181064,0.12258602235387518,1.2258310723887738,1.2538875730335488,1.0228877381857358,0.9783589050063612,0.2459966536726813,0.24632875434603566,0.7953768859355357
2,5426,20,2.845994925451118,8.099687115693515,2.091825433240166,1.0315340886599433,1.0539087425240254,4.4437273882318316,0.12391854294043753,2.3351435721364395,0.610151597003502,2.373782917597637,1.016546882137035,0.4077526383608931,4.148932323586547,1.7767354320705249,0.1239820433930708,2.4791449380091213,2.6107871042066773,1.0530998265487739,0.9092211746307602,0.17190242878887033,0.17199454194474148,0.6485653581124268
2,5426,40,5.962796013837495,35.554936302636314,3.5710790018175302,1.0315340886599433,1.0539087425240254,4.4437273882318316,0.12391854294043753,4.252825454802085,0.982019292874206,4.607920970730927,1.083496376633065,2.19860506826679,13.790615285963986,3.2426948701579756,0.12736174741416098,5.089281024907743,6.349517222598176,1.2476255863102543,0.7257120201723618,0.19121584633331443,0.19446038809108576,0.5346436254006566
2,5426,80,9.774940967755342,95.54947092310174,4.559644133497763,1.0315340886599433,1.0539087425240254,4.4437273882318316,0.12391854294043753,7.41450144132956,1.308876955040067,8.153948933843498,1.0997299007040642,4.913892619709848,40.01261561076319,5.396534875254966,0.15492276609196276,12.144640187661828,16.740816119547333,1.3784530344962316,0.4870699776889957,0.15792143977668308,0.15176055309917572,0.4699943170565342
2,5426,160,32.202067842304814,1036.9731733204019,6.944061338387097,1.0315340886599433,1.0539087425240254,4.4437273882318316,0.12391854294043753,8.284107347232116,1.8130666796969914,13.573463680847407,1.6384944221398299,13.928924088196371,175.560340736824,21.192427062824354,0.16364409819966988,25.346355218142875,57.40716682604944,2.2649081626125676,0.23644197112142148,0.18559890725175718,0.17070007905266923,0.3961526244429163
2,5485,1,1.0594227509501128,1.1223765652307047,0.11544837042804229,1.0267935669092323,1.059422750950113,4.454296882227577,0.17090606155633614,0.17090606155633617,0.03439964050967951,0.1709060615563363,0.999999999999995,5.856689535013502e-16,0.1709060615563363,0.999999999999995,0.1709060615563363,0.1709060615563363,0.1709060615563363,0.9999999999999941,0.9999999999999941,nan,nan,nan
2,5485,2,1.1223755869777838,1.2597269582437247,0.23089499767402333,1.0267935669092323,1.059422750950113,4.454296882227577,0.17090606155633614,0.3453764823648321,0.06930980375100124,0.34534197608667777,0.9999000908286544,0.0002541010765701698,0.35862816429768146,1.0383688021897512,0.17428127121686224,0.3484984068790804,0.34602850872256546,0.9929127419013628,0.998015965105236,0.2130490202203797,0.21304902022037847,0.9304024162375275
2,5485,5,1.3283084767166875,1.7644034093174068,0.5678126215282401,1.0267935669092323,1.059422750950113,4.454296882227577,0.17090606155633614,0.8772020172032183,0.17415635930718298,0.8772504003819116,1.0000551562556212,0.00765857885226418,1.0148161871755095,1.1568785379803903,0.1818748713546696,0.908732698063575,0.8905930409540807,0.9800385117118056,0.985018251930336,0.19186751950472264,0.19162119016943235,0.8511768693953186
2,5485,10,1.6850377453130652,2.8393522031297382,1.043575928665397,1.0267935669092323,1.059422750950113,4.454296882227577,0.17090606155633614,1.7268965434291619,0.33253891295836274,1.7381872306586308,1.0065381376043798,0.08015448540460313,2.3078569404020595,1.3364187618438692,0.18545525992060188,1.8535111843692502,1.8370311822239953,0.9911087657391913,0.9461936452022004,0.13498350737580825,0.1359873796370238,0.7882482439325661
2,5485,20,2.2337857704604214,4.989798868311459,1.6073956019994688,1.0267935669092323,1.059422750950113,4.454296882227577,0.17090606155633614,3.23585882544188,0.5749787033305837,3.1883018671748977,0.9853031418141399,0.6470757544488723,5.961972185518146,1.8424698069774392,0.19500858659819836,3.887757089455784,4.120298770049867,1.0598138400222514,0.7738035625839602,0.1193294233925719,0.1184760139023346,0.695580497964024
2,5485,40,4.127723413199889,17.03810057587854,2.83545204663636,1.0267935669092323,1.059422750950113,4.454296882227577,0.17090606155633614,5.635003982193939,0.9787182425055923,5.660761799315,1.0045710379624313,3.9279643257119545,21.146984430775014,3.752789616049503,0.20509299548483403,8.16878455541328,9.688913342358543,1.186089959483373,0.5842514634295425,0.10294829716282133,0.09919547208496007,0.49282067886951236
2,5485,80,12.687723886692847,160.97833742495624,5.081269805776228,1.0267935669092323,1.059422750950113,4.454296882227577,0.17090606155633614,8.791756396351408,1.9924900946703379,11.410252788840992,1.2978354124525404,11.169599920380533,52.03884694933561,5.919050142350599,0.18844717734920322,14.665200623404758,20.52621228789958,1.399654380120856,0.5558869132210748,0.19786791208163448,0.17769123442695064,0.4688791469786429
2,5485,160,135.28986570732087,18303.347763104917,9.814839259973006,1.0267935669092323,1.059422750950113,4.454296882227577,0.17090606155633614,23.50665744080477,4.838617957574581,30.002263512735354,1.276330485875673,42.13767205174047,328.1897906128365,13.961567757529743,0.17132148208314488,26.72450482343469,90.56911478124508,3.388991316382601,0.33126373803256143,0.17861288156598065,0.17811189069751293,0.35033865309071743
2,5544,1,1.0522362037109434,1.107201028400018,0.10183523471033273,1.0145391131709272,1.0522362037109434,4.429902640853852,0.14265089083935442,0.1426508908393543,0.03269347228462274,0.1426508908393543,0.999999999999993,0.0,0.1426508908393543,0.999999999999993,0.1426508908393543,0.1426508908393543,0.1426508908393543,0.999999999999993,0.999999999999993,nan,nan,nan
2,5544,2,1.106359304969348,1.224030911692259,0.2021494384217794,1.0145391131709272,1.0522362037109434,4.429902640853852,0.14265089083935442,0.27507249954986057,0.06362280555570161,0.2750527231037562,0.9999281046046489,0.00017440390723204982,0.28385713755778397,1.0319357188461147,0.1383109579360943,0.2764812517935814,0.2754315739959761,0.9962034395070304,0.9986245190167398,0.4115575933583826,0.4115575933583797,0.9438396014861249
2,5544,5,1.27823114346483,1.6338748561234067,0.4909544060650678,1.0145391131709272,1.0522362037109434,4.429902640853852,0.14265089083935442,0.6158490695432013,0.14519238008056423,0.6155149936051613,0.9994575360188677,0.004222161728895111,0.7046577581921605,1.144205281847435,0.12716224530394754,0.6335900031821575,0.6243846791740683,0.9854711659561275,0.9857945176030892,0.38155051517415717,0.3833681910059877,0.8703067941246911
2,5544,10,1.5874927791887796,2.5201333239765153,0.9243118064637279,1.0145391131709272,1.0522362037109434,4.429902640853852,0.14265089083935442,1.0438261706515704,0.24749594223491003,1.044491963647817,1.0006378389572566,0.033089739452181355,1.4724684784436348,1.410645296931479,0.11743289914270223,1.1676642757845859,1.1324614360712886,0.9698519168194603,0.9223201164989295,0.2107257738442031,0.223767391504663,0.7690855945550656
2,5544,20,2.2210743983593764,4.933171483047466,1.5959820840734036,1.0145391131709272,1.0522362037109434,4.429902640853852,0.14265089083935442,1.7829236758119427,0.40586713639470984,1.8237384685743296,1.0228920583175265,0.21542156663331144,3.603473426911768,2.021103581604942,0.11839890842596258,2.3598457738456062,2.4303981823928233,1.0298970421411244,0.750386698684405,0.3198800007125794,0.3259907142589736,0.6941111438619794
2,5544,40,5.294373629079764,28.030392124295226,3.333289354529264,1.0145391131709272,1.0522362037109434,4.429902640853852,0.14265089083935442,4.000356003370467,0.877365916670938,3.9692145066622406,0.9922153186661415,0.8740478044983291,10.65402392489217,2.6632689480425515,0.1214085443404677,4.842769219036106,6.136272355873047,1.2670998922997194,0.646844578673776,0.2610233840678998,0.26518156426741935,0.6094593489263814
2,5544,80,18.9654577893555,359.68858915982526,5.885238626984111,1.0145391131709272,1.0522362037109434,4.429902640853852,0.14265089083935442,9.81335475725657,2.1393115362632305,10.044462062019976,1.0235502853489027,10.915325564497554,53.13025534979832,5.414076700988587,0.14484088279206914,11.425675526868178,21.541070140620644,1.885321361521732,0.46629354978417864,0.20315580188103494,0.19775580278768745,0.4368210037104326
2,5544,160,329.1039800144505,108309.42966135182,11.592747499017301,1.0145391131709272,1.0522362037109434,4.429902640853852,0.14265089083935442,25.237447242075643,6.016193791854078,18.847813531494747,0.7468193336159548,34.31123120622434,260.05828317301194,10.30446069598692,0.14230824857397076,22.156746932910046,68.896463634159,3.109502664934315,0.27356721284820723,0.11953070155936688,0.12620403115117068,0.35425340588107934
2,5603,1,1.0738516236828906,1.1531573096863803,0.14250366709444479,1.0518737242078193,1.0738516236828888,4.45833717729923,0.16378288809406336,0.16378288809406363,0.03397691262801582,0.16378288809406363,0.9999999999999939,0.0,0.16378288809406363,0.9999999999999939,0.16378288809406363,0.16378288809406363,0.16378288809406363,0.9999999999999939,0.9999999999999939,nan,nan,nan
2,5603,2,1.1543223681063186,1.3324601295105793,0.28702695504215797,1.0518737242078193,1.0738516236828888,4.45833717729923,0.16378288809406336,0.32602495118800756,0.06766236289786308,0.3260221666605421,0.9999914591583978,0.0002914944703380194,0.3405677763556003,1.0446064790887901,0.1640810295274448,0.32816151830231133,0.3267276195828166,0.9956305092476603,0.997840853114358,0.13518504070223403,0.13518504070223322,0.9214471658702023
2,5603,5,1.4392570235696898,2.0714607798946827,0.7282540491650067,1.0518737242078193,1.0738516236828888,4.45833717729923,0.16378288809406336,0.7978517075677894,0.16667511909979815,0.796647596544887,0.9984908084904974,0.008942406740024422,0.9568151875302299,1.19923938051976,0.16369557007579927,0.8184706740486423,0.8092137425107833,0.9886899655279404,0.9844711658913408,0.1970918719376059,0.1970825237219511,0.8202120402315294
2,5603,10,2.0785145654773327,4.320222798901425,1.4633069747459095,1.0518737242078193,1.0738516236828888,4.45833717729923,0.16378288809406336,1.5199484245852983,0.3249038717393322,1.497753068854837,0.9853972967954369,0.07682647868981561,2.2940772918582706,1.5093125890006323,0.16117649358686795,1.6115219438014492,1.5841795771673015,0.9830332024088667,0.9454439953916044,0.2185935593335268,0.21825363467501988,0.694693637204535
2,5603,20,3.898059495488143,15.194867830365276,2.7209577280989605,1.0518737242078193,1.0738516236828888,4.45833717729923,0.16378288809406336,2.8835688371192107,0.6298399609684773,2.6668170323649174,0.9248321032034605,0.7646233619918695,5.784349025963344,2.00596876741882,0.1693364705274643,3.3780934565702254,3.270759578870403,0.9682264925231525,0.8153509813417514,0.11893953439143762,0.12314724541747228,0.594869977373672
2,5603,40,5.3715186453467245,28.85321255730751,3.3622213405608865,1.0518737242078193,1.0738516236828888,4.45833717729923,0.16378288809406336,4.702349125031806,0.9624805933721399,4.96603435439466,1.0560752131225624,2.3140973063705688,15.733691397023977,3.345921576360529,0.15983767911985955,6.33915259297631,7.684051315281738,1.2121574930686405,0.6462781351444655,0.1528477254356451,0.1607693311897774,0.5377342297186403
2,5603,80,13.735640138858754,188.66781002422772,5.2399878497157975,1.0518737242078193,1.0738516236828888,4.45833717729923,0.16378288809406336,7.822454759706789,2.095213820780313,9.44141943764961,1.2069637636361996,9.863283222478632,59.281834120172896,7.578418276770573,0.15791789059123848,12.373412970785633,20.36256014776824,1.645670454533883,0.4636656377751401,0.116168132924321,0.12021130933705657,0.41405684002215526
2,5603,160,90.35291124129085,8163.648569776583,9.007446476675016,1.0518737242078193,1.0738516236828888,4.45833717729923,0.16378288809406336,16.558947511163407,3.5578169303565477,32.21729060454059,1.9456122185797695,29.963540004596403,367.9846657318512,22.22270862829718,0.14711325469976558,22.911507780561163,85.11842347584569,3.7150948026241553,0.37849961605178206,0.15710141715621312,0.16142887871908768,0.2760427325231313
2,5662,1,1.0587894525298698,1.1210351047885014,0.11425245920050381,1.019649555893446,1.0587894525298698,4.447692955282049,0.15526793859930202,0.155267938599302,0.039075123687144074,0.1552679385993021,0.9999999999999942,2.897767167584095e-16,0.1552679385993021,0.9999999999999942,0.1552679385993021,0.1552679385993021,0.1552679385993021,0.9999999999999936,0.9999999999999936,nan,nan,nan
2,5662,2,1.1213567322024125,1.2574409208556732,0.22907864046119533,1.019649555893446,1.0587894525298698,4.447692955282049,0.15526793859930202,0.3032787022617109,0.07721998615018406,0.3033833432903936,1.0003450325654304,0.00022654942598057456,0.3128438480676965,1.031539127985751,0.1518836322755357,0.3036901160174482,0.3037323532819931,1.0001390801422771,0.9988509291557872,0.27124637927695355,0.27124637927695183,0.9445845869969068
2,5662,5,1.331871930657126,1.7738828396723405,0.573170838680713,1.019649555893446,1.0587894525298698,4.447692955282049,0.15526793859930202,0.7053417407876572,0.18498372291151424,0.708216902327391,1.0040762673941883,0.006345247921155179,0.8025767511458096,1.1378551767680283,0.14230226941655724,0.7100244569094298,0.7149708991677516,1.006966580108876,0.9905534660946013,0.23770410501950867,0.2384749513939733,0.8755804884539502
2,5662,10,1.7520689134536522,3.0697454774906614,1.1215946518073505,1.019649555893446,1.0587894525298698,4.447692955282049,0.15526793859930202,1.2495098757634036,0.33708336741567346,1.2735525509696266,1.0192416848178434,0.05547310578635878,1.7116236194677996,1.369836007436164,0.13006235109815298,1.2922427505683785,1.3283523264779726,1.0279433379631737,0.9587460537268417,0.1670333312348672,0.17116855484643634,0.7815972374438181
2,5662,20,2.8410699871559517,8.07167867191832,2.088361474518414,1.019649555893446,1.0587894525298698,4.447692955282049,0.15526793859930202,2.0585487022311724,0.5529511650569341,2.19467591104378,1.0661277572228747,0.34353266347605926,4.199862432634535,2.040205523475098,0.11798263758542926,2.3369908369141656,2.516217631061928,1.076691269523512,0.8722122776468872,0.06831313069656339,0.07057180903025495,0.6367213668254271
2,5662,40,6.637265741996995,44.053296529886914,3.7854001856748867,1.019649555893446,1.0587894525298698,4.447692955282049,0.15526793859930202,3.991059969111753,0.9658143635475662,4.1474283886769365,1.0391796717602275,1.5886861989191077,10.932997805365169,2.7393719688452602,0.1056185911376382,4.168185806114145,5.430696108344993,1.3028920400762656,0.7637010626140277,0.061351629154529665,0.062413106338710514,0.5837396461041456
2,5662,80,8.634483120248861,74.55429875386251,4.311527702242651,1.019649555893446,1.0587894525298698,4.447692955282049,0.15526793859930202,4.415822424185962,0.9297163900984676,7.1399551322227826,1.6169026845636802,7.445730067059022,38.478174607121815,8.713705151813276,0.12317828341794053,9.605525723785252,16.520579934550792,1.7199037730587141,0.43218550199260447,0.1747163781224991,0.1775195318074538,0.4742102775707842
2,5662,160,53.73048639784347,2886.9651685488425,7.96796111466076,1.019649555893446,1.0587894525298698,4.447692955282049,0.15526793859930202,11.161894975339555,2.704003153947284,25.382979874085823,2.274074422861486,28.97572369382819,442.42525954041673,39.63711005325578,0.13733154588188307,21.54742735770365,97.59517933626607,4.529319334327575,0.26008436120218886,0.1525700400558295,0.15518416129972443,0.31691921341497364
2,5721,1,1.0537838697526136,1.1104604441507933,0.10477474386273654,1.023218488598084,1.053783869752613,4.45289786200424,0.16483264245644946,0.16483264245644944,0.03556735722812687,0.16483264245644944,0.9999999999999939,0.0,0.16483264245644944,0.9999999999999939,0.16483264245644946,0.16483264245644944,0.16483264245644944,0.9999999999999939,0.9999999999999939,nan,nan,nan
2,5721,2,1.1118515645585214,1.236213901611232,0.2120534036184344,1.023218488598084,1.053783869752613,4.45289786200424,0.16483264245644946,0.33261889414827234,0.07167089658882152,0.33269340267568515,1.0002240056975795,0.0002979491032780382,0.3424730857683541,1.0296260729424709,0.16676079873746705,0.33349955673408804,0.3329201949648859,0.9982627809917448,0.9993187788165699,0.38398371986944013,0.3839837198694378,0.9450371024139467
2,5721,5,1.3153361052679406,1.730109069821435,0.5481844526619211,1.023218488598084,1.053783869752613,4.45289786200424,0.16483264245644946,0.845209296105971,0.18176536028875756,0.8462063425363412,1.0011796444205747,0.008416255928080594,0.9471228574475514,1.1205778992388196,0.16956588507145515,0.8477298034766341,0.8513091927606105,1.0042223232795355,0.9940058791004913,0.36617864864490335,0.36666629638433423,0.8788013465673792
2,5721,10,1.7703387281577438,3.134099212415178,1.1423418002340324,1.023218488598084,1.053783869752613,4.45289786200424,0.16483264245644946,1.680311351619222,0.36119765524760666,1.6685591797539585,0.9930059557986443,0.07456305974068034,2.172781572961598,1.2930827199779424,0.16693793744117139,1.6688036678831435,1.7236323944214038,1.0328551090781153,0.9680481668564058,0.33042424241062757,0.32961574276840383,0.7918413279136229
2,5721,20,2.8613295088212265,8.187206558051122,2.102572760081063,1.023218488598084,1.053783869752613,4.45289786200424,0.16483264245644946,3.0222087071827675,0.6381572496739712,2.897799515095591,0.9588350097094557,0.5858659146225542,5.320894924491675,1.7605981055662063,0.15704067350933573,3.1328958442722157,3.4213470999916122,1.0920717668436897,0.8469761852291148,0.29802282239855565,0.29338899358581105,0.6787204526778562
2,5721,40,3.843251118439565,14.770579159386966,2.6926373076490635,1.023218488598084,1.053783869752613,4.45289786200424,0.16483264245644946,5.322283930674752,1.132845325890257,6.23223078432643,1.1709692428108238,4.167589716085854,24.395038993376165,4.583565873435728,0.15906184930724168,6.348157621348266,9.097494820448054,1.433092144696285,0.6850491159740489,0.17890501315255403,0.17555975561997547,0.4523865746673164
2,5721,80,12.31888369614056,151.7548955190377,5.0222666898412465,1.023218488598084,1.053783869752613,4.45289786200424,0.16483264245644946,6.2935577402470475,1.3762970557607777,11.333695239300079,1.8008407497116543,10.851654629491197,79.1715214712679,12.579772004786609,0.1532514873671015,12.196067586927896,25.171025369340317,2.0638640438758604,0.4502675227964745,0.23939924099604137,0.23726514384156794,0.4522743186773461
2,5721,160,123.88878931688801,15348.432118404264,9.638768605674981,1.023218488598084,1.053783869752613,4.45289786200424,0.16483264245644946,19.85204161646571,4.849801197742402,42.60596491666539,2.146175478562723,43.526495155555764,359.4537274958222,18.1066378179302,0.13700849747155605,21.544523841940762,94.34586389501872,4.379111118313761,0.45159335192557293,0.1437490002434966,0.14388882263977,0.3350774849322648
2,5780,1,1.0526550683913998,1.1080826930101024,0.10263121822080998,1.0153648468030518,1.0526550683913998,4.451080496875299,0.17927639167260842,0.17927639167260845,0.03826412104079451,0.17927639167260845,0.9999999999999944,0.0,0.17927639167260845,0.9999999999999944,0.17927639167260845,0.17927639167260845,0.17927639167260845,0.9999999999999944,0.9999999999999944,nan,nan,nan
2,5780,2,1.106603153236496,1.2245705387529557,0.20259020191910956,1.0153648468030518,1.0526550683913998,4.451080496875299,0.17927639167260842,0.35547443818755725,0.07563509267583307,0.3555436144278132,1.0001946025728534,0.0003265800660854245,0.3659096330934109,1.029355682954471,0.1782793447142257,0.35655308188403173,0.3560294373754128,0.9985313701234807,0.9986354416331918,0.2071579138387531,0.20715791383875193,0.9476221090174086
2,5780,5,1.2731821671263759,1.620992830688615,0.483038819973009,1.0153648468030518,1.0526550683913998,4.451080496875299,0.17927639167260842,0.8435222090600216,0.1781462838283301,0.844994147054401,1.0017449902072153,0.010386040277875156,0.9458475100050254,1.1213071805886756,0.17080915311139452,0.8531390425105307,0.8549133307946232,1.0020797176025027,0.9883974393860445,0.22228690377506397,0.22178191276839548,0.8884053999485628
2,5780,10,1.536242033041766,2.3600395840842987,0.8586783918139306,1.0153648468030518,1.0526550683913998,4.451080496875299,0.17927639167260842,1.4397251437147935,0.30284496619234086,1.4419047321983707,1.0015138920738387,0.08295463895672901,1.9276653714681748,1.3389120693512315,0.15311915016362196,1.5166007724182458,1.5418571888509542,1.016653305795457,0.9351739853889629,0.24166302405947823,0.2571450628221181,0.8034255822543741
2,5780,20,2.3352646292533277,5.453460888641682,1.6962504325706582,1.0153648468030518,1.0526550683913998,4.451080496875299,0.17927639167260842,2.0676485277317758,0.44955054598061794,2.0817429745991207,1.0068166550931197,0.3602711588205283,4.618900752290193,2.233890668718806,0.141835423303664,2.8080208104289195,2.8923025499052577,1.0300146420437188,0.7197528400572447,0.2777531910147526,0.276551551484872,0.6474149313016992
2,5780,40,3.618669783183908,13.094770999728272,2.572212990195331,1.0153648468030518,1.0526550683913998,4.451080496875299,0.17927639167260842,4.421221625396757,1.0631939968231603,5.282412711408358,1.1947857761901537,1.824325711877996,15.016547960146058,3.396470304471218,0.14407304408656524,5.721909383985182,6.9713430043681335,1.2183595608626623,0.7577324352134848,0.11427756958248565,0.11191901300436742,0.5239047476609244
2,5780,80,7.4994378076481345,56.24156743078226,4.029656117504903,1.0153648468030518,1.0526550683913998,4.451080496875299,0.17927639167260842,5.981576340831826,1.4473049577292605,14.376229692676818,2.403418241867258,14.165848729812824,48.96497097488945,8.185964398822692,0.12758482624643544,10.03137979777799,19.873899473763988,1.9811730663578473,0.7233723664374585,0.1974241363292643,0.1865199138409303,0.46785188894543933
2,5780,160,44.598647709023496,1989.0393774735867,7.595407076281726,1.0153648468030518,1.0526550683913998,4.451080496875299,0.17927639167260842,20.71363120928811,4.694741096596094,29.166779559496216,1.4080959183254005,31.71081799823067,337.40854554285096,16.28920309209498,0.1270230969746132,19.99430261306756,67.73923668560691,3.3879269508172283,0.430574375894813,0.14161654003505283,0.1335733779655087,0.29070930430180725
2,5839,1,1.0539435835879187,1.1107970773861442,0.10507784535787092,1.0177359519465607,1.053943583587918,4.447661172911133,0.09629254330905641,0.09629254330905639,0.023061100471246387,0.09629254330905634,0.9999999999999892,1.2719202621569003e-16,0.09629254330905634,0.9999999999999892,0.09629254330905634,0.09629254330905634,0.09629254330905634,0.9999999999999897,0.9999999999999897,nan,nan,nan
2,5839,2,1.1106697884169954,1.2335873789022533,0.2099264926642245,1.0177359519465607,1.053943583587918,4.447661172911133,0.09629254330905641,0.19000604695242512,0.045372427695479785,0.19004309091123908,1.0001949619994055,0.00011084256571196402,0.1961458568130238,1.0323137603201384,0.09548034215942762,0.19095371581836054,0.19039022081076237,0.9970490492673357,0.9981767451182836,0.29963051338087904,0.29963051338087593,0.9432856687513934
2,5839,5,1.297613830035361,1.6838016518990389,0.5210541249751316,1.0177359519465607,1.053943583587918,4.447661172911133,0.09629254330905641,0.4602199716029381,0.1090861883862874,0.46119773397088826,1.0021245544050243,0.0035006792794395974,0.521346928936378,1.1328211748841204,0.09356444396723995,0.46773886931596786,0.46792994566583135,1.000408510736219,0.9856127786706093,0.3350701778915135,0.3348661080455004,0.8796496423972291
2,5839,10,1.6658702819294204,2.7751237962156066,1.0206953574522128,1.0177359519465607,1.053943583587918,4.447661172911133,0.09629254330905641,0.906964755867662,0.2137972716140508,0.9131644822052748,1.006835686058915,0.03565380063614888,1.1811098835912648,1.302266572047043,0.0924756763544876,0.9245962761888824,0.9625212980319963,1.041017926223364,0.9487213260344067,0.3592236793472589,0.35920771476332974,0.8124525339784776
2,5839,20,2.6146687182420516,6.836492506153533,1.922274808613913,1.0177359519465607,1.053943583587918,4.447661172911133,0.09629254330905641,1.900167789187505,0.4577964056766811,1.9209906712901745,1.0109584438917218,0.30528992353935486,3.254653237003473,1.7128241282287666,0.09751399476706005,1.946157507928477,2.203449180210604,1.1322049583520049,0.8718107449642051,0.22514017859296165,0.2200542686581798,0.6877716051668684
2,5839,40,4.97680329511338,24.768571038251398,3.2095755526264993,1.0177359519465607,1.053943583587918,4.447661172911133,0.09629254330905641,2.627837833308484,0.6495732906929275,3.3791943027002698,1.2859219316611392,1.564279492666589,10.94758261753697,4.166003883030259,0.10256333058664514,4.091572206226696,4.989802414797614,1.219531799342062,0.6772200623974665,0.09523278146675025,0.09174324422338176,0.500926930568537
2,5839,80,8.008047679078862,64.12882763040035,4.160893991852244,1.0177359519465607,1.053943583587918,4.447661172911133,0.09629254330905641,4.549108385084483,0.9747865354858144,5.718289949331424,1.2570133453140897,5.656585050993369,40.256361886956796,8.849286163184958,0.11590367058274494,9.10624749454561,13.768446381165024,1.5119780556603515,0.4153184601244434,0.1608021558781763,0.15540151130312377,0.4015703506536137
2,5839,160,36.32178989955589,1319.2724215074802,7.1848356677884855,1.0177359519465607,1.053943583587918,4.447661172911133,0.09629254330905641,4.567173639645476,1.098583083512923,33.64621331515543,7.3669660866599305,31.61186517242418,353.2113019856713,77.33695494290185,0.11548413467977046,18.137260494110826,69.53939706671312,3.834062872355646,0.4838439033757611,0.14955954066026902,0.14559671899545323,0.3080214347174775
