seed,test_index,horizon,sigma1_phi,Gmax,log_Gmax,spectral_radius_J,sigma1_J,fro_J,one_step_error,rollout_error,relative_rollout_error,linear_predicted_error,linear_to_actual_ratio,linear_vector_error,defect_amplification_bound,bound_to_actual_ratio,defect_l2_rms,defect_l2_sum,propagated_defect_norm_sum,effective_defect_gain,defect_cancellation_ratio,tg_alignment_mean,tg_alignment_weighted,gain_efficiency_mean
4,0,1,1.0557700326068336,1.1146503617506345,0.1085407788313033,1.025230498739254,1.0557700326068333,4.447744481887221,0.1295457777743903,0.12954577777439036,0.026953199149370565,0.12954577777439033,0.9999999999999921,4.677452743560217e-16,0.12954577777439033,0.9999999999999921,0.12954577777439033,0.12954577777439033,0.12954577777439033,0.9999999999999923,0.9999999999999923,nan,nan,nan
4,0,2,1.114764359487011,1.2426995771824858,0.21728609158873505,1.025230498739254,1.0557700326068333,4.447744481887221,0.1295457777743903,0.25850820430994187,0.05349753014585693,0.258504541720691,0.9999858318258732,0.00020932567285259288,0.2665014504606128,1.0309206671873605,0.12965719210468393,0.2593142885532773,0.2589381078138345,0.9985493250620991,0.9983255995156333,0.2885340006891932,0.28853400068919094,0.9446852918954014
4,0,5,1.3105317326731916,1.7174934223433975,0.54086591532153,1.025230498739254,1.0557700326068333,4.447744481887221,0.1295457777743903,0.6327486144693087,0.12931254769014072,0.6326021984435977,0.9997686031666226,0.006228230184538644,0.718904769333339,1.1361617440068028,0.1289631264220914,0.6448034458396004,0.642159540556764,0.9958996725282775,0.9851168728181147,0.1920148447471659,0.19206524539303244,0.873374895387135
4,0,10,1.6932297412334743,2.867026956597578,1.0532755892280032,1.025230498739254,1.0557700326068333,4.447744481887221,0.1295457777743903,1.1596727905043631,0.23542383678380957,1.1598204304147803,1.000127311696562,0.05038067518463586,1.6204789118080793,1.3973587421183709,0.12765620596636595,1.2764809207217813,1.250418569656393,0.9795826552184953,0.9275457503270209,0.09052416360198891,0.09029199551632952,0.765287974368797
4,0,20,2.703241270986037,7.307513369162204,1.988903047514037,1.025230498739254,1.0557700326068333,4.447744481887221,0.1295457777743903,1.7080487066234384,0.34595256539380087,1.7207382601012702,1.0074292691002449,0.19695188214990964,4.230109684409636,2.476574390417671,0.13076267689804513,2.6127906819958877,2.5248596002067774,0.966345914200084,0.6815183941159925,0.2267873579992515,0.23226485618220746,0.6157774848880915
4,0,40,4.8095857001284505,23.132114606880076,3.1412218947571584,1.025230498739254,1.0557700326068333,4.447744481887221,0.1295457777743903,4.038132727839435,0.8279922631696061,3.9109023917820807,0.968492780046527,0.7582606126120254,16.12829340700853,3.99399784356217,0.1590243450468866,6.26002040775305,7.382972417838839,1.1793847203269512,0.5297192201791929,0.2558296782200973,0.266895245220968,0.4931655068421362
4,0,80,8.99881538086348,80.97867825886513,4.394185888648945,1.025230498739254,1.0557700326068333,4.447744481887221,0.1295457777743903,6.542159528846096,1.6564975776667674,10.16977966706289,1.5544988810226448,10.680289438910725,60.62447191349502,9.266737022566605,0.16801719806521406,13.28540144890785,23.643742075979027,1.7796784061743725,0.43012563892730526,0.27350177456363733,0.27255135823840915,0.4813660746104899
4,0,160,67.15312239695473,4509.541847660383,8.413950841451912,1.025230498739254,1.0557700326068333,4.447744481887221,0.1295457777743903,11.627649621865283,2.463066294187805,17.086334691403714,1.46945730625333,15.87722667700922,268.52898602771745,23.09400392687792,0.17403563055255258,27.55226851019993,90.24623213654769,3.275455598261837,0.1893301724281532,0.20390899913053134,0.21425452143229687,0.4069990482210729
4,58,1,1.041221414290325,1.0841420335767449,0.08078892171894954,1.0152128934215294,1.041221414290325,4.434441092002037,0.18004322404653156,0.18004322404653156,0.042792944897792264,0.1800432240465315,0.9999999999999941,3.477763656540197e-16,0.1800432240465315,0.9999999999999941,0.1800432240465315,0.1800432240465315,0.1800432240465315,0.9999999999999944,0.9999999999999944,nan,nan,nan
4,58,2,1.0840559303218684,1.1751772600660118,0.16141899584860084,1.0152128934215294,1.041221414290325,4.434441092002037,0.18004322404653156,0.3576996045419168,0.08527141241582831,0.35790662417646446,1.0005787527632628,0.0005961067473166843,0.3661415478454958,1.0236006503680344,0.17931253135197206,0.3586220729470505,0.35853791733712076,0.9997653362236206,0.9982392569094339,0.26409497258598413,0.2640949725859827,0.9594608600156387
4,58,5,1.2217772865282088,1.4927397378762328,0.40061318177804695,1.0152128934215294,1.041221414290325,4.434441092002037,0.18004322404653156,0.8793860839428115,0.21145610589944633,0.8845010597671851,1.0058165303247,0.016351668161475593,0.9687935245815058,1.1016702927999797,0.17771309786780082,0.8885348844506017,0.896238388215642,1.0086698945644688,0.986903787426662,0.30332308174924794,0.30294298747599424,0.9105926367175248
4,58,10,1.4822218182047673,2.196981518362246,0.7870843811514535,1.0152128934215294,1.041221414290325,4.434441092002037,0.18004322404653156,1.7140397609796563,0.4189756196895514,1.744842144236677,1.0179706351965923,0.12657560881484523,2.155077471293801,1.2573089145038672,0.17550933417471046,1.7548867818471323,1.8258084373356365,1.0404138068746822,0.9556545520092388,0.3514690640943169,0.3499095793286415,0.8431532717847126
4,58,20,2.2045388427110537,4.859991509021792,1.5810366907960185,1.0152128934215294,1.041221414290325,4.434441092002037,0.18004322404653156,3.155000635829758,0.795306530352116,3.2277552711957167,1.0230601016493373,0.7484514452223178,5.222622911965646,1.6553476575107273,0.16579635578786975,3.3068079131861188,3.7160990139110863,1.1237722636059055,0.8685869938106405,0.36538595787733813,0.35683245004032904,0.7384264207883022
4,58,40,3.7582854850733236,14.124709787312828,2.6479257307904818,1.0152128934215294,1.041221414290325,4.434441092002037,0.18004322404653156,5.111988207713519,1.2965697437749095,5.086412093633481,0.994996836252195,3.4773667364118017,14.280363623280588,2.7935048053774527,0.1548336715164855,6.161193457904361,8.063802662239807,1.3088053016570251,0.6307709038381496,0.10196923611944105,0.10351352629574331,0.6071757746331025
4,58,80,20.51372630707198,420.812967001457,6.042188476066255,1.0152128934215294,1.041221414290325,4.434441092002037,0.18004322404653156,8.915397063909074,1.7774170492906496,7.333450482473439,0.8225601652853349,9.090659526659309,55.84255949078317,6.263608798405917,0.17315896310034218,13.71689747345474,23.329466346810545,1.7007830226884955,0.3143428303698006,0.19907396048626272,0.20202856339413677,0.4791964234117638
4,58,160,139.95683275156372,19587.91503384918,9.882668075149393,1.0152128934215294,1.041221414290325,4.434441092002037,0.18004322404653156,17.367038446685505,3.683696363395031,37.99941553071475,2.1880193129857974,46.82825060686126,290.22158488613496,16.71105789148084,0.200589130861683,31.54138281892096,90.54856982207805,2.8707863045167445,0.41965782127074,0.17877523467467016,0.18367796201096626,0.3711821076232571
4,117,1,1.0561998935828183,1.1155582152043566,0.1093549210718533,1.0293998712326229,1.0561998935828172,4.45484590635868,0.18798411863182338,0.18798411863182343,0.03950794707769593,0.18798411863182343,0.9999999999999947,0.0,0.18798411863182343,0.9999999999999947,0.18798411863182346,0.18798411863182343,0.18798411863182343,0.9999999999999947,0.9999999999999947,nan,nan,nan
4,117,2,1.114580934159578,1.2422906587920377,0.2169569809240578,1.0293998712326229,1.0561998935828172,4.45484590635868,0.18798411863182338,0.3788867205147863,0.07903358543050372,0.3788648783139339,0.9999423516326366,0.00042824874623839714,0.390387188900868,1.0303533160794214,0.1900685396557898,0.3801144667707512,0.37933793829615947,0.9979571193877735,0.9987529325847254,0.05841227310533342,0.05841227310533311,0.9442679982075572
4,117,5,1.3006041370950145,1.6915711214286675,0.5256577547210445,1.0293998712326229,1.0561998935828172,4.45484590635868,0.18798411863182338,0.9708699561861618,0.1989026010682148,0.9723390609850315,1.0015131839125395,0.011338052122467355,1.0866533204161288,1.1192573356423492,0.1965149007097862,0.9821215214304466,0.9814782281603988,0.9993449962596158,0.9906883648427964,0.0838335244150638,0.08363919893436449,0.8823270975584613
4,117,10,1.6331306034029285,2.667115567771213,0.9809975767586944,1.0293998712326229,1.0561998935828172,4.45484590635868,0.18798411863182338,2.0192488303739373,0.4067516962077682,2.0585775487859217,1.0194769053820376,0.11306762877374212,2.5379941717867753,1.2569001569344835,0.2036384208557918,2.0347058537807863,2.1281096338320356,1.0459052987328317,0.9673268313151189,0.06578218271309637,0.06508604258280766,0.8302599671273221
4,117,20,2.4419851866331834,5.963291651735903,1.7856226191806734,1.0293998712326229,1.0561998935828172,4.45484590635868,0.18798411863182338,4.106598808864367,0.8190912995219121,4.351756498547599,1.0596984758175165,1.0793338052419779,6.580890427951295,1.6025160319401068,0.20498427353154958,4.097881107731469,4.934805324573324,1.2042334062017634,0.8818496804479035,0.2469648599907118,0.2496701751281435,0.7606348648178816
4,117,40,5.8868023983480775,34.654442477196675,3.545425927437816,1.0293998712326229,1.0561998935828172,4.45484590635868,0.18798411863182338,7.493177783749103,1.5615767570669592,7.406062858569999,0.9883741013901957,5.625094730708157,20.44442417062102,2.728405058660165,0.1969661735227573,7.867113561059854,11.038134733953617,1.403073013791168,0.6709523879780827,0.21589186913733158,0.21967587927317234,0.5671619162334337
4,117,80,25.92550311098929,672.1317115579153,6.510454320659924,1.0293998712326229,1.0561998935828172,4.45484590635868,0.18798411863182338,14.245845596751625,2.8961038903425886,8.59733025500372,0.6034973632568434,16.748464698486927,64.42129061790394,4.522110686963604,0.21698508535743546,17.21593398573388,25.30642363910713,1.4699419537782556,0.3397291682779659,0.14167528583586142,0.1467901797946781,0.4446401004128987
4,117,160,747.2623950863517,558401.0871101908,13.232832777258976,1.0293998712326229,1.0561998935828172,4.45484590635868,0.18798411863182338,18.12676889260002,4.024803898094626,38.89872336032656,2.1459270314968477,46.18511824177347,433.8044752200279,23.931704419595818,0.2067819671011387,32.72724654140827,115.52051802037188,3.5297964304515848,0.3367256659415847,0.1620808517073807,0.17024228683890325,0.35972535850094745
4,176,1,1.0469432321327932,1.0960901313086597,0.0917494217400728,1.0250185261320452,1.0469432321327934,4.439127600893802,0.24397189508282688,0.24397189508282688,0.05102341347601226,0.24397189508282688,0.9999999999999959,0.0,0.24397189508282688,0.9999999999999959,0.24397189508282688,0.24397189508282688,0.24397189508282688,0.9999999999999959,0.9999999999999959,nan,nan,nan
4,176,2,1.0965619624370628,1.2024481374638223,0.1843595931394859,1.0250185261320452,1.0469432321327934,4.439127600893802,0.24397189508282688,0.48850290922897277,0.10173383715317388,0.4885215397747971,1.0000381380447718,0.000497672855347759,0.5030522432450764,1.0297835155967985,0.2457271758236611,0.491441901924543,0.4891550238045972,0.9953465951702711,0.9987049421983364,0.156926104723088,0.15692610472308735,0.9456252530064472
4,176,5,1.2625472997963578,1.5940256842230742,0.46626269330161846,1.0250185261320452,1.0469432321327934,4.439127600893802,0.24397189508282688,1.2219784189874456,0.2514514288924287,1.2215293211229905,0.999632482982123,0.014628255255054227,1.3809986248149937,1.1301333995401603,0.2508086769421663,1.2538213508592109,1.2332267272785045,0.9835745151678948,0.9905147967549089,0.17381244153221984,0.1742095390248399,0.8704375273741571
4,176,10,1.6037723061087954,2.572085609841524,0.9447170911408396,1.0250185261320452,1.0469432321327934,4.439127600893802,0.24397189508282688,2.4241538236817415,0.491445126071829,2.411817363598543,0.9949110242251611,0.13052766148787334,3.2391563339460103,1.3362008228613411,0.257311222279326,2.5720449263097063,2.4900985228065373,0.9681395909282409,0.9685630273296311,0.14712065613074057,0.14762296838376568,0.7582874207587157
4,176,20,2.6662504993670075,7.108891725374817,1.9613463561905957,1.0250185261320452,1.0469432321327934,4.439127600893802,0.24397189508282688,4.61659787416172,0.9363958588446539,4.6776467841676155,1.0132237876613803,0.9183503537139117,8.453676301565883,1.8311485063231538,0.2569502725903181,5.1371362694910605,5.154419724996174,1.0033644144516387,0.9075021115342109,0.19813658563474715,0.1967665690246966,0.6454562630035325
4,176,40,8.169269155812483,66.7369585401092,4.200758900515388,1.0250185261320452,1.0469432321327934,4.439127600893802,0.24397189508282688,7.903460266291315,1.6742019285858367,9.632833484527449,1.2188121607458449,5.156161502754233,26.694744494088706,3.3776021634401365,0.2479178758246046,9.901337151328036,14.061552437381176,1.4201670160777364,0.6850476522719896,0.33614455976701113,0.32744161922794107,0.6066060779081338
4,176,80,28.305273245577,801.188493506777,6.686096242114368,1.0250185261320452,1.0469432321327934,4.439127600893802,0.24397189508282688,12.96506568386496,2.8497920806655332,22.739930327952077,1.7539386905113752,22.74688694017184,99.3065598592596,7.6595493058586435,0.21781317413615706,17.184922061987884,36.21439686149973,2.1073355311633337,0.6279251430009971,0.19951084431661711,0.18792149952879306,0.4919931054376774
4,176,160,445.1940928302238,198197.7802909259,12.197020701475886,1.0250185261320452,1.0469432321327934,4.439127600893802,0.24397189508282688,22.025619819160504,4.46582650713189,70.85518181954234,3.2169438318327854,73.84002325932389,347.7018864771156,15.786247530461917,0.21698981815616092,34.284586272488276,128.6182529890156,3.7514891376194184,0.5508952281103803,0.2437394319921224,0.24692404122474312,0.42491759065530776
4,235,1,1.0484727349150764,1.0992950758603002,0.09466913425152275,1.0312357913980286,1.048472734915077,4.448113042807241,0.20399434522276405,0.20399434522276408,0.04282841876619576,0.20399434522276408,0.9999999999999951,0.0,0.20399434522276408,0.9999999999999951,0.20399434522276408,0.20399434522276408,0.20399434522276408,0.9999999999999951,0.9999999999999951,nan,nan,nan
4,235,2,1.0996320247455726,1.2091905898460478,0.1899512017609364,1.0312357913980286,1.048472734915077,4.448113042807241,0.20399434522276405,0.4108554296516824,0.08629195835823524,0.41086276305516467,1.0000178491093266,0.0004252618513605366,0.41969523874960535,1.0215156195098023,0.20486413579143986,0.4097245942973296,0.41131175853064506,1.003873734345961,0.9989083816200992,0.39296054139760017,0.3929605413975983,0.9608184487018516
4,235,5,1.2700187299127772,1.6129475743292636,0.4780632966491329,1.0312357913980286,1.048472734915077,4.448113042807241,0.20399434522276405,1.0340288562325286,0.21791311861110116,1.0343429580106431,1.0003037650025144,0.013142484054023766,1.130020587717023,1.0928327395371131,0.2044773021514418,1.0223629821582365,1.043173220663597,1.0203550391284986,0.9915351904381347,0.4233929245473551,0.4234157252347076,0.9083925446560909
4,235,10,1.6181950451893512,2.6185552042753666,0.9626227169193626,1.0312357913980286,1.048472734915077,4.448113042807241,0.20399434522276405,2.017772081459406,0.43000500422781535,2.0210483420968974,1.0016237020363177,0.1279408973294883,2.5010362600078673,1.2395038483231104,0.1975401125991849,1.973676005759484,2.0993623919993167,1.0636813670901708,0.9626962690191672,0.4036569484543539,0.4047034870994191,0.8381325753636726
4,235,20,2.6504318815109706,7.024789158529784,1.9494452017487385,1.0312357913980286,1.048472734915077,4.448113042807241,0.20399434522276405,3.826183562108958,0.8385902371080564,3.7708545022578344,0.9855393608401194,1.0202782123375829,6.026964375908008,1.5751895532649245,0.19028219833823137,3.8003566602216354,4.44319116741031,1.169151099400019,0.8486815804631822,0.13730043997288188,0.13912593754537278,0.7582396085764707
4,235,40,5.7502432426240855,33.06529734934396,3.498484313959136,1.0312357913980286,1.048472734915077,4.448113042807241,0.20399434522276405,7.314717632120981,1.6318241457286793,6.41787994967361,0.8773927132184699,3.4454810297965413,19.15398834811588,2.6185547154965123,0.18412253035112755,7.340028798820658,9.906278956565698,1.3496239903251288,0.647859804656516,0.1346762206009418,0.13400839306081863,0.5563573149925599
4,235,80,25.505320008611573,650.5213487416819,6.477774116386638,1.0312357913980286,1.048472734915077,4.448113042807241,0.20399434522276405,12.63152248636934,2.354100306161701,9.192562560779493,0.72774778896995,11.192131471937003,60.4110886556325,4.78256589582309,0.20410416464359474,16.171985945352745,27.157219762306003,1.6792754986353442,0.33849424356534075,0.18996463761369112,0.1985612676097206,0.504493558812829
4,235,160,278.91246135795006,77792.16110074999,11.26179594803038,1.0312357913980286,1.048472734915077,4.448113042807241,0.20399434522276405,35.11706791032194,9.123366995989668,32.09997956081225,0.9140848445202089,52.84666956846465,389.46369547818114,11.090438884953327,0.1913870485744076,29.90553199646611,144.38216097782967,4.827941565958134,0.22232649340759836,0.23067078346273492,0.24747015413765241,0.39787348562399666
4,294,1,1.0667220093323915,1.1378958451941348,0.12918080708154614,1.0457928908595915,1.0667220093323904,4.4584049585317125,0.2393045451627285,0.2393045451627286,0.05059111380768139,0.2393045451627286,0.9999999999999958,0.0,0.2393045451627286,0.9999999999999958,0.2393045451627286,0.2393045451627286,0.2393045451627286,0.9999999999999958,0.9999999999999958,nan,nan,nan
4,294,2,1.1388565738574674,1.2969942958183691,0.2600495073434245,1.0457928908595915,1.0667220093323904,4.4584049585317125,0.2393045451627285,0.48071974147074575,0.10118083012077572,0.4809290646876572,1.0004354371140867,0.00048736335009159546,0.4945804758952474,1.0288332956372754,0.23913524761526028,0.4782703752901409,0.48146569506340836,1.0066809903735476,0.9988854234450049,0.5484126612368478,0.5484126612368455,0.948693155697539
4,294,5,1.3879878728388535,1.9265103351477253,0.6557102497972871,1.0457928908595915,1.0667220093323904,4.4584049585317125,0.2393045451627285,1.2116096115183108,0.25038985173706113,1.2165897725274002,1.0041103676974363,0.017473810557929403,1.3330560429303007,1.1002356124096768,0.23212860102693458,1.15997164633752,1.227646251880071,1.0583416032247208,0.9909937579040057,0.6418136458484761,0.6413087106788136,0.9094521256233011
4,294,10,1.885587150622474,3.5554389025925803,1.268478516279455,1.0457928908595915,1.0667220093323904,4.4584049585317125,0.2393045451627285,2.4154062275242936,0.4773820699462495,2.3807871310940194,0.9856673813142569,0.1639225878779447,2.9129818129528395,1.2060007876764243,0.216230917870926,2.1549770657173957,2.545198120438381,1.1810789826624346,0.9354034611199364,0.5180832360271392,0.5176394008384293,0.8773130297206565
4,294,20,2.8166532083326437,7.933535296010575,2.071098749165608,1.0457928908595915,1.0667220093323904,4.4584049585317125,0.2393045451627285,4.588619442009954,0.8558997951320431,4.18334089627684,0.9116774553098281,0.8191264714188276,7.300106358986142,1.5909156231505814,0.23478765960417672,4.666944271840283,5.548417247483033,1.1888758305860732,0.7539701341269093,0.2698293678062645,0.2736311131475952,0.7549848657202596
4,294,40,6.778210977129514,45.94414405047904,3.82742639890618,1.0457928908595915,1.0667220093323904,4.4584049585317125,0.2393045451627285,8.447594656891642,1.6941391407930437,7.728538081737707,0.9148803174916398,4.305672941954961,22.547862238522043,2.6691458520831417,0.23844255337393205,9.492452903833536,11.260312176199406,1.1862384033163773,0.6863520265515632,0.23435878451957165,0.24005391183179578,0.5291498709726253
4,294,80,23.6654787093821,560.0548825442174,6.328034783470309,1.0457928908595915,1.0667220093323904,4.4584049585317125,0.2393045451627285,11.83304907631311,2.940339602099842,19.10420278146394,1.6144784542224127,18.937023163771535,73.93395244590394,6.248089733178048,0.20669019729937219,16.238100493093548,31.932484328639212,1.9665159938024075,0.5982686027447603,0.20653193434170636,0.21104760491939398,0.4793797086500569
4,294,160,174.26312174837636,30367.635601489445,10.321132701913578,1.0457928908595915,1.0667220093323904,4.4584049585317125,0.2393045451627285,34.25870728903002,8.186642854102631,64.45231020300457,1.8813409875404974,70.37945908418311,307.3480011356723,8.97138349508267,0.1776506930561141,27.237602304014914,113.63648131338249,4.1720442219920395,0.5671797424390533,0.18043792466553982,0.20493288788395464,0.39887636855385505
4,353,1,1.0558330845362796,1.1147835024013943,0.10866021780911642,1.0271794049532084,1.05583308453628,4.455647726510232,0.17773271639294622,0.17773271639294616,0.038083763678945635,0.17773271639294616,0.9999999999999943,0.0,0.17773271639294616,0.9999999999999943,0.17773271639294616,0.17773271639294616,0.17773271639294616,0.9999999999999943,0.9999999999999943,nan,nan,nan
4,353,2,1.1141816221817227,1.241400687207495,0.21624032857185121,1.0271794049532084,1.05583308453628,4.455647726510232,0.17773271639294622,0.3554212012574091,0.07660439082282505,0.35541597792866764,0.9999853038346502,0.00038049508403706253,0.36720134809124416,1.0331441872126879,0.17864310236341618,0.3572815887582066,0.3560030734263814,0.9964215471156241,0.9983508695808039,0.15008952555271046,0.15008952555270963,0.9403243968855767
4,353,5,1.304901676306364,1.7027683848271584,0.5322553882192539,1.0271794049532084,1.05583308453628,4.455647726510232,0.17773271639294622,0.8853480578528562,0.1948562813152651,0.885328512943721,0.9999779240390682,0.010826268214095635,1.0093471332975241,1.1400568672905762,0.18098014330146167,0.9048376021166098,0.8965508849276362,0.9908417630195847,0.9874827272243203,0.2030545497378658,0.20341390417365476,0.866031588734525
4,353,10,1.6800246319672676,2.822482764016753,1.037616910385923,1.0271794049532084,1.05583308453628,4.455647726510232,0.17773271639294622,1.7419055546644626,0.399722959236903,1.7430044653671493,1.0006308669834267,0.09075731250353258,2.3190811268258216,1.3313472252360645,0.182358234737731,1.823454720387275,1.8245782538458897,1.0006161564891367,0.955291701900536,0.25173897032801934,0.2522741032960319,0.779856542615942
4,353,20,2.6519049683645552,7.032599961236612,1.9505564754630957,1.0271794049532084,1.05583308453628,4.455647726510232,0.17773271639294622,3.2507441625138633,0.8033163265766011,3.258446568774287,1.0023694286216809,0.6647694308976533,5.635661288252978,1.7336526673618051,0.1731285176022734,3.452696758702278,3.7233505885888745,1.0783891111214536,0.8751382635738355,0.1681387641833009,0.17458854269426555,0.6826688372355808
4,353,40,5.2338650143422605,27.39334298835591,3.310300027245935,1.0271794049532084,1.05583308453628,4.455647726510232,0.17773271639294622,5.731242256911794,1.4924842329053591,5.2828393966813145,0.9217616635050258,3.845603193696527,17.157552028033184,2.9936881497796444,0.14817953669804826,5.805812785672339,7.304574469147896,1.2581484692675966,0.7232234292352385,0.13313550579808733,0.14856249827619236,0.4872222155126964
4,353,80,21.59641378067455,466.4050881861096,6.145054544466718,1.0271794049532084,1.05583308453628,4.455647726510232,0.17773271639294622,13.171435098882794,3.0481987968260875,8.556837748480536,0.6496511340063718,12.516608351666662,48.18391609739976,3.6582130751634443,0.14716963634881994,11.315674983601916,19.235052795986753,1.699859073706269,0.44485647319178945,0.13146985666672797,0.14468994421640916,0.41807501669219044
4,353,160,150.1037399399546,22531.132743961523,10.022653309302319,1.0271794049532084,1.05583308453628,4.455647726510232,0.17773271639294622,21.136830309371458,5.066853669200389,15.270318961294855,0.7224507524443927,24.977471284175603,240.6494377759748,11.385313419925495,0.15568551718487766,24.275273283507527,67.02105407336977,2.760877428263741,0.22784361082381696,0.12438002715860463,0.11564578354683915,0.341186874212375
4,412,1,1.0502059821586316,1.102932604961776,0.0979726368286824,1.0187195922784016,1.0502059821586327,4.451361013199466,0.11293504637082069,0.11293504637082069,0.026971502821616228,0.11293504637082069,0.9999999999999911,0.0,0.11293504637082069,0.9999999999999911,0.11293504637082069,0.11293504637082069,0.11293504637082069,0.9999999999999911,0.9999999999999911,nan,nan,nan
4,412,2,1.1032496374895682,1.2171597626208637,0.19652008116668856,1.0187195922784016,1.0502059821586327,4.451361013199466,0.11293504637082069,0.23323415035876374,0.05530949577614229,0.23321865358882896,0.9999335570287973,0.00013376097291073615,0.23888748892784598,1.0242388970928364,0.11664007877690678,0.2331660376142876,0.23354268408584328,1.0016153573453854,0.9986125427209006,0.10702714852454055,0.10702714852453961,0.9549556497426747
4,412,5,1.2783963550312,1.6342972405570582,0.49121288965987747,1.0187195922784016,1.0502059821586327,4.451361013199466,0.11293504637082069,0.6332632326009406,0.14721510176181493,0.6326030944084216,0.9989575611554001,0.004057740040294957,0.7045752184782135,1.112610336754242,0.12843797211245858,0.6399141374225851,0.6388795515948124,0.9983832427395012,0.9901758364769633,0.12514100063455083,0.1258225473942093,0.8823744200356606
4,412,10,1.6411835206095247,2.693483348320274,0.9908352809475481,1.0187195922784016,1.0502059821586327,4.451361013199466,0.11293504637082069,1.3941515479997606,0.31691851316566494,1.3915039436294874,0.9981009206824947,0.03937960783448676,1.856309269809081,1.3314974777830957,0.14967637364794983,1.4792772874307896,1.4371187711822004,0.9715005992407205,0.9682595283929174,0.10056245702267493,0.1040657560748313,0.7483868443619733
4,412,20,2.761036498365089,7.623322545304152,2.031212304232761,1.0187195922784016,1.0502059821586327,4.451361013199466,0.11293504637082069,3.1470534681799918,0.725100528014668,3.1892123983641736,1.013396318369056,0.461816515314625,5.879913753605609,1.8683869889907168,0.17972633334686902,3.532479488003427,3.41856710211442,0.9677528528400906,0.9329091116542985,0.10254464947671134,0.11434528547652746,0.5829107349782208
4,412,40,5.986640042200103,35.83985899487366,3.5790606538041705,1.0187195922784016,1.0502059821586327,4.451361013199466,0.11293504637082069,6.140558016661511,1.481706401863078,6.468608498227396,1.0534235619427041,3.709260939717179,15.212417292613768,2.4773672443672194,0.16984773794182545,6.690924522827988,8.00877235333657,1.1969604986593958,0.8076903940879877,0.10842372892612549,0.11746060010172547,0.560946858744201
4,412,80,31.74528451756604,1007.7630891012183,6.915488390353728,1.0187195922784016,1.0502059821586327,4.451361013199466,0.11293504637082069,5.760659069047702,1.2014417123334888,11.80936636539935,2.050002651406962,9.286132861350062,75.1928475642399,13.052820287222806,0.17051457464119946,13.443253605166607,20.991545922836004,1.561492964379425,0.5625772589027059,0.08404645723424593,0.08417412688942236,0.35472416051219197
4,412,160,119.11256930787863,14187.80416712419,9.560138013086398,1.0187195922784016,1.0502059821586327,4.451361013199466,0.11293504637082069,12.648015662231867,2.8458460728359083,28.320935436059308,2.2391603704783676,30.588355724302318,384.00361047206457,30.360779170975764,0.16861366412310624,26.732405581035916,85.65018776453026,3.203983551158257,0.3306581827224863,0.16470659097713156,0.1625737117537895,0.34560914735127696
4,471,1,1.0555495677157334,1.1141848899048716,0.10812309712765632,1.0407296376156145,1.0555495677157347,4.45778183205881,0.1662680226127837,0.16626802261278376,0.03356005507996813,0.16626802261278373,0.9999999999999938,3.7238012298709097e-16,0.16626802261278373,0.9999999999999938,0.16626802261278373,0.16626802261278373,0.16626802261278373,0.999999999999994,0.999999999999994,nan,nan,nan
4,471,2,1.1128438257140516,1.2384213804298865,0.2138374882633117,1.0407296376156145,1.0555495677157347,4.45778183205881,0.1662680226127837,0.3287931931272163,0.06595458599020858,0.3287271543544858,0.999799147992988,0.00021356699453390626,0.33841332013106834,1.0292588995299816,0.1646903918307454,0.32936552406257213,0.3293125391805986,0.999839130455061,0.9982224034724874,0.06624664130213219,0.06624664130213179,0.9480892196783751
4,471,5,1.3009556137530625,1.6924855089556075,0.5261981638507164,1.0407296376156145,1.0555495677157347,4.45778183205881,0.1662680226127837,0.796322171811893,0.157530062326309,0.7937212117442998,0.9967337841897882,0.006443721979060297,0.9061131649596901,1.1378725810157786,0.16209830554884117,0.8104042066056603,0.8058258175251739,0.9943504870246618,0.984978632456763,0.04910350118134418,0.049393287620939814,0.8693292246981409
4,471,10,1.7130519565330384,2.934547005781671,1.0765530992153314,1.0407296376156145,1.0555495677157347,4.45778183205881,0.1662680226127837,1.489946752651143,0.2928203333092384,1.4621558350412363,0.9813477108759371,0.05889422240953216,2.1249852742709927,1.4262155815232254,0.1616525499406726,1.6164274737472506,1.5520947027891587,0.9602006449389561,0.9420532345182927,0.0596757644140503,0.05963580784884852,0.7236788420136373
4,471,20,2.6598481327700165,7.074792089400144,1.9565380564402814,1.0407296376156145,1.0555495677157347,4.45778183205881,0.1662680226127837,2.4297523770548133,0.5021087561325313,2.38030756152462,0.9796502656002634,0.37620088361824155,5.2108533907182455,2.1446026516638286,0.14982518419220675,2.979135010001739,2.879348012718329,0.9665047079275025,0.8266828292414099,0.12494041753768916,0.1273139983958308,0.5969586867087984
4,471,40,4.867002549492381,23.687713816765335,3.164956509367197,1.0407296376156145,1.0555495677157347,4.45778183205881,0.1662680226127837,4.042175487746276,0.976554185976029,4.822164969826198,1.1929627955155422,2.510205194894534,13.594742276764997,3.3632241643088023,0.1512873937989593,6.021953590706827,7.226691926800139,1.200057725113073,0.6672714180527374,0.11326221421655094,0.11785401795104249,0.5570238972741963
4,471,80,12.695310125316439,161.1708991779621,5.082465287584411,1.0407296376156145,1.0555495677157347,4.45778183205881,0.1662680226127837,5.107214154656682,1.1034172722406506,9.918429876834884,1.9420430740683559,9.098535838003182,53.33835614723136,10.44372813280176,0.16406594064462976,13.04944173307097,23.065955388518507,1.7675817755531151,0.4300029940130709,0.23306633371674768,0.23475711300392654,0.480734159316636
4,471,160,138.82477090444957,19272.317016672907,9.866424993758464,1.0407296376156145,1.0555495677157347,4.45778183205881,0.1662680226127837,9.645760626192281,2.242440747940165,35.733648930295416,3.7045962796613034,35.61922982183511,314.90957421776756,32.64745896374995,0.15326868684067282,24.333361445343034,100.17188726118414,4.116648145230063,0.35672332734557494,0.2110272998950611,0.21549024064992878,0.35093018845268525
4,530,1,1.0622729724063908,1.1284238679051088,0.12082185191164317,1.0251365866181907,1.0622729724063913,4.460906314240825,0.1751842977611926,0.17518429776119243,0.037478435231202416,0.17518429776119243,0.9999999999999943,0.0,0.17518429776119243,0.9999999999999943,0.17518429776119243,0.17518429776119243,0.17518429776119243,0.9999999999999943,0.9999999999999943,nan,nan,nan
4,530,2,1.1250313723523275,1.2656955887769614,0.235621843605927,1.0251365866181907,1.0622729724063913,4.460906314240825,0.1751842977611926,0.3569676570603485,0.07613585122296486,0.3572014330024664,1.0006548939028315,0.0003877159323737463,0.36402966046126933,1.0197833144298727,0.17671135315243242,0.3534096227962312,0.35747951375028575,1.0115160728274797,0.9992221071778267,0.4927580794356042,0.4927580794356014,0.9647470727959189
4,530,5,1.31515533720905,1.7296335609894502,0.547909571616872,1.0251365866181907,1.0622729724063913,4.460906314240825,0.1751842977611926,0.9292135514065061,0.19680459527933045,0.9373882781855537,1.0087974683178833,0.013220851330739095,1.0112721318763138,1.0883097113097397,0.18065052575090013,0.9030738689793398,0.9418900122035319,1.0429822460349356,0.9952205311027267,0.37278342851675456,0.3721654919239078,0.9175820832314591
4,530,10,1.637988096481151,2.683005004213945,0.9869374365978956,1.0251365866181907,1.0622729724063913,4.460906314240825,0.1751842977611926,1.8723244355916107,0.3946320087522462,1.9468706379035134,1.0398147889835914,0.12949304712746612,2.3295632946051437,1.2442092034487895,0.1839221768200486,1.838755445401447,1.9769715642921328,1.075168298881915,0.9847742239027103,0.15398414808470554,0.1528040425776935,0.8426899926359925
4,530,20,2.472959912432278,6.115530728497061,1.8108315566235345,1.0251365866181907,1.0622729724063913,4.460906314240825,0.1751842977611926,3.464416576931995,0.7453472427589661,3.6742348379752174,1.0605638081864368,0.8752947108342138,5.844891359133451,1.687121403947774,0.1840741923761388,3.680962826948218,3.917720449042637,1.0643194819467132,0.9378501824633965,0.17116460298401262,0.17050869826085335,0.684460093551181
4,530,40,6.309494108652874,39.80971590712533,3.684111000767856,1.0251365866181907,1.0622729724063913,4.460906314240825,0.1751842977611926,7.78633848132887,1.7574268850950991,5.823130933356998,0.7478651162315232,5.15539301788906,15.787787312263431,2.0276266373625433,0.1730425295789871,6.8998698233948,7.56833312285471,1.0968805668178563,0.7694073237569863,0.2536837624359473,0.2547542019085177,0.5337371121323388
4,530,80,17.650992394644845,311.5575325158102,5.7415840162483045,1.0251365866181907,1.0622729724063913,4.460906314240825,0.1751842977611926,10.689405733663868,2.2515779962867457,17.73091869748031,1.6587375518585457,17.506363964155486,70.37932931609932,6.584026378047893,0.15471061423822774,12.245496357334371,22.931960355849895,1.8726852457977272,0.7731968145042248,0.1777665636765305,0.18640130446823683,0.36879502929608227
4,530,160,227.03423071687038,51544.54191720113,10.850201604444747,1.0251365866181907,1.0622729724063913,4.460906314240825,0.1751842977611926,21.336718680618105,4.966794870787748,96.3394475582491,4.515195096318261,91.94911462112562,466.8788966036435,21.881475947271497,0.14233073600465562,22.438067936861167,131.15940865772495,5.8453967171681835,0.7345218200065052,0.17845565494754786,0.18245501786762863,0.3447577913835345
4,589,1,1.0597996409506054,1.1231752789590321,0.11615974457340142,1.0331273501392755,1.0597996409506056,4.445211857230535,0.12481582666308316,0.12481582666308326,0.02650334509829339,0.12481582666308326,0.999999999999992,0.0,0.12481582666308326,0.999999999999992,0.12481582666308326,0.12481582666308326,0.12481582666308326,0.999999999999992,0.999999999999992,nan,nan,nan
4,589,2,1.1229773484165413,1.261078125056646,0.2319670099063616,1.0331273501392755,1.0597996409506056,4.445211857230535,0.12481582666308316,0.24881365586230117,0.05262983012934159,0.24882989891305463,1.0000652819906375,0.00016192512140280628,0.25841594542985674,1.03859229323357,0.1254723877707453,0.2509413577826615,0.24910141563733895,0.992667840161616,0.9989100153301392,0.21506113461946136,0.21506113461945964,0.929590289356331
4,589,5,1.334013805091517,1.7795928321747476,0.5763845921684013,1.0331273501392755,1.0597996409506056,4.445211857230535,0.12481582666308316,0.6165034245772752,0.12908844365295222,0.6172393103070508,1.0011936441882365,0.004964590357471154,0.71785480710159,1.1643971119768042,0.12741920050366146,0.6370317282516808,0.6224060851435946,0.9770409503020723,0.9916987077088862,0.2138657947695039,0.21376316404459605,0.8410612735121982
4,589,10,1.762648718324409,3.106930504210682,1.133635262671434,1.0331273501392755,1.0597996409506056,4.445211857230535,0.12481582666308316,1.2127564527969834,0.2515554745001371,1.2217216534337632,1.0073924163554044,0.04619324200274201,1.7157639267685216,1.4147637992866986,0.13004581609361912,1.30011205624402,1.2610919799985616,0.9699871437557566,0.9687807652500935,0.18607242908882618,0.18539074409561015,0.7272018970026832
4,589,20,2.8635287094676074,8.19979666994522,2.1041093576146292,1.0331273501392755,1.0597996409506056,4.445211857230535,0.12481582666308316,2.265828915029307,0.47593502383183844,2.3392209712324865,1.0323908198524465,0.33213066169963135,4.763942578675586,2.102516455269954,0.13315875526685264,2.6620689376506954,2.6339637657800266,0.9894423576064589,0.8880991460942687,0.12868056419120932,0.12679221073859367,0.5788446692852176
4,589,40,4.883711913159634,23.85064205073733,3.1718111373383486,1.0331273501392755,1.0597996409506056,4.445211857230535,0.12481582666308316,3.51532655585805,0.8084430462208487,3.7538204658838645,1.0678440270729272,1.4020084682087792,14.22877895627668,4.047640732712411,0.13543218250146713,5.415033581876729,5.839042138180156,1.078302110207131,0.6428829210425617,0.14541771658252392,0.14320473810694537,0.4585320929729781
4,589,80,9.046375912398897,81.83691714843098,4.404728451682046,1.0331273501392755,1.0597996409506056,4.445211857230535,0.12481582666308316,8.708603585044903,1.8692599516851032,8.117365146149018,0.9321086976663849,10.397016825581233,58.811856612640625,6.753305054973101,0.1344941550907714,10.687989009319399,18.2365819006256,1.7062687737350963,0.44511439645773504,0.17145247947013556,0.1697538244317045,0.3930809214634028
4,589,160,409.5223260723531,167708.5355517107,12.029982844260303,1.0331273501392755,1.0597996409506056,4.445211857230535,0.12481582666308316,28.939149219390938,7.089324353339758,30.605815329924933,1.057592090835111,49.36408225466538,591.8818144013425,20.452633555818107,0.12483607674779161,19.754949928406564,118.4958700951845,5.998287544368502,0.25828592427179203,0.17183430285497678,0.17356637846770862,0.27884502338926975
4,648,1,1.054670285857502,1.1123294118707452,0.10645638565656575,1.0319285678206276,1.0546702858575026,4.456055356948778,0.14563171412597606,0.1456317141259761,0.03277902819666525,0.1456317141259761,0.9999999999999931,0.0,0.1456317141259761,0.9999999999999931,0.1456317141259761,0.1456317141259761,0.1456317141259761,0.9999999999999931,0.9999999999999931,nan,nan,nan
4,648,2,1.1115806288613141,1.2356114944597145,0.2115659847543015,1.0319285678206276,1.0546702858575026,4.456055356948778,0.14563171412597606,0.2840928420450125,0.06347244939004797,0.28408463050430227,0.9999710955733622,0.00019005821248560848,0.29218480883915543,1.0284835293134904,0.14217196287619874,0.2842576059964071,0.2845468344338974,1.001017487065915,0.9983756490192004,0.2565531455749454,0.25655314557494363,0.950260300371787
4,648,5,1.2958527449525679,1.6792343366011049,0.5183379375054968,1.0319285678206276,1.0546702858575026,4.456055356948778,0.14563171412597606,0.6517014000862985,0.1425311552477276,0.6512893135813335,0.9993676758943414,0.005085646617940554,0.7338961483284444,1.1261233261602024,0.13147571867359104,0.6553249562006278,0.6626828783310286,1.011227898557471,0.9828069124429608,0.20982456870732683,0.21128944431394933,0.8901389805340677
4,648,10,1.646828625333264,2.712044521217048,0.9977027863213693,1.0319285678206276,1.0546702858575026,4.456055356948778,0.14563171412597606,1.1184417950900265,0.2384858759772235,1.1134010853395193,0.9954930960443028,0.0385554571694075,1.5302219421773267,1.3681730680085622,0.11914493769643297,1.1820363973439065,1.229739794975486,1.0403569617135058,0.9053956697902202,0.12264576815981416,0.12869388984877358,0.8089609756893548
4,648,20,2.4908275876970194,6.204222071632553,1.8252300395854288,1.0319285678206276,1.0546702858575026,4.456055356948778,0.14563171412597606,1.9041305235197523,0.407424563950692,1.9122081822795713,1.0042421770251793,0.24509035189205383,3.8969627390945716,2.0465838297109493,0.11444395962244817,2.2772548490783153,2.589662451639326,1.1371860521835984,0.738400551419005,0.2033457193810531,0.20060196272781286,0.6902923556861097
4,648,40,5.093006649171409,25.938716728504183,3.255736706905296,1.0319285678206276,1.0546702858575026,4.456055356948778,0.14563171412597606,4.763312422128627,1.100057166998939,4.933340092485746,1.0356952589477924,1.726740921692576,12.833126844221377,2.6941602202289543,0.11192480552579441,4.463668710694809,6.971798920913154,1.561898826453886,0.7076136515766844,0.1875534379088545,0.188808986929201,0.5919207936951786
4,648,80,20.57200358006094,423.2073312980401,6.047862203877122,1.0319285678206276,1.0546702858575026,4.456055356948778,0.14563171412597606,10.900569806883347,2.826930850822922,12.425267743451407,1.139873232645624,9.044191663004652,78.26147449512065,7.179576470002616,0.10792922993866796,8.599319971691733,21.775620808374693,2.532249163894154,0.5706045238752857,0.17995570961809115,0.18093281539429887,0.3345182437750603
4,648,160,123.99373727627214,15374.4468837372,9.640462116986118,1.0319285678206276,1.0546702858575026,4.456055356948778,0.14563171412597606,24.199672570717297,5.666489328828878,28.99138769063217,1.1980074360887456,27.189129271198833,392.2430136980504,16.20860830045619,0.12904225102361527,20.312357554222586,82.76214482519836,4.074472626048942,0.3502976844288506,0.19926806903801003,0.20812607940875005,0.31065772394579155
4,707,1,1.0617135084055151,1.1272355739307478,0.11976824065965322,1.0276488754374327,1.061713508405516,4.448039860569542,0.09398346007749424,0.09398346007749424,0.023622811101288263,0.09398346007749424,0.9999999999999893,0.0,0.09398346007749424,0.9999999999999893,0.09398346007749424,0.09398346007749424,0.09398346007749424,0.9999999999999893,0.9999999999999893,nan,nan,nan
4,707,2,1.1269484914032675,1.2700129022761004,0.23902705969141486,1.0276488754374327,1.061713508405516,4.448039860569542,0.09398346007749424,0.18642835612534575,0.04703493583754133,0.18644987201553032,1.0001154110384856,8.394646102099307e-05,0.1927921229963313,1.0341351873891214,0.09349062384646066,0.18697863590002195,0.18651096462977898,0.9974987983627497,0.9996724449183407,0.12292480762257757,0.12292480762257625,0.937060616136752
4,707,5,1.343841264184713,1.8059093433255677,0.5910642562407088,1.0276488754374327,1.061713508405516,4.448039860569542,0.09398346007749424,0.45530104737619603,0.11603131350392831,0.4559691969204656,1.0014674895832527,0.0024530471143008182,0.5233570961429163,1.14947483463724,0.0924232966374604,0.4620908597241668,0.45728098379176874,0.9895910602186113,0.9971313329926235,0.14726781529960015,0.14717994355852523,0.8518038834709076
4,707,10,1.7707716708168324,3.1356323101674364,1.1428308475807305,1.0276488754374327,1.061713508405516,4.448039860569542,0.09398346007749424,0.883206988003152,0.2277893643667372,0.8900595429727193,1.0077587191481119,0.0225409896511592,1.2238552204500475,1.3856946752845194,0.09235212579752393,0.9234684785035288,0.9019974300484297,0.9767495599959258,0.9867650542251872,0.19402952378854108,0.19391785707561926,0.7342687968197548
4,707,20,2.754547596542448,7.587532461617776,2.0265064346786428,1.0276488754374327,1.061713508405516,4.448039860569542,0.09398346007749424,1.7753213509190269,0.4606094866190355,1.8473473745165307,1.040570696432067,0.18410017578083787,3.485982927691736,1.963578552067293,0.09969361551726506,1.9859635240499884,1.9446038699591452,0.9791740112091791,0.9499864743945723,0.27252110021545517,0.27943630836006517,0.5879585913720585
4,707,40,5.1718614504365386,26.748150862511537,3.286465344317577,1.0276488754374327,1.061713508405516,4.448039860569542,0.09398346007749424,4.191198358965799,1.038023594063281,4.721586069121326,1.1265479857379983,1.6276297076990895,12.71431098331765,3.0335741461912034,0.11914880695927339,4.700690809617782,5.557462097763018,1.1822649739889826,0.8495939308379361,0.28572683100840973,0.2983984211882101,0.5115923060827442
4,707,80,8.591749048686957,73.81815171561323,4.301604659569807,1.0276488754374327,1.061713508405516,4.448039860569542,0.09398346007749424,4.450922259262529,1.018217483336799,13.423032447745364,3.0157867663969076,11.806135346054425,60.4696954073896,13.585879933434017,0.13496015978617348,10.628065584238845,20.78826318000142,1.9559780672439477,0.6457024490943764,0.22684728966411571,0.23240721299321568,0.3896306537354864
4,707,160,67.07834826622872,4499.504806125469,8.411722626619998,1.0276488754374327,1.061713508405516,4.448039860569542,0.09398346007749424,7.003636627335899,1.4118917987455941,161.34163051619961,23.036836303937722,163.44997019630256,819.2182758529009,116.97041400683315,0.1669227228011157,25.390201599556843,234.28835313901428,9.227510550491395,0.6886455444947708,0.21813571151520025,0.2044502575435278,0.3412139745426265
4,766,1,1.0757445783306157,1.157226397807714,0.14602610565339627,1.0410005334812953,1.0757445783306152,4.459922700724511,0.13875537397695417,0.1387553739769542,0.02991954797267435,0.13875537397695423,0.999999999999993,4.2030456118024607e-16,0.13875537397695423,0.999999999999993,0.13875537397695423,0.13875537397695423,0.13875537397695423,0.9999999999999928,0.9999999999999928,nan,nan,nan
4,766,2,1.1574800414718927,1.3397600464057744,0.29249052808146375,1.0410005334812953,1.0757445783306152,4.459922700724511,0.13875537397695417,0.27504038311831713,0.05918009559827834,0.2750241711291593,0.9999410559679454,0.00021217249603414342,0.2896581573627307,1.0531477380836989,0.1395191132232378,0.2790340683739041,0.27568513520451504,0.987998120842712,0.997602467485719,0.10929905111086922,0.10929905111086843,0.9064595501898639
4,766,5,1.44105962633024,2.076652846639051,0.7307573892001439,1.0410005334812953,1.0757445783306152,4.459922700724511,0.13875537397695417,0.6730910645888701,0.14486521469553446,0.6729750100570587,0.9998275797467564,0.0060665766766941995,0.8332145644123161,1.2378927729805023,0.14316646309259717,0.7156122917990614,0.6849535738205839,0.9571573625413813,0.9825118603342542,0.08863265831696947,0.08868773769983104,0.7887982195444689
4,766,10,2.048863534708375,4.197841783857696,1.4345705322312567,1.0410005334812953,1.0757445783306152,4.459922700724511,0.13875537397695417,1.3361943171272797,0.2925220775357349,1.3399606904939119,1.0028187317655477,0.05393230441881398,2.120032383401534,1.5866198173626778,0.15074486162351455,1.5051573608440487,1.4159878522506748,0.940757351415156,0.9463080409652379,0.05804689237058783,0.05722651262761367,0.6607574337250735
4,766,20,3.6453026742218135,13.288231586688704,2.5868788004168524,1.0410005334812953,1.0757445783306152,4.459922700724511,0.13875537397695417,2.735892867656358,0.624095160237439,2.7828775119979343,1.017173422576968,0.4226081785033733,6.197255898168979,2.2651676063170263,0.1611928356762909,3.214958147076061,3.204994721220589,0.9969009158441039,0.8682939455632249,0.12716228677058455,0.13094544863379792,0.5560513878184269
4,766,40,6.1715765934636995,38.088357648989,3.6399086619182057,1.0410005334812953,1.0757445783306152,4.459922700724511,0.13875537397695417,5.35622808809493,1.2570639884906505,5.692033785130192,1.0626944356200294,2.3019577344632567,18.012570897543533,3.3629208094366514,0.15836804423147421,6.315176136203032,7.903961325694029,1.2515820865839296,0.7201494985339376,0.2138582704125934,0.21164971747901393,0.5017213856126757
4,766,80,16.650486360807765,277.2386960514454,5.6248788537182985,1.0410005334812953,1.0757445783306152,4.459922700724511,0.13875537397695417,5.607169208643191,1.0423833937198699,14.65667925992145,2.6139177746462257,14.758830042197463,123.71916310265689,22.06446042540495,0.15566582511313054,12.385408575298486,34.78671539099965,2.8086853315746425,0.4213297833722342,0.1723473121867456,0.16668944906356642,0.33772597898183954
4,766,160,166.184635276039,27617.333001830102,10.226198861903855,1.0410005334812953,1.0757445783306152,4.459922700724511,0.13875537397695417,18.201098294301385,4.210927772769691,43.65606025871501,2.398539887693665,52.25537322364108,828.4512354520602,45.51655191661931,0.18877566326416098,29.36536423924401,216.05549615206635,7.357494168702624,0.20205947562652404,0.19286424033373387,0.1854431102531142,0.320209598633473
4,825,1,1.0759036306902565,1.157568622532476,0.1463217903462077,1.027683559156767,1.0759036306902572,4.450849395583327,0.15276442273273685,0.15276442273273694,0.0321598185886301,0.15276442273273694,0.9999999999999934,0.0,0.15276442273273694,0.9999999999999934,0.1527644227327369,0.15276442273273694,0.15276442273273694,0.9999999999999934,0.9999999999999934,nan,nan,nan
4,825,2,1.156690812372114,1.3379336354260611,0.2911263606448789,1.027683559156767,1.0759036306902572,4.450849395583327,0.15276442273273685,0.30679621607815927,0.06395598552278306,0.3067569806239089,0.9998721123267003,0.00015669847871700222,0.3194858257477269,1.0413616889796768,0.15390500523478312,0.30780161962358277,0.30706342307056134,0.9976017132270936,0.9990020223066978,0.13804749295388186,0.13804749295388097,0.9244602842631379
4,825,5,1.428573492708486,2.040822224069323,0.7133527776672576,1.027683559156767,1.0759036306902572,4.450849395583327,0.15276442273273685,0.7696494994988995,0.1558456902733556,0.7684365646669733,0.9984240425898843,0.005163926258190906,0.9137313521496645,1.1872045037963022,0.15688686322792264,0.7843138932580848,0.7753529260663559,0.9885747692744477,0.9910797249009264,0.18190254249396137,0.1821831576498554,0.8209951320142261
4,825,10,1.9745937823121023,3.8990206051456138,1.3607253947122242,1.027683559156767,1.0759036306902572,4.450849395583327,0.15276442273273685,1.4989129316295045,0.29109584022787904,1.4873083090791623,0.9922579742255425,0.05612969446732908,2.288823590475019,1.5269890212947739,0.1607737056189177,1.6071109556214518,1.5582167639882862,0.9695763435236743,0.9544938441506473,0.19301356505307463,0.1928679935591956,0.6757841405850513
4,825,20,3.2949288213130443,10.856555937519367,2.3847691313834365,1.027683559156767,1.0759036306902572,4.450849395583327,0.15276442273273685,2.6682863503239003,0.4968591695225676,2.570609953233136,0.9633935851454218,0.49462111329288605,6.916260106167392,2.5920231932108155,0.1670187691474322,3.3369438462093,3.2825704616479436,0.9837056339371355,0.7831088420696433,0.12598129407826694,0.12262009652781272,0.5125197311024565
4,825,40,5.444219556469123,29.63952657904085,3.3891088279332835,1.027683559156767,1.0759036306902572,4.450849395583327,0.15276442273273685,5.909209042388204,1.1664924521398496,5.479015268417762,0.9271994321262699,2.6279442489543787,22.388392803527925,3.7887291925079136,0.2279932320535256,8.788026139641493,9.791913378434323,1.1142335289905931,0.5595449077893935,0.1214291127618028,0.12207485850902981,0.46608842155195634
4,825,80,13.738725010767187,188.75256492147983,5.240436977024777,1.027683559156767,1.0759036306902572,4.450849395583327,0.15276442273273685,9.00530419432337,1.9166653336676343,8.811105150929869,0.9784350379284333,13.013401591614242,100.3187107042944,11.139958022465448,0.21582484506688218,16.883930386358386,29.56673430660388,1.751176037215407,0.2980073842298459,0.17236361357870614,0.1610682263314936,0.389433313484007
4,825,160,99.8596812884445,9971.955947029714,9.207532026967195,1.027683559156767,1.0759036306902572,4.450849395583327,0.15276442273273685,17.347068015762915,3.840318753481217,57.184621675694345,3.296500689553525,66.23336709868413,748.3536808645927,43.14006725428064,0.19011151878781482,29.57162838810094,143.88878000151516,4.865771276207883,0.3974223818917096,0.21859388958980122,0.2173433156107324,0.31512736694864407
4,884,1,1.0581172224974824,1.1196120565457868,0.11298224722013948,1.0239846309674654,1.0581172224974822,4.452769689464517,0.19221842941149203,0.19221842941149214,0.04164052435481582,0.19221842941149211,0.9999999999999947,3.040470972244059e-16,0.19221842941149211,0.9999999999999947,0.19221842941149211,0.19221842941149211,0.19221842941149211,0.9999999999999948,0.9999999999999948,nan,nan,nan
4,884,2,1.1185602875191458,1.2511771168149142,0.2240848016510263,1.0239846309674654,1.0581172224974822,4.452769689464517,0.19221842941149203,0.38563419998277615,0.08315801187215548,0.3856062396463906,0.9999274951848467,0.0003290779621581323,0.3972571565397814,1.0301398490007456,0.1932545394852898,0.3865035535407524,0.38641279720757504,0.9997651862904056,0.9979127048404866,0.16681387404944115,0.16681387404944026,0.9465721498503148
4,884,5,1.3120279526401166,1.721417348509016,0.5431479913217675,1.0239846309674654,1.0581172224974822,4.452769689464517,0.19221842941149203,0.9680682089569348,0.2057968731223552,0.967734052809768,0.9996548216912031,0.010327260310877552,1.088507831247395,1.1244123308420895,0.19680538613384072,0.9838848631398216,0.9823912163173589,0.9984818886046309,0.9850801154732057,0.11888139156765036,0.1181443065244993,0.8824124852724726
4,884,10,1.6584147532821067,2.750339493903751,1.0117243563875051,1.0239846309674654,1.0581172224974822,4.452769689464517,0.19221842941149203,1.9188151213783105,0.4006609426096226,1.922085900943263,1.0017045829629496,0.09642416504396538,2.529709788347603,1.3183707800522635,0.20194190573959686,2.0185984897253415,2.0208961041352596,1.0011382225943455,0.9511057480937258,0.11965224149760686,0.12127646284447356,0.7890700760575834
4,884,20,2.311968813020451,5.345199792379194,1.6761989230822916,1.0239846309674654,1.0581172224974822,4.452769689464517,0.19221842941149203,3.6359943566498623,0.7699175517983486,3.692262479286657,1.0154753052721013,0.7406370061277799,6.71547669693686,1.846943652334041,0.20237178270793618,4.046059468961593,4.244377846723279,1.0490151910230288,0.8699184221162439,0.22039972875009914,0.2221352320807435,0.6549381044879451
4,884,40,4.329119594804879,18.741276466123555,2.930728389011588,1.0239846309674654,1.0581172224974822,4.452769689464517,0.19221842941149203,5.9810344381703135,1.3879657981999556,6.451374763415975,1.0786386251588855,4.77759125959582,22.040431385024288,3.6850534155704975,0.19020995032524862,7.579489480013665,9.261280122832586,1.2218870607649273,0.6965964400008673,0.15725039119908782,0.15881871451840518,0.49082800174325175
4,884,80,13.17561416051275,173.59680850670406,5.156735417879287,1.0239846309674654,1.0581172224974822,4.452769689464517,0.19221842941149203,10.580427872409079,2.181520149120148,17.664166621994305,1.6695134483226066,20.052088958193583,86.89727919662258,8.213021273291545,0.1667466042138728,13.135551807862782,27.120984228971146,2.0647007926029306,0.6513099404086194,0.18405730158554184,0.1868823154573862,0.3907743902218692
4,884,160,195.9252844432138,38386.71708415423,10.555466769468591,1.0239846309674654,1.0581172224974822,4.452769689464517,0.19221842941149203,10.741099177334554,2.4832373840590662,156.4786535434396,14.56821606057178,159.78766723618875,749.0708665489507,69.73875337913371,0.1660285346918452,26.222265060906487,244.61976971706804,9.328704791477373,0.6396811415709607,0.29654450160781337,0.3122722639350211,0.3649364224178808
4,943,1,1.0550119486460907,1.1130502117860215,0.10710418518957171,1.041723747458127,1.0550119486460903,4.44937207716739,0.15098655043250162,0.1509865504325019,0.03151557615888034,0.15098655043250184,0.999999999999993,4.896716022766798e-16,0.15098655043250184,0.999999999999993,0.15098655043250184,0.15098655043250184,0.15098655043250184,0.9999999999999933,0.9999999999999933,nan,nan,nan
4,943,2,1.1131004955261592,1.2389927131405811,0.21429872138724199,1.041723747458127,1.0550119486460903,4.44937207716739,0.15098655043250162,0.3034604995071782,0.06286809748497578,0.3033831844155115,0.9997452218928221,0.00020786427686148498,0.3131464673631409,1.0319183810469295,0.15239046934817407,0.304768122426051,0.30369027150767613,0.9964633738273024,0.9989888148519177,0.26725676974774554,0.26725676974774376,0.940663244351685
4,943,5,1.3052830308774983,1.7037637906967482,0.5328397983152878,1.041723747458127,1.0550119486460903,4.44937207716739,0.15098655043250162,0.7675549864729602,0.15591705755256002,0.7659290237366022,0.9978816335441575,0.005734828870546478,0.8688940400037781,1.1320283957719905,0.1555069989514847,0.7774080537937068,0.7727869991187105,0.9940558183666265,0.9911256589591567,0.19713020792274433,0.19661416129083928,0.8671058775033191
4,943,10,1.6784513940346568,2.8171990821368826,1.035743158082194,1.041723747458127,1.0550119486460903,4.44937207716739,0.15098655043250162,1.5175088273747082,0.303071598459042,1.5104754262741347,0.9953651662687575,0.044514692266758756,2.018406564038315,1.3300789607465802,0.1553943204400517,1.5536475042690274,1.5770356608208251,1.0150537084425726,0.9577940840525776,0.13207099526802998,0.1310723646925717,0.7768712114383283
4,943,20,2.6617125823767895,7.084713871182918,1.9579394871730014,1.041723747458127,1.0550119486460903,4.44937207716739,0.15098655043250162,2.5170927414392064,0.5163114220202609,2.518593747499616,1.0005963252905614,0.28319618445561473,5.201753617229471,2.066572093905148,0.14588800363449367,2.9099006782520496,3.2171714864306784,1.1055949470973705,0.7828596511322103,0.24901929943220527,0.2579861308203498,0.6476963616464347
4,943,40,5.6650728917421365,32.09305086875161,3.468639522860448,1.041723747458127,1.0550119486460903,4.44937207716739,0.15098655043250162,3.74151886950493,0.8264675443167092,4.493715081987005,1.2010403364828153,2.0713350092279676,19.09522760902378,5.103603182295434,0.1635361871279728,6.484407007762924,9.604326408291287,1.4811418217260723,0.46788446070592093,0.34646694118093774,0.36165861754853224,0.5605551489918843
4,943,80,11.08352732343634,122.8445779293599,4.810919962294033,1.041723747458127,1.0550119486460903,4.44937207716739,0.15098655043250162,7.27615731180384,1.7258921061938692,16.20588482572019,2.227258720675264,12.596094771478594,102.8013968122408,14.128528618460447,0.1561483633710794,12.357305498989605,37.54423419917918,3.038221738731714,0.43164776619879747,0.25346895532747926,0.2741025934158443,0.41924294296407827
4,943,160,95.74701299499283,9167.490497463326,9.123418863398811,1.041723747458127,1.0550119486460903,4.44937207716739,0.15098655043250162,27.577621284519683,5.988960614079569,114.89224619648903,4.166140546029697,123.07613362187989,901.2393291664116,32.68009665765879,0.17083411719769856,27.00288813619617,322.0292065018953,11.925731976433642,0.3567758572103702,0.2728651365471726,0.2667925197275689,0.404033351214986
4,1002,1,1.0645597039511734,1.1332873632766098,0.12512258031659734,1.02440765088577,1.064559703951173,4.456452081566473,0.11811997074081053,0.11811997074081049,0.02697891309820272,0.11811997074081049,0.9999999999999916,0.0,0.11811997074081049,0.9999999999999916,0.11811997074081049,0.11811997074081049,0.11811997074081049,0.9999999999999916,0.9999999999999916,nan,nan,nan
4,1002,2,1.1329648953627611,1.2836094541243523,0.24967599554612957,1.02440765088577,1.064559703951173,4.456452081566473,0.11811997074081053,0.23319513524533536,0.053424020652961174,0.2331799091628196,0.9999347066888821,0.00012818634519597762,0.2434100655162324,1.0438042168424708,0.11788477783811463,0.23576908550192271,0.23360793225633658,0.9908336021196914,0.9981677715761453,0.16105970947933806,0.16105970947933668,0.9220574176559592
4,1002,5,1.3606770095121719,1.851441924214987,0.6159647539959645,1.02440765088577,1.064559703951173,4.456452081566473,0.11811997074081053,0.56277942439313,0.13010216294856225,0.5623335599598847,0.999207745674556,0.0035968463176296295,0.6743845697712395,1.1983106356428312,0.1186158968470068,0.5930560181169113,0.5711982268625551,0.9631437999335025,0.9844805769945003,0.17468807484328006,0.1747634581926644,0.818328743344471
4,1002,10,1.808924657250009,3.2722084156070625,1.185465113413377,1.02440765088577,1.064559703951173,4.456452081566473,0.11811997074081053,1.0861374024453974,0.25430615169077997,1.0830529250548289,0.9971601407118242,0.029425785660673727,1.657952299497388,1.5264664450046277,0.12472532911019608,1.2451923986087599,1.153399074446526,0.9262818145494668,0.9390097053567911,0.19165577932354314,0.19473716656635412,0.6823042047652378
4,1002,20,2.9780027327264746,8.868500276126351,2.1825057037991353,1.02440765088577,1.064559703951173,4.456452081566473,0.11811997074081053,2.2358982590749505,0.5299884424212558,2.2617620591500236,1.011567521004186,0.1991606567168265,5.2671980848892055,2.355741395437367,0.14597242612609634,2.886016348421177,2.660207531311546,0.9217576098509759,0.8502201548293941,0.22642908929309877,0.2432435779501367,0.5194508241263149
4,1002,40,7.475552076009612,55.883878841131626,4.023275945743725,1.02440765088577,1.064559703951173,4.456452081566473,0.11811997074081053,4.623081042639002,1.07692765405373,4.6584517660352995,1.0076508984095391,1.745431118248745,19.492744722446087,4.216396931540487,0.1645993001701873,6.512167176146742,7.358644320597183,1.1299839395326,0.6330584225950531,0.23526038814798733,0.24626627215927774,0.44080341562977354
4,1002,80,27.276200678687236,743.991123464018,6.6120291039339865,1.02440765088577,1.064559703951173,4.456452081566473,0.11811997074081053,6.634461967224447,1.4931746322707862,8.329225884971883,1.2554485843946206,6.068802221325884,74.3219909777475,11.20241420403234,0.17963023833479544,14.205908132621037,26.472190242869043,1.863463426324779,0.314640602404086,0.17669604069941833,0.17713719117373813,0.4324080630636196
4,1002,160,359.8481682247816,129490.70417473072,11.771364375110736,1.02440765088577,1.064559703951173,4.456452081566473,0.11811997074081053,9.395299570533238,2.027882300876435,23.624646705670415,2.5145176615512193,26.154872433172315,550.901708248845,58.635885328941995,0.16922236789733353,26.752394278851682,134.98603468891972,5.045755280140625,0.17501548778815737,0.13974339372746283,0.14585213334280836,0.3165237628703196
4,1061,1,1.0570209233420835,1.1172932323829508,0.11090900343560926,1.0269475537274966,1.0570209233420833,4.44423556746054,0.2214406584892983,0.22144065848929828,0.05073135392011324,0.22144065848929828,0.9999999999999954,3.8758552044962204e-16,0.22144065848929828,0.9999999999999954,0.22144065848929828,0.22144065848929828,0.22144065848929828,0.9999999999999954,0.9999999999999954,nan,nan,nan
4,1061,2,1.1167444033630016,1.2471180624425864,0.22083533939559755,1.0269475537274966,1.0570209233420833,4.44423556746054,0.2214406584892983,0.43943635564564293,0.10089836035592467,0.4395366127058928,1.0002281492165153,0.0005050510499494424,0.456202266401456,1.0381532172757502,0.22180529095875662,0.44360998347009606,0.43999223027083156,0.9918447435042693,0.9989644872486514,0.1832990288331289,0.1832990288331281,0.9307360919696858
4,1061,5,1.3095518851784427,1.7149261399744131,0.5393700126201773,1.0269475537274966,1.0570209233420833,4.44423556746054,0.2214406584892983,1.0690378210401341,0.2467998907774409,1.071924023795096,1.002699813512821,0.015229729355015043,1.2344245614768519,1.1547061639744431,0.2206508118678861,1.1032251544213043,1.0802775048298485,0.9791994866147753,0.9922672822516383,0.20355942914151878,0.20354740928822382,0.8519955452537508
4,1061,10,1.6609558842013774,2.7587744492631794,1.0147865409920134,1.0269475537274966,1.0570209233420833,4.44423556746054,0.2214406584892983,2.0180291593782314,0.46691074821554,2.042074553061645,1.011915285550592,0.13294942853281272,2.7490776185508103,1.3622586203847613,0.21403038392309365,2.1388782010941743,2.105213952058173,0.9842607919334628,0.9700080844824344,0.1956700939053732,0.1960284874618947,0.7627581860639566
4,1061,20,2.579493418732029,6.65378629728185,1.895186060651604,1.0269475537274966,1.0570209233420833,4.44423556746054,0.2214406584892983,3.5129854417608035,0.7935645284534559,3.6619629086149765,1.0424076527853474,0.7550866714874104,6.737252114806285,1.9178138442354005,0.20501834142166062,4.094573642136099,4.1306352199055265,1.0088071630702464,0.8865374727276765,0.1243185670002894,0.12322322074139486,0.634294053731686
4,1061,40,6.3034448971803325,39.73341757178877,3.682192586056247,1.0269475537274966,1.0570209233420833,4.44423556746054,0.2214406584892983,5.408287485480354,1.1753879400637208,6.379611270038503,1.1795991406089015,2.052492771586154,20.236594033492462,3.741774838675219,0.1896512558053577,7.523059694210394,8.586344356167707,1.1413367306889237,0.7429950401949493,0.14123694283893223,0.12549615128534158,0.49225329119924666
4,1061,80,18.525752308525252,343.2034985968287,5.838323561608552,1.0269475537274966,1.0570209233420833,4.44423556746054,0.2214406584892983,5.588499216378768,1.284445213046509,13.240986465081189,2.3693277841525893,10.503644524924244,90.33818213790869,16.16501651698288,0.16866603539389644,13.279417736747373,26.633671826997954,2.005635514672915,0.49715212198639086,0.14225740244404264,0.14132775207602388,0.4187080384484677
4,1061,160,93.61814376411206,8764.356841837955,9.078448416663946,1.0269475537274966,1.0570209233420833,4.44423556746054,0.2214406584892983,11.089986269822607,2.462676912194275,40.48225039582137,3.6503426975359914,41.180394308897284,282.75723778753627,25.49662649781253,0.16520020760285556,26.072266734183415,80.67954830862814,3.0944585344721482,0.5017659523943079,0.14639371019632308,0.1448897351422397,0.3513047990982723
4,1120,1,1.0542328504790655,1.1114069030292155,0.10562669295579996,1.0283030324471127,1.0542328504790661,4.460032270424425,0.1355646252036959,0.13556462520369597,0.02844609707634458,0.13556462520369597,0.9999999999999927,0.0,0.13556462520369597,0.9999999999999927,0.13556462520369597,0.13556462520369597,0.13556462520369597,0.9999999999999927,0.9999999999999927,nan,nan,nan
4,1120,2,1.111651570623985,1.2357692144707726,0.21169362191736768,1.0283030324471127,1.0542328504790661,4.460032270424425,0.1355646252036959,0.2712488473150738,0.05693275055023359,0.2713012122054851,1.0001930511076031,0.00028842211053725614,0.27959080358397226,1.0307538865195902,0.13612749238566973,0.27225266696230255,0.27159829262865676,0.9975964447255997,0.9989061771327891,0.17187831696102357,0.17187831696102232,0.9440702835045081
4,1120,5,1.3047523925129303,1.7023788057682157,0.5320265704684568,1.0283030324471127,1.0542328504790661,4.460032270424425,0.1355646252036959,0.6813761383314012,0.14373744973271915,0.6830093388563752,1.0023969147627805,0.008424687829949339,0.7693213145188185,1.1290699383790899,0.13808573703303983,0.6903651124144224,0.6883074877958353,0.9970195124556743,0.9923026423024579,0.05516766250279069,0.0550477243582027,0.873502046840373
4,1120,10,1.6966345544807944,2.8785688114582437,1.057293230166132,1.0283030324471127,1.0542328504790661,4.460032270424425,0.1355646252036959,1.3929860169172787,0.30039369853091435,1.406855120921359,1.0099563842247117,0.07687541195082134,1.8310470730207173,1.3144762767058351,0.1423856178587111,1.423018581270108,1.4399623834991997,1.0119069437687647,0.9770082448283204,0.12623684950455405,0.1285322220397643,0.7773358276516693
4,1120,20,2.6417974184389617,6.979093600070763,1.9429190516187804,1.0283030324471127,1.0542328504790661,4.460032270424425,0.1355646252036959,3.020489960390497,0.6916732902916889,3.0943027074917344,1.0244373423084292,0.6482379216145716,5.044206472126394,1.6699961060205821,0.15377664779520478,3.0653036680845434,3.24381421236382,1.0582358433645251,0.9539087336438005,0.22345775687676142,0.2285920612124487,0.6598011984207353
4,1120,40,5.432218713715177,29.509000153637377,3.3846953067691072,1.0283030324471127,1.0542328504790661,4.460032270424425,0.1355646252036959,5.442014976597165,1.1822154290920548,6.248448982071485,1.1481866567700212,2.871091149494839,15.515118865979751,2.8509879029552376,0.16311862939693655,6.5025845825700905,7.153777047194925,1.1001436361735804,0.8734475425847343,0.14472219775775136,0.1424512782019824,0.5005198614531319
4,1120,80,13.199209768076715,174.21913850169176,5.160313923490974,1.0283030324471127,1.0542328504790661,4.460032270424425,0.1355646252036959,9.537419157369378,2.0796508236913613,10.252451558034668,1.074971267264981,11.579289527379347,50.72831287969498,5.318872122810938,0.16558414399866217,13.16088230344134,17.790222061404908,1.3517499549975516,0.5762969974543997,0.1624242710712945,0.16826868149688815,0.4026528475274438
4,1120,160,101.42291954047359,10286.608608113378,9.238598193174143,1.0283030324471127,1.0542328504790661,4.460032270424425,0.1355646252036959,29.123151899239442,7.214733148583437,38.55772513848792,1.3239544013604811,48.288716540504005,230.30795461012346,7.908071056558202,0.16705877508013986,26.43447415744516,70.423102201475,2.664062912015242,0.5475152887780671,0.17298323008477626,0.17614577669825998,0.35975146590380086
4,1179,1,1.0609560416326689,1.1256277222768614,0.11834085540322574,1.020098199820233,1.0609560416326707,4.445773351183233,0.1782753266794855,0.17827532667948545,0.03804933675116351,0.17827532667948545,0.9999999999999944,0.0,0.17827532667948545,0.9999999999999944,0.17827532667948548,0.17827532667948545,0.17827532667948545,0.9999999999999944,0.9999999999999944,nan,nan,nan
4,1179,2,1.124595870372035,1.2647158716578348,0.23484748956635637,1.020098199820233,1.0609560416326707,4.445773351183233,0.1782753266794855,0.3569871333028174,0.07607962797562931,0.35688698708330613,0.9997194682660249,0.00023570931995935457,0.3707894111885796,1.0386632362854749,0.1800120439565221,0.36000749179103747,0.35743159702893385,0.9928448856736577,0.9984763240011357,0.23275768579081926,0.23275768579081796,0.9293451352073361
4,1179,5,1.326093032694153,1.7585227313599756,0.5644740994107501,1.020098199820233,1.0609560416326707,4.445773351183233,0.1782753266794855,0.8887126225471167,0.18856687029952104,0.887213432278451,0.9983130764314229,0.006681700073017818,1.0353111255674203,1.1649560266176262,0.18431588114144454,0.9213721271839892,0.8960823417589869,0.9725520398557127,0.9901025730926384,0.3028054989056325,0.3036831123185988,0.8386098904624711
4,1179,10,1.6774089843889226,2.813700900908677,1.0345006633872864,1.020098199820233,1.0609560416326707,4.445773351183233,0.1782753266794855,1.749419875270975,0.3690441449684713,1.7525292838624025,1.0017773941152603,0.06080169078574365,2.4627484109454425,1.4077514756507357,0.18817615904687054,1.8811545239877132,1.8176218314004489,0.9662267550181961,0.9641880690396997,0.32800562027888425,0.32924836553416215,0.7318337973403266
4,1179,20,2.39720674060034,5.746600157179706,1.7486084029238456,1.020098199820233,1.0609560416326707,4.445773351183233,0.1782753266794855,3.3356007988283873,0.7223469200964854,3.345557416322218,1.0029849547635696,0.3645279792678679,6.241203985242178,1.8710884070522968,0.18560103770302222,3.709486986519461,3.881605870877947,1.0463996463618763,0.8619003390896857,0.32214671464361244,0.32544636132213506,0.6615258994960383
4,1179,40,3.3301539863357723,11.089925572708035,2.4060370901321844,1.020098199820233,1.0609560416326707,4.445773351183233,0.1782753266794855,4.270392851687736,0.9583468061017173,4.067165348715301,0.9524101154084416,2.0828909235775557,16.080575821445716,3.765596370153716,0.16407672148292662,6.461852394197372,7.2935205449433695,1.1287042940647825,0.5576408983361382,0.24292612750037976,0.23958060700744765,0.5224169212655989
4,1179,80,13.508684274449356,182.48455082675534,5.206665516435198,1.020098199820233,1.0609560416326707,4.445773351183233,0.1782753266794855,5.553266932984568,1.3732479393966472,6.831735405743022,1.230219164356169,5.702196672773083,52.831411404028664,9.513573188824681,0.17688250259874794,13.958149544722426,21.42732353120178,1.535112047807472,0.31883288623494527,0.228110440775528,0.23534345327395884,0.47346570400834925
4,1179,160,313.1723290556154,98076.90768611866,11.493507222187265,1.020098199820233,1.0609560416326707,4.445773351183233,0.1782753266794855,6.744518845756729,1.5094632737773175,36.88612711724144,5.469052420314329,36.64892113478744,300.5860308937076,44.567453626854245,0.16407005050904092,25.94614116998732,103.03819816915286,3.9712340071725283,0.3579849781212911,0.2501307843874726,0.26011728992806565,0.39028866081327823
4,1238,1,1.0540643527618263,1.1110516597632079,0.10530700801320489,1.030585720746339,1.0540643527618256,4.463161436192094,0.1961007365049762,0.19610073650497606,0.042807780413504304,0.19610073650497606,0.9999999999999949,0.0,0.19610073650497606,0.9999999999999949,0.1961007365049761,0.19610073650497606,0.19610073650497606,0.9999999999999949,0.9999999999999949,nan,nan,nan
4,1238,2,1.1111055532412402,1.2345555504435224,0.21071102712486398,1.030585720746339,1.0540643527618256,4.463161436192094,0.1961007365049762,0.3880784079928583,0.08512890617781704,0.3880394024854227,0.9998994906528339,0.0003263922959270983,0.39736972568801865,1.0239418568613854,0.19342370933971717,0.38680984434116916,0.3886922915399286,1.004866595890197,0.9983202932789834,0.20883102271634457,0.20883102271634352,0.9580111864646043
4,1238,5,1.3008740189201806,1.6922732131015426,0.5260727216128636,1.030585720746339,1.0540643527618256,4.463161436192094,0.1961007365049762,0.944445899449554,0.21104630893672094,0.9438996267492751,0.9994215945025561,0.010075655761620686,1.0398045277917902,1.100967803870833,0.18675651706853835,0.933264870906663,0.9563067196322854,1.0246895061026313,0.9870260318909168,0.03419117751193695,0.03471303627454525,0.9061866198803356
4,1238,10,1.6827074030821405,2.8315042043874414,1.0408080914328635,1.030585720746339,1.0540643527618256,4.463161436192094,0.1961007365049762,1.8487875125094797,0.42970539894078974,1.856317527893451,1.004072947990518,0.11637249241892665,2.310243777569863,1.2495994060637166,0.18036490828169918,1.801929157952192,1.9412008165626802,1.07729030744403,0.9562727936517487,0.23712445507873062,0.2365687762115904,0.8387823449943972
4,1238,20,2.717844870975651,7.386680742688654,1.9996784788078021,1.030585720746339,1.0540643527618256,4.463161436192094,0.1961007365049762,3.7302700555474684,0.9198527249152122,3.965454138024652,1.0630474681390503,0.9532242272975024,5.943135746328988,1.5932186297050146,0.17589351025158714,3.514892179739048,4.441980974271089,1.2637602370496805,0.8927219997099078,0.3540032020350794,0.3556374166782326,0.7663901452358285
4,1238,40,5.295117689872193,28.038271349597427,3.3335704108222406,1.030585720746339,1.0540643527618256,4.463161436192094,0.1961007365049762,6.104572348794078,1.5211446038018033,6.606700991339708,1.0822545157720707,3.812328359419951,17.08807679153534,2.7992258614005916,0.16507844111237088,6.581881335986905,9.058519562477604,1.3762812029061513,0.7293356210992938,0.15616084468393718,0.16311355782163495,0.5518184439477059
4,1238,80,19.151227674956917,366.76952145803574,5.904733643849288,1.030585720746339,1.0540643527618256,4.463161436192094,0.1961007365049762,8.544104492675528,2.0231272784294263,16.715910253451103,1.9564262431224815,14.160667364978254,54.79689395977013,6.413415707491055,0.1556450088821926,12.392171250728705,25.56277441824923,2.062816426681163,0.6539161195866767,0.277480960162151,0.2790661107426432,0.4809889629715898
4,1238,160,248.58451216608927,61794.25968885258,11.031565753838029,1.030585720746339,1.0540643527618256,4.463161436192094,0.1961007365049762,14.898348762693448,2.9538756110602638,39.93351402244128,2.680398657496709,43.16233642694108,676.7002461349907,45.42115753320914,0.15244371493715778,24.235917643987424,151.02527971993408,6.231465296194437,0.2644160904485343,0.19013141493676075,0.19359955600791698,0.30198295702323275
4,1297,1,1.0387155768242187,1.0789300495372693,0.07596985520070844,1.0228977697942816,1.0387155768242196,4.447946550069813,0.14568861889747373,0.14568861889747375,0.03451077823912579,0.14568861889747375,0.9999999999999931,0.0,0.14568861889747375,0.9999999999999931,0.14568861889747375,0.14568861889747375,0.14568861889747375,0.9999999999999931,0.9999999999999931,nan,nan,nan
4,1297,2,1.0790373466969827,1.1643215955668644,0.15213859600087312,1.0228977697942816,1.0387155768242196,4.447946550069813,0.14568861889747373,0.28765998269094284,0.06810891216848307,0.28770722163552387,1.000164217991457,0.00022093069885071036,0.2943043669622962,1.0230980486378287,0.14434142896533808,0.288670165102773,0.2878703566566696,0.9972293345735275,0.9994333038558003,0.1216035560236743,0.12160355602367347,0.957481559797522
4,1297,5,1.2094798181426012,1.4628414304942596,0.3803807296253001,1.0228977697942816,1.0387155768242196,4.447946550069813,0.14568861889747373,0.6939939961503723,0.16422645907134137,0.6951155747734765,1.001616121507282,0.005836102879756685,0.7611350412735522,1.0967458587475027,0.14058332090453152,0.7026946607501763,0.6984557509740007,0.9939676362822348,0.9952177697787337,0.28281726822045017,0.2821339319566,0.9024258985569722
4,1297,10,1.4606688659016285,2.1335535358143494,0.757788916283684,1.0228977697942816,1.0387155768242196,4.447946550069813,0.14568861889747373,1.3309979239209382,0.31521474895061685,1.3409009754399772,1.007440320785674,0.04465261209440638,1.652266915633545,1.2413745250377182,0.13625104539733374,1.3615471660746605,1.3688002996046145,1.0053271261625576,0.9796176811382221,0.30469972585161414,0.3030664382738856,0.8253654955277123
4,1297,20,2.1624697146296574,4.676275266690472,1.5425019098605903,1.0228977697942816,1.0387155768242196,4.447946550069813,0.14568861889747373,2.627681220187043,0.6225640887033347,2.735294984727697,1.040953888817987,0.33309824359402834,4.20650388322184,1.6008425416696521,0.136457895636064,2.7273857175701197,2.935465387410066,1.076292718151112,0.9318096532356055,0.37169354613502825,0.3702783319138551,0.7157465751621294
4,1297,40,4.434788787714037,19.66735159163414,2.978959981324436,1.0228977697942816,1.0387155768242196,4.447946550069813,0.14568861889747373,5.436690515825892,1.2261458445517304,5.974696401540021,1.0989583431589538,3.377488585705881,14.182206423955002,2.6086102165777905,0.1471802630580844,5.868671707475326,7.33767176854614,1.2503121889063327,0.8142496135015623,0.29357359230303626,0.2970660189779024,0.5614810328274668
4,1297,80,11.102935755918015,123.27518240004274,4.8144191117281805,1.0228977697942816,1.0387155768242196,4.447946550069813,0.14568861889747373,7.16062025178522,1.5126188314176563,16.96666029813023,2.36944003473725,17.76875422332873,89.15382403986659,12.450572842155617,0.14417597921693515,11.462234245275125,25.534222476279506,2.227682834767142,0.6644674735599145,0.23736386592434436,0.24420848078719093,0.3706228877627627
4,1297,160,49.268452330060946,2427.3803949994876,7.794567928096631,1.0228977697942816,1.0387155768242196,4.447946550069813,0.14568861889747373,8.202831216890129,1.8765329683424858,50.34902831540889,6.138006132777322,48.337203629599856,414.9768733039234,50.589468725073935,0.16609288578924775,26.03816296641755,114.75175930804795,4.407060492556554,0.43876476159505584,0.1851267834029372,0.18968569487228418,0.36072062597292026
4,1356,1,1.0626207650796473,1.129162890378455,0.12147655321783393,1.0445471967135829,1.0626207650796486,4.466321120941976,0.12644795481953366,0.1264479548195336,0.027470778337666858,0.1264479548195336,0.9999999999999921,0.0,0.1264479548195336,0.9999999999999921,0.1264479548195336,0.1264479548195336,0.1264479548195336,0.9999999999999921,0.9999999999999921,nan,nan,nan
4,1356,2,1.1305073670552714,1.2780469069662421,0.24533305869825403,1.0445471967135829,1.0626207650796486,4.466321120941976,0.12644795481953366,0.2516856221643374,0.054767043598194856,0.25166845996734016,0.9999318109757298,0.00016243374529848566,0.26124064899335026,1.0379641345693276,0.12656833062919223,0.25313654688084836,0.25209667180563045,0.9958920389488114,0.9983013982881082,0.03801741587157695,0.03801741587157664,0.9320413422416974
4,1356,5,1.3696857279816255,1.8760389934365553,0.6291626357819613,1.0445471967135829,1.0626207650796486,4.466321120941976,0.12644795481953366,0.6216494556638293,0.13587773723167282,0.6211371288718617,0.9991758590194186,0.004024096527071814,0.7258254140605214,1.167579907691621,0.12715514862310373,0.6357679606915301,0.6304300997341351,0.9916040736755752,0.9852593160348888,0.09273973885194743,0.09287353201049524,0.8446533737480101
4,1356,10,1.9107466188074926,3.6509526412842654,1.2949881311525762,1.0445471967135829,1.0626207650796486,4.466321120941976,0.12644795481953366,1.2451150846099006,0.27228728934419755,1.2348637533570879,0.9917667600533282,0.034051423384125507,1.780577077612848,1.4300502014805387,0.1311505858125952,1.3105499391736148,1.318801436163013,1.0062962095092691,0.9363530547478485,0.15417855095140537,0.15605512486662804,0.7347645704413744
4,1356,20,3.6694924109824747,13.465174554257976,2.600106689733786,1.0445471967135829,1.0626207650796486,4.466321120941976,0.12644795481953366,2.781020864004608,0.5897799847333961,2.653444954560112,0.9541262307321239,0.4891003075445705,5.2570348197733425,1.8903255591557582,0.15008075869940918,2.9753520141537355,3.1625940160607278,1.0629310417780087,0.8390090353314449,0.30760530171349876,0.3279926439165653,0.6234703009806002
4,1356,40,9.67150300606393,93.53797039630362,4.538367454353379,1.0445471967135829,1.0626207650796486,4.466321120941976,0.12644795481953366,6.0485756396565185,1.2037052841485583,5.560160615607481,0.9192512331586261,2.4289899972374487,16.180746611206086,2.6751333826627888,0.152505775522379,6.053870566770453,8.152190102012684,1.3466079282830814,0.6820450144108807,0.25080124450971114,0.26020900917998785,0.5379494994823145
4,1356,80,28.236961664847342,797.3260040620584,6.681263634130304,1.0445471967135829,1.0626207650796486,4.466321120941976,0.12644795481953366,6.444929658400198,1.5504168207196305,12.688049237448705,1.968687000471967,10.068010197444732,70.44641117689774,10.930516686877914,0.18519522046160936,14.531808387987477,28.146462208198358,1.9368864119805795,0.4507866439339931,0.14055948177658492,0.13528743278868727,0.4653458066032085
4,1356,160,159.24009446111737,25357.40768398558,10.140826182663245,1.0445471967135829,1.0626207650796486,4.466321120941976,0.12644795481953366,10.210521920472118,2.213488925761173,16.60311173422139,1.6260786533283977,17.120255473851316,340.88347209052205,33.38550906071216,0.17624637535108417,27.56128801404924,102.66168324953249,3.7248507107941093,0.16172647095475126,0.18973666130001401,0.1977622606896024,0.3817085823704327
4,1415,1,1.049732776663714,1.1019389024021107,0.09707126672740815,1.0225840622581905,1.0497327766637146,4.456069214171343,0.23516874115266606,0.23516874115266606,0.04873279855872749,0.23516874115266606,0.9999999999999958,0.0,0.23516874115266606,0.9999999999999958,0.23516874115266606,0.23516874115266606,0.23516874115266606,0.9999999999999958,0.9999999999999958,nan,nan,nan
4,1415,2,1.1016991405109102,1.2137409962024783,0.19370732243108646,1.0225840622581905,1.0497327766637146,4.456069214171343,0.23516874115266606,0.47203763098604345,0.09865204104696482,0.47211391487648857,1.000161605527688,0.0005255924462851326,0.48375624853074095,1.0248256002815228,0.2361434778389949,0.4722829487330261,0.4724819589722475,1.0004213792595185,0.9992210409545361,0.22515332002467103,0.2251533200246701,0.9542888571832667
4,1415,5,1.2705601921644216,1.614323201912892,0.4789157988172606,1.0225840622581905,1.0497327766637146,4.456069214171343,0.23516874115266606,1.1882357049909815,0.2553397176668799,1.190941444530225,1.0022771067456377,0.014996695518591405,1.3061437326702814,1.0992294939329343,0.23797635028202557,1.189852985068555,1.1979401286463616,1.0067967586578264,0.9941577346406737,0.123849697414766,0.1235021657518405,0.9004075252240716
4,1415,10,1.5884944076734824,2.5233144832099277,0.925573308427028,1.0225840622581905,1.0497327766637146,4.456069214171343,0.23516874115266606,2.366893729360936,0.5336069314739592,2.398593573636888,1.0133930154458226,0.12644812011387907,2.9238788528523547,1.2353232494480453,0.23675140246894144,2.367348531905391,2.4492511293344053,1.034596763562775,0.9793171246954638,0.11125428789077861,0.11093114116648331,0.8323276245049462
4,1415,20,2.3645970913664787,5.591319404498811,1.7212152887437813,1.0225840622581905,1.0497327766637146,4.456069214171343,0.23516874115266606,4.414495585528815,1.059183036257228,4.706492745361728,1.0661450791320553,0.9049186631857015,7.111592357131971,1.61096374871107,0.22129100191496767,4.4086664667535675,5.029637159016027,1.1408522728914274,0.9357519432440493,0.16087757995305277,0.156359761481226,0.7341049649484969
4,1415,40,5.625838074958579,31.650054045653647,3.454739856192318,1.0225840622581905,1.0497327766637146,4.456069214171343,0.23516874115266606,6.828787457526932,1.5822330019150808,9.06853061802143,1.3279854841617267,5.557659975144521,18.150815334926854,2.657985103185541,0.191355493747348,7.516122289814828,10.815403133306761,1.4389605059995925,0.8384829031563584,0.36652784335376654,0.3566929501919206,0.6467601907804374
4,1415,80,29.122597666396285,848.1256948387903,6.7430288498534,1.0225840622581905,1.0497327766637146,4.456069214171343,0.23516874115266606,8.22329876589342,1.7650316552504979,11.642273323326746,1.4157667932014957,11.075333471966909,64.73680955377041,7.872365020017253,0.1848892393385053,14.44928584387432,24.682602617186127,1.7082230141948607,0.4716793242549068,0.16975017968803213,0.18851444347576146,0.4502766679789819
4,1415,160,815.7963639213581,665523.7073873089,13.408329539604756,1.0225840622581905,1.0497327766637146,4.456069214171343,0.23516874115266606,15.642141402663158,3.6303321772630004,36.20006283702814,2.3142651575100124,38.370063259648035,430.89848598325955,27.547282363135825,0.16166285599658184,25.035632664864846,116.26929396178599,4.644152417404614,0.31134671591732505,0.145403684167016,0.1480209116838664,0.33152237010890007
4,1474,1,1.0562497773781532,1.1156635922113982,0.10944937784595771,1.0212584205379032,1.0562497773781534,4.453551360648078,0.1564933810571142,0.15649338105711427,0.031606330651845545,0.15649338105711427,0.9999999999999936,0.0,0.15649338105711427,0.9999999999999936,0.15649338105711427,0.15649338105711427,0.15649338105711427,0.9999999999999936,0.9999999999999936,nan,nan,nan
4,1474,2,1.1152138621873968,1.24370195841493,0.2180923823445906,1.0212584205379032,1.0562497773781534,4.453551360648078,0.1564933810571142,0.31647911895405684,0.06372321474451617,0.3165401903142655,1.000192971215319,0.0002775531120909877,0.3258945345901184,1.0297505113992287,0.15857787219965835,0.31712869718671005,0.31716580404348604,1.0001170088267135,0.998027486818422,0.25595922201833476,0.25595922201833315,0.9471815815907568
4,1474,5,1.307598259981901,1.709813209507695,0.5363841303420518,1.0212584205379032,1.0562497773781534,4.453551360648078,0.1564933810571142,0.818095291042323,0.16401464008269578,0.8204968551047632,1.0029355554160193,0.00928936999575716,0.9245309852649993,1.1301018296866947,0.16631703896611247,0.8307754382290451,0.8329497053110989,1.0026171537842858,0.9850496973263402,0.2502475303660503,0.25077757853275756,0.8788012926983105
4,1474,10,1.672048490941907,2.7957461560611088,1.0280990320029615,1.0212584205379032,1.0562497773781534,4.453551360648078,0.1564933810571142,1.7347404646282274,0.35094741393763074,1.770953716249214,1.020875313834768,0.1075487555696192,2.2954021809039276,1.3231963095965795,0.183007229787224,1.820996762132705,1.863368600434824,1.0232684863494723,0.9504043997714431,0.20402059100527867,0.2053970539899764,0.7966873680496607
4,1474,20,2.3693885667996324,5.614002180480816,1.7252638663401882,1.0212584205379032,1.0562497773781534,4.453551360648078,0.1564933810571142,3.8413062316325592,0.8202428773528097,4.336479798786759,1.1289075999920344,1.1240798827857843,6.70336330920402,1.7450739162639168,0.20845258633725097,4.131427921457163,4.862713456095056,1.1770055168673896,0.8917818904898247,0.38592585154923215,0.40672083220230026,0.7300208160261195
4,1474,40,4.905201483493379,24.061001593665644,3.1805923386769797,1.0212584205379032,1.0562497773781534,4.453551360648078,0.1564933810571142,6.929971610115686,1.5006658120856233,8.699565956685973,1.2553537656614937,4.829106841628585,18.98929298466125,2.740168943396905,0.1867381825987402,7.29088772824762,11.125898377395036,1.5260005080436434,0.7819203143506372,0.2858935525689081,0.31028766383309314,0.6040057898408396
4,1474,80,27.305891897258427,745.6117323047634,6.614204998634872,1.0212584205379032,1.0562497773781534,4.453551360648078,0.1564933810571142,13.877816812294105,3.1512634791456486,11.782541647954812,0.8490198283577912,16.723727379595715,83.23835714129243,5.997943211611863,0.16229403663888642,12.612231917013041,26.97873460027834,2.139092809091614,0.43673440665498264,0.12238618141916631,0.12670936172028766,0.4042004571749695
4,1474,160,173.2507358628284,30015.817477011537,10.30947977093097,1.0212584205379032,1.0562497773781534,4.453551360648078,0.1564933810571142,22.293619887600173,5.241309487278875,26.127126544595022,1.1719553251702775,25.587255591379424,286.29972894494966,12.8422270761058,0.14257863897026202,22.148746976215342,74.27995257951592,3.3536864482348463,0.35173860021822445,0.12530330269072912,0.12891873711616222,0.31968469332004795
4,1533,1,1.0600993695364243,1.1238106732915243,0.11672529715177125,1.0224886858851838,1.0600993695364231,4.455084723674667,0.1433716376845892,0.14337163768458921,0.03303892997227913,0.14337163768458921,0.999999999999993,0.0,0.14337163768458921,0.999999999999993,0.14337163768458921,0.14337163768458921,0.14337163768458921,0.999999999999993,0.999999999999993,nan,nan,nan
4,1533,2,1.122940066608659,1.2609943931950598,0.23190061065652948,1.0224886858851838,1.0600993695364231,4.455084723674667,0.1433716376845892,0.2854830458810102,0.06581710620804265,0.2854964730235403,1.000047033064565,0.00017755851444479652,0.2932327616947289,1.0271459756561088,0.14236317566462564,0.28471915651061247,0.28589559935745723,1.0041319413181105,0.9986039437654342,0.18548292748789583,0.18548292748789452,0.951692724067906
4,1533,5,1.3271394862101336,1.7612992158580973,0.5660517275496874,1.0224886858851838,1.0600993695364231,4.455084723674667,0.1433716376845892,0.7006525149930506,0.16132354246336908,0.7009439373841356,1.000415929986474,0.005733893530115567,0.7841649900848154,1.119192428921192,0.13955627105273144,0.6976596898518822,0.7100349126707957,1.0177381938485508,0.987196439042039,0.13208624481041115,0.13252297637300192,0.8888438624159332
4,1533,10,1.7157203568461126,2.943696342896152,1.0796660511501932,1.0224886858851838,1.0600993695364231,4.455084723674667,0.1433716376845892,1.3349325516682964,0.3055090844967847,1.3313895976317163,0.9973459677553346,0.05397643690595983,1.780456223862688,1.3337424588512796,0.13746290872610975,1.3743416628776095,1.413339768559264,1.0283758447662852,0.9420166525059382,0.05262044712150012,0.05334045296824345,0.7867301675415482
4,1533,20,2.746497626830713,7.543249214186738,2.0206530194595778,1.0224886858851838,1.0600993695364231,4.455084723674667,0.1433716376845892,2.2422105410486823,0.5093772842559896,2.1494115667019638,0.9586127294257937,0.4557633757262296,4.77309149198869,2.1287436681821648,0.1332983573641544,2.6620483865472258,2.6554190322294553,0.9975096792562926,0.8094434590601488,0.05817286603014632,0.057151257547905135,0.5851789707433775
4,1533,40,5.905544644259967,34.87545754534758,3.5517833596353277,1.0224886858851838,1.0600993695364231,4.455084723674667,0.1433716376845892,2.7420157603685293,0.6325150569219853,3.145564798240016,1.1471723991175193,1.9772457270342096,14.019655547379886,5.112901154694905,0.12230184836889883,4.865142868841246,5.356599355875747,1.101015838647212,0.5872316724209719,0.07469895518544063,0.07371045750839311,0.46860278018921936
4,1533,80,18.705113421237076,349.8812681013434,5.857593862934429,1.0224886858851838,1.0600993695364231,4.455084723674667,0.1433716376845892,4.3961399102454735,1.033550824342327,6.427774508138435,1.4621405686288809,4.680554892641176,46.17397262344303,10.503299159299218,0.12304602163145963,9.792507826875335,12.94252457921425,1.3216762047096615,0.4966399305481302,0.15667763389543238,0.15310883581823712,0.3727132540097378
4,1533,160,127.62298624461003,16287.626617991922,9.698160995339457,1.0224886858851838,1.0600993695364231,4.455084723674667,0.1433716376845892,15.341853157247176,3.4535176674875654,17.486949462747578,1.1398198955181045,20.676718273046916,217.50915396515092,14.17750200942342,0.12466352167494112,19.81967561276987,43.88837273569556,2.2143840087583553,0.39844150905428727,0.1312800442187088,0.1309082317346423,0.2826358412008861
4,1592,1,1.046722035669714,1.09562701995655,0.09132682034852498,1.0296495362250675,1.0467220356697142,4.441989863302406,0.13424793139271687,0.13424793139271685,0.033427736514888624,0.13424793139271685,0.9999999999999926,0.0,0.13424793139271685,0.9999999999999926,0.13424793139271685,0.13424793139271685,0.13424793139271685,0.9999999999999926,0.9999999999999926,nan,nan,nan
4,1592,2,1.095502913098349,1.2001266326069686,0.1824270783988281,1.0296495362250675,1.0467220356697142,4.441989863302406,0.13424793139271687,0.2642484787320874,0.06594725411741838,0.2642799338920708,1.0001190362954342,0.00014097358114354073,0.2723788889533715,1.0307680493007727,0.13304819256991357,0.266085467811667,0.26450022254455213,0.9940423455660575,0.9991671513529814,0.11119128355916219,0.11119128355916137,0.9439405821365656
4,1592,5,1.2541893812903555,1.5729910041414847,0.45297890514146905,1.0296495362250675,1.0467220356697142,4.441989863302406,0.13424793139271687,0.6257091344797473,0.15663950479325736,0.6266622553672564,1.0015232651003259,0.004311520782261436,0.7095649063119168,1.1340171770097158,0.12896436368898548,0.6445187366266747,0.6308401875882677,0.9787771118804091,0.9933771939340379,0.09144855743999472,0.09202892679123911,0.8698189869527582
4,1592,10,1.5534971528454673,2.4133534038989732,0.8810172342276569,1.0296495362250675,1.0467220356697142,4.441989863302406,0.13424793139271687,1.1275330890071962,0.2797556179454312,1.1359730563607955,1.007485338954469,0.03877795509711575,1.519924081772679,1.348008405776353,0.12183611627960267,1.2155048700729623,1.1702648837267347,0.9627809090197122,0.9706973798472555,0.0676896234963829,0.06923034108021588,0.7711592872135282
4,1592,20,2.1725097100159343,4.719798440113519,1.5517660953198695,1.0296495362250675,1.0467220356697142,4.441989863302406,0.13424793139271687,1.8498866674820493,0.4368454366778176,1.9178660670462049,1.0367478725908565,0.2264496835522437,3.555895208725938,1.9222232752052855,0.11508295280728331,2.2942138204209566,2.2261595743818177,0.9703365721915785,0.8615132936185746,0.18783681291423324,0.180023465441047,0.6578545795641223
4,1592,40,4.566697868426207,20.85472942148846,3.0375807532894346,1.0296495362250675,1.0467220356697142,4.441989863302406,0.13424793139271687,2.580326627484974,0.6048842828772694,2.91676101972871,1.1303844205846354,0.8808868899365588,10.149069514792261,3.93324992529511,0.11749601601699086,4.690521942959407,4.588850000602898,0.9783239597654754,0.6356191680585541,0.10166990156440613,0.09963329998498283,0.47934141786915035
4,1592,80,13.444947632848349,180.7666168500344,5.197206789593588,1.0296495362250675,1.0467220356697142,4.441989863302406,0.13424793139271687,4.893543027598042,1.0501204193645597,5.217994652565168,1.0663019867481127,4.30154446632435,39.868411065045095,8.147146319180152,0.11978100737992907,9.532477833279732,12.59241001772945,1.3210007133472579,0.4143761714571322,0.13542053468394655,0.13377228090887971,0.37629485220400205
4,1592,160,41.39745545843417,1713.7493184330413,7.446438833171436,1.0296495362250675,1.0467220356697142,4.441989863302406,0.13424793139271687,6.442058080938472,1.5166681480029323,9.652142165027769,1.4983010155694922,9.472852847386738,217.03280867544996,33.689980119495104,0.12509154577653217,19.879186550706816,49.033590514793296,2.4665793235412785,0.19684755009151828,0.11948639264219492,0.11880193098541134,0.2791989662738613
4,1651,1,1.0519741332965806,1.106649577125092,0.10133705178420842,1.0131481962625979,1.05197413329658,4.454587688815738,0.12186520434353738,0.12186520434353744,0.028634990054218608,0.12186520434353744,0.9999999999999918,0.0,0.12186520434353744,0.9999999999999918,0.12186520434353744,0.12186520434353744,0.12186520434353744,0.9999999999999918,0.9999999999999918,nan,nan,nan
4,1651,2,1.105648635248125,1.2224589046260412,0.20086432595404574,1.0131481962625979,1.05197413329658,4.454587688815738,0.12186520434353738,0.23866039166600536,0.05588151263101678,0.2386366210880288,0.9999003999875655,0.00018564000453570047,0.24594556048217273,1.0305252529140303,0.11988226570272459,0.23973117581259706,0.23917992118733386,0.9977005300900241,0.9977284878404131,0.18480413466738094,0.1848041346673794,0.947176288220708
4,1651,5,1.277030986477248,1.6308081404230532,0.4890756836251738,1.0131481962625979,1.05197413329658,4.454587688815738,0.12186520434353738,0.5613104354880212,0.1296832981963294,0.5603526077885689,0.998293586509539,0.004905713612458116,0.6381105072593157,1.136822811256878,0.1153300190158973,0.5762630904798035,0.5717675736059514,0.9921988464156015,0.9800356537440676,0.1694828944891863,0.16990300319267282,0.8784792206470331
4,1651,10,1.6077512246775034,2.5848640004520123,0.949672895532674,1.0131481962625979,1.05197413329658,4.454587688815738,0.12186520434353738,1.0102161106409482,0.22713189610089943,1.0032757969018054,0.9931298722461073,0.03956438793509273,1.4026712203403124,1.3884862907703612,0.11086848486992015,1.1072964224535302,1.087607006017035,0.9822184773315993,0.9224616900694093,0.14036774697937937,0.14123214635794715,0.7725628924472971
4,1651,20,2.564737078941423,6.577876284096984,1.8837119400644593,1.0131481962625979,1.05197413329658,4.454587688815738,0.12186520434353738,1.5893338219914859,0.342003454418028,1.6046491752602983,1.0096363350838533,0.23542322957247658,3.6390089428069965,2.2896441845346245,0.10819317529365721,2.1604960979491032,2.1432903767229647,0.9920362174028121,0.7486849158133041,0.10173673862358965,0.1034213060106715,0.6165364463994042
4,1651,40,5.701020681081819,32.50163680612261,3.4812904513328164,1.0131481962625979,1.05197413329658,4.454587688815738,0.12186520434353738,3.332762687060819,0.73993820579545,3.462763384372716,1.0390068869339582,0.771672628851778,13.329895150918416,3.9996532614430214,0.12553279322643932,4.965967869012986,5.370865129026063,1.0815344099464645,0.6447310258562838,0.06442850655864663,0.06700420094787508,0.46508812030873076
4,1651,80,14.882617144498647,221.49229306972506,5.400387794612249,1.0131481962625979,1.05197413329658,4.454587688815738,0.12186520434353738,8.91015928549867,1.9690376707338966,6.240270369240453,0.7003545244579997,7.8061977849454225,36.99411747210184,4.151903045359688,0.12194348738151944,9.676770565747844,11.673688632995905,1.2063620351108046,0.5345585757360538,0.07641405012489123,0.07638284681366415,0.3760909057977694
4,1651,160,142.91793260338184,20425.535459624796,9.924541135278076,1.0131481962625979,1.05197413329658,4.454587688815738,0.12186520434353738,13.579798765449759,2.9493727020978686,17.330218705165517,1.276176400290829,24.941052407039578,221.53622364424967,16.313660273662563,0.13073083979449104,20.672817458797745,45.65897469422838,2.2086478916204655,0.37955777196539153,0.10252608108918015,0.10581676414633763,0.3031569934518289
4,1710,1,1.0512862739044615,1.1052028296999263,0.10002887441484776,1.0209408734783958,1.0512862739044617,4.445965456112086,0.11800312563777354,0.11800312563777342,0.028275639422214376,0.11800312563777342,0.9999999999999916,0.0,0.11800312563777342,0.9999999999999916,0.11800312563777342,0.11800312563777342,0.11800312563777342,0.9999999999999916,0.9999999999999916,nan,nan,nan
4,1710,2,1.1049121892701315,1.220830945997715,0.19953173017641174,1.0209408734783958,1.0512862739044617,4.445965456112086,0.11800312563777354,0.2349884968727429,0.05603650310228698,0.23498596224631238,0.9999892138276331,9.235828968365953e-05,0.2388716523976499,1.0165248749474274,0.11640352863515621,0.23278476745016052,0.2355559460931151,1.0119044672609296,0.9975802612659228,0.5880384298915411,0.5880384298915361,0.9732798289814263
4,1710,5,1.2777827179512962,1.6327286742950018,0.49025264849652944,1.0209408734783958,1.0512862739044617,4.445965456112086,0.11800312563777354,0.5761044047484917,0.13495760874667256,0.5756911047804047,0.9992825953686844,0.003206295219727896,0.625771431685331,1.0862118507122356,0.11268743142592993,0.5631832642379825,0.5892160492889771,1.046224358399956,0.9770458653919997,0.4938872411135691,0.4951557472703185,0.9310998083048789
4,1710,10,1.59124444055566,2.5320588695992954,0.9290327542483358,1.0209408734783958,1.0512862739044617,4.445965456112086,0.11800312563777354,1.1045604197616796,0.25102773837665365,1.098158814175221,0.9942043862228551,0.032984079229678304,1.4415290240967547,1.305070323276456,0.11327053925058168,1.1321158265452114,1.2115650918900411,1.0701776827794005,0.9063968758476629,0.24239023080879385,0.24285446817513112,0.8308781138281089
4,1710,20,2.3957456743770953,5.739597336296563,1.7473890573998336,1.0209408734783958,1.0512862739044617,4.445965456112086,0.11800312563777354,2.14324381793041,0.4738581349505525,2.1339439168998164,0.995660829182013,0.28558346480790825,4.332613068791628,2.021521318547577,0.1222181439516955,2.4371758219839297,2.6332109266509924,1.0804353559143236,0.8103961195443764,0.08335091533625358,0.08546355074273679,0.618598713156472
4,1710,40,5.611363015842067,31.48739489556018,3.4495873036996816,1.0209408734783958,1.0512862739044617,4.445965456112086,0.11800312563777354,4.8411605721610105,1.127674305471434,4.800340798830688,0.9915681843801967,2.0459961698663234,16.590003424327463,3.426864938074543,0.1317884857683262,5.25076985200447,6.466475281769904,1.2315289879447564,0.7423427121671161,0.05248062168857168,0.052493598378584125,0.4648633881377203
4,1710,80,19.612608067703995,384.65439521736783,5.95234525637643,1.0209408734783958,1.0512862739044617,4.445965456112086,0.11800312563777354,8.005230320373526,1.8128173597912847,10.69573121774704,1.3360928779932932,9.49770629720724,64.59472078647747,8.069064624172293,0.1269991474003093,10.125743745558747,16.522544110508843,1.6317363470466841,0.6473416651945404,0.1782355771680512,0.17805025299076868,0.36753322133351474
4,1710,160,248.98984986183254,61995.94533421791,11.034824264053501,1.0209408734783958,1.0512862739044617,4.445965456112086,0.11800312563777354,15.965761633096431,3.493582079813333,28.57707503527419,1.7898973874215292,31.58531243486652,321.2594276234112,20.121772766383554,0.15083080690316383,23.702721173357848,75.91271640282899,3.2027004767771485,0.3764464820838532,0.16360953725984329,0.16985412691671575,0.34577668852188836
4,1769,1,1.0595043225489476,1.1225494094999042,0.11560235703738854,1.0497126598019804,1.0595043225489476,4.456382428467654,0.12304331157125663,0.12304331157125663,0.03095848813465764,0.12304331157125663,0.9999999999999919,0.0,0.12304331157125663,0.9999999999999919,0.12304331157125663,0.12304331157125663,0.12304331157125663,0.9999999999999919,0.9999999999999919,nan,nan,nan
4,1769,2,1.1242797885393083,1.2640050429179919,0.23428528536701707,1.0497126598019804,1.0595043225489476,4.456382428467654,0.12304331157125663,0.24548344216715703,0.06169908973491626,0.24546958361030635,0.9999435458590228,0.00021998652443707586,0.2542621872811781,1.0357610478186237,0.12329875470644754,0.24659698129377075,0.24580723054344994,0.996797403008835,0.998626375097274,0.24369188118708723,0.24369188118708526,0.9353144164156446
4,1769,5,1.3545255077810867,1.8347393512296108,0.6069024284908391,1.0497126598019804,1.0595043225489476,4.456382428467654,0.12304331157125663,0.6125118719827519,0.15301804943995875,0.6118993339814378,0.9989999573406924,0.006188315286431491,0.7078819603751091,1.1557032487935868,0.12373599892366917,0.6186768194509812,0.6180344678713953,0.9989617332355252,0.9900731525361542,0.30955772451538544,0.3096621022745964,0.8501875054841773
4,1769,10,1.8643820216718385,3.4759203227331716,1.245859285026843,1.0497126598019804,1.0595043225489476,4.456382428467654,0.12304331157125663,1.2370095487528237,0.3031778392589868,1.2269756207056757,0.9918885605553607,0.04877755819955363,1.6991113037171686,1.37356361188177,0.12306603046558516,1.2306031998056621,1.2752817692873473,1.0363062354207593,0.9621211956878619,0.3885529278064457,0.3884977452921868,0.7509711156212453
4,1769,20,3.0489643348087556,9.296183514935798,2.2296039411943673,1.0497126598019804,1.0595043225489476,4.456382428467654,0.12304331157125663,2.420098552688377,0.552033278326154,2.2530843480028753,0.9309886762669337,0.3502243916879155,3.9785139010258157,1.6439470601749935,0.11874860023183158,2.3728265782919036,2.7076440714276466,1.1411049152090849,0.8321198387108913,0.33664030558274477,0.3394853990221004,0.7092360831345933
4,1769,40,5.059147388315215,25.59497229669666,3.2423959375372733,1.0497126598019804,1.0595043225489476,4.456382428467654,0.12304331157125663,3.8844527123357864,0.8430004321134906,3.611777620064179,0.9298034723384124,1.2259101305158207,12.14809948249993,3.1273644917651917,0.14095595192411756,5.55445068658029,7.343109132109301,1.3220225628882547,0.4918594501436613,0.134630400604733,0.13374573294601505,0.6175520358376946
4,1769,80,10.367227465333572,107.47940531796677,4.677299250776706,1.0497126598019804,1.0595043225489476,4.456382428467654,0.12304331157125663,6.7088842071973325,1.607678955356474,11.672986362196703,1.739929621929359,9.76204911015857,53.670266783684525,7.999879730538011,0.152690146174268,12.04630256817741,24.974753504859404,2.0732298033784193,0.46739145433108914,0.25506765124385816,0.24962731751173842,0.5219021050498006
4,1769,160,129.6704451080877,16814.424334529587,9.729992388353695,1.0497126598019804,1.0595043225489476,4.456382428467654,0.12304331157125663,15.077322057893108,3.3889331106861174,45.99954731106634,3.050909646583106,50.38408821158751,376.96374051802877,25.002035445723266,0.16187590495520907,25.461443704501455,104.25621527725878,4.09467021930209,0.4412163551950858,0.19042800841911153,0.18950049410487155,0.36398811658381547
4,1828,1,1.0469446459289855,1.0960930916393687,0.09175212254598905,1.0246539821105216,1.0469446459289846,4.4599248796633715,0.15159809372432728,0.15159809372432734,0.03232916426479028,0.15159809372432734,0.9999999999999934,0.0,0.15159809372432734,0.9999999999999934,0.1515980937243273,0.15159809372432734,0.15159809372432734,0.9999999999999934,0.9999999999999934,nan,nan,nan
4,1828,2,1.0967394325656936,1.2028373829445196,0.18468325158318633,1.0246539821105216,1.0469446459289846,4.4599248796633715,0.15159809372432728,0.30259105756371113,0.06449918913001924,0.302560714201095,0.9998997215487415,0.0002910267789004927,0.3083568291260409,1.01905466608548,0.15061401130661697,0.3012215503843362,0.30304060993473303,1.0060389422605218,0.9984163979417069,0.33582320534335763,0.33582320534335547,0.966508497181678
4,1828,5,1.2670473772626258,1.605409056228099,0.47337858780326486,1.0246539821105216,1.0469446459289846,4.4599248796633715,0.15159809372432728,0.7539056843309889,0.16117780552731123,0.753198397732389,0.9990618367611479,0.009242603765986944,0.8184710347363882,1.0856411508061423,0.1487633168952683,0.7437688311572016,0.7625390096427693,1.025236575800525,0.9877506438460674,0.28617199005998084,0.2865410779907266,0.9187539185860314
4,1828,10,1.6433395777310214,2.7005649677371717,0.9934609984311821,1.0246539821105216,1.0469446459289846,4.4599248796633715,0.15159809372432728,1.496334822271893,0.327649449574615,1.501207031159233,1.0032560953703806,0.08852051340556842,1.8564646372331164,1.2406746201458005,0.14824920983837006,1.4824323073889807,1.56718349368134,1.0571703583832648,0.9579012522859539,0.14249152763617204,0.14285009312014818,0.8400255583685123
4,1828,20,2.598966708572291,6.754627952267088,1.9102278925107563,1.0246539821105216,1.0469446459289846,4.4599248796633715,0.15159809372432728,2.728914682905601,0.6506276281255158,2.9679761138550576,1.0876031165235682,0.6065186424635833,4.665515344722548,1.709659658452553,0.14553998031994111,2.909879149521916,3.3528013605965907,1.1522132667081533,0.8852227718396478,0.35946898014785517,0.3565014127278198,0.7420142626347841
4,1828,40,4.320580895594215,18.66741927537371,2.9267797195778695,1.0246539821105216,1.0469446459289846,4.4599248796633715,0.15159809372432728,4.638704669288791,1.0198477572446263,5.165094927104284,1.11347785542385,1.7912853529424468,16.175380842479825,3.487046922726348,0.1701904568289264,6.713620149203409,9.102472105822335,1.3558217330634008,0.5674386987465158,0.27201249855143833,0.2669081025403442,0.5875119158732817
4,1828,80,8.996299264693034,80.93340045991643,4.393626599922777,1.0246539821105216,1.0469446459289846,4.4599248796633715,0.15159809372432728,6.6245670680550806,1.4220688311864949,9.19986202950309,1.3887491718314044,8.382388875788136,75.51071593871951,11.398588792744889,0.17329300066214995,13.696514883641559,25.965238183879592,1.8957551175950014,0.35431456335396855,0.20994741741019632,0.20614083454617685,0.4142478310359519
4,1828,160,87.35789197993466,7631.401291177933,8.94002676287828,1.0246539821105216,1.0469446459289846,4.4599248796633715,0.15159809372432728,22.753562262295414,4.642284278213992,43.95899958066365,1.9319612056309727,45.0441254386522,355.9714549470369,15.644647235607227,0.17058320649515749,26.87204059395172,114.17975338736846,4.24901685408542,0.384998200438632,0.17509176248798974,0.16884608374006155,0.37621573246528683
4,1887,1,1.0573679676242196,1.1180270189577726,0.11156554166608382,1.022370750904519,1.0573679676242183,4.455055898769025,0.18258091022712028,0.18258091022712034,0.039370732010662615,0.1825809102271203,0.9999999999999943,4.720488264635378e-16,0.1825809102271203,0.9999999999999943,0.1825809102271203,0.1825809102271203,0.1825809102271203,0.9999999999999946,0.9999999999999946,nan,nan,nan
4,1887,2,1.1176205187974855,1.2490756240371605,0.2224037769783673,1.022370750904519,1.0573679676242183,4.455055898769025,0.18258091022712028,0.3698494115906757,0.07955012437182683,0.3699421142897033,1.000250649848618,0.0003457926896292988,0.3821413298426193,1.0332349271533963,0.18581935539189418,0.3715832300466251,0.370229131148506,0.9963558664960467,0.9992247588461953,0.3910051362182768,0.39100513621827465,0.9383231865344674
4,1887,5,1.3182387758045007,1.7377534700345485,0.5525931698513334,1.022370750904519,1.0573679676242183,4.455055898769025,0.18258091022712028,0.9554507675075006,0.20383241853004203,0.9585016457122245,1.0031931296812726,0.010419769612851074,1.0864063438398635,1.137061563804054,0.19387416236979949,0.9686832309292157,0.9642105980532019,0.9953827704112062,0.9940791437550002,0.3605759601754007,0.3600629168470109,0.8633329289625706
4,1887,10,1.7356152952000121,3.012360452932225,1.1027239750657454,1.022370750904519,1.0573679676242183,4.455055898769025,0.18258091022712028,1.9819646543013276,0.41822645449114393,2.0104672321491415,1.0143809718230623,0.09627255258146739,2.6215460269663193,1.3227006956339755,0.20037419108246962,2.0020255579966952,2.057455497339186,1.0276869289310948,0.9771619530770833,0.2916175042084056,0.29022852603306987,0.7768411958594433
4,1887,20,2.8001903326432847,7.8410658990289095,2.0593747816298573,1.022370750904519,1.0573679676242183,4.455055898769025,0.18258091022712028,4.0441982473895735,0.8648610162633448,4.249516458152323,1.0507685821028374,0.689934892133096,6.948469946001909,1.718132871079445,0.19539009611423325,3.9021577430834355,4.586211276081048,1.1753013532602814,0.9265854105577895,0.22135783366330167,0.22237502051629215,0.691086682411054
4,1887,40,6.024387263011184,36.29324189473139,3.591631550239471,1.022370750904519,1.0573679676242183,4.455055898769025,0.18258091022712028,6.564169020542687,1.4776115326041084,8.913665239071658,1.3579274408041868,6.03340987438815,18.828195350279636,2.8683288457924303,0.1677881435064976,6.57794509479198,10.886952577918839,1.6550689342996294,0.8187475030570587,0.266879033807198,0.2685011107723012,0.6358210154229388
4,1887,80,15.536029169095883,241.36820234299813,5.486323578127354,1.022370750904519,1.0573679676242183,4.455055898769025,0.18258091022712028,6.135464866064113,1.2679921898076207,21.07512259671331,3.4349675300533424,23.921044877184105,82.62297807471437,13.466457697722392,0.16354779956176554,12.893086343479208,30.09265025355808,2.334014482791213,0.7003411935850163,0.2145634921748765,0.2186019639067061,0.4494631106246651
4,1887,160,112.89414602066498,12745.088205735226,9.45290123759719,1.022370750904519,1.0573679676242183,4.455055898769025,0.18258091022712028,15.113066017822764,3.2240813007287903,67.35868508718741,4.456983447816058,65.79242103669509,277.9364913438427,18.390476890398915,0.17342737139061162,27.329679029310284,113.93567926379059,4.168935871570167,0.5911992233024268,0.23872962181302274,0.235552588467257,0.42945459122367996
4,1946,1,1.0606391373782582,1.1249553797384957,0.117743372415137,1.0298232353072168,1.0606391373782573,4.461045784037432,0.14761978811801335,0.1476197881180133,0.03312691414002941,0.14761978811801335,0.9999999999999936,2.924231343973887e-16,0.14761978811801335,0.9999999999999936,0.14761978811801338,0.14761978811801335,0.14761978811801335,0.9999999999999932,0.9999999999999932,nan,nan,nan
4,1946,2,1.1257273114218265,1.2672619796810138,0.23685865161505676,1.0298232353072168,1.0606391373782573,4.461045784037432,0.14761978811801335,0.2967453824924443,0.06670153460140314,0.2968129540448114,1.0002277088586806,0.00021451478227548008,0.305029545756913,1.0279167385685557,0.14803299603531264,0.29606484187991755,0.29734105431910113,1.0043105842324236,0.9982239241214098,0.3075523974694495,0.3075523974694474,0.950898768199491
4,1946,5,1.3469258144964473,1.814209149756918,0.5956496425973645,1.0298232353072168,1.0606391373782573,4.461045784037432,0.14761978811801335,0.752942218457874,0.16983903318134372,0.7551371291192807,1.0029151116879873,0.00660962186487345,0.8465764459265498,1.1243577862594158,0.15014061482963523,0.7506277591230973,0.7668095423391273,1.0215576669252586,0.9847779499662441,0.3594334485831013,0.3593639012173312,0.8873563536099083
4,1946,10,1.786597845297333,3.191931860821073,1.1606263324991488,1.0298232353072168,1.0606391373782573,4.461045784037432,0.14761978811801335,1.5497516242388734,0.34725525092063275,1.5720998906787613,1.0144205471963048,0.06330729133624687,2.0416462919289944,1.317402259818055,0.1568763859979391,1.566905545238479,1.6757310203322717,1.0694524793944926,0.9381576587196178,0.40410805419673274,0.4036973301227073,0.8123281111938003
4,1946,20,2.9417592034084095,8.65394721083808,2.158015541811599,1.0298232353072168,1.0606391373782573,4.461045784037432,0.14761978811801335,3.340170152495444,0.6960715736153407,3.3885709640051886,1.0144905227278866,0.5017663084682986,6.004969128795143,1.7978033616966562,0.17249461120512805,3.4337081450700127,4.169566073118152,1.2143041566024344,0.8126915138368564,0.3546301822797311,0.3674964126562248,0.7056851204678576
4,1946,40,6.722210978617358,45.18812044104374,3.8108342301936022,1.0298232353072168,1.0606391373782573,4.461045784037432,0.14761978811801335,6.46710567082929,1.3119703658973478,4.280282106757374,0.6618543633922878,3.5664108699867985,21.91744103296549,3.3890649308278533,0.19192969062635964,7.620776978144111,8.583671132626598,1.1263511787897749,0.49865401884841426,0.10089008020682745,0.09837087170694218,0.43525432633936134
4,1946,80,15.994933107764378,255.83788512185703,5.544543982642225,1.0298232353072168,1.0606391373782573,4.461045784037432,0.14761978811801335,7.198219534695388,1.70687257142451,5.880119655775422,0.8168852905129205,7.84727224473889,75.27720917834499,10.457754006460783,0.18795280049935428,14.891325634936155,24.07599298941477,1.6167796997824493,0.24423165675287703,0.1943569278281053,0.2039108681625889,0.4184862842996508
4,1946,160,260.4313088565456,67824.46663273346,11.124678273622028,1.0298232353072168,1.0606391373782573,4.461045784037432,0.14761978811801335,25.501550372907907,5.677151664364023,21.030680517212446,0.8246824294869075,25.30661947421567,417.41815607762004,16.36834427608263,0.16024292177247013,24.811847056050397,94.02599947160034,3.7895606586319017,0.2236687792248841,0.1816494362587163,0.17113226454915695,0.34284988289834795
4,2005,1,1.0600500857180486,1.1237061842308422,0.11663231537020408,1.025083817582588,1.0600500857180484,4.453371919384134,0.21480073111584677,0.21480073111584674,0.047023615546221545,0.21480073111584674,0.9999999999999953,0.0,0.21480073111584674,0.9999999999999953,0.21480073111584674,0.21480073111584674,0.21480073111584674,0.9999999999999953,0.9999999999999953,nan,nan,nan
4,2005,2,1.1242051732649594,1.2638372715956974,0.2341525466106654,1.025083817582588,1.0600500857180484,4.453371919384134,0.21480073111584677,0.438294082180674,0.09660346980855095,0.43840199687136805,1.0002462152583858,0.0004641856699058609,0.44855759110603266,1.0234169461615656,0.21767981977011813,0.43532205385448786,0.43891827787205606,1.008261065539237,0.998823742307584,0.5849099722010425,0.5849099722010397,0.9577290344953086
4,2005,5,1.3428940931035145,1.8033645452923106,0.5896541119659957,1.025083817582588,1.0600500857180484,4.453371919384134,0.21480073111584677,1.1506847741895287,0.2592488883097396,1.1541418918199287,1.003004400256216,0.01466376584926485,1.2664144928393954,1.1005746501959048,0.22335989300969794,1.1165077613921761,1.1646902743352303,1.0431546601010406,0.9909431865726505,0.5755906374135136,0.5755712766857429,0.9036789018848461
4,2005,10,1.8046813100729029,3.256874630926449,1.1807680333599613,1.025083817582588,1.0600500857180484,4.453371919384134,0.21480073111584677,2.3974686488250585,0.5603549817125115,2.4153700479453426,1.0074667917468103,0.17510964380062735,2.980338240793124,1.243118754547099,0.221803937981285,2.2171638101758044,2.4922640280489765,1.1240775339244589,0.9691469365852743,0.5404906327179395,0.5406260684750881,0.8341017681089471
4,2005,20,3.2141498810422724,10.330759457804053,2.3351258000616433,1.025083817582588,1.0600500857180484,4.453371919384134,0.21480073111584677,4.583025599884105,1.0914169283453645,4.2266664025884895,0.9222436817056776,1.9881557479286853,6.486732622483871,1.4153821489995397,0.19614770283572702,3.87144301298726,4.604786548685922,1.1894238229101048,0.9178854129068504,0.2532277468193649,0.2753097139959901,0.7371547531036022
4,2005,40,8.361494634377642,69.9145925207261,4.2472743902662335,1.025083817582588,1.0600500857180484,4.453371919384134,0.21480073111584677,7.129323977235838,1.5193245691274928,6.591346627511247,0.924540201645714,4.63700292346122,15.2804571198648,2.143324832572596,0.17494984964860447,6.887269900496931,8.648738912896675,1.2557572213443604,0.7621164997457001,0.2513364599123917,0.2668048969182758,0.5831123435061701
4,2005,80,21.82388644431221,476.28201953423417,6.1660101567987144,1.025083817582588,1.0600500857180484,4.453371919384134,0.21480073111584677,12.108182443931884,2.6707417382978127,6.390249765625106,0.5277629235614658,13.793012645523971,57.068777257227346,4.713240614063246,0.1513350296498243,11.707952536414801,20.616725882891213,1.7609164214466866,0.30995463595546247,0.21927782562543055,0.21388331972303126,0.42939638544867476
4,2005,160,290.734317117718,84526.4431499058,11.34481970107607,1.025083817582588,1.0600500857180484,4.453371919384134,0.21480073111584677,27.45316413260076,6.626252911233822,16.36344700563399,0.5960495819934403,33.34825456474654,319.7085847452487,11.645600601848049,0.14153668746125106,22.089072022904617,84.2732741730258,3.81515683798944,0.1941712502119872,0.18669710681561513,0.19040874065766572,0.346570893662774
4,2064,1,1.059840931592082,1.1232628002779723,0.11623766465479017,1.0259168262870118,1.059840931592082,4.455074045447251,0.11138628889467656,0.11138628889467651,0.02557178647909131,0.11138628889467661,0.9999999999999919,5.335282989499559e-16,0.11138628889467661,0.9999999999999919,0.11138628889467661,0.11138628889467661,0.11138628889467661,0.999999999999991,0.999999999999991,nan,nan,nan
4,2064,2,1.122592318535747,1.260213513635464,0.231281161873706,1.0259168262870118,1.059840931592082,4.455074045447251,0.11138628889467656,0.21875236450033972,0.050384412160760145,0.2187654512275032,1.0000598243918066,0.0001323743805676164,0.22575513708039227,1.0320123286257812,0.10956226046962095,0.2190936353697327,0.21912347577707625,1.0001361993345548,0.9983661059213105,0.10669925330261952,0.10669925330261858,0.9438222327642932
4,2064,5,1.32875524960951,1.7655905133648315,0.568485202908365,1.0259168262870118,1.059840931592082,4.455074045447251,0.11138628889467656,0.5265540529800335,0.12199204532797231,0.526641349363443,1.0001657880761041,0.003632602674902796,0.5981855548853722,1.1360382690056963,0.1057828482795004,0.5286291742760537,0.5341099066339536,1.0103678204393556,0.9860168156820388,0.019765374579554115,0.02009192765342282,0.8757451965796665
4,2064,10,1.7450434416451148,3.045176613228627,1.1135589005401683,1.0259168262870118,1.059840931592082,4.455074045447251,0.11138628889467656,1.029233586076814,0.2372695585199087,1.0275425618415466,0.9983570063607093,0.02884769915462446,1.390582993633902,1.3510859074609698,0.10391504516604069,1.0386879033271046,1.0847820479376806,1.0443772806662397,0.9472341137973704,0.08839145565495947,0.0883877065500507,0.7785323250401623
4,2064,20,2.8914613948237387,8.360548997756041,2.1235240945285003,1.0259168262870118,1.059840931592082,4.455074045447251,0.11138628889467656,2.0130836700782035,0.4454691611859517,2.0120223289781998,0.9994727784464302,0.19678946412684056,3.7925791045566095,1.8839649642626504,0.09912457125063158,1.9769551850191651,2.3450838587919094,1.186209923503741,0.8579745758067304,0.18609696153524305,0.1877411529883383,0.658671648417075
4,2064,40,4.492395900028977,20.181620922597162,3.004772334920596,1.0259168262870118,1.059840931592082,4.455074045447251,0.11138628889467656,3.1364603035741228,0.6968657691637692,3.9061559506446573,1.2454026426521114,1.6535012701157372,10.825536641590611,3.451513997883051,0.10163297188527043,4.039543684756942,5.885037852984693,1.4568570888815113,0.6637435558147831,0.27677503067063075,0.274125546921648,0.5738530484547214
4,2064,80,16.119169498893495,259.8276253340584,5.560018431663054,1.0259168262870118,1.059840931592082,4.455074045447251,0.11138628889467656,5.152213202438714,1.2828026103094081,9.499556839002732,1.8437817818770141,8.106588948426099,48.73348735588245,9.458748200252128,0.12045607861663991,9.495948728063677,16.145306826930067,1.7002310447628393,0.5883788360811856,0.16037400459184503,0.17065022005731031,0.39919153340128294
4,2064,160,177.04093883291964,31343.49402284159,10.352761997342235,1.0259168262870118,1.059840931592082,4.455074045447251,0.11138628889467656,13.624339852550833,2.9540285138394538,39.03098486082548,2.864798242207519,42.73747800724725,299.6500558796417,21.993730274097597,0.13768801283533874,21.54749856277863,68.8396646439265,3.1947868307479936,0.5669839483198159,0.1313351471015482,0.13109473286084586,0.3270653902953993
4,2123,1,1.057604769593368,1.1185278486666408,0.11201339986486024,1.023252249201977,1.0576047695933668,4.444692081433174,0.14343184740830803,0.14343184740830814,0.03488651510489317,0.14343184740830797,0.9999999999999919,3.640109616122045e-16,0.14343184740830797,0.9999999999999919,0.14343184740830797,0.14343184740830797,0.14343184740830797,0.999999999999993,0.999999999999993,nan,nan,nan
4,2123,2,1.1176849001341471,1.2492195359878784,0.22251898510363585,1.023252249201977,1.0576047695933668,4.444692081433174,0.14343184740830803,0.2867860886227361,0.07017970584212559,0.28682018487009825,1.000118890869236,0.00027684917313600636,0.2926111989024703,1.0203116905276255,0.14223860960401943,0.2844671241060518,0.28719403071795885,1.0095860167338333,0.9986982812737193,0.07799321873653844,0.0779932187365379,0.9642610244046893
4,2123,5,1.3105526137654409,1.7175481534474288,0.540897781663074,1.023252249201977,1.0576047695933668,4.444692081433174,0.14343184740830803,0.712649384337746,0.17706884288654928,0.7130497252214025,1.0005617641612468,0.0077893031776542455,0.7745369038520886,1.0868414691354187,0.13861010171572988,0.6928366190321248,0.7207457082058881,1.0402823528767153,0.9893221938100142,0.04712860387929915,0.04670876973475371,0.9186047369907973
4,2123,10,1.6498715306894354,2.7220760677795006,1.001394849386013,1.023252249201977,1.0576047695933668,4.444692081433174,0.14343184740830803,1.3790024514563874,0.34713249615369735,1.378746565098476,0.9998144409695268,0.06348102808627047,1.7304177767513687,1.2548329953466322,0.13373258408066005,1.3361225621085806,1.4454815091240132,1.081847990683466,0.9538320320223392,0.34806136425132495,0.3457993061950326,0.8315521096209322
4,2123,20,2.184586790761247,4.7724194463685246,1.562853397767833,1.023252249201977,1.0576047695933668,4.444692081433174,0.14343184740830803,2.4282813237012006,0.6057247713197789,2.548349916411149,1.0494459153220923,0.4399751428240436,4.797237386239843,1.9755690328861335,0.13113832416330656,2.6209007757516654,3.0346828603566496,1.1578778137780938,0.8397417567750901,0.2961610119704079,0.2962234129220713,0.6561491611605008
4,2123,40,4.072849531905674,16.588103309544266,2.808685770333409,1.023252249201977,1.0576047695933668,4.444692081433174,0.14343184740830803,3.9974427404462824,0.9687717498676878,4.564006538061342,1.141731560500553,2.467880173460712,13.89366601583903,3.475638531419692,0.13638071405883748,5.440368906295322,7.060239723210092,1.2977501792277975,0.6464378997015439,0.31009819966471674,0.31468903332205844,0.5691915161378949
4,2123,80,14.161006281232421,200.5340988971041,5.300984301598717,1.023252249201977,1.0576047695933668,4.444692081433174,0.14343184740830803,7.551993546649927,1.6928609551769198,9.902137319631308,1.3111951511166091,9.354534469635306,43.303680755359814,5.734072796522631,0.13936081890552557,11.06171261463033,19.535291337542166,1.7660277407410307,0.5068845479975906,0.25011906878533224,0.24771449132323783,0.5139931080988919
4,2123,160,107.7633939396921,11612.949073401267,9.359876053926685,1.023252249201977,1.0576047695933668,4.444692081433174,0.14343184740830803,33.88090377113929,7.824765940692431,35.42143310878724,1.0454689564379396,43.227546848738136,306.90917855409555,9.058470831451949,0.15814335010120026,24.94226418568313,89.34381619832017,3.58202509335955,0.3964620565363004,0.19055344758195136,0.18820289164465517,0.359401010364027
4,2182,1,1.0441203170381457,1.090187236451838,0.08634945805046733,1.0180029712478815,1.0441203170381452,4.452221749777822,0.1103020055355692,0.11030200553556917,0.02629592178174713,0.11030200553556917,0.9999999999999909,0.0,0.11030200553556917,0.9999999999999909,0.11030200553556917,0.11030200553556917,0.11030200553556917,0.9999999999999909,0.9999999999999909,nan,nan,nan
4,2182,2,1.0902006657448993,1.1885374915906215,0.17272355262189126,1.0180029712478815,1.0441203170381452,4.452221749777822,0.1103020055355692,0.21968935693183936,0.05242626376730037,0.21971086757413358,1.0000979139025834,0.00014160625483054348,0.22535699532131728,1.0257984204088473,0.11024430872946518,0.22048858724725734,0.22028778977288138,0.9990893067215684,0.9973810523073312,0.09060540225029494,0.09060540225029412,0.955985175449504
4,2182,5,1.2389467148708913,1.5349889622893735,0.4285231903223455,1.0180029712478815,1.0441203170381452,4.452221749777822,0.1103020055355692,0.5505843332009994,0.13155785047370577,0.5513831238178755,1.0014508052058637,0.004261137580640556,0.6130245022888188,1.1134070937413025,0.11254175200348186,0.562553975388576,0.5621217393515864,0.9992316541062712,0.9808962813889763,0.05400897209145084,0.05441580301423205,0.8988251959250293
4,2182,10,1.5175183912160526,2.3028620676789564,0.8341527265911486,1.0180029712478815,1.0441203170381452,4.452221749777822,0.1103020055355692,1.1719955301463605,0.2777055411460622,1.181094034833169,1.007763258863002,0.04262704758725963,1.4737005830183803,1.257428501313773,0.12341621846953486,1.228321017279459,1.2451278353504216,1.0136827570598652,0.9485725090233548,0.16589041254526157,0.17178582417391194,0.8299847686706694
4,2182,20,2.2025515531341595,4.851233344213698,1.5792329703972132,1.0180029712478815,1.0441203170381452,4.452221749777822,0.1103020055355692,2.8377366545016978,0.6396404129740432,2.883604780913765,1.016163630384554,0.45081685633850294,4.224378065585092,1.4886434436696823,0.14818599241152297,2.918824788308477,3.1729300850622817,1.0870573998725916,0.9088144723041263,0.1606239766138815,0.1680005498943174,0.7424588287486166
4,2182,40,4.746967811591177,22.53370340428273,3.1150121175129333,1.0180029712478815,1.0441203170381452,4.452221749777822,0.1103020055355692,6.166294664291996,1.3265546617074335,5.889352288866694,0.9550877162862438,4.415133798620979,15.51806481974955,2.516594756590554,0.16728462223720617,6.5844478158465485,7.960593808387208,1.2089994531096044,0.7398131886419987,0.11341837874585994,0.11227971034359484,0.5397508957946656
4,2182,80,27.723828424693348,768.6106625218349,6.644584550688481,1.0180029712478815,1.0441203170381452,4.452221749777822,0.1103020055355692,10.154558354533732,1.9565520262941074,7.881137155416137,0.776118160953541,9.2412930016557,59.54663498660791,5.864030015645334,0.16517643769229845,13.055780379215154,20.31713967283723,1.5561796447788123,0.3879058411924359,0.17246888322222398,0.1675952146466289,0.4203078836641111
4,2182,160,689.530640532564,475452.504233248,13.07202227003385,1.0180029712478815,1.0441203170381452,4.452221749777822,0.1103020055355692,31.175172484613096,6.4853592300785055,30.469343199407266,0.9773592500392997,41.8352367708242,303.0427200807673,9.720642932459729,0.15921815038039713,25.157384683826606,85.96956901649581,3.4172697240569945,0.3544200994372883,0.1575583892633185,0.15881392823996365,0.3389764376586926
4,2241,1,1.0564670488843282,1.1161226253783614,0.1098607372941148,1.029312174090189,1.056467048884328,4.453012289658852,0.1649380263164938,0.1649380263164939,0.03631050972530482,0.1649380263164939,0.9999999999999939,0.0,0.1649380263164939,0.9999999999999939,0.1649380263164939,0.1649380263164939,0.1649380263164939,0.9999999999999939,0.9999999999999939,nan,nan,nan
4,2241,2,1.116252056594088,1.2460186538505313,0.21995339124078264,1.029312174090189,1.056467048884328,4.453012289658852,0.1649380263164938,0.3339071767952397,0.07285995460794872,0.33380613394139896,0.9996973923866761,0.00029851172719545403,0.34558176849330824,1.0349635842215714,0.1680784229627184,0.3360992368932145,0.33472621479854625,0.9959148312642391,0.9972512435044801,0.2856293193842615,0.2856293193842598,0.9377621891339588
4,2241,5,1.3147448658502452,1.7285540622795792,0.5472852568817951,1.029312174090189,1.056467048884328,4.453012289658852,0.1649380263164938,0.8627273293042634,0.18291746062161363,0.8606378648370598,0.9975780708501611,0.009694349005961698,0.9914751475609499,1.1492334992569582,0.17751945600053573,0.8865526578116507,0.876237877975309,0.9883652936512497,0.9821966003406557,0.3420194191993719,0.3436677858784114,0.8577208069547548
4,2241,10,1.6915369326160197,2.861297194404013,1.0512750864794134,1.029312174090189,1.056467048884328,4.453012289658852,0.1649380263164938,1.782956881569297,0.3614503973972056,1.7742667854855503,0.9951260200548994,0.09230664396425223,2.3849491818472495,1.3376370491630163,0.18615397078738383,1.8585555304264108,1.8699703645138388,1.006141777256883,0.9488208044124962,0.389527077922324,0.3917795388102075,0.7737315256118985
4,2241,20,2.438986445353375,5.948654880617491,1.7831651235152992,1.029312174090189,1.056467048884328,4.453012289658852,0.1649380263164938,3.4638755492009183,0.6680267828749525,3.2982196227356217,0.9521761321640113,0.6834314967506044,6.276299931770844,1.81192997341337,0.1793220160117502,3.5781788247563044,3.8066414038632153,1.0638488433071729,0.8664382254100382,0.1462585803880617,0.149913974492402,0.6313285297662304
4,2241,40,4.335447731808197,18.796107035240844,2.9336497757998417,1.029312174090189,1.056467048884328,4.453012289658852,0.1649380263164938,5.557615002089281,1.2544757751904245,6.139818897554194,1.1047578674028415,3.0446270847811676,18.092482891724586,3.255440127630837,0.18394527034141236,7.338659139695535,8.767018852094365,1.1946349714858249,0.7003314354784856,0.21974530963006658,0.21458374444592807,0.5329547619794767
4,2241,80,14.99023473102143,224.70713729112111,5.414797942332228,1.029312174090189,1.056467048884328,4.453012289658852,0.1649380263164938,14.058353951638498,3.2464199423586213,13.001979535346388,0.9248578873511012,13.873588927097378,70.23560068317937,4.9960045766946575,0.162952283583919,12.880510177876625,22.036905901014293,1.7108721313589395,0.5900093050153626,0.1358729106485393,0.14367400138527947,0.39401242892383304
4,2241,160,107.26477099498952,11505.731096607546,9.350600546439862,1.029312174090189,1.056467048884328,4.453012289658852,0.1649380263164938,19.077456354926664,4.016014084195279,39.1884970530259,2.0541783099352053,43.78302825822094,472.5266178512196,24.76884806129785,0.156824601672345,24.62737320544572,107.34574898307932,4.3587981587635385,0.36506799220529074,0.2055847328227506,0.20409359592731002,0.3654811904142348
4,2300,1,1.0492219645247391,1.100866730841153,0.09609780667315268,1.0252590549029295,1.0492219645247418,4.450316326026049,0.13507023026124237,0.13507023026124237,0.03352016118866989,0.13507023026124237,0.9999999999999926,0.0,0.13507023026124237,0.9999999999999926,0.13507023026124237,0.13507023026124237,0.13507023026124237,0.9999999999999926,0.9999999999999926,nan,nan,nan
4,2300,2,1.1013901553738652,1.213060274354467,0.19314631904434562,1.0252590549029295,1.0492219645247418,4.450316326026049,0.13507023026124237,0.2701564372753183,0.06691482490071038,0.27022422217395453,1.0002509098036636,0.0001648395501942055,0.2776601943119252,1.0277755996202997,0.13549075607680283,0.2709802109900407,0.2703880288700785,0.9978146665477909,0.9993941791845982,0.1522516595712923,0.1522516595712912,0.9486973228609489
4,2300,5,1.2777894738907312,1.6327459395859516,0.49026322294158964,1.0252590549029295,1.0492219645247418,4.450316326026049,0.13507023026124237,0.6748838392970405,0.16589749389697944,0.6771716841208473,1.0033899831209305,0.005082807959052586,0.7550860153778303,1.1188384895455894,0.13675250176609144,0.6837370660646883,0.6804470652429548,0.9951882075946674,0.9951864277334503,0.09049377063169736,0.09035270139888522,0.881218773823484
4,2300,10,1.6506162261392894,2.7245339259943098,1.0022973771544625,1.0252590549029295,1.0492219645247418,4.450316326026049,0.13507023026124237,1.33826608914643,0.32354435456610453,1.3612809429554689,1.0171975169928404,0.04823910235873229,1.741674558972179,1.3014411506780752,0.1383851195996699,1.383725776187049,1.3874041158351877,1.0026582865705322,0.9811711868362201,0.03185608595757751,0.03150335729606931,0.7890041612043419
4,2300,20,2.7439945916551913,7.52950631903294,2.0188294777811127,1.0252590549029295,1.0492219645247418,4.450316326026049,0.13507023026124237,2.5166952211091096,0.5838375671298259,2.694561306465352,1.0706744638223835,0.39437033936693083,4.482395350457215,1.7810640370198731,0.13691297491664306,2.7374640431214083,2.9109670437333657,1.063380924051926,0.9256584722476039,0.04767876917854924,0.046492755598786475,0.6756368058512305
4,2300,40,5.259837044319656,27.66588573279733,3.320200092204715,1.0252590549029295,1.0492219645247418,4.450316326026049,0.13507023026124237,3.915550343148816,0.8217033256404552,4.644089454349328,1.1860630172908548,2.3725887549208897,14.799161086158826,3.7795864665751173,0.13908006187470362,5.55788363044307,6.86379745792232,1.2349660256156072,0.6766064241870999,0.15815733227978113,0.1604549902108965,0.5181235367773582
4,2300,80,19.756856173612842,390.33336586482386,5.967001158272449,1.0252590549029295,1.0492219645247418,4.450316326026049,0.13507023026124237,8.555067734117479,1.803150620484423,8.571959765613327,1.0019745058742762,9.737815794556466,62.20481514474262,7.271107263905201,0.1566007822241606,12.370889096805055,20.555387243331836,1.6615933650751529,0.41701767347604063,0.19833906996430534,0.2174406016117605,0.42934468219030797
4,2300,160,581.100341507477,337677.60690010636,12.72984689354459,1.0252590549029295,1.0492219645247418,4.450316326026049,0.13507023026124237,25.393584980416986,5.476690885684063,31.561698411170017,1.2429004583444896,42.99213755826866,273.4537657074596,10.768616007481478,0.14385756650765769,22.61631324057068,76.28805216079225,3.373142711162205,0.4137174500752419,0.17063893283968554,0.17016947423114032,0.3528780151082152
4,2359,1,1.0586452528084316,1.120729771293828,0.11398005463228243,1.0339274769579403,1.0586452528084316,4.457988198844213,0.1897074069202659,0.18970740692026578,0.03947141324505296,0.18970740692026578,0.9999999999999948,0.0,0.18970740692026578,0.9999999999999948,0.18970740692026578,0.18970740692026578,0.18970740692026578,0.9999999999999948,0.9999999999999948,nan,nan,nan
4,2359,2,1.120128333771383,1.2546874841174547,0.22688652493447742,1.0339274769579403,1.0586452528084316,4.457988198844213,0.1897074069202659,0.3827965334431238,0.07987281415357339,0.38283163017299393,1.0000916850775878,0.0002624466411394651,0.3937670191564676,1.0286587906496096,0.19135294709878042,0.3826918635129303,0.38344445251213255,1.0019665665015527,0.9984017963094141,0.38486261301973357,0.38486261301973157,0.9485883310157732
4,2359,5,1.3221840280716501,1.748170604087774,0.5585698720633614,1.0339274769579403,1.0586452528084316,4.457988198844213,0.1897074069202659,0.9811989184608201,0.20639632746104528,0.9824351069246275,1.0012598754855393,0.008672450180335097,1.0976719995033057,1.1187048608096641,0.1961066946551358,0.9802878825770782,0.9940080930599056,1.0139961033148317,0.9883572515997799,0.3474054618525843,0.3473501784688065,0.886084268469818
4,2359,10,1.7217720992972343,2.9644991619184053,1.086708101459361,1.0339274769579403,1.0586452528084316,4.457988198844213,0.1897074069202659,2.017360205709824,0.42838293482860734,2.0344269305910205,1.0084599293834047,0.09743350904376932,2.573220376271782,1.2755383837693839,0.20082452812850551,2.007449835866984,2.109555257061909,1.0508632491684786,0.964386651537384,0.35096685939294964,0.35212325084215707,0.8118900710530319
4,2359,20,2.8049106907021626,7.867523982815283,2.062743398291821,1.0339274769579403,1.0586452528084316,4.457988198844213,0.1897074069202659,3.961593956660354,0.8365067994068841,4.181293042359111,1.0554572447611374,0.8857854989732886,6.330016432617076,1.59784584232184,0.18942558773636686,3.769845217597143,4.496942010074605,1.1928717892934884,0.9298080858040111,0.47492120843044094,0.4680408083343217,0.737811911421311
4,2359,40,6.646011620497047,44.169470459781785,3.7880338368515303,1.0339274769579403,1.0586452528084316,4.457988198844213,0.1897074069202659,5.866289384914072,1.2284495643132867,7.609977652365916,1.2972387062827082,4.197783711810215,14.937658355479828,2.5463555197079026,0.1544806694757393,5.938847351727387,8.937793884188483,1.5049711425212529,0.8514380339233869,0.29029552919505264,0.28720382977193437,0.693423100976057
4,2359,80,43.9618714085176,1932.6461377390374,7.56664539868345,1.0339274769579403,1.0586452528084316,4.457988198844213,0.1897074069202659,9.115392270970654,2.162402969606366,14.911764371178103,1.6358883883326525,12.679777700107072,47.81976862641119,5.246046160701221,0.14053890710060735,10.909920029045322,21.790018097684488,1.9972665280472481,0.6843392375503671,0.22511415158912906,0.22898602663370607,0.5240461519553843
4,2359,160,933.6910247653975,871778.9297274582,13.678291149794497,1.0339274769579403,1.0586452528084316,4.457988198844213,0.1897074069202659,18.041367899752196,3.9950030040244218,73.34590153902005,4.065429070931339,69.06309488379001,337.0621059876937,18.68273558083827,0.14383946130837674,22.61372384424771,119.76292537135879,5.296028473515788,0.6124257679210019,0.23776314479726707,0.25273752564398705,0.36476485715079626
4,2418,1,1.0486358343840274,1.0996371131542855,0.09498022824382733,1.026104035692322,1.0486358343840272,4.448874836941155,0.14366558222714262,0.14366558222714265,0.033731740267029096,0.14366558222714265,0.999999999999993,0.0,0.14366558222714265,0.999999999999993,0.14366558222714265,0.14366558222714265,0.14366558222714265,0.999999999999993,0.999999999999993,nan,nan,nan
4,2418,2,1.1004421231329597,1.210972866365376,0.1914240583458468,1.026104035692322,1.0486358343840272,4.448874836941155,0.14366558222714262,0.2849287911136721,0.0673045571133866,0.2849907530111555,1.0002174645013593,0.00018563301805263742,0.2930523331703189,1.0285107799211661,0.14299406594000674,0.2859849634492591,0.2853198397185559,0.9976742702739257,0.9988466041908407,0.3878309680622833,0.3878309680622806,0.9487007097530992
4,2418,5,1.2766140831129227,1.6297435172022483,0.4884226510279755,1.026104035692322,1.0486358343840272,4.448874836941155,0.14366558222714262,0.6902942957633176,0.16555465774434308,0.6922107373534421,1.002776267458511,0.005530986613554459,0.7756054870828601,1.1235866960557823,0.14015091761725926,0.700613097334529,0.6985281568575673,0.9970241200387278,0.9909560989888424,0.3848644603184289,0.3846206288737319,0.8827891176428759
4,2418,10,1.6506053771566775,2.7244981110985376,1.0022842317387157,1.026104035692322,1.0486358343840272,4.448874836941155,0.14366558222714262,1.2872648223763334,0.31284698973728603,1.3061335739568887,1.0146580184998155,0.050628183627739076,1.703292181633607,1.3231870800984618,0.13361523111180473,1.3339323897090758,1.3558735343373165,1.0164484683013246,0.9633151919255218,0.38725174381739125,0.38335140906812665,0.7970213080414039
4,2418,20,2.783810345307426,7.749600038640651,2.047641234116186,1.026104035692322,1.0486358343840272,4.448874836941155,0.14366558222714262,2.161902251941777,0.5151485105959449,2.321745545557309,1.0739364110805485,0.36169411020040165,4.261322240359019,1.9710984789120705,0.12285490200661364,2.4441055694011338,2.725217777653229,1.11501639363351,0.8519486275906495,0.27563558212357453,0.25827088485480965,0.6815549408769636
4,2418,40,6.7529862090083315,45.60282273905672,3.8199696167767763,1.026104035692322,1.0486358343840272,4.448874836941155,0.14366558222714262,3.4711255904418015,0.7555113130434608,4.490350531669563,1.2936295200710484,1.47441403167929,15.010791100558558,4.324473635264806,0.13955035589635367,5.512743636822774,6.822385933418722,1.2375663340932628,0.6581789091810336,0.12071934122599345,0.1189923190794845,0.4865351499926183
4,2418,80,17.632822405247115,310.91642597498463,5.739524149297188,1.026104035692322,1.0486358343840272,4.448874836941155,0.14366558222714262,4.639450560416825,0.9795532304564261,5.862394573348474,1.2635967334937552,3.5697666439137055,74.51240140022384,16.06060899451192,0.13925087203405467,11.048023650147876,20.04830657672172,1.8146509467739396,0.29241345401986996,0.19928754011369365,0.20615826122339467,0.3435616799046891
4,2418,160,211.70824926791167,44820.38280808422,10.710418288328801,1.026104035692322,1.0486358343840272,4.448874836941155,0.14366558222714262,14.319814410970888,3.144498400032286,25.27589519821808,1.7650993562356065,20.394823026390867,388.0035519550183,27.095571270655277,0.14377585069850693,22.720182395509326,95.12039833329915,4.186603640651222,0.26572528754192204,0.1668231928926215,0.1774010118788535,0.31995695805483704
4,2477,1,1.0646664976487337,1.133514751215621,0.12532320474545247,1.039500485299971,1.0646664976487346,4.448457651628266,0.15571907225436185,0.1557190722543617,0.030573570932995585,0.1557190722543617,0.9999999999999936,0.0,0.1557190722543617,0.9999999999999936,0.1557190722543617,0.1557190722543617,0.1557190722543617,0.9999999999999936,0.9999999999999936,nan,nan,nan
4,2477,2,1.1349274068103106,1.288060218729176,0.2531373802609636,1.039500485299971,1.0646664976487346,4.448457651628266,0.15571907225436185,0.30938048835156995,0.06060370161755654,0.30950681194673435,1.0004083114479405,0.00031598907158107703,0.3222565708925631,1.0416189224136208,0.15605840124466375,0.31211606626102995,0.309831390211879,0.9926800434321724,0.9989524035478662,0.30011740222141514,0.3001174022214132,0.9250861426637299
4,2477,5,1.3820664939633154,1.9101077937360509,0.64715967697708,1.039500485299971,1.0646664976487346,4.448457651628266,0.15571907225436185,0.7550755589175571,0.14747681697407913,0.758520796439944,1.0045627718732213,0.0092937591363377,0.8901031891432598,1.178826646725622,0.15610613045277652,0.7805276491534303,0.7652124023817378,0.9803783417687965,0.9912552306771727,0.33573422734663316,0.3357481114975823,0.8347157174436328
4,2477,10,1.9239676529985013,3.701651529784561,1.3087790794626877,1.039500485299971,1.0646664976487346,4.448457651628266,0.15571907225436185,1.4344633719392441,0.2826959850300141,1.4587019305600546,1.0168973004783255,0.08224364187948553,2.0694721996560657,1.442680405884714,0.15234402825790497,1.5226290637103335,1.5155953991407625,0.9953805790673452,0.9624613082007483,0.36679836586449294,0.367056285551797,0.7342455421610768
4,2477,20,3.4597108091658764,11.969598883059202,2.482370008821202,1.039500485299971,1.0646664976487346,4.448457651628266,0.15571907225436185,2.5521764485848775,0.5347755437457672,2.6395422172347196,1.034231868528637,0.548321474706784,5.3461061209580105,2.0947243377009848,0.13875307711142704,2.7576716484664896,3.155367795992647,1.1442144672108845,0.8365244205721335,0.2847081199267328,0.2999098577128676,0.6375745625201813
4,2477,40,6.063822558048738,36.76994401550074,3.6046807727528902,1.039500485299971,1.0646664976487346,4.448457651628266,0.15571907225436185,4.530782785564692,1.005913043657686,5.354155612765777,1.1817286032392444,3.283119369023203,15.192866373547165,3.3532541930618303,0.14566744011592633,5.794520376876152,8.039273978803397,1.3873924770176405,0.6659998933837448,0.31950686856949556,0.32342092171233267,0.5775654826395455
4,2477,80,14.977925659020261,224.33825704713755,5.413154988939939,1.039500485299971,1.0646664976487346,4.448457651628266,0.15571907225436185,7.385349925864459,1.8084533829093548,16.62781388612034,2.251459179731967,15.167369288985276,61.97374990917139,8.391443943926236,0.1393956166398321,11.069512353532922,22.309673774064883,2.0154161323054645,0.7453185579723834,0.13967508960550168,0.1458209258087193,0.38829598064692095
4,2477,160,114.56239806886924,13124.543051290055,9.482239271713958,1.039500485299971,1.0646664976487346,4.448457651628266,0.15571907225436185,29.34262777977062,6.382301734234457,24.735869647548334,0.8430011733510018,29.08283985541778,298.87160325338624,10.185577293777149,0.16280787435049185,25.470667901907277,76.57939048471938,3.00657174674972,0.32300948716070177,0.12555022333267543,0.13536684868790297,0.33853527105948544
4,2536,1,1.055913944739801,1.1149542586959673,0.10881338047953085,1.0313399795120926,1.0559139447398,4.450134930344373,0.1321464736250257,0.13214647362502563,0.02966129477909392,0.13214647362502563,0.9999999999999925,0.0,0.13214647362502563,0.9999999999999925,0.13214647362502563,0.13214647362502563,0.13214647362502563,0.9999999999999925,0.9999999999999925,nan,nan,nan
4,2536,2,1.1150115099599944,1.2432506673432668,0.2177294553857555,1.0313399795120926,1.0559139447398,4.450134930344373,0.1321464736250257,0.26384657501101383,0.05941539435196606,0.2638042208946011,0.9998394744505894,0.00021190759644744192,0.2723859941092507,1.0323650936074473,0.13250648099364618,0.2650119865285231,0.2640787732080244,0.9964785995806298,0.9989603393332638,0.07288429958988818,0.07288429958988764,0.9404587711464714
4,2536,5,1.3145467818377503,1.728033241639986,0.5469839072570111,1.0313399795120926,1.0559139447398,4.450134930344373,0.1321464736250257,0.6520703453444036,0.1485626801383453,0.6506767428697038,0.9978628034771851,0.006079062794921663,0.7442811652523871,1.141412380683068,0.13328649590238661,0.6664234218578171,0.6553194606291416,0.9833379787317176,0.9929153366588845,0.03345177479406592,0.033358765472088076,0.8573670544896551
4,2536,10,1.7436463639365805,3.040302642469258,1.11195706390685,1.0313399795120926,1.0559139447398,4.450134930344373,0.1321464736250257,1.2401203564314374,0.289483841403601,1.2260798738563374,0.9886781291007077,0.05549797868562806,1.70202968037966,1.3724713666320327,0.1321391633925149,1.3212361269673885,1.2582320252644965,0.9523142756870376,0.9744465640974276,0.01821907819758631,0.018157420279134095,0.7337005482150688
4,2536,20,3.0657918995830467,9.399079971549025,2.240611809118727,1.0313399795120926,1.0559139447398,4.450134930344373,0.1321464736250257,1.978311968255033,0.48302577902929045,1.909511317515505,0.9652225473820418,0.3551579708253699,4.279566554233586,2.1632415023037894,0.12238695428675901,2.436281113887224,2.2193866377786087,0.9109731324220839,0.8603779463260806,0.035489945763010004,0.0353702406731294,0.562249163578767
4,2536,40,5.205238592731515,27.094508807261562,3.2993310803157048,1.0313399795120926,1.0559139447398,4.450134930344373,0.1321464736250257,2.995107740776673,0.6680192299470494,3.0643849256278672,1.0231301144556586,1.0833153970654652,12.796786977532058,4.2725631546775915,0.1451840891604382,5.651942689542299,5.8461005369017816,1.0343524090785154,0.5241758854957835,0.19478681480893834,0.22717215891220957,0.47607729151544387
4,2536,80,13.448869212643269,180.87208309878397,5.197790058208117,1.0313399795120926,1.0559139447398,4.450134930344373,0.1321464736250257,5.241729888340034,1.1137773150462227,7.581686031055197,1.446409142126968,5.6867293774290415,57.83674022663304,11.03390320727666,0.15965121549832548,12.53765081575056,20.97621101064489,1.6730575224102822,0.3614421130302172,0.16373298709663994,0.17181816436208508,0.4410466342459158
4,2536,160,148.42719836690193,22030.633215047656,10.000189182690056,1.0313399795120926,1.0559139447398,4.450134930344373,0.1321464736250257,14.97407576750557,3.221103124143174,66.62249239095316,4.4491889466411685,63.19591243923034,586.0819603217976,39.1397752637009,0.18649279960715745,29.184564658761488,141.46432907361515,4.84723108696933,0.4709490571031809,0.22624080748836684,0.24917030016563135,0.3478423862330257
4,2595,1,1.0574153095609191,1.1181271368938144,0.11165508641937975,1.0186035138222982,1.0574153095609187,4.463370082551549,0.18391693264312026,0.18391693264312026,0.03978166999874655,0.18391693264312026,0.9999999999999946,0.0,0.18391693264312026,0.9999999999999946,0.18391693264312026,0.18391693264312026,0.18391693264312026,0.9999999999999946,0.9999999999999946,nan,nan,nan
4,2595,2,1.1176015011887261,1.2490331154592942,0.22236974437025991,1.0186035138222982,1.0574153095609187,4.463370082551549,0.18391693264312026,0.3690842180344565,0.07970885816656686,0.3691149869087559,1.0000833654564323,0.00039149948352614974,0.3756801726551513,1.017871136988247,0.18256345871470572,0.36511680792701245,0.369688329842273,1.0125207106767142,0.9984491181158931,0.742850669880055,0.7428506698800509,0.9691904892481733
4,2595,5,1.3128299857165944,1.7235225713966333,0.5443702031446898,1.0186035138222982,1.0574153095609187,4.463370082551549,0.18391693264312026,0.9297509106637575,0.19942164038096155,0.9289963071105921,0.9991883809475082,0.011042991006502606,1.0001499436492851,1.0757181651322805,0.17858778237613668,0.8927436791610441,0.9420280936902299,1.0552055597587646,0.9861662442267629,0.7231875618650354,0.7233422331000743,0.931781728905172
4,2595,10,1.6678337162647663,2.781669305109541,1.0230512169567576,1.0186035138222982,1.0574153095609187,4.463370082551549,0.18391693264312026,1.8352822007636342,0.389298704901974,1.8076138965788298,0.9849242235481316,0.0972682878168713,2.2066557650608076,1.2023522944551246,0.17372639443634375,1.7363143433961434,1.9218762105004281,1.1068711249262237,0.9405464757317292,0.38590767975100937,0.39162846841736504,0.8662948203993291
4,2595,20,2.492176303213007,6.210942726296449,1.8263126922009587,1.0186035138222982,1.0574153095609187,4.463370082551549,0.18391693264312026,3.2396806295496208,0.6875335449508653,3.0652078065619364,0.9461450547327745,0.677989058152499,5.4790318019294935,1.6912259041691973,0.1621911112091504,3.2314183485497443,3.666340657600276,1.13459176811499,0.8360400990583895,0.046177126968544924,0.04681547845935048,0.6920337356570451
4,2595,40,6.067515850942257,36.81474860143555,3.605898542098072,1.0186035138222982,1.0574153095609187,4.463370082551549,0.18391693264312026,5.543720399076974,1.211031478166148,5.9536449856588565,1.0739439504651307,3.0245286147248027,16.85899880650888,3.0410983225842143,0.18493222319526093,7.254760408338074,9.167294461995178,1.2636247024035394,0.6494440655681849,0.1419607454096349,0.14520767155675818,0.5721205946132777
4,2595,80,15.110119981970227,228.31572586953592,5.430729433640622,1.0186035138222982,1.0574153095609187,4.463370082551549,0.18391693264312026,9.566002488741237,2.023395718642809,10.616299786659553,1.1097947966409656,12.157689934845083,83.96762327462878,8.777712881995896,0.2052582365426766,16.188927491881888,35.81728349204734,2.2124556126406953,0.296401590282991,0.29685316938823136,0.31465920555624866,0.48757851600034446
4,2595,160,326.38893542775577,106529.73716966373,11.576179447406703,1.0186035138222982,1.0574153095609187,4.463370082551549,0.18391693264312026,17.57035932242348,3.764853449862905,74.2528777684029,4.226030692135054,61.617878802035435,607.1577516072463,34.55579595531578,0.18995927122260772,29.99148597685501,212.2445452679077,7.076826584441357,0.34984587083110424,0.2542670729426229,0.2511256481425718,0.4382942995880376
4,2654,1,1.0524375733390698,1.10762484577583,0.10221794414670557,1.0304676498355734,1.0524375733390705,4.458726563515572,0.2183555777997805,0.2183555777997805,0.04663831405421018,0.2183555777997805,0.9999999999999954,0.0,0.2183555777997805,0.9999999999999954,0.21835557779978046,0.2183555777997805,0.2183555777997805,0.9999999999999954,0.9999999999999954,nan,nan,nan
4,2654,2,1.1075426673904047,1.2266507600902528,0.20428749611092475,1.0304676498355734,1.0524375733390705,4.458726563515572,0.2183555777997805,0.44050051825272823,0.09430637864784044,0.4405355449477335,1.0000795156726334,0.0003754106152911952,0.44907340893763603,1.0194617039700922,0.21886604429091205,0.4377309007757865,0.4409290692933343,1.0073062434291906,0.9991075109966496,0.5560482616510617,0.5560482616510591,0.9645432846764678
4,2654,5,1.2876905996918562,1.6581470805347722,0.505700762389478,1.0304676498355734,1.0524375733390705,4.458726563515572,0.2183555777997805,1.1254533628720957,0.24247411198281363,1.1265154134212194,1.0009436646458743,0.01093031209675791,1.215409615518589,1.079928902977311,0.21958431766725334,1.097916448423313,1.1342083891770398,1.033055284676574,0.9932173171797791,0.48162311770259514,0.48157636645646174,0.9201430686467001
4,2654,10,1.6312184076752787,2.6608734935386718,0.9786544499179339,1.0304676498355734,1.0524375733390705,4.458726563515572,0.2183555777997805,2.296472885489107,0.49666817973967037,2.3087439758184223,1.0053434509968973,0.09657518261731105,2.7696654914267183,1.2060519019961469,0.21968045694275348,2.196798754366163,2.3738599336225166,1.080599635676432,0.9725695872440426,0.4179968645489368,0.41805765335751927,0.8525193695266741
4,2654,20,2.506132564163223,6.28070042915933,1.8374815075663564,1.0304676498355734,1.0524375733390705,4.458726563515572,0.2183555777997805,4.536713323818268,0.9623064243670554,4.761778049700413,1.0496096424476566,0.7810334446791354,7.534274468620617,1.6607340889416147,0.22072885433604536,4.414432982887195,5.245473545101992,1.1882553354952656,0.9077880211876707,0.47516556346254935,0.47598754288805706,0.717291023374511
4,2654,40,4.27362536833693,18.26387378889296,2.90492499882763,1.0304676498355734,1.0524375733390705,4.458726563515572,0.2183555777997805,6.616237077966167,1.4115010291955443,10.227591485580806,1.5458320741923548,6.992341260641486,25.94520290738272,3.921443956986843,0.203933147315479,8.119072084328415,13.24141090288468,1.6309020002967451,0.7723943891321049,0.3162802504237787,0.32472754362695644,0.593034964673251
4,2654,80,10.577082615117313,111.87467664701688,4.7173792862848485,1.0304676498355734,1.0524375733390705,4.458726563515572,0.2183555777997805,9.877310524633884,1.984843659201903,35.77012943511113,3.6214442530586526,32.746878952052874,99.77968572108712,10.101908355745003,0.18372080509266403,14.53746044973486,43.60532198027901,2.999514401504307,0.8203156819089323,0.3819981716693561,0.3746615677673508,0.5465964363735029
4,2654,160,116.72354322396924,13624.385542757816,9.519616520735267,1.0304676498355734,1.0524375733390705,4.458726563515572,0.2183555777997805,19.66529180203465,3.9917130060172505,99.76157503299741,5.072977102870942,102.23434436218268,406.8431678905433,20.688387031635592,0.17715039053622833,27.957366447138053,138.85573011919396,4.966695642872627,0.718454866409632,0.20882451446817443,0.20870525884759575,0.3928857015038141
4,2713,1,1.0567008118804257,1.116616605828751,0.11030322556282543,1.0353316690367442,1.0567008118804262,4.453167805500013,0.15005994958273328,0.15005994958273303,0.03218102790975158,0.15005994958273303,0.9999999999999933,0.0,0.15005994958273303,0.9999999999999933,0.15005994958273303,0.15005994958273303,0.15005994958273303,0.9999999999999933,0.9999999999999933,nan,nan,nan
4,2713,2,1.1169391965818154,1.2475531688608312,0.2211841680646399,1.0353316690367442,1.0567008118804262,4.453167805500013,0.15005994958273328,0.3024328402190021,0.06442928886775338,0.30251775304114975,1.0002807658787491,0.00025577512484934193,0.31032995544949743,1.0261119633197762,0.15085496141509186,0.30170575499232993,0.3029917465093661,1.004262403006094,0.9984356225089362,0.48332180140569003,0.4833218014056868,0.9537558795992788
4,2713,5,1.320042088563385,1.7425111155787836,0.5553272427304932,1.0353316690367442,1.0567008118804262,4.453167805500013,0.15005994958273328,0.7809216304578513,0.16255903692995158,0.7837284499696373,1.0035942396807978,0.007323569856107214,0.8679835593020672,1.1114861279910644,0.15471164593879042,0.7733204377468859,0.7942655023733505,1.027084586937193,0.9867335892441151,0.5307789434179198,0.530547458085685,0.89748884348706
4,2713,10,1.7398746410369068,3.0271637665233055,1.107626130499913,1.0353316690367442,1.0567008118804262,4.453167805500013,0.15005994958273328,1.6921051758364385,0.33875868357427585,1.7219620380608385,1.0176448028472225,0.06470493761878994,2.141734641101526,1.2657219371974477,0.1647876935191221,1.6442179636818264,1.8034748070204472,1.096858717552266,0.9548023800264344,0.5013037903542229,0.49517333067213737,0.8322029161281123
4,2713,20,2.8929765489265766,8.369313312639125,2.124571839635094,1.0353316690367442,1.0567008118804262,4.453167805500013,0.15005994958273328,3.7458148428185765,0.7475700091009471,3.843070335998894,1.0259637748424146,0.6470220664826306,5.894396442411503,1.5735952495655667,0.1692409375644638,3.37791458541315,4.358888133290378,1.290408038176384,0.8816629880101761,0.32273166396897324,0.3132080294818673,0.7483100033242988
4,2713,40,6.049370142373733,36.5948791194428,3.5999083158490137,1.0353316690367442,1.0567008118804262,4.453167805500013,0.15005994958273328,6.086973007865691,1.3193279822488126,6.551148057325279,1.0762571230166083,3.1002146341048347,17.754560960720536,2.916812829263048,0.17640887000388564,7.040611714836906,10.975192844940581,1.5588408066606207,0.5969050521372179,0.27821201544395496,0.2745256794493394,0.6458739429433249
4,2713,80,14.379174778578646,206.76066731291226,5.331561927798507,1.0353316690367442,1.0567008118804262,4.453167805500013,0.15005994958273328,6.293311369518167,1.2908859929440921,11.60111081994377,1.8434032798907867,11.468769475376762,63.35631847803695,10.067246757391517,0.1704511957460911,13.4377457804325,24.51290177853599,1.824182580848544,0.4732655042130485,0.18126102552597242,0.18725914843259844,0.4568757631914648
4,2713,160,153.475914554237,23554.856348259455,10.067087292548763,1.0353316690367442,1.0567008118804262,4.453167805500013,0.15005994958273328,14.87858629288023,3.2139616021573643,103.25646090319876,6.939937630540174,105.80940908270152,883.1428204004455,59.35663530231034,0.17225085180293037,27.329173395726293,194.4834075559109,7.116329672317276,0.5309268394709413,0.16344768062837925,0.1536858987995138,0.2959980357795285
4,2772,1,1.0578287961910342,1.1190017620509727,0.112437003994297,1.0234060512697494,1.0578287961910366,4.457101276700905,0.1757448365267329,0.1757448365267328,0.03617126542795255,0.17574483652673273,0.9999999999999939,5.762207236921972e-16,0.17574483652673273,0.9999999999999939,0.17574483652673273,0.17574483652673273,0.17574483652673273,0.9999999999999943,0.9999999999999943,nan,nan,nan
4,2772,2,1.117978471222054,1.2498758621160009,0.2230442360754154,1.0234060512697494,1.0578287961910366,4.457101276700905,0.1757448365267329,0.34623964704416593,0.07143284676520147,0.3463908845918181,1.0004368002016588,0.0003076054688845585,0.356978888515038,1.0310167872528508,0.17357645958960954,0.3471254861973379,0.3467339154284179,0.998871961914377,0.9990106798863995,0.28843318395655215,0.28843318395655054,0.9448002677697426
4,2772,5,1.3118707430259502,1.7210048464074585,0.5429083332669589,1.0234060512697494,1.0578287961910366,4.457101276700905,0.1757448365267329,0.8257387481677685,0.17145838469938607,0.8295453769795538,1.0046099675233007,0.008365188825548146,0.9214274569606398,1.1158825463927833,0.16547183266142046,0.8263812353577047,0.8354303657363824,1.0109503096046943,0.9929557399417217,0.27560055252785076,0.275398388121128,0.8926091971204319
4,2772,10,1.6847746391347214,2.8384655846715305,1.0432636190779638,1.0234060512697494,1.0578287961910366,4.457101276700905,0.1757448365267329,1.5165537273010357,0.31622793492667456,1.5348040894851602,1.0120341019612955,0.06688481013549918,1.8810377211816833,1.2403370136640706,0.14895189537878575,1.475866736869214,1.5792793878034108,1.0700690979414353,0.9718382328917041,0.23462928534152366,0.23701333497330826,0.8483189824502924
4,2772,20,2.6481137162913435,7.01250625441035,1.947695162742941,1.0234060512697494,1.0578287961910366,4.457101276700905,0.1757448365267329,2.5865090300562024,0.5316441727380085,2.498102797170323,0.9658202496652566,0.5158608624650847,4.352726604509142,1.6828576873031678,0.13079429537676115,2.5700096365315357,3.0241766842238174,1.176718032974079,0.8260439312961251,0.11736904161384602,0.12211038056225967,0.725064710598881
4,2772,40,4.831772974488725,23.34603007699962,3.15042695154454,1.0234060512697494,1.0578287961910366,4.457101276700905,0.1757448365267329,4.533998801409008,0.9171770072161788,4.572747644277872,1.0085462843212092,2.091313971984229,14.988952392309708,3.305901269239785,0.1487731025089767,5.849816579693483,8.042804063212929,1.3748814092961443,0.5685514166872736,0.25628065623165813,0.23777303051876125,0.5539446292985054
4,2772,80,11.866352948763973,140.81033230463945,4.947413823877003,1.0234060512697494,1.0578287961910366,4.457101276700905,0.1757448365267329,6.895979489129403,1.5720869299557438,27.842363497367295,4.037477713101827,25.475106366881583,138.50286127839576,20.084581384954397,0.16319059496101235,12.89889486678119,43.279373647277616,3.3552776493074568,0.6433171543627145,0.19919588203242455,0.1835857918147002,0.3570279682687162
4,2772,160,144.5041907640687,20881.46114837836,9.946617017918815,1.0234060512697494,1.0578287961910366,4.457101276700905,0.1757448365267329,12.538213908513002,2.8566533578728617,64.31784545398081,5.1297454265245275,69.56074026060931,586.5849827412685,46.783775346422985,0.15604592990982594,24.411378584654024,129.05879473604077,5.286829430320347,0.49836080978074954,0.15359551332915075,0.1439435504866553,0.3031512325516487
4,2831,1,1.0787999542656486,1.1638093413235655,0.15169853977942227,1.0503735164107146,1.0787999542656486,4.458330156193444,0.16312964878532654,0.16312964878532651,0.03445066548306517,0.16312964878532651,0.9999999999999939,0.0,0.16312964878532651,0.9999999999999939,0.16312964878532651,0.16312964878532651,0.16312964878532651,0.9999999999999939,0.9999999999999939,nan,nan,nan
4,2831,2,1.1626993758727298,1.3518698386548353,0.3014886998019185,1.0503735164107146,1.0787999542656486,4.458330156193444,0.16312964878532654,0.32316701042032053,0.0684030434550511,0.32319570114028157,1.0000887798538678,0.00028790620799646303,0.33857635316152934,1.0476822888610007,0.16284766501246553,0.325694840899753,0.32369965418786817,0.9938740610493738,0.9984431461663066,0.18167889281246694,0.18167889281246583,0.9154786612101267
4,2831,5,1.446674867609665,2.092868172573442,0.7385354565654861,1.0503735164107146,1.0787999542656486,4.458330156193444,0.16312964878532654,0.7885422133870815,0.16812495963839227,0.7892618262650586,1.0009125863723707,0.007438217504496105,0.9540543143077606,1.2098963100653064,0.16304474868241195,0.815219527454435,0.7992827954037789,0.9804509932429852,0.9874625486794584,0.16254871336969992,0.16255125910651305,0.8104998605972237
4,2831,10,2.0404320213419735,4.163362833717692,1.4263231212051275,1.0503735164107146,1.0787999542656486,4.458330156193444,0.16312964878532654,1.5358364269544569,0.3324739098225012,1.5418417551286432,1.0039101352649211,0.059873154817456156,2.3656525253791307,1.5403023940968676,0.16607123380946082,1.6603306516743268,1.61706388569562,0.9739408738042171,0.9534822765925421,0.14553592551009153,0.14540665154674548,0.6819907349210096
4,2831,20,3.852634545283184,14.842792939509366,2.6975144235021644,1.0503735164107146,1.0787999542656486,4.458330156193444,0.16312964878532654,3.0363608560712665,0.6886526884657584,3.0823363893434896,1.0151416565591318,0.4973518542490697,6.979619594654278,2.2986792168323413,0.17248811017781465,3.4469932718410035,3.4919775208890793,1.0130502862931465,0.8826907879288716,0.12333529597665338,0.12327149358054924,0.5451524534262966
4,2831,40,11.239800306725968,126.33311093507716,4.838922156004407,1.0503735164107146,1.0787999542656486,4.458330156193444,0.16312964878532654,6.353201869047978,1.3983173952091459,5.966341319212335,0.9391077825308242,3.7389923437651458,19.215773123622686,3.0245809152137255,0.17314230650177734,6.919817434389756,8.063261055093072,1.1652418769056951,0.7399414800595794,0.08671271212798147,0.08588972075835198,0.4810160694757501
4,2831,80,35.466393673008064,1257.8650801687863,7.137171182040377,1.0503735164107146,1.0787999542656486,4.458330156193444,0.16312964878532654,10.288284517899422,2.4604341243697125,11.314677877108526,1.0997633140319356,11.802635814819382,78.03448603774578,7.584790827079324,0.16355123955740375,12.837321739915854,18.70511074596705,1.4570882560188647,0.6048976683844572,0.14285126955401004,0.1223442261829759,0.350581084207654
4,2831,160,376.5352303706064,141778.77971024564,11.862023232447477,1.0503735164107146,1.0787999542656486,4.458330156193444,0.16312964878532654,10.77180274541358,2.4114052891952626,32.478319106827584,3.0151238260147495,33.048901756559474,290.17329657362274,26.938229693926832,0.15263522797214166,23.956971851808156,70.12717097857542,2.9272134814184607,0.46313459752640024,0.18984040996800577,0.1801919642870385,0.36578520960243655
4,2890,1,1.0573118599536822,1.1179083691987148,0.11145941180222677,1.0233050946407858,1.057311859953681,4.455881324827165,0.13020906797155676,0.13020906797155687,0.027742393569226434,0.13020906797155687,0.9999999999999923,0.0,0.13020906797155687,0.9999999999999923,0.13020906797155687,0.13020906797155687,0.13020906797155687,0.9999999999999923,0.9999999999999923,nan,nan,nan
4,2890,2,1.1167686960108882,1.2471723203898597,0.2208788451138213,1.0233050946407858,1.057311859953681,4.455881324827165,0.13020906797155676,0.254220744276833,0.054665973843832524,0.2542488956798525,1.0001107360577461,0.0001441480515733754,0.2637472114366459,1.0374732093044228,0.12819059350592307,0.2563488917576241,0.2547325165396469,0.9936946276346439,0.9981014561220333,0.06979464200402749,0.06979464200402695,0.9344897461472801
4,2890,5,1.3061586261205347,1.7060503565890828,0.5341809659779874,1.0233050946407858,1.057311859953681,4.455881324827165,0.13020906797155676,0.599319635260344,0.13281914717015048,0.599698643491146,1.0006323974862534,0.003980754977966812,0.6935823142036592,1.1572828143739466,0.12393382275823711,0.619355237137692,0.6083860886336593,0.9822894070376689,0.985720506591423,0.15652891256612517,0.15561441519864072,0.8572179156894294
4,2890,10,1.6449187927049456,2.7057578345938955,0.9953820337239523,1.0233050946407858,1.057311859953681,4.455881324827165,0.13020906797155676,1.1320211091511612,0.2633129719156526,1.1335325846981612,1.0013352008498608,0.03650346595887882,1.531668496621494,1.3530388119440673,0.11965358873532757,1.1953480147692017,1.1919760218266158,0.9971790701110269,0.9509692845675743,0.31719754906744246,0.3137802995997488,0.7801089998809121
4,2890,20,2.294032727618432,5.262586155384462,1.6606225704439812,1.0233050946407858,1.057311859953681,4.455881324827165,0.13020906797155676,2.110605930702248,0.5060958848732388,2.0899406080613097,0.9902088199695036,0.24054605330327014,3.689518005410031,1.7480847332701472,0.11381314460865583,2.2718224691499502,2.5433582248024793,1.1195233163417602,0.8217248312410323,0.37014388118876385,0.369616989540071,0.7168022533489449
4,2890,40,4.242781125594712,18.001191679702735,2.890437960132678,1.0233050946407858,1.057311859953681,4.455881324827165,0.13020906797155676,2.9996486394184556,0.6809293390135905,2.5786149815361825,0.8596390082660148,1.1858796425885865,11.397367982281922,3.7995676668623215,0.11118117919066275,4.4410027745716185,5.621949865424168,1.2659190166721888,0.4586691527427254,0.190937933741225,0.1862216932630068,0.5377609479883622
4,2890,80,14.300657219746357,204.50879691668362,5.320610991265164,1.0233050946407858,1.057311859953681,4.455881324827165,0.13020906797155676,4.459026008314449,0.914073132974993,5.032372038216948,1.1285810015087192,2.7461052896402047,40.11532348574271,8.996431824111886,0.12496760478680104,9.925783440769301,16.55775930617123,1.668156413544311,0.3039283241870376,0.23986548255108583,0.2357940322766748,0.4695880674286922
4,2890,160,58.31261895525772,3400.3615294210817,8.131637037134057,1.0233050946407858,1.057311859953681,4.455881324827165,0.13020906797155676,5.977462391037807,1.4605006495228314,13.562840176830848,2.2689963214433653,13.849487201906408,259.116638434698,43.348936636255466,0.13136712413054366,20.740963252394245,70.10196563342178,3.3798799400181925,0.19347303680119113,0.2634063489167665,0.256258599160449,0.3449502799503153
4,2948,1,1.044589055700589,1.0911662952894483,0.0872471198820847,1.0166668042591356,1.0445890557005888,4.441316359378794,0.13113841417822059,0.13113841417822047,0.031240378530499133,0.13113841417822047,0.9999999999999923,0.0,0.13113841417822047,0.9999999999999923,0.13113841417822047,0.13113841417822047,0.13113841417822047,0.9999999999999923,0.9999999999999923,nan,nan,nan
4,2948,2,1.0897613212505202,1.1875797372936794,0.17191740186706464,1.0166668042591356,1.0445890557005888,4.441316359378794,0.13113841417822059,0.2601833929065348,0.0618405549238469,0.2601707791337304,0.9999515196851555,0.00026282937605734885,0.26667063374794503,1.0249333393993352,0.13045464861691636,0.2609056944084377,0.26081534320528593,0.9996537016819138,0.9975286573878853,0.22175299275630603,0.22175299275630433,0.9572304812686645
4,2948,5,1.2281888186759429,1.5084477743206082,0.41108115808336015,1.0166668042591356,1.0445890557005888,4.441316359378794,0.13113841417822059,0.6408149250115922,0.1502016863323518,0.639886092535881,0.9985505448773757,0.007630028106753109,0.7070605062643687,1.1033770885588798,0.12988122031675634,0.6493965226352865,0.6522408984743422,1.0043800293655902,0.9810579097886053,0.21666977552068117,0.21670370676020695,0.907019293169341
4,2948,10,1.4970578631082667,2.24118224549429,0.8070035148028551,1.0166668042591356,1.0445890557005888,4.441316359378794,0.13113841417822059,1.2856123082676092,0.288682904253579,1.2768747678773336,0.993203596189857,0.06696912787673746,1.5919823963056434,1.2383067477402059,0.13155771822732484,1.3154271506656001,1.3567073458877805,1.031381589775832,0.9411571122892326,0.16529653043881126,0.16479625601582304,0.8442656345821695
4,2948,20,2.3942681573808153,5.732520009447724,1.7461552262711266,1.0166668042591356,1.0445890557005888,4.441316359378794,0.13113841417822059,2.5256483706179274,0.5214234233062737,2.4726735628205274,0.9790252640020353,0.46653917345189666,4.308028669444164,1.7057119746206622,0.13747274996051387,2.7457262814531815,3.075570521665389,1.1201300517244694,0.8039723184372309,0.15364694449153582,0.15131175076610714,0.7146668540004999
4,2948,40,4.567493835286605,20.861999935381142,3.037929319156336,1.0166668042591356,1.0445890557005888,4.441316359378794,0.13113841417822059,4.029291314897956,0.8878223313819277,3.8373485200953796,0.9523631378816206,2.658160753809098,13.81209943127466,3.4279227665186713,0.15375235983484806,6.111682237682704,7.751620375781159,1.2683284363161278,0.49503824156361315,0.1432257149239018,0.13607882823180664,0.5852714607717664
4,2948,80,10.632262040796856,113.04499610416974,4.727785935065629,1.0166668042591356,1.0445890557005888,4.441316359378794,0.13113841417822059,7.010737286853497,1.638374625652833,6.686143504080665,0.9537004783531812,7.7721054104727125,49.71164275621154,7.090786706475306,0.14444199701318386,11.443441914022223,17.50778441723578,1.5299404277818383,0.38189546688148607,0.18423064441898354,0.1769860021351467,0.4219507411456339
4,2948,160,330.25811655571636,109070.42355092913,11.59974904020973,1.0166668042591356,1.0445890557005888,4.441316359378794,0.13113841417822059,14.253705247185382,3.504135963671426,24.603801907308696,1.7261337652654984,29.1160406692117,283.1251611046869,19.863267564101932,0.14560248433747025,22.997725718536866,74.57863834735174,3.2428701542100358,0.3299041448399194,0.2706298706617954,0.2655196801877972,0.38585365779668424
4,3007,1,1.0448965758700046,1.0918088542648603,0.08783582011909903,1.0185429859404111,1.0448965758700053,4.4406388009076085,0.11763936239861429,0.11763936239861432,0.02694315293188917,0.11763936239861432,0.9999999999999915,0.0,0.11763936239861432,0.9999999999999915,0.11763936239861432,0.11763936239861432,0.11763936239861432,0.9999999999999915,0.9999999999999915,nan,nan,nan
4,3007,2,1.0914552061253464,1.1912744669781223,0.17502371468668465,1.0185429859404111,1.0448965758700053,4.4406388009076085,0.11763936239861429,0.23318318736322122,0.053396231226202524,0.2331991428224313,1.0000684245694962,0.00012660859009783394,0.2395649035821545,1.0273678230883416,0.11713731754567462,0.2342724740695284,0.2334995426057201,0.996700715835784,0.9987134887720228,0.2688497767758658,0.26884977677586347,0.9506607616944708
4,3007,5,1.237837618101029,1.5322419687860291,0.4267320019185264,1.0185429859404111,1.0448965758700053,4.4406388009076085,0.11763936239861429,0.5700249062205075,0.13046675467839378,0.57048079915347,1.000799777216726,0.003396467673582071,0.6372869683543216,1.117998461821234,0.11645166391358348,0.5822493030091156,0.576172539320096,0.9895632958981397,0.9901214657447169,0.2692607400760828,0.26928053837196353,0.8852645915298682
4,3007,10,1.4943264083874659,2.2330114148041833,0.8033510847142715,1.0185429859404111,1.0448965758700053,4.4406388009076085,0.11763936239861429,1.1117426150340761,0.2547347578026786,1.1145946496232897,1.0025653730914372,0.02756345934054037,1.4408920040826592,1.2960661798850743,0.11749686891099978,1.174866683412052,1.1565835711272157,0.9844381387752525,0.9636957306396767,0.2290392880123371,0.22881027295824102,0.7936245509161429
4,3007,20,2.399832285739163,5.759194999676056,1.7507977079401955,1.0185429859404111,1.0448965758700053,4.4406388009076085,0.11763936239861429,2.1813356803689214,0.5083783755569701,2.16740726969385,0.9936147330278314,0.20910319402347502,3.8016725296203653,1.7428186609854566,0.12160506128570517,2.430540649790033,2.418301021928903,0.9949642365116633,0.8962520587966611,0.27547100323232876,0.2742717688778794,0.6492771713046346
4,3007,40,4.046653877885616,16.375407607406693,2.795780673266884,1.0185429859404111,1.0448965758700053,4.4406388009076085,0.11763936239861429,4.911554098823547,1.199774659277086,5.2221559662903,1.0632390199145214,2.5507726002160043,11.709679564095842,2.3841088438587352,0.11677762265675276,4.659948332456162,6.137372771696391,1.3170473863304637,0.8508780809882072,0.42579963776889557,0.4280925087769628,0.5717304161696992
4,3007,80,13.132130808599989,172.452859574181,5.150123921293389,1.0185429859404111,1.0448965758700053,4.4406388009076085,0.11763936239861429,12.649497201978093,2.801151040719713,15.14189885396645,1.1970356301275438,12.852360607196019,54.397752481433514,4.300388514487907,0.13362131501029903,10.544400439758421,20.09326446187024,1.9055862470953908,0.7535808271821787,0.27171852193608587,0.2775373337651465,0.43693660976735454
4,3007,160,167.33852249148174,28002.18110963214,10.240037682896121,1.0185429859404111,1.0448965758700053,4.4406388009076085,0.11763936239861429,39.75499352121769,8.474736874615775,47.561930644625434,1.1963762645123082,71.8404305104227,229.09480940730086,5.762667507039848,0.14363852663428384,22.711879790446794,87.50022413271026,3.852619199293012,0.5435635293058104,0.2653070077501221,0.26861075508484733,0.41835411505399445
4,3066,1,1.0577783079252683,1.1188949487172437,0.1123415453135669,1.035266376397905,1.057778307925268,4.445868132372646,0.1579722286779419,0.15797222867794164,0.03682061106435373,0.15797222867794164,0.9999999999999937,0.0,0.15797222867794164,0.9999999999999937,0.15797222867794164,0.15797222867794164,0.15797222867794164,0.9999999999999937,0.9999999999999937,nan,nan,nan
4,3066,2,1.1190919355376203,1.2523667601853374,0.22503516922468275,1.035266376397905,1.057778307925268,4.445868132372646,0.1579722286779419,0.3179345805509372,0.07380198820543897,0.31791937150405203,0.9999521629674262,0.0003334908401782631,0.3270217425801002,1.028581861128208,0.15892832577530075,0.3178509340580027,0.31804408306216886,1.000607671658218,0.9996078796470065,0.3230659367517702,0.32306593675176815,0.9462875650202122
4,3066,5,1.32539476531575,1.7566712839263923,0.5634207023028032,1.035266376397905,1.057778307925268,4.445868132372646,0.1579722286779419,0.8092358325394183,0.1855763184212651,0.8086557863004321,0.9992832173074109,0.009733725573795416,0.9033655510059533,1.1163192665000394,0.16103058512158577,0.8050961098017915,0.8112848437018608,1.0076869504456951,0.9967593904633625,0.31939173202942395,0.31941642924320307,0.8782559067809179
4,3066,10,1.749723851214207,3.0615335555078764,1.1189159523552696,1.035266376397905,1.057778307925268,4.445868132372646,0.1579722286779419,1.6632986966550531,0.37442586577263653,1.6554841049647486,0.995301750848467,0.08993469440001044,2.1042509950802812,1.2651071027182283,0.1624811210152232,1.6246900430903235,1.6803767253510176,1.0342752653021563,0.985186285902008,0.3210669136573997,0.3211556040397384,0.794152534334845
4,3066,20,2.9340279561351617,8.608520047382674,2.1527524160209763,1.035266376397905,1.057778307925268,4.445868132372646,0.1579722286779419,3.524114235083536,0.7798003701732322,3.415109401495948,0.969068870554077,0.7701732563303829,5.391038537422946,1.5297570333429202,0.16363704029334897,3.272479540155384,3.693057783696021,1.1285197472986084,0.92473760269142,0.3270650753194654,0.32699001892839374,0.7110422589543041
4,3066,40,7.322477131093265,53.61867133538386,3.9818973532278417,1.035266376397905,1.057778307925268,4.445868132372646,0.1579722286779419,7.407720386676862,1.8044522004437367,7.01000966334429,0.9463113208149871,4.25241605577094,15.66765814030046,2.1150444836551183,0.16719919542204775,6.685101568114197,9.556204933922402,1.4294778974641837,0.733555811309604,0.2990027498891665,0.2989983787676295,0.6624565315919907
4,3066,80,32.212770227259924,1037.6625657142433,6.944725929675336,1.035266376397905,1.057778307925268,4.445868132372646,0.1579722286779419,13.682877612662516,2.90867756305502,14.931813658834832,1.0912772942598357,17.050635882826718,53.91489649122779,3.9403185512186005,0.15639929768841332,12.44358870498045,26.620647402661483,2.1393062752071494,0.5609109888643046,0.2477651322855206,0.25255137135815536,0.5163889552353566
4,3066,160,300.5874443016912,90352.81167182232,11.411477415312836,1.035266376397905,1.057778307925268,4.445868132372646,0.1579722286779419,32.05317521596353,7.517694293092464,49.520766529029416,1.544956660155355,66.93596738131963,638.5279790425982,19.920896283766307,0.1614651676304744,25.57414766119258,210.9176096023763,8.247297716296236,0.23478725471233242,0.2058952842267973,0.210626187734763,0.3261755535868696
4,3125,1,1.0573286811998008,1.11794394008771,0.11149123044145481,1.0335937781459699,1.0573286811998026,4.448440608594958,0.11470221749034823,0.11470221749034817,0.026672723065192024,0.11470221749034817,0.9999999999999913,0.0,0.11470221749034817,0.9999999999999913,0.11470221749034817,0.11470221749034817,0.11470221749034817,0.9999999999999913,0.9999999999999913,nan,nan,nan
4,3125,2,1.1173680315064463,1.2485113178325906,0.22195189584084826,1.0335937781459699,1.0573286811998026,4.448440608594958,0.11470221749034823,0.22828403446511827,0.052684159553154364,0.22825583981310085,0.9998764931061234,0.00012582436182204327,0.23702262920536948,1.0382794826660795,0.11526889361071686,0.23053501496703177,0.22898801708660702,0.9932895318281825,0.996802552016378,0.24075900196086863,0.24075900196086655,0.9337022586453461
4,3125,5,1.3122154053629371,1.7219092700718175,0.5434337159251168,1.0335937781459699,1.0573286811998026,4.448440608594958,0.11470221749034823,0.5670664365394935,0.12794845108224645,0.5664569715872301,0.9989252318370601,0.004166386167794455,0.6644185998349892,1.1716768213078934,0.11950989657855858,0.5971743387258166,0.5786918267616149,0.9690500566323085,0.9788577363484593,0.12313749012059444,0.12159763227140126,0.8428265156373396
4,3125,10,1.672988086250237,2.7988891367352307,1.0292226015799857,1.0335937781459699,1.0573286811998026,4.448440608594958,0.11470221749034823,1.1313519287514224,0.2466466510687748,1.1338416689611295,1.002200677036414,0.04752223634550573,1.618114474741542,1.430248566886978,0.12964906770039558,1.2918860369743927,1.2018980413506029,0.9303437044380917,0.9433759187152033,0.10591247518777412,0.10870890791506897,0.7232633336263803
4,3125,20,2.4081512854805855,5.799192613761797,1.7577187033386965,1.0335937781459699,1.0573286811998026,4.448440608594958,0.11470221749034823,2.127169390677566,0.4512858903310813,2.2417919194000895,1.0538850028704163,0.3190771622480252,4.457343431130237,2.0954341721278906,0.14209283072390516,2.8270157602142687,2.663473136225977,0.9421500840957826,0.8416799437206295,0.17610356996372978,0.17836934721130673,0.6052338481388343
4,3125,40,3.9439831104249365,15.555002775317158,2.7443823087692025,1.0335937781459699,1.0573286811998026,4.448440608594958,0.11470221749034823,3.5800877886906206,0.7690173290764906,3.9223580477501305,1.0956038732180617,1.4705058469936951,14.603942505976713,4.079213518760652,0.1463843448127682,5.829141155434081,6.611339981500449,1.1341876625061964,0.5932773172648047,0.15148758369531615,0.15108244792363457,0.5076367988928973
4,3125,80,8.587488609620138,73.74496062035561,4.30061266231384,1.0335937781459699,1.0573286811998026,4.448440608594958,0.11470221749034823,5.363682260230537,1.1281966750855295,8.159180079516592,1.5211900488613022,7.700555512563825,66.64407499613583,12.42506020356086,0.16677985295435332,13.155917474323559,24.099349582649968,1.8318258403250651,0.33856432728751706,0.18677932647947015,0.1968891553596499,0.40455654944166936
4,3125,160,63.53416277422453,4036.5898394216574,8.303155515349848,1.0335937781459699,1.0573286811998026,4.448440608594958,0.11470221749034823,5.933464744417451,1.1505067138328295,37.232824279965655,6.275056123826548,38.80496500137129,640.1293813919253,107.88458497106538,0.1701693625916154,26.882580771339775,143.22967295089882,5.327973313618747,0.259951890644403,0.1556145604788373,0.16319049059239765,0.3107120918607492
4,3184,1,1.0610462611657598,1.1258191683338379,0.11851092031413821,1.031382719649488,1.0610462611657592,4.465826677793292,0.20327670543519075,0.2032767054351907,0.04200289904437623,0.2032767054351907,0.9999999999999951,0.0,0.2032767054351907,0.9999999999999951,0.2032767054351907,0.2032767054351907,0.2032767054351907,0.9999999999999951,0.9999999999999951,nan,nan,nan
4,3184,2,1.1247540352231644,1.2650716397507913,0.23512875279000453,1.031382719649488,1.0610462611657592,4.465826677793292,0.20327670543519075,0.3959997475613822,0.08169278228528758,0.39582291797170155,0.999553460347461,0.0006836837897990513,0.41135724254708017,1.0387815777163254,0.19954657203468115,0.39902207536510526,0.39619584396198454,0.9929171051487923,0.999058733209933,0.22591125749594415,0.22591125749594304,0.9296819864274553
4,3184,5,1.3288850025922154,1.7659353501145123,0.5686804934224982,1.031382719649488,1.0610462611657592,4.465826677793292,0.20327670543519075,0.9123230402968568,0.18730541099338943,0.9084546593877247,0.9957598561712588,0.01987769544334708,1.0603185456896889,1.1622183139698798,0.1879866001720978,0.9382829976072457,0.9165072368766088,0.9767919052288392,0.9912138418935701,0.19659697357424888,0.19783608765366067,0.8449193992416331
4,3184,10,1.6877622441652433,2.8485413928296985,1.0468070712807576,1.031382719649488,1.0610462611657592,4.465826677793292,0.20327670543519075,1.609996097963459,0.329517248942286,1.5927529429542224,0.9892899398756002,0.15140506634094697,2.2327666130273487,1.386814922006117,0.17395727004493866,1.731503546574119,1.6697584353224495,0.9643401762740613,0.9538822558166281,0.17675299405161943,0.17906430130687037,0.7530352660316812
4,3184,20,2.596960900823094,6.744205920403896,1.9086837541011241,1.031382719649488,1.0610462611657592,4.465826677793292,0.20327670543519075,2.951471784685611,0.6184885109556861,2.969084843118172,1.0059675510109733,0.7103328053844215,5.864577158271724,1.987000922286104,0.16656461196724734,3.319699437028202,3.3487307568176514,1.0087451651392385,0.886629908084858,0.1505146436811377,0.1574287942751471,0.5986245047089378
4,3184,40,6.318387945257876,39.92202622678004,3.68692820733903,1.031382719649488,1.0610462611657592,4.465826677793292,0.20327670543519075,6.560596422561893,1.5218703608434565,6.0169109541335075,0.9171286521209181,5.037801971007587,22.469177719403714,3.42486814798304,0.15431195562085848,6.136138371970305,7.64341584587097,1.2456394205166332,0.7872018316763293,0.06840664632225804,0.07005629160563076,0.4229266833252157
4,3184,80,38.331695998973586,1469.3189181577277,7.292554251425314,1.031382719649488,1.0610462611657592,4.465826677793292,0.20327670543519075,13.6210702851461,2.9209661802387696,12.375383132575381,0.9085470431843264,18.88200353532193,93.82856413027947,6.888486893177577,0.1625182004029054,12.919362910528996,23.635471485140588,1.8294610693131161,0.5235936647320818,0.0973044083865275,0.09724660710011301,0.3717081583706871
4,3184,160,531.8238891388775,282836.649058801,12.552624798168152,1.031382719649488,1.0610462611657592,4.465826677793292,0.20327670543519075,33.335028359646635,6.407492135370658,40.473919923091074,1.214155856908955,45.79864177869509,467.3997674183263,14.021280029391908,0.1991053434228408,31.205307745991753,142.39115173726992,4.563042700822577,0.28424462776851955,0.2421206259285718,0.25291664301690137,0.3753601876268772
4,3243,1,1.0486270848050925,1.0996187629868266,0.09496354062902237,1.0195178207968865,1.0486270848050918,4.430551393834167,0.1782499471668632,0.1782499471668632,0.043892339403360514,0.1782499471668632,0.9999999999999944,0.0,0.1782499471668632,0.9999999999999944,0.1782499471668632,0.1782499471668632,0.1782499471668632,0.9999999999999944,0.9999999999999944,nan,nan,nan
4,3243,2,1.0993320047485449,1.2085308566644546,0.1894054538635349,1.0195178207968865,1.0486270848050918,4.430551393834167,0.1782499471668632,0.35067559931923814,0.08614031240876314,0.3507055889436744,1.0000855195642169,0.00048375779705951515,0.3602721258914785,1.0273658235442356,0.17592533087276876,0.35181953096655094,0.3511832552878503,0.9981914714144676,0.99863983735846,0.0096822872025219,0.009682287202521846,0.9513189777611077
4,3243,5,1.2636619674530507,1.596841567987315,0.46802765829241855,1.0195178207968865,1.0486270848050918,4.430551393834167,0.1782499471668632,0.8338746083429156,0.20243985644276233,0.8342290449221524,1.0004250478137717,0.012925418342623935,0.9270365896920467,1.111721810949805,0.16902723735319392,0.8444999901430957,0.846060609113924,1.0018479798567703,0.9860157013997334,0.04588556556032714,0.04523382624835911,0.8978981534359965
4,3243,10,1.5768148541509968,2.486345084271229,0.9108137945055307,1.0195178207968865,1.0486270848050918,4.430551393834167,0.1782499471668632,1.5379385404765433,0.3615120817956083,1.5363492916685473,0.9989666369843981,0.08918684114827805,1.9723409069223599,1.282457559267103,0.16021860286354628,1.5988095998743748,1.645141120812661,1.0289787607867287,0.9338708225283591,0.11402748512938538,0.1110468271070091,0.8313459991062686
4,3243,20,2.3369541177011888,5.461354548240542,1.6976968447469716,1.0195178207968865,1.0486270848050918,4.430551393834167,0.1782499471668632,2.8090107579225205,0.6072219400120793,2.7436560571539816,0.9767339086957165,0.6400864115722418,5.154471503116405,1.834977487565242,0.1614214942146219,3.2190717808170444,3.4562864365844055,1.0736903902488164,0.7938161687389935,0.11788543380344359,0.11852274378156065,0.6724293496754867
4,3243,40,4.616706519413912,21.313979086398913,3.0593631525840066,1.0195178207968865,1.0486270848050918,4.430551393834167,0.1782499471668632,5.60392481365322,1.092942547462585,5.689111036197311,1.0152011715675675,3.0471901373797374,16.61025790193008,2.96404010658055,0.18299303996258903,7.263306418588456,8.480591271990853,1.1675937628470539,0.6708389608383718,0.18838083645348644,0.20047907020434005,0.5479726267914974
4,3243,80,12.449379070936693,154.98703925187655,5.0433414956932605,1.0195178207968865,1.0486270848050918,4.430551393834167,0.1782499471668632,7.580210824350443,1.4379319738983962,9.335066843915104,1.231504909326191,6.692102504848632,84.79800513283631,11.18676077721133,0.2184680332184764,17.196440447348458,36.62052640448657,2.1295410824472762,0.2549135078181568,0.3443378335516157,0.366599420357324,0.503472728399823
4,3243,160,127.42739269924579,16237.740410127799,9.695093466727775,1.0195178207968865,1.0486270848050918,4.430551393834167,0.1782499471668632,14.218760057561825,3.331236482523188,24.57705890310157,1.7284952276855525,23.63853829115466,437.15723754065885,30.74510265106905,0.22219129371475227,35.0953280346189,165.18905120605518,4.706867279972668,0.14878140363215955,0.23207447603672698,0.22970338104552293,0.4306682424752833
4,3302,1,1.0511651398656137,1.1049481512686952,0.09979841194006535,1.0121603482279848,1.0511651398656143,4.449444620502928,0.26013061229334555,0.2601306122933455,0.05002141199687616,0.2601306122933456,0.9999999999999966,1.942890293094024e-16,0.2601306122933456,0.9999999999999966,0.2601306122933456,0.2601306122933456,0.2601306122933456,0.9999999999999961,0.9999999999999961,nan,nan,nan
4,3302,2,1.102354812708806,1.2151861331022669,0.19489726102815155,1.0121603482279848,1.0511651398656143,4.449444620502928,0.26013061229334555,0.5222583974733992,0.10048311719103602,0.5224441712550103,1.0003557123877929,0.0007090028634334735,0.5305468874560875,1.0158704771867444,0.25868516917552126,0.5173622162043447,0.5228405026338205,1.0105888800107332,0.9992419650413181,0.7228971077719084,0.7228971077719056,0.9718040472442309
4,3302,5,1.2504086791369016,1.5635218648608908,0.44694088237882706,1.0121603482279848,1.0511651398656143,4.449444620502928,0.26013061229334555,1.31197091407145,0.25243565996214384,1.3191881587665681,1.0055010706546228,0.02200200126497968,1.4068342038806927,1.0723059397062786,0.2543337895980373,1.2715016062922255,1.3269671256751912,1.0436220600182373,0.9941377847588605,0.699211859705547,0.6992266658336407,0.9328267813078208
4,3302,10,1.488682392135775,2.2161752646550936,0.7957828563058723,1.0121603482279848,1.0511651398656143,4.449444620502928,0.26013061229334555,2.577666386951505,0.49345859657687485,2.6753645154011445,1.0379017738463752,0.22388436433698178,3.1275652303302226,1.2133320456682752,0.24791383837919348,2.478030399791598,2.736102009183419,1.1041438431964046,0.9778014512695736,0.6515422882776976,0.6515260065923237,0.8727475342838704
4,3302,20,2.213632406622732,4.900168431650348,1.5892695783320088,1.0121603482279848,1.0511651398656143,4.449444620502928,0.26013061229334555,4.555701819291081,0.8641801489336975,5.592616306931269,1.227608067597704,1.6511926024537091,8.283440189667544,1.8182577609867672,0.24080328848445753,4.812734517851824,5.984512297973507,1.2434744272253577,0.9345149660441097,0.39451631901851236,0.39269155534542494,0.7387236620777216
4,3302,40,4.825665569991409,23.287048193400505,3.1478973344899246,1.0121603482279848,1.0511651398656143,4.449444620502928,0.26013061229334555,6.7058605275477685,1.2849532319269634,8.315626380034995,1.240053583857625,6.184319501963273,24.032800219776774,3.583850293493235,0.22840792588520034,9.106436661940316,11.508573874223522,1.26378454069996,0.7225592389566206,0.20749660240656367,0.20870490226222943,0.544297952884676
4,3302,80,25.227384123390614,636.4209097091008,6.455860152160679,1.0121603482279848,1.0511651398656143,4.449444620502928,0.26013061229334555,8.945925089922593,2.03388374177561,22.478405530731383,2.5126977148571092,21.35752490228944,87.5446723275397,9.785983165246602,0.23908506806791005,19.05574701156359,37.56714028092429,1.9714336183266625,0.5983528520573973,0.16717342247464548,0.16295689625801849,0.4854311876077859
4,3302,160,212.78878485258002,45279.06695903759,10.720600106636436,1.0121603482279848,1.0511651398656143,4.449444620502928,0.26013061229334555,20.308318440886563,3.992559664797105,107.294526969756,5.283279720183078,108.54059837591517,434.3951386103234,21.390010200734267,0.21027799984259138,32.944333894893305,171.44798845029223,5.204172256063382,0.6258138572495636,0.26279400743565196,0.2676546503233966,0.447978636153645
4,3361,1,1.0594832124289344,1.1225046774187346,0.11556250759105566,1.0342422634944477,1.0594832124289348,4.455563475228656,0.2526321576421511,0.25263215764215097,0.04975414617814199,0.25263215764215097,0.999999999999996,0.0,0.25263215764215097,0.999999999999996,0.25263215764215097,0.25263215764215097,0.25263215764215097,0.999999999999996,0.999999999999996,nan,nan,nan
4,3361,2,1.121477908367468,1.2577126989562708,0.22929475298769442,1.0342422634944477,1.0594832124289348,4.455563475228656,0.2526321576421511,0.4977739079769603,0.09809856210654727,0.49792573900977793,1.0003050200711276,0.000820390425728273,0.5198343505604005,1.0443181979407008,0.2523412692794864,0.5046822028479314,0.4985361293779972,0.9878218937873124,0.9987756346385932,0.10997176504216506,0.10997176504216463,0.920465013234444
4,3361,5,1.3220794906554953,1.747894179611894,0.5584117374213806,1.0342422634944477,1.0594832124289348,4.455563475228656,0.2526321576421511,1.2002965095029328,0.23778361286039598,1.2052888288934256,1.004159238447306,0.018838691474225108,1.4213137979866743,1.1841355754464937,0.25239192507094765,1.2619585184599682,1.2157882138136462,0.9634137699687095,0.991364133324432,0.11806416047516312,0.1180632388822439,0.8288296606239656
4,3361,10,1.7088804855476283,2.920272513885498,1.071676938598643,1.0342422634944477,1.0594832124289348,4.455563475228656,0.2526321576421511,2.331413885947931,0.4724931010440984,2.3636597055589603,1.0138310146496865,0.14832458261776052,3.268504247849666,1.4019407997652558,0.25252171528412776,2.525206243137844,2.443889062616508,0.9677978063208446,0.9671714406824783,0.12255550625416826,0.12255251410526373,0.7442149703626226
4,3361,20,2.7537183401199963,7.582964696713227,2.0259042441248445,1.0342422634944477,1.0594832124289348,4.455563475228656,0.2526321576421511,4.438266506798506,0.9967210312784802,4.261539095132544,0.9601809825085417,1.2160073199774877,8.212980578541087,1.8504928818403534,0.24349106341785617,4.863973914863255,4.888924138997909,1.0051295966161353,0.8716721663032468,0.05979002350385694,0.05845706252526109,0.6316356105815442
4,3361,40,5.828588440692319,33.972443210972116,3.525549702193549,1.0342422634944477,1.0594832124289348,4.455563475228656,0.2526321576421511,6.93182254621543,1.6491926029204023,6.889837201606596,0.9939431016404543,5.419986530087579,20.8297757238532,3.00494935999561,0.2175032213166953,8.618419141636942,9.657012589027161,1.1205085793951015,0.7134543046402584,0.0788983077280252,0.07101381148328816,0.5474281904098397
4,3361,80,28.101562888578766,789.6978367807474,6.671650387207327,1.0342422634944477,1.0594832124289348,4.455563475228656,0.2526321576421511,8.557045286070464,1.8056623623499921,11.757501515016218,1.3740141745136718,12.446304610753943,73.27917184874741,8.563606875849363,0.18494800549028415,14.402768513151686,30.641312748072504,2.1274599199516966,0.3837140272573937,0.16956786138513108,0.16682567114621613,0.4945472885546509
4,3361,160,823.1278916212411,677539.5259648297,13.426223170941727,1.0342422634944477,1.0594832124289348,4.455563475228656,0.2526321576421511,18.247950415397163,4.264383539328193,36.75340550598254,2.014111430014131,43.516255185162535,238.99704370215804,13.09719931617626,0.1763886550526512,27.387036441766547,74.82592405048162,2.7321657898102654,0.4911854544046353,0.1446237586127587,0.1543812419228126,0.36792095623600796
4,3420,1,1.0637161804611601,1.1314921125748794,0.12353721529816161,1.029934296289197,1.063716180461161,4.453729833701037,0.1394796851054058,0.1394796851054057,0.030809948889396428,0.1394796851054057,0.9999999999999928,0.0,0.1394796851054057,0.9999999999999928,0.1394796851054057,0.1394796851054057,0.1394796851054057,0.9999999999999928,0.9999999999999928,nan,nan,nan
4,3420,2,1.1326642645252742,1.2829283361325805,0.249145227590678,1.029934296289197,1.063716180461161,4.453729833701037,0.1394796851054058,0.28090633192563136,0.06218183171954876,0.2809463190044442,1.0001423502223596,0.00021709390499244274,0.29012574157107096,1.032820227234605,0.1405380375124352,0.28106816422214087,0.28139231273517956,1.0011532736691642,0.9984150465007334,0.2213155326499148,0.22131553264991322,0.9412037848847773
4,3420,5,1.3700539609164633,1.8770478558228898,0.6297002531892606,1.029934296289197,1.063716180461161,4.453729833701037,0.1394796851054058,0.7146049633128287,0.1592568096334096,0.7148570296810963,1.0003527352610286,0.005653520004467163,0.8088083749892243,1.1318258569597361,0.1419775589141222,0.7098550855426724,0.7226705582180172,1.0180536463517007,0.9891879799888504,0.29297532821736705,0.2933308017097808,0.8739118264147155
4,3420,10,1.8476838490015262,3.4139356058610946,1.2278657624079234,1.029934296289197,1.063716180461161,4.453729833701037,0.1394796851054058,1.4438725835988353,0.32292856444765433,1.4245997954013128,0.9866520159628722,0.05664271228572363,1.8742019632340934,1.2980383342155204,0.13990520133178705,1.3987682197745097,1.485520645732819,1.062020586922037,0.9589902365164003,0.32171178328851613,0.3219165525405831,0.7912971139016355
4,3420,20,2.758768476967542,7.61080350950981,2.02956875230633,1.029934296289197,1.063716180461161,4.453729833701037,0.1394796851054058,2.8252555711602008,0.6007642204455629,2.576525103637641,0.911961781418444,0.4466188827520082,4.7649884858301315,1.686569007940535,0.14580831099805486,2.9086573803904066,3.223347649051974,1.1081909030548411,0.7993320560366574,0.23164583110437476,0.2290709670657836,0.6914322936883541
4,3420,40,4.656003668465464,21.678370160763862,3.076314996658969,1.029934296289197,1.063716180461161,4.453729833701037,0.1394796851054058,5.09231994100869,0.9992197968827703,4.347601758663141,0.8537565999441041,1.837684172353285,15.133629133131135,2.9718535576013814,0.18465629985800128,7.226472405566165,9.235272335261108,1.2779779423426114,0.4707605364341669,0.22649899471124257,0.24159741635521048,0.6209462144192568
4,3420,80,19.25158099915414,370.6233709669927,5.9151863743750255,1.029934296289197,1.063716180461161,4.453729833701037,0.1394796851054058,9.422803473183365,2.171131838951573,10.460879653725929,1.110166383443829,11.045335323842027,53.20754326957564,5.646678657896299,0.1740669710238629,13.699001703646633,25.077403748654927,1.8306008197648003,0.41714364686922656,0.21266946780704055,0.22951146179956408,0.5280849647798297
4,3420,160,103.89250121584091,10793.651808883506,9.286713444819076,1.029934296289197,1.063716180461161,4.453729833701037,0.1394796851054058,24.155417679672013,5.707168111162507,33.98082847350921,1.406758058342571,46.313231759635464,292.627272822031,12.11435367016201,0.14223239670993507,21.647379562213352,80.37529215662698,3.7129340262932478,0.42277704455855564,0.16812835700922082,0.16490087529802516,0.31731724562167496
4,3479,1,1.0548556845411468,1.1127205152087714,0.10680793133407543,1.0286047217038867,1.0548556845411463,4.4296326910632615,0.16134676860283187,0.16134676860283184,0.03684800294855866,0.16134676860283184,0.9999999999999938,0.0,0.16134676860283184,0.9999999999999938,0.16134676860283184,0.16134676860283184,0.16134676860283184,0.9999999999999938,0.9999999999999938,nan,nan,nan
4,3479,2,1.1111579276357582,1.2346719401477928,0.21080529928471972,1.0286047217038867,1.0548556845411463,4.4296326910632615,0.16134676860283187,0.32210250314319017,0.07424289013779327,0.3222726006390011,1.0005280849858353,0.0002868097337702154,0.33094938890921194,1.0274660571702787,0.1611902497277955,0.3223803473249182,0.32266206958099114,1.000873881607268,0.998792950957958,0.4277241257926881,0.42772412579268543,0.9512269086726295
4,3479,5,1.285081101597851,1.6514334376839461,0.5016436608790077,1.0286047217038867,1.0548556845411463,4.4296326910632615,0.16134676860283187,0.8000265658010454,0.1884636937857399,0.8045577345561302,1.005663772865526,0.008765356778793946,0.8812537764897528,1.1015306418073452,0.15989845341633918,0.7994639195039657,0.8115161684512215,1.01507541322782,0.9914253909341418,0.47389150871969415,0.4738784150608249,0.9059087584526685
4,3479,10,1.5700683053264257,2.4651144833905945,0.9022382499823485,1.0286047217038867,1.0548556845411463,4.4296326910632615,0.16134676860283187,1.5657177132029918,0.37381765274494333,1.594229827483204,1.0182102521034164,0.08166228019026958,1.8939797560109348,1.2096559552465018,0.15634366619113363,1.5629088236469773,1.6416202520190915,1.050362137049328,0.9711319201395078,0.31950336161031007,0.3206836409012529,0.8616429859182761
4,3479,20,2.1729431885782704,4.7216821007887,1.5521651133959038,1.0286047217038867,1.0548556845411463,4.4296326910632615,0.16134676860283187,2.7729270415893135,0.6415916620525229,2.849137529873744,1.0274837697283046,0.6121415305848777,4.42192254416573,1.5946768443035872,0.15118099978371058,3.021191227136233,3.197962411473697,1.0585104255400022,0.8909227699648893,0.186131270826358,0.18534815278174363,0.7290889796170601
4,3479,40,4.56469385284168,20.83642997017062,3.0367028955968185,1.0286047217038867,1.0548556845411463,4.4296326910632615,0.16134676860283187,4.089030478549156,0.9432428886450481,4.412301572113005,1.0790581276563507,2.473042092249104,14.717229779565427,3.5991978677515992,0.13565417924570033,5.358908969327942,6.441005697122289,1.2019248197698067,0.6850330180711269,0.09533651832880298,0.09873872748736223,0.5118289223738416
4,3479,80,16.19341790721332,262.226783517657,5.569209715302875,1.0286047217038867,1.0548556845411463,4.4296326910632615,0.16134676860283187,9.933529664344894,2.6388036284020173,10.095578184249192,1.0163132869563924,12.5051293485364,60.23805024400933,6.064113389646978,0.11912999931835865,9.331578015739723,15.287055473465992,1.638206897877408,0.6604004415220617,0.20984371073154523,0.19844398596194465,0.37952266295280185
4,3479,160,51.10414792361971,2611.633934999205,7.867731333177822,1.0286047217038867,1.0548556845411463,4.4296326910632615,0.16134676860283187,13.574292742050542,2.7523833546821233,21.910358877661672,1.614106848439153,26.068305659684135,207.67168644914972,15.29889552225604,0.13397798601795327,20.699850668745434,53.40536525010637,2.5799879479682803,0.41026512551785294,0.21261200465265892,0.1903194535713015,0.36208465396312745
4,3538,1,1.0479124243750515,1.098120449159598,0.09360003575903621,1.0301234662320222,1.0479124243750506,4.435853790833032,0.10332582972398324,0.10332582972398321,0.028365709213805945,0.10332582972398321,0.9999999999999903,0.0,0.10332582972398321,0.9999999999999903,0.10332582972398321,0.10332582972398321,0.10332582972398321,0.9999999999999903,0.9999999999999903,nan,nan,nan
4,3538,2,1.0975021496773982,1.2045109685465103,0.1860736493381017,1.0301234662320222,1.0479124243750506,4.435853790833032,0.10332582972398324,0.20764746425311528,0.05731677672784437,0.20766046083529655,1.0000625896503337,7.528193115598753e-05,0.21357361812679304,1.0285394955098173,0.10433894546828244,0.2086681478811078,0.2077952461171479,0.9958167944038193,0.9993513553155284,0.14911382200726805,0.1491138220072666,0.9466108971132698
4,3538,5,1.256030855942109,1.5776135110786669,0.45591326915427305,1.0301234662320222,1.0479124243750506,4.435853790833032,0.10332582972398324,0.5245030007151014,0.14639155453813604,0.5249207554895112,1.0007964773773255,0.002238605082437906,0.5870576669780191,1.1192646489679379,0.10715592595279502,0.5356223105645638,0.5275797051215441,0.9849845585510739,0.9949600987183136,0.19799056227620768,0.19843253034650163,0.8766947977797677
4,3538,10,1.5508714595733544,2.4052022841191865,0.8776340098415594,1.0301234662320222,1.0479124243750506,4.435853790833032,0.10332582972398324,1.0478782174676955,0.2927873500604087,1.0520373609136449,1.003969109555497,0.020019277118062645,1.356931317748779,1.294932268969137,0.1104434170833721,1.1037815359874659,1.0734055055158407,0.972480033882383,0.9800931293044485,0.3083334889150063,0.31034155601153957,0.7792015918011548
4,3538,20,2.246343334143521,5.04605837485103,1.6186074186915922,1.0301234662320222,1.0479124243750506,4.435853790833032,0.10332582972398324,1.922667682685415,0.5139814864170289,1.9508538459093658,1.014659924581757,0.15095384762648675,3.410478797582577,1.7738264538878166,0.10902791967011612,2.178163145376738,2.104554807844725,0.966206233133523,0.9269674700975047,0.33926849171484025,0.33937272520242245,0.6368095360289514
4,3538,40,4.288805648904904,18.393853894078614,2.912016581319602,1.0301234662320222,1.0479124243750506,4.435853790833032,0.10332582972398324,3.2168801959113784,0.7667239975646277,3.3405107634355575,1.0384318221366502,0.9655563485201645,10.661422596354381,3.3142118907334304,0.09674159086998352,3.8198577831984473,4.2323487923154435,1.1079859598258677,0.7892805927292259,0.24795810899975834,0.2504586407388718,0.4692766166770646
4,3538,80,14.899389595821846,221.99181032808428,5.4026404907777765,1.0301234662320222,1.0479124243750506,4.435853790833032,0.10332582972398324,8.153878044745719,1.5389420081658167,7.11132819601212,0.8721406129681557,5.279623509302183,33.57273747762679,4.1173950963444605,0.13468908792225873,10.314744748180807,14.709132933006046,1.4260297556660593,0.48346345283581615,0.21030636202434053,0.184133218166809,0.48492363311161796
4,3538,160,169.14464416710425,28609.910650416314,10.261508463019926,1.0301234662320222,1.0479124243750506,4.435853790833032,0.10332582972398324,12.106840606190886,2.7543846405945374,27.648349398461672,2.28369649009202,29.59339627495435,274.3253315984487,22.658705150390038,0.13684071658170854,21.330399249014377,78.18318108824583,3.665340726890448,0.3536355135928124,0.2268620005363557,0.2219338715708587,0.3601756814411483
4,3597,1,1.049473397805203,1.1013944127007982,0.09657702492689253,1.02821456683748,1.0494733978052035,4.459556291950813,0.1844947154527524,0.18449471545275248,0.03746537718059712,0.18449471545275237,0.999999999999994,6.181460191301304e-16,0.18449471545275237,0.999999999999994,0.1844947154527524,0.18449471545275237,0.18449471545275237,0.9999999999999946,0.9999999999999946,nan,nan,nan
4,3597,2,1.1032298110174579,1.2171160159176158,0.1964841388929016,1.02821456683748,1.0494733978052035,4.459556291950813,0.1844947154527524,0.37174397684141386,0.07477894337156318,0.3717216229007589,0.9999398673763435,0.00036611002836518873,0.3828503525966417,1.0298764107749478,0.18660766501236278,0.3731916715827873,0.37225608416935296,0.9974930110056655,0.9985642645175627,0.14854330470892724,0.14854330470892643,0.9454335148388153
4,3597,5,1.2932738769807424,1.6725573208808004,0.5143537850074248,1.02821456683748,1.0494733978052035,4.459556291950813,0.1844947154527524,0.9427104576992852,0.18541588936548342,0.9423871002377319,0.9996569917529678,0.010847082182813637,1.069146164738287,1.1341193428017877,0.19125337791856986,0.9560432591417618,0.9488203139489074,0.9924449598657916,0.9932197765829843,0.20339883729902078,0.20432204498967627,0.8644418011891717
4,3597,10,1.714836560639209,2.9406644297049116,1.0786355523154978,1.02821456683748,1.0494733978052035,4.459556291950813,0.1844947154527524,1.8788357787680028,0.36318609255129325,1.8719714033241512,0.99634647395934,0.07254048199593303,2.4665017736478956,1.3127819905927265,0.188576548081258,1.884645150956592,1.9024605042796097,1.0094528953177069,0.9839738586494311,0.21846794756121377,0.21888922405884914,0.7701567121173127
4,3597,20,2.9606817212182297,8.765636254355739,2.1708391060815715,1.02821456683748,1.0494733978052035,4.459556291950813,0.1844947154527524,3.38368871130497,0.6408130302886371,3.1588425274088734,0.933549979599222,0.5007432855554943,5.730372820476418,1.6935283678227049,0.16757386263439233,3.314550066831771,3.461832337602022,1.0444350719707276,0.9124770408716478,0.08927616623189921,0.09786916168065961,0.6413681598965472
4,3597,40,6.898276157907795,47.58621395075914,3.8625430964053558,1.02821456683748,1.0494733978052035,4.459556291950813,0.1844947154527524,3.981067763101567,0.7898351900076505,4.126149482813902,1.0364429164097682,2.437183439063798,16.51184260311967,4.147591446736801,0.1618621146000975,6.417015586281011,6.686163393619509,1.0419428321031212,0.6171176562558155,0.12235795758855218,0.11652661919974591,0.47694796357960073
4,3597,80,13.3002419844451,176.8964368447961,5.175564458762747,1.02821456683748,1.0494733978052035,4.459556291950813,0.1844947154527524,7.729711438277779,1.699955236083165,11.054452844015177,1.4301249059923726,9.067672224865454,58.86047295900034,7.614834451325231,0.15007790019155767,11.862672071768054,22.93252170512493,1.933166622695571,0.4820426199158352,0.2501199963369229,0.2578469899714111,0.4600160620202828
4,3597,160,246.7777497434394,60899.2577684356,11.0169762659133,1.02821456683748,1.0494733978052035,4.459556291950813,0.1844947154527524,17.11580013254127,3.864556472343128,34.43684639262797,2.011991617450312,38.43977099076988,298.9572930786587,17.466743638252044,0.13681704646232923,21.45566785065664,96.20736501362539,4.484007008464246,0.35794397224943064,0.1635128800701792,0.16721373770267245,0.35373748409153805
4,3656,1,1.070431542864439,1.1458236879591435,0.13612375650803912,1.0285273988723775,1.0704315428644386,4.457412954127415,0.13111062869935544,0.13111062869935533,0.03000227114889137,0.13111062869935533,0.9999999999999923,0.0,0.13111062869935533,0.9999999999999923,0.13111062869935533,0.13111062869935533,0.13111062869935533,0.9999999999999923,0.9999999999999923,nan,nan,nan
4,3656,2,1.144964208494886,1.3109430387343206,0.2707467551224002,1.0285273988723775,1.0704315428644386,4.457412954127415,0.13111062869935544,0.26094971306237724,0.05979574369492291,0.26095792999870826,1.0000314885815875,0.00017372816340121682,0.2710018527532606,1.0385213670975737,0.13096427696741653,0.2619283902046501,0.26149872612786373,0.9983596124251685,0.9979319358944332,0.024249632421332937,0.024249632421332754,0.9322096641580593
4,3656,5,1.3920586880844497,1.937827391071399,0.6615674440073737,1.0285273988723775,1.0704315428644386,4.457412954127415,0.13111062869935544,0.6448780496700643,0.14803683775608545,0.6448545267639795,0.9999635234815359,0.0052650737744425,0.7439023260402219,1.1535550425709475,0.13037552174125744,0.6518707120286065,0.6545913174205186,1.004173535245117,0.9851253898464329,0.04677798292219093,0.04673199751967676,0.8592922853305349
4,3656,10,1.8727935174562915,3.507355559026309,1.254862351541063,1.0285273988723775,1.0704315428644386,4.457412954127415,0.13111062869935544,1.267420353490961,0.28950368180995173,1.2617494338953157,0.9955256205409464,0.047472967048328006,1.6882013264645297,1.3319979609090034,0.12809474626184383,1.2806452655594351,1.3290358160189044,1.03778606907068,0.9493720324820556,0.018528911451791683,0.018667891535239484,0.7887734199726711
4,3656,20,3.0140124228782925,9.084270885264676,2.2065444438410498,1.0285273988723775,1.0704315428644386,4.457412954127415,0.13111062869935544,2.3061021581600474,0.5091044370694534,2.2019699573396827,0.954844931543081,0.2652987353867619,4.0912139683014646,1.7740818436099508,0.12354955240750651,2.4688231638415177,2.75971180614084,1.1178248189500521,0.7978985169538046,0.15430558421503185,0.1523026948573803,0.7010798542706035
4,3656,40,5.0398911044091355,25.400502344302335,3.2347689511636597,1.0285273988723775,1.0704315428644386,4.457412954127415,0.13111062869935544,3.2665767679428988,0.7327781477105774,3.534580696438763,1.0820442767872365,1.0971148945143925,12.755238641262507,3.904772349585715,0.12370816554886598,4.945568317306546,6.434179288358327,1.3009989702988283,0.5493444521874066,0.2528761064463021,0.2526510346402093,0.5436174398231235
4,3656,80,16.286128975129948,265.23799699456725,5.580627524800335,1.0285273988723775,1.0704315428644386,4.457412954127415,0.13111062869935544,2.4905178890328483,0.5743532267566277,3.396985455266338,1.3639674985773742,3.4618314841677558,45.683138650231065,18.34282694832252,0.11423192047927905,9.084959764263905,16.3756799194509,1.802504396757525,0.207440880132948,0.18156413291228002,0.18516350714271998,0.41458701518822144
4,3656,160,94.29868420513255,8892.241842819314,9.092934472512177,1.0285273988723775,1.0704315428644386,4.457412954127415,0.13111062869935544,6.925266631938573,1.543989683949742,21.871774157030192,3.1582573378705674,25.795456943157184,528.0241997749514,76.24604623015689,0.12699899737007622,20.016750703508297,112.0961083276172,5.600115122978993,0.19511626659782647,0.17006456558453018,0.16481137892924286,0.28501870021990156
4,3715,1,1.0561662642217886,1.1154871776802089,0.10929124014057481,1.022856671576981,1.0561662642217884,4.457360603437153,0.09541875375550977,0.09541875375550982,0.023289956513378847,0.09541875375550982,0.9999999999999896,0.0,0.09541875375550982,0.9999999999999896,0.09541875375550983,0.09541875375550982,0.09541875375550982,0.9999999999999896,0.9999999999999896,nan,nan,nan
4,3715,2,1.1145916356252523,1.2423145142057752,0.21697618350320194,1.022856671576981,1.0561662642217884,4.457360603437153,0.09541875375550977,0.1909990667898825,0.046535785894866365,0.1910003450284952,1.0000066923814508,6.861726111367873e-05,0.1975796862105202,1.0344536731578693,0.09613838411399436,0.19227142141027925,0.19129289922004467,0.9949107247293525,0.9984706479292055,0.2756453806750711,0.2756453806750682,0.9375858922400657
4,3715,5,1.3014885335481237,1.6938724029572454,0.5270172704633411,1.022856671576981,1.0561662642217884,4.457360603437153,0.09541875375550977,0.47710277080452584,0.11535326415353891,0.477056565943402,0.9999031553284695,0.0020567688627182996,0.5469071171266855,1.1463088260930643,0.0983971513508184,0.49187222546089193,0.4838161384323186,0.9836215858274461,0.9860286337061426,0.2748732010095588,0.27496642440874064,0.8606589060898386
4,3715,10,1.6352830777306164,2.6741507443121173,0.9836318511790934,1.022856671576981,1.0561662642217884,4.457360603437153,0.09541875375550977,0.9250533329095092,0.21996666858443978,0.9225401249817964,0.9972831751010407,0.01987852290886351,1.2797980268655929,1.3834856665402493,0.10171694411411546,1.0164923058990811,0.9846710578249867,0.9686950428552926,0.9369018390969767,0.11307822679358387,0.11194813169702185,0.7559812721623484
4,3715,20,2.2753465873403425,5.177202092521343,1.6442647737661893,1.022856671576981,1.0561662642217884,4.457360603437153,0.09541875375550977,1.4876635584416096,0.3438156671244407,1.4621494257100045,0.9828495276456638,0.13249651261411635,3.4160721127500144,2.2962665808178375,0.10098679243783859,2.0183498099695876,1.9602472229141497,0.9712128260579794,0.7459005214333823,0.16686622460249514,0.16711274681780955,0.5946799833588162
4,3715,40,3.4831099575028253,12.132054976055333,2.495851121307605,1.022856671576981,1.0561662642217884,4.457360603437153,0.09541875375550977,2.5050832743852673,0.5660178719816932,2.510317413427381,1.0020894072047952,0.5781923411741853,12.386761012182863,4.944650398986236,0.1252221851119458,4.882445980087693,5.564267871440521,1.1396476057561173,0.4511496339548962,0.14380057162557194,0.1400917540708231,0.49173135129577233
4,3715,80,11.97698573006653,143.4481871782173,4.965973905039871,1.022856671576981,1.0561662642217884,4.457360603437153,0.09541875375550977,6.1323371486008815,1.4983065212051392,7.180119006847094,1.1708617502358407,6.3776819261609585,62.46562902362242,10.186267895899071,0.13398991424381673,10.546261450566956,18.60047618007133,1.7637033054088929,0.3860180211160357,0.14255137098724585,0.1390148495734636,0.3886178861700597
4,3715,160,109.30141850478604,11946.800087158384,9.388218746368304,1.022856671576981,1.0561662642217884,4.457360603437153,0.09541875375550977,16.455522272088572,3.1632249492273807,32.69359200064495,1.9867854365278315,36.601940522344876,505.9556772342579,30.746862291478084,0.17192850521719452,26.069257436426515,107.1018958575743,4.108360052784667,0.30525689334315215,0.16242275825442445,0.15405113601809947,0.30201165020962845
4,3774,1,1.054788499216594,1.1125787780795946,0.10668054430816308,1.0240104712194655,1.0547884992165946,4.449275068055868,0.13556405997523424,0.13556405997523424,0.03094783777408325,0.13556405997523424,0.9999999999999927,0.0,0.13556405997523424,0.9999999999999927,0.13556405997523424,0.13556405997523424,0.13556405997523424,0.9999999999999927,0.9999999999999927,nan,nan,nan
4,3774,2,1.1118350441019058,1.2361771652930869,0.2120236863794106,1.0240104712194655,1.0547884992165946,4.449275068055868,0.13556405997523424,0.2717725559107479,0.06229658630449908,0.2717316491743708,0.9998494817247422,0.00019522475173055625,0.27983166782702157,1.0296538842535643,0.13625029373584224,0.2724971484865129,0.27191176903297165,0.9978517960397254,0.9993375797625736,0.13229215512306383,0.13229215512306283,0.9445767842341495
4,3774,5,1.2945476670457934,1.6758536622537064,0.516322684556723,1.0240104712194655,1.0547884992165946,4.449275068055868,0.13556405997523424,0.6877590197194718,0.1599076287673086,0.6871030754736027,0.9990462586064844,0.005719700877723869,0.7699169458831039,1.1194574317573358,0.13896323062261406,0.6946956700730392,0.6901769089214326,0.993495337100442,0.9955463107964095,0.26133735355161924,0.2622829332262522,0.8752719226325838
4,3774,10,1.6216871359064033,2.6298691667643137,0.9669340984748289,1.0240104712194655,1.0547884992165946,4.449275068055868,0.13556405997523424,1.4085427818174943,0.33590876774048295,1.4116251714728356,1.0021883535914777,0.05260229070702252,1.774827586724058,1.2600452110044762,0.1431788551945953,1.4310291507019315,1.4321452782794826,1.0007799474783603,0.9856717700935341,0.21471561702851064,0.21214013450468305,0.7984661747996626
4,3774,20,2.2626657023731904,5.119656080695963,1.6330872650562243,1.0240104712194655,1.0547884992165946,4.449275068055868,0.13556405997523424,2.697757060333984,0.6594054734272982,2.7989185704421695,1.0374983765571761,0.45709078342070725,4.586877742947094,1.7002560424693076,0.1383063564450973,2.7577399281167483,2.962004729541547,1.07406963917888,0.944940614890706,0.10200974960673573,0.1038493930662459,0.6736066887919215
4,3774,40,3.8544543324703837,14.856818201099712,2.6984588979982465,1.0240104712194655,1.0547884992165946,4.449275068055868,0.13556405997523424,3.787783242201199,0.8553498261670894,4.135834915397097,1.091887959511018,3.028637384557647,13.812209925790267,3.646515400327807,0.12729225068805736,5.020443052542899,6.874185876343319,1.369238890751182,0.6016472335480588,0.25058624460041445,0.2459168694718309,0.5573706484978648
4,3774,80,14.128268943431415,199.60798333792863,5.296355359760526,1.0240104712194655,1.0547884992165946,4.449275068055868,0.13556405997523424,8.382467614609434,1.4906467087072885,13.012770475574934,1.5523794512364768,11.27207110301272,69.52756045430695,8.294402513781312,0.16513240465770632,12.791518390095774,28.535719470308155,2.2308312899274574,0.456016905027221,0.21892285693054933,0.2112661839291055,0.45595170117214706
4,3774,160,116.04693375426076,13466.890833765787,9.507989421214305,1.0240104712194655,1.0547884992165946,4.449275068055868,0.13556405997523424,17.081710371290267,3.8203718197938645,52.1696333211335,3.0541223441428054,59.482262939334035,383.79702579321474,22.468301911866725,0.17882980378329746,27.368662974806213,144.2784671275088,5.2716666232589455,0.3615898779616754,0.18920577445103293,0.1880351444447246,0.4014162267398558
4,3833,1,1.0594440544995958,1.1224217046145424,0.11548858730138019,1.033037620780824,1.0594440544995962,4.4546378758338605,0.16206113280159146,0.16206113280159146,0.03158139583229598,0.16206113280159146,0.9999999999999938,0.0,0.16206113280159146,0.9999999999999938,0.16206113280159146,0.16206113280159146,0.16206113280159146,0.9999999999999938,0.9999999999999938,nan,nan,nan
4,3833,2,1.123443216760232,1.2621246612845776,0.23279653997315491,1.033037620780824,1.0594440544995962,4.4546378758338605,0.16206113280159146,0.3225162557412908,0.06235610598465802,0.3224377989853734,0.9997567354993067,0.0003100561008239611,0.3337381064223168,1.034794682380372,0.1619645991483005,0.32392914072658036,0.32353630076404516,0.9987872657530747,0.9966047031628952,0.23522874442904085,0.23522874442903938,0.9406423470547424
4,3833,5,1.3431655000104765,1.8040935604183934,0.5900582830552471,1.033037620780824,1.0594440544995962,4.4546378758338605,0.16206113280159146,0.8139461468803225,0.15387440885624148,0.8122565702618304,0.9979242157175031,0.009452624291861613,0.937315752835784,1.1515697401213938,0.16580876228759617,0.8287664539154384,0.831654239048037,1.0034844377676662,0.976675801221898,0.3703979956659829,0.3712277426060196,0.8648306552722342
4,3833,10,1.8019450499599292,3.247005963075092,1.1777333296065777,1.033037620780824,1.0594440544995962,4.4546378758338605,0.16206113280159146,1.7657822776838983,0.3237116778280989,1.7572253646690112,0.9951540384547795,0.0749851312445271,2.373037203034725,1.3439013592022997,0.17825894828078506,1.77759769177185,1.8686075614583784,1.0511982379971545,0.9403929433409557,0.3834972784133082,0.3853725270572154,0.7778324851392138
4,3833,20,3.191741251189324,10.18721221454359,2.3211332292888174,1.033037620780824,1.0594440544995962,4.4546378758338605,0.16206113280159146,4.20403538243307,0.7478857167084055,3.834977452504557,0.9122134101271708,0.8213192126865263,7.087277731883503,1.6858273271196318,0.2022909900235982,4.009354761425143,4.525480835412478,1.1287304578165775,0.8474187808940339,0.17991252068397673,0.18178996888038215,0.6506899108618607
4,3833,40,6.202674518730534,38.47317118530906,3.6499611460496624,1.033037620780824,1.0594440544995962,4.4546378758338605,0.16206113280159146,8.305183242569699,1.5834784638049244,6.236893456690294,0.7509639793041509,4.403732308357431,24.652547865734036,2.968332804431454,0.2390651915853692,9.404570424904716,10.51618325984232,1.1181992142877555,0.5930757673753024,0.1133256709370884,0.11113016477849139,0.4693590567931737
4,3833,80,22.506607672333292,506.5473889163318,6.227617880844869,1.033037620780824,1.0594440544995962,4.4546378758338605,0.16206113280159146,14.28245679500264,3.0268916836660718,14.067368244135203,0.9849403674763646,23.072004022935907,89.55766984799077,6.270466708453586,0.20661819244843377,15.954054766410701,30.160123828735195,1.8904362728046804,0.46642276152501916,0.14047403975415526,0.14577025603766217,0.41549201699469734
4,3833,160,564.9743728798054,319196.0420109294,12.67356074476578,1.033037620780824,1.0594440544995962,4.4546378758338605,0.16206113280159146,35.36647889726627,7.809837070111715,38.615224254544,1.0918594516212596,49.99683752085622,283.3333440999553,8.01135292328624,0.16878714468722708,25.359515475443633,93.95094044458074,3.704760863256879,0.41101477081351984,0.21128923204878097,0.2076581778101872,0.4022250264543087
4,3892,1,1.053335923069097,1.1095165668278268,0.10392439507518197,1.0385946736711105,1.0533359230690975,4.467149195438158,0.16252924064520324,0.16252924064520316,0.030870411054370387,0.16252924064520316,0.9999999999999939,0.0,0.16252924064520316,0.9999999999999939,0.1625292406452032,0.16252924064520316,0.16252924064520316,0.9999999999999939,0.9999999999999939,nan,nan,nan
4,3892,2,1.1100357846996862,1.2321794433138482,0.20878450654556066,1.0385946736711105,1.0533359230690975,4.467149195438158,0.16252924064520324,0.32231309520897466,0.061379666716137336,0.3223152455471135,1.0000066715816696,0.0001680195512628061,0.3312133783796718,1.0276137808329677,0.16119145943385646,0.3223717228710708,0.3229722149746713,1.0018627319364475,0.9979658639440228,0.07023840798955744,0.07023840798955701,0.9519103675713751
4,3892,5,1.3090807985139177,1.7136925370378364,0.5386504207926703,1.0385946736711105,1.0533359230690975,4.467149195438158,0.16252924064520324,0.7795584311008992,0.1504280736715307,0.7795236970031347,0.9999554438815877,0.004988390556804186,0.8740829937566705,1.1212539803107278,0.15569194536874073,0.7779768224492029,0.7895642443021941,1.0148943021419468,0.9872834321316892,0.1297487137193286,0.12874759621486506,0.887914413903219
4,3892,10,1.7420347335833641,3.0346850130108627,1.110107634285529,1.0385946736711105,1.0533359230690975,4.467149195438158,0.16252924064520324,1.447023157241689,0.28932861038775387,1.4456661208743518,0.9990621875257857,0.045377677166278656,1.915520301024867,1.323766168798725,0.144366953826779,1.4375181577922973,1.5095002458568876,1.0500738635365396,0.9577117491979601,0.139214540463769,0.136975366179678,0.7954555579736807
4,3892,20,2.9807506549102767,8.884874466748043,2.184350332834665,1.0385946736711105,1.0533359230690975,4.467149195438158,0.16252924064520324,2.4493182751052287,0.5184841775791525,2.4807977744796035,1.0128523514866687,0.337013591503357,4.802569922449231,1.9607782178667241,0.13384458902736712,2.6612840304859025,2.950426590065924,1.108647764112284,0.840826808852808,0.12710276224878914,0.12303013468503195,0.6510087152903107
4,3892,40,6.10974844892182,37.32902610910259,3.6197712038935057,1.0385946736711105,1.0533359230690975,4.467149195438158,0.16252924064520324,4.533220915613837,0.9949276431860684,4.391423768832008,0.9687204419503502,2.102795614953636,14.366311594162786,3.1691179101112614,0.13802213874540684,5.488226293310136,6.885122251251331,1.254525940310431,0.6378134778992329,0.09081198638248854,0.0941381791573012,0.5117244465817165
4,3892,80,25.11532518673433,630.7795592354119,6.446956450054353,1.0385946736711105,1.0533359230690975,4.467149195438158,0.16252924064520324,11.824866799801425,2.777797838205823,10.489758097346522,0.8870931296682915,11.508966435492917,52.23292022002127,4.417210029029537,0.12692808544804823,10.014319814639608,16.518657177810375,1.649503659116447,0.6350248682100798,0.20641055981051631,0.20870885761444094,0.41501343895826676
4,3892,160,151.00079340066745,22801.239607631054,10.034570182220353,1.0385946736711105,1.0533359230690975,4.467149195438158,0.16252924064520324,30.042702415585474,7.678920512011462,18.759816888133688,0.6244383953422752,39.21693167987745,221.7845561580407,7.382310455632775,0.12290767331753112,19.461996375350317,49.19521877290788,2.527758089361085,0.38133414905077806,0.11040929576942582,0.11146156000729267,0.2758674373759279
4,3951,1,1.0571229845100867,1.117509004379513,0.111102105083427,1.0239308253655124,1.0571229845100871,4.450315441880749,0.1434625386565478,0.14346253865654782,0.03610880886077402,0.14346253865654782,0.999999999999993,0.0,0.14346253865654782,0.999999999999993,0.14346253865654784,0.14346253865654782,0.14346253865654782,0.999999999999993,0.999999999999993,nan,nan,nan
4,3951,2,1.118933016475005,1.252011095357854,0.22475113474555072,1.0239308253655124,1.0571229845100871,4.450315441880749,0.1434625386565478,0.2889531015995749,0.0727254470623275,0.2889857519331971,1.0001129952696146,0.00020967854458733338,0.2966637940935871,1.0266849272471092,0.14411175675704926,0.288220601898028,0.2891936389447599,1.0033760149008195,0.9992811494321854,0.6040474013692343,0.6040474013692301,0.950823743732881
4,3951,5,1.3342197187238618,1.7801422578315809,0.5766932812406519,1.0239308253655124,1.0571229845100871,4.450315441880749,0.1434625386565478,0.7312801410367634,0.18352892195589357,0.7321807789638513,1.0012315908453495,0.005635677186616382,0.8121172755653663,1.1105419523822921,0.14378338474321403,0.7188954327713277,0.7364061935569016,1.024357869013118,0.994262114265169,0.6007621869990153,0.6007772203691101,0.8899340499321126
4,3951,10,1.7980216541353362,3.2328818687395704,1.1733739588674241,1.0239308253655124,1.0571229845100871,4.450315441880749,0.1434625386565478,1.4519372326116777,0.3603284156056814,1.452343612349402,1.000279887951487,0.04892632589368611,1.8195898943029438,1.2532152585066973,0.13700610453787387,1.3674048502440501,1.4898496642285532,1.0895453997860607,0.9748256130939406,0.5599607771365583,0.560682103853128,0.8214252267405499
4,3951,20,3.054513881177364,9.330055050305203,2.233240915196101,1.0239308253655124,1.0571229845100871,4.450315441880749,0.1434625386565478,2.6523889185700726,0.6272840659231824,2.492223050845163,0.9396144861699779,0.4670659702619348,4.009952067776977,1.5118265800698556,0.12081380144557721,2.3864044670342968,2.8714028206126794,1.2032339279774786,0.867946159610371,0.3340075713705307,0.3578614945873908,0.7430212314176652
4,3951,40,5.3276563997544955,28.38392271384503,3.3458228832459618,1.0239308253655124,1.0571229845100871,4.450315441880749,0.1434625386565478,4.001144102529623,0.8792600282097198,3.4820215065495552,0.8702564609827809,2.4237711387187306,9.746715551686345,2.43598213459101,0.11197394299349636,4.4241111931976596,6.032899759890685,1.3636410787248374,0.5771721137651802,0.23944353036760446,0.22077930613192695,0.6302368799419826
4,3951,80,10.539590096998602,111.082959412751,4.710277304258271,1.0239308253655124,1.0571229845100871,4.450315441880749,0.1434625386565478,6.202218334469059,1.5044333773605962,6.259542885597925,1.0092425883833018,5.863406991367723,32.98530104630141,5.318306977841197,0.11588958225193272,9.205326149902884,14.264255284160592,1.549565441992631,0.4388271775077306,0.15591938724384272,0.15238514224297608,0.4613611455923174
4,3951,160,226.9011150474119,51484.11600975885,10.849028612083465,1.0239308253655124,1.0571229845100871,4.450315441880749,0.1434625386565478,12.057222285304526,2.5524959857101783,16.449756030141373,1.3643072708537947,16.86989035879538,225.5621620457836,18.70763901572099,0.12047808383421037,19.144646351102523,55.85301982335679,2.9174223852999126,0.29451865059697924,0.18046299844254854,0.18797985434480266,0.34178948039114243
4,4010,1,1.0524211967863528,1.1075903754452192,0.10218682271860834,1.0133859107742014,1.0524211967863533,4.446478094216551,0.12022671704424699,0.12022671704424703,0.028776081361116066,0.12022671704424703,0.9999999999999917,0.0,0.12022671704424703,0.9999999999999917,0.12022671704424703,0.12022671704424703,0.12022671704424703,0.9999999999999917,0.9999999999999917,nan,nan,nan
4,4010,2,1.1055943570879339,1.2223388824246817,0.20076614016371847,1.0133859107742014,1.0524211967863533,4.446478094216551,0.12022671704424699,0.23862213509764252,0.057281287912019085,0.23869907916186286,1.0003224514950713,0.00018522947345950313,0.24498428755672946,1.0266620381067437,0.11939786094116595,0.23878992762583745,0.23893166433019805,1.0005935623238753,0.9990265619712306,0.5134229262789751,0.5134229262789709,0.9521233059284753
4,4010,5,1.2667018143105502,1.6045334863776395,0.4728330516383318,1.0133859107742014,1.0524211967863533,4.446478094216551,0.12022671704424699,0.5790111096704779,0.13977940986714688,0.5815204452119467,1.0043338296961104,0.005404340920258607,0.6467350483268363,1.1169648345692362,0.11696726834646567,0.5847237920024573,0.5862148578344487,1.0025500344818947,0.9919919931066832,0.40541268511056694,0.405713913236535,0.8895209341099343
4,4010,10,1.5520413033753526,2.4088322073830635,0.8791420688129806,1.0133859107742014,1.0524211967863533,4.446478094216551,0.12022671704424699,1.0711818161801603,0.25873313144256205,1.0936703438569622,1.020994127548762,0.04630174498735145,1.420889681776697,1.3264691953450023,0.11377357725983736,1.1371314562011305,1.130168315072411,0.9938765732926051,0.9677057207066442,0.1534429701767124,0.15519535468628162,0.7904406612075996
4,4010,20,2.3689527830223542,5.611937288189357,1.724895987585718,1.0133859107742014,1.0524211967863533,4.446478094216551,0.12022671704424699,1.7914142484068498,0.43354199277694727,1.9093866219433466,1.0658543235554878,0.30694808319727634,3.665044967987046,2.045894728841451,0.11526586342929492,2.30303105331284,2.153955930216271,0.9352700334274131,0.8864557510940492,0.06703628265623339,0.06814256227275736,0.6039971951334048
4,4010,40,4.802991319074278,23.06872561110287,3.1384778305689696,1.0133859107742014,1.0524211967863533,4.446478094216551,0.12022671704424699,3.2108706313296023,0.8230083659652367,3.5082345172820735,1.0926116060394915,1.3898117588172616,13.968279010581181,4.3503088770652205,0.12365476513429689,4.930360631537463,4.893453955191438,0.9925144063276125,0.7169239864942851,0.1272451902340947,0.12945086607983627,0.41547569083379104
4,4010,80,18.743902143457557,351.3338675635128,5.8617369610113,1.0133859107742014,1.0524211967863533,4.446478094216551,0.12022671704424699,7.129498058849379,1.6258359497197514,7.483592956565874,1.0496661749247522,7.1284012469947395,42.266442276408256,5.92838961838915,0.12083069090089961,9.62512389949908,14.076010843826937,1.4624238597655344,0.5316558106978028,0.13222619086792628,0.1317565997489507,0.4251868887100881
4,4010,160,164.38056373016394,27020.96973224649,10.20436850029455,1.0133859107742014,1.0524211967863533,4.446478094216551,0.12022671704424699,17.77948363852947,4.0856403160445645,16.020749872325652,0.9010807174178832,20.934403235240875,194.44894597560213,10.936703783354918,0.15866438892352663,24.211113583324533,51.13592746720666,2.112084902299854,0.31329733644901064,0.20077059152315244,0.1959581169978821,0.34246360568385187
4,4069,1,1.038670957215312,1.0788373573625727,0.07588394031066305,1.0158676332991206,1.0386709572153119,4.443958836786285,0.10837007219912885,0.10837007219912885,0.027054304647189047,0.10837007219912885,0.9999999999999908,0.0,0.10837007219912885,0.9999999999999908,0.10837007219912885,0.10837007219912885,0.10837007219912885,0.9999999999999908,0.9999999999999908,nan,nan,nan
4,4069,2,1.079067462829125,1.164386589336485,0.15219441559223187,1.0158676332991206,1.0386709572153119,4.443958836786285,0.10837007219912885,0.21713448587269663,0.05415538889872794,0.21718903765317077,1.0002512349903974,0.00014701631545928644,0.22260767591743577,1.0252064522258661,0.10916890956194494,0.21833201598625837,0.2175103623139425,0.9962366780309097,0.9985227156198244,0.03404505466678601,0.034045054666785694,0.9547491635315859
4,4069,5,1.2121996254256429,1.4694279318820689,0.3848731630624809,1.0158676332991206,1.0386709572153119,4.443958836786285,0.10837007219912885,0.54615512771435,0.13556105079949532,0.54785075247111,1.0031046577624478,0.00449186891766297,0.6105603136295228,1.117924711582781,0.1126961325499303,0.5632218826319965,0.553973771281257,0.9835799857286741,0.9889470961847411,0.0388086628562552,0.03878107808019735,0.8860472899964336
4,4069,10,1.478915105780718,2.187189890106392,0.7826175646773006,1.0158676332991206,1.0386709572153119,4.443958836786285,0.10837007219912885,1.1000624448239018,0.2685400430927226,1.115212699326447,1.0137721768194436,0.04113492524056294,1.4526188082411247,1.3204875914781897,0.12036243550405727,1.2007112318113151,1.1579122640954553,0.9643553199287583,0.9631236613575679,0.12497509913158471,0.12487791580806448,0.7800075958939696
4,4069,20,2.2059290223436014,4.8661228516177975,1.5822974909842265,1.0158676332991206,1.0386709572153119,4.443958836786285,0.10837007219912885,2.1483018580495647,0.4932650660987645,2.2377029097395105,1.0416147532317044,0.3006495754531902,3.9370388332055035,1.8326283238333763,0.1268997549585894,2.5312266483586456,2.488416379060659,0.9830871449912446,0.8992477820710255,0.24271351683176362,0.24334918252971985,0.6424309744709098
4,4069,40,4.424364469589515,19.575000959766108,2.9742532909070625,1.0158676332991206,1.0386709572153119,4.443958836786285,0.10837007219912885,4.095683442041391,0.8687966921651215,4.706956212704146,1.1492480508596339,2.462749096355279,11.895661455351412,2.904438691048426,0.1277645635447522,5.095044417407387,6.4942387856471715,1.2746186791737066,0.724789520075382,0.33356003776424525,0.3418965802655152,0.6026259845679123
4,4069,80,10.390217985462868,107.95662978543606,4.681729570410183,1.0158676332991206,1.0386709572153119,4.443958836786285,0.10837007219912885,6.219763573282472,1.318314084920384,9.27875265575343,1.4918175822005688,9.084616030745199,44.68153802240364,7.18380007470654,0.18425840310590155,14.106886841087313,19.004260818060743,1.3471619239696087,0.4882459120396488,0.20984233518187811,0.18903907521175145,0.45253643152949974
4,4069,160,152.88365447421853,23373.41180539224,10.059354407694236,1.0158676332991206,1.0386709572153119,4.443958836786285,0.10837007219912885,19.113935174195607,4.412821399234972,32.39771921585811,1.694979025543417,36.69913763597633,341.6631310815793,17.875080561266888,0.16782439540654645,25.936145453732273,80.7869442592352,3.114840036787724,0.40102666975369045,0.19216209696757197,0.18448943782392568,0.328103741782229
4,4128,1,1.047296143903225,1.0968292130345643,0.09242348369843448,1.0241870655652816,1.0472961439032247,4.441582926418755,0.23449280505882858,0.23449280505882858,0.046042591593862627,0.23449280505882858,0.9999999999999958,0.0,0.23449280505882858,0.9999999999999958,0.23449280505882855,0.23449280505882858,0.23449280505882858,0.9999999999999958,0.9999999999999958,nan,nan,nan
4,4128,2,1.0979663341499188,1.2055300709266112,0.18691936310326224,1.0241870655652816,1.0472961439032247,4.441582926418755,0.23449280505882858,0.46692738100881964,0.09146670797812272,0.46696455649550767,1.0000796172771165,0.0004374833705767648,0.4801522433288983,1.0283231672803266,0.23437712303125274,0.4687541889368724,0.46785477442179396,0.9980812661810676,0.998097234494641,0.009066321766529856,0.009066321766529817,0.9499881006778043
4,4128,5,1.275594617256073,1.6271416275726676,0.48682487274139125,1.0241870655652816,1.0472961439032247,4.441582926418755,0.23449280505882858,1.1544646324446721,0.22584338006241086,1.1559045392706375,1.0012472507043504,0.011997624225980259,1.2931458523449462,1.120126001267448,0.23375267518193488,1.1687598127584176,1.1717525112959684,1.0025605761807352,0.9864749835203648,0.02254428587110676,0.02251797509811404,0.8882144447732903
4,4128,10,1.6752896549143235,2.806595427862953,1.0319721572674248,1.0241870655652816,1.0472961439032247,4.441582926418755,0.23449280505882858,2.2949722759813613,0.45435133729573673,2.306727366257133,1.005122105569116,0.11115865864863937,2.9633888568327365,1.2912525732214128,0.23563896581772426,2.356150991436625,2.4223926421712827,1.0281143487728122,0.9522516400105661,0.13354251686832172,0.13392052154579684,0.8109265998457293
4,4128,20,2.8380339641918684,8.054436781906611,2.086223092633302,1.0241870655652816,1.0472961439032247,4.441582926418755,0.23449280505882858,4.433211726202644,0.9322074884226554,4.433645121423626,1.000097761002124,0.9977054479169457,7.831700911524362,1.7665975358755899,0.24506607539324962,4.896351308028415,5.104479899545286,1.0425068746957775,0.8685792105516138,0.13404114007470608,0.1307739594416176,0.6623407607230414
4,4128,40,5.975455863174813,35.70607277275025,3.5753207799985414,1.0241870655652816,1.0472961439032247,4.441582926418755,0.23449280505882858,6.952150077597294,1.6040745049281442,6.365502229990305,0.915616342993312,6.41878512400521,21.236493121976373,3.054665518572325,0.2061917754056886,8.00044131413812,9.500566807684411,1.187505343098426,0.6700128906879166,0.20353551246134063,0.19604809455772426,0.5108249096262352
4,4128,80,12.88960358410586,166.14188055539464,5.112842125447591,1.0241870655652816,1.0472961439032247,4.441582926418755,0.23449280505882858,7.480160674136109,1.614727200513154,16.794371110557048,2.245188551714719,19.160188746031793,83.54924222904918,11.169444864725229,0.17360670927468083,13.312409361833069,29.89766475718167,2.2458492632369644,0.5617285245170495,0.23176801007049974,0.21825475595485602,0.45665216337227865
4,4128,160,302.82647065444905,91703.87132902989,11.426319874682001,1.0241870655652816,1.0472961439032247,4.441582926418755,0.23449280505882858,19.735172671970762,4.441814931502406,74.81875975495012,3.7911378328709953,75.77104864105506,538.6548449163685,27.294154141422982,0.17493460158282859,27.30867841988779,151.25757105913436,5.538809631629031,0.4946447257552458,0.24167602791433385,0.24283283192469843,0.40025364604410407
4,4187,1,1.056031364344965,1.1152022424802883,0.10903577185449694,1.026348884810373,1.0560313643449657,4.448510534687892,0.13737451375211326,0.13737451375211338,0.02962556299860281,0.13737451375211335,0.9999999999999926,3.284083995358298e-16,0.13737451375211335,0.9999999999999926,0.13737451375211335,0.13737451375211335,0.13737451375211335,0.9999999999999927,0.9999999999999927,nan,nan,nan
4,4187,2,1.1145580539678657,1.2422396556646358,0.2169159243693341,1.026348884810373,1.0560313643449657,4.448510534687892,0.13737451375211326,0.2696524786586557,0.05796239821573199,0.26969867722318824,1.0001713263114114,0.00016193286002545438,0.27895141196335593,1.034484879764337,0.13566997886395774,0.27131826799718406,0.27016278048932796,0.9957412100689472,0.9982821346993094,0.18978918345296328,0.1897891834529619,0.9393919492782776
4,4187,5,1.3038775862741754,1.7000967599881696,0.5306851670825227,1.026348884810373,1.0560313643449657,4.448510534687892,0.13737451375211326,0.635462834373587,0.1353682370720907,0.6364928344123316,1.0016208658996697,0.004084096495480006,0.7310053936181713,1.1503511363316237,0.13096632871846609,0.6544559958826384,0.6463468524835483,0.9876093374495643,0.984754287835774,0.19186948881702726,0.19288341354335142,0.8648336468810149
4,4187,10,1.657677572241238,2.747894933511605,1.0108351398269908,1.026348884810373,1.0560313643449657,4.448510534687892,0.13737451375211326,1.145387210337794,0.24155144173477902,1.152171445145254,1.0059230928599754,0.02933622425823428,1.5920349532419231,1.3899534924721253,0.12519401022083285,1.2500731367044964,1.2359366586558922,0.9886914792154701,0.932225318406094,0.1989959335722717,0.20371238071378206,0.7737148423014744
4,4187,20,2.57092991424654,6.609680623967721,1.8885353355960928,1.026348884810373,1.0560313643449657,4.448510534687892,0.13737451375211326,1.9436545836422368,0.4173669186410202,2.002614132761159,1.0303343760846826,0.18909713954225538,4.01682296430508,2.0666341633490797,0.1263543402594278,2.5209751941508562,2.6690221731398696,1.0587260752634575,0.7503175331081117,0.22887596913422414,0.2340613503971891,0.6763552556280168
4,4187,40,5.862828850401458,34.372762129099684,3.5372644521686096,1.026348884810373,1.0560313643449657,4.448510534687892,0.13737451375211326,5.059674485449312,1.1764444586943754,4.955059341979313,0.9793237403372779,1.7582832556102457,14.521057432276042,2.8699588232476048,0.1505204495022303,5.944777216138073,7.699466761205498,1.2951648953814505,0.643558767854659,0.24720176127354812,0.25523232812582675,0.566283708903382
4,4187,80,24.168039559921546,584.0941361699329,6.370062161909984,1.026348884810373,1.0560313643449657,4.448510534687892,0.13737451375211326,16.937944390108697,3.9290762884170434,12.213243946939832,0.721058214955059,21.28154096050678,61.5377225524449,3.6331281491502163,0.17218200090057958,13.579119905043981,23.53044362820445,1.732840109870746,0.5190401056570217,0.23344864428816953,0.23981705447584542,0.4496099016451141
4,4187,160,135.26533580310522,18296.71106992682,9.814476599722589,1.026348884810373,1.0560313643449657,4.448510534687892,0.13737451375211326,40.42837163064223,9.274591406779281,59.56510170862715,1.4733490196642114,75.76931363044875,364.26302093578994,9.010083914923273,0.15526831592112528,24.3368422386892,114.93120259854616,4.722519112024964,0.5182674535886274,0.24919302979219793,0.26544195263957526,0.37188332869196106
4,4246,1,1.0589740180196272,1.1214259708406338,0.1146010637407017,1.0204168802004434,1.0589740180196263,4.441432678075857,0.20858204579073894,0.20858204579073894,0.04503829992445107,0.20858204579073894,0.9999999999999952,0.0,0.20858204579073894,0.9999999999999952,0.20858204579073894,0.20858204579073894,0.20858204579073894,0.9999999999999952,0.9999999999999952,nan,nan,nan
4,4246,2,1.1219514932309187,1.2587751531630882,0.23013914750289166,1.0204168802004434,1.0589740180196263,4.441432678075857,0.20858204579073894,0.4154274081768466,0.08975983933990686,0.41551167493483504,1.0002028435205017,0.00046921369410116284,0.4282101054057298,1.0307699900807714,0.20798430028708018,0.41596687769886764,0.4160141435473492,1.0001136288753134,0.9987921838228128,0.28041466531456416,0.2804146653145628,0.9447709871917672
4,4246,5,1.3357639384443083,1.78426529924825,0.5790067334424782,1.0204168802004434,1.0589740180196263,4.441432678075857,0.20858204579073894,1.019953593593165,0.22169701621996918,1.022373495353025,1.0023725606488958,0.013135133362401949,1.152991224648108,1.1304349843861694,0.20516345700926694,1.0257201723844014,1.0320162913694086,1.0061382423340375,0.9906563529112613,0.1602241308864113,0.16069466127858606,0.8765419384361597
4,4246,10,1.7755531360874923,3.152588939070129,1.1482240006937552,1.0204168802004434,1.0589740180196263,4.441432678075857,0.20858204579073894,1.952627142975431,0.4333179557821244,1.9734262778219225,1.0106518722334241,0.11249301888993254,2.57564135801777,1.3190646085626891,0.19814579185527723,1.9797624902140916,2.0468629885380705,1.0338932062081454,0.9641223124716327,0.08917373908239519,0.0894581508445772,0.7949809291752037
4,4246,20,2.9422894627375475,8.657067282536406,2.158376014241832,1.0204168802004434,1.0589740180196263,4.441432678075857,0.20858204579073894,3.562038826777383,0.8248711630915404,3.77270192598523,1.0591411574809912,0.838809866777176,6.0948888701398225,1.7110674999727435,0.18539137250167328,3.695966885682197,4.27490242999669,1.1566398082616027,0.8825235166801574,0.3654160198464693,0.35403602059179334,0.7333912513830846
4,4246,40,6.595132109694911,43.49576754432885,3.772663635529377,1.0204168802004434,1.0589740180196263,4.441432678075857,0.20858204579073894,5.743778509843578,1.3005956232253475,7.333214975526403,1.276723147133699,4.50945108414224,15.742368269932465,2.740768684404089,0.1679514656874295,6.66076615519842,10.139533108153316,1.5222772984215756,0.723230043958304,0.28707692488197095,0.3118672517833442,0.6579120127843741
4,4246,80,18.014160427940332,324.5099759235714,5.782316278117126,1.0204168802004434,1.0589740180196263,4.441432678075857,0.20858204579073894,6.5366559675631075,1.4516882450574555,13.763925345035945,2.1056524029009274,14.29399098321692,65.31832084701425,9.992620258912781,0.155838291606033,12.333680663999075,27.60203894845979,2.237940133234331,0.4986561090916793,0.27136563075189224,0.2817272938605185,0.4452693066670633
4,4246,160,54.20399984496926,2938.0735991934275,7.985509407200666,1.0204168802004434,1.0589740180196263,4.441432678075857,0.20858204579073894,9.893129905643947,1.9932117617044416,51.59730023761494,5.215467777106525,50.355804524011425,277.9674017531897,28.097013220721134,0.14802732388701967,23.294876785756863,96.97812497718881,4.1630666635027636,0.5320509161189871,0.16645670004860882,0.18622069687543652,0.3469056176316425
4,4305,1,1.0629214554347124,1.1298020204234474,0.1220424142092909,1.0383099037993597,1.0629214554347122,4.456292389267474,0.16195232068597226,0.1619523206859727,0.0335530146286012,0.1619523206859727,0.9999999999999938,0.0,0.1619523206859727,0.9999999999999938,0.1619523206859727,0.1619523206859727,0.1619523206859727,0.9999999999999938,0.9999999999999938,nan,nan,nan
4,4305,2,1.1296851434249977,1.2761885232751577,0.2438779195227512,1.0383099037993597,1.0629214554347122,4.456292389267474,0.16195232068597226,0.3225350803695763,0.06674537289779943,0.32257641688108696,1.0001281612885715,0.00017180443892079406,0.33321182959936657,1.0331025983826483,0.1614938783884504,0.322986451659239,0.32288330560896983,0.9996806489877818,0.999049536713256,0.2838712700489261,0.2838712700489244,0.940012416980749
4,4305,5,1.35096845709697,1.8251157720709676,0.6016434217736444,1.0383099037993597,1.0629214554347122,4.456292389267474,0.16195232068597226,0.7912274150458263,0.16384220256466234,0.7927499818075332,1.0019243099174182,0.0053478839084139095,0.9011196316338403,1.1388882823045865,0.15877115791132868,0.7937332759233944,0.7991131464684619,1.0067779324720987,0.992037216895942,0.3214686282914768,0.3213912051240245,0.867767870707272
4,4305,10,1.7746676113020272,3.1494451306044433,1.1472262883070194,1.0383099037993597,1.0629214554347122,4.456292389267474,0.16195232068597226,1.502297205132434,0.3152326995667598,1.5190123569328893,1.0111263947928204,0.05848921430475409,2.0175698790884025,1.3429898372942413,0.15150834937665472,1.5126864124248458,1.5752604983685203,1.04136619819528,0.9642928001470946,0.3662178339628159,0.3660040391998558,0.7836313507320981
4,4305,20,2.747320560076719,7.547770259820257,2.021252189817361,1.0383099037993597,1.0629214554347122,4.456292389267474,0.16195232068597226,2.6047159493582956,0.5753995576720697,2.7849186237916936,1.0691832345395635,0.5792247577156804,4.935258308279048,1.894739543286825,0.13736228326347402,2.7258079218280615,3.1822234017296616,1.1674422750945355,0.8751486844946152,0.3859399714357073,0.3883780274867464,0.6871924105861195
4,4305,40,4.8380245335374585,23.406481387110343,3.153012966366268,1.0383099037993597,1.0629214554347122,4.456292389267474,0.16195232068597226,3.8347546967313075,0.8846504413727749,5.535726521346255,1.4435673098111939,2.718120236852664,13.352892920332346,3.48207225137873,0.12311024721786319,4.834531014268921,7.256724108232294,1.50101924815755,0.7628409787642778,0.29011121622122504,0.3062851886702433,0.5812416119309939
4,4305,80,10.356526331821767,107.25763766171762,4.675233768901625,1.0383099037993597,1.0629214554347122,4.456292389267474,0.16195232068597226,3.858226725594799,0.7725107294606591,6.373893812205336,1.6520267639851336,5.911925538902948,43.25115703381697,11.210112860111714,0.13678961569750583,10.721689338268916,17.73035058511028,1.6536900133662105,0.3594905685372093,0.2015644575651915,0.21727608695059344,0.4283347108246591
4,4305,160,57.841669722544246,3345.6587562918917,8.11541889077861,1.0383099037993597,1.0629214554347122,4.456292389267474,0.16195232068597226,10.910950612334357,2.3966966267715484,18.581469491198522,1.7030110529684712,22.721018560561127,301.5062509176678,27.63336226422178,0.1460083528219954,22.885366477235497,92.03949922497854,4.0217620861143715,0.20188581693364654,0.1920374559876219,0.20484134807995338,0.35352521817463056
4,4364,1,1.0539378009981264,1.1107848883727662,0.10506687208426144,1.017836141335743,1.0539378009981277,4.449690978515342,0.14068722407294879,0.14068722407294876,0.02966166528499015,0.14068722407294876,0.9999999999999929,0.0,0.14068722407294876,0.9999999999999929,0.14068722407294879,0.14068722407294876,0.14068722407294876,0.9999999999999929,0.9999999999999929,nan,nan,nan
4,4364,2,1.1108325057750672,1.2339488558865148,0.21021947882730568,1.017836141335743,1.0539378009981277,4.449690978515342,0.14068722407294879,0.2868938995728239,0.06024557740179005,0.2869085195842711,1.000050959645597,0.00015041113851766281,0.2940017792825411,1.024775290517852,0.14319194911195052,0.28634083221090995,0.28703782409950895,1.0024341337671485,0.9995495209885857,0.020247074645311947,0.020247074645311804,0.9530566832789253
4,4364,5,1.2986527015225022,1.6864988391716933,0.5226546872131901,1.017836141335743,1.0539378009981277,4.449690978515342,0.14068722407294879,0.7573199265399057,0.15722128472083458,0.7576891381693087,1.0004875239861823,0.0050353477041456705,0.8350192736523038,1.1025977851492632,0.1501727596948155,0.7501819568334553,0.7600122694112641,1.013103904310498,0.9969432977131331,0.09778874676180557,0.09783503930264398,0.8901787130162668
4,4364,10,1.6603929576395358,2.7569047737789654,1.0141085916478911,1.017836141335743,1.0539378009981277,4.449690978515342,0.14068722407294879,1.618935718910265,0.33055929944239143,1.617380673154978,0.9990394641756778,0.05758944504015443,2.035732013261856,1.257450798992898,0.1594344090788798,1.5908981504175672,1.6392398214323152,1.0303864021729228,0.9866650699967511,0.2207737767590988,0.22133445289550366,0.7933026573438273
4,4364,20,2.471161622830403,6.106639766149792,1.809376665461697,1.017836141335743,1.0539378009981277,4.449690978515342,0.14068722407294879,3.3030946332858804,0.6621331533100541,3.2102608920672924,0.9718949193029208,0.5594054056523011,5.678546686574147,1.7191595509709006,0.1684938871069377,3.361721630071881,3.4866168823874255,1.037152169649714,0.9207380679775456,0.29843625350712116,0.29637244715670863,0.6213808264574279
4,4364,40,5.4695523803480635,29.91600324137117,3.3983935626784985,1.017836141335743,1.0539378009981277,4.449690978515342,0.14068722407294879,5.400200780303556,1.0834813119022557,5.592448953853196,1.035600189950499,3.3828631332507335,16.919202651611354,3.1330691838943605,0.15742856396582317,6.255230968781253,7.633452289283933,1.220331004143754,0.7326238171035719,0.1471635498692815,0.15552986648069111,0.5121767787913359
4,4364,80,31.2206283213051,974.727632777078,6.882158080974221,1.017836141335743,1.0539378009981277,4.449690978515342,0.14068722407294879,10.908623329841186,2.2181013283589595,10.232746937377081,0.9380420084159286,16.35682674512334,67.21727377260883,6.1618475347601365,0.1655836375307196,13.135930369267754,24.335538043821295,1.8525934105707234,0.42048574882342243,0.1961747289345672,0.19807344284658712,0.40969331395229497
4,4364,160,245.9006130885544,60467.11151732693,11.009854884924897,1.017836141335743,1.0539378009981277,4.449690978515342,0.14068722407294879,31.274186795835472,6.3872359412661615,21.83044565010933,0.6980339982178629,35.127657593532504,266.3426797237839,8.516374269378302,0.15713200497827864,24.667915401116222,87.41800310392581,3.5437936964860093,0.2497248264085428,0.23768588206273772,0.24254531908213778,0.3778993251474918
4,4423,1,1.0485479755619291,1.09945285705502,0.09481265338132258,1.0363705880874254,1.0485479755619285,4.457145611244249,0.1862973300128706,0.1862973300128707,0.03631048967414884,0.1862973300128707,0.9999999999999947,0.0,0.1862973300128707,0.9999999999999947,0.1862973300128707,0.1862973300128707,0.1862973300128707,0.9999999999999947,0.9999999999999947,nan,nan,nan
4,4423,2,1.1013635967914595,1.2130017723374205,0.1930980910799062,1.0363705880874254,1.0485479755619285,4.457145611244249,0.1862973300128706,0.3721679797674901,0.07225023579519545,0.37225375696487695,1.0002304797888293,0.0002493779703096092,0.38706200381360456,1.0400196278449811,0.18880587468826904,0.3775788541172134,0.3727929373782442,0.987324722539985,0.9985536732075447,0.11245239509975814,0.11245239509975753,0.9271170115807753
4,4423,5,1.2926021164783905,1.6708202315244147,0.5133146624521863,1.0363705880874254,1.0485479755619285,4.457145611244249,0.1862973300128706,0.9255014647393196,0.17821737722920142,0.9282701839799957,1.0029915881780425,0.0075182250040481515,1.0888601643312723,1.1765083101602263,0.19528254907912043,0.9759761461706441,0.9378180974791583,0.9609026830817492,0.9898190133834821,0.14170415184228544,0.14203780603618713,0.8318586962480258
4,4423,10,1.7422013685005668,3.035265608405248,1.110298935807524,1.0363705880874254,1.0485479755619285,4.457145611244249,0.1862973300128706,1.7952416171462482,0.3468756576009971,1.8173376298673731,1.0123080996508136,0.06699699870130074,2.6033312717899784,1.450128632784418,0.1964951590803713,1.9641030829972739,1.8852013468712916,0.9598281084078452,0.9640018732659261,0.0995724583444351,0.09945257481184687,0.7200276406087449
4,4423,20,3.221093920108863,10.375446042162283,2.3394420572082737,1.0363705880874254,1.0485479755619285,4.457145611244249,0.1862973300128706,3.055721904052973,0.618509786988524,3.123817115745865,1.0222844924476187,0.45804671613428816,6.798054723861198,2.2246967941829263,0.17502334926560897,3.456780643519112,3.605519701417098,1.0430282026071993,0.8663985706465819,0.09812356734758435,0.09427013643176303,0.5938502155049404
4,4423,40,9.929745589445595,98.59984747111424,4.59106971466129,1.0363705880874254,1.0485479755619285,4.457145611244249,0.1862973300128706,4.914905453600877,1.067007831813413,5.268672198906245,1.0719783419325355,2.4581264785805423,19.794178396418012,4.027377247290874,0.1499457104233881,5.835632683078233,8.421374746551013,1.443095411226059,0.6256308925171673,0.1432992720408461,0.16000287306655503,0.5330182573080912
4,4423,80,48.86836103635301,2388.116710379345,7.778260347011406,1.0363705880874254,1.0485479755619285,4.457145611244249,0.1862973300128706,8.086982341929485,1.7424004531921573,10.192690993030563,1.260382496470083,7.504795169626976,54.44426831351948,6.732334264072294,0.14074583988550887,11.04145928114489,20.387337200962065,1.8464350301754764,0.49995204830131407,0.21981538032686535,0.21571519185723426,0.46177430100173505
4,4423,160,1522.328462131618,2317483.946616017,14.655992649371626,1.0363705880874254,1.0485479755619285,4.457145611244249,0.1862973300128706,16.243103023857245,3.5567078894557573,25.35008824756957,1.5606678237733478,29.580189896890666,263.59564939626273,16.228158438021577,0.15647137558164703,24.56739962303205,73.49320196992484,2.9914929173466382,0.3449310625756029,0.1858170955867236,0.1928741616042429,0.31754368649572356
4,4482,1,1.0489782219900605,1.1003553102094288,0.09563313692935685,1.021302688777589,1.0489782219900603,4.449155220308371,0.11111576225963962,0.11111576225963957,0.026658965658276274,0.11111576225963957,0.999999999999991,1.8619006149354548e-16,0.11111576225963957,0.999999999999991,0.11111576225963957,0.11111576225963957,0.11111576225963957,0.999999999999991,0.999999999999991,nan,nan,nan
4,4482,2,1.099953690856034,1.2098981220278113,0.19053615939268073,1.021302688777589,1.0489782219900603,4.449155220308371,0.11111576225963962,0.21972619504396318,0.05281186892686478,0.21973817500309603,1.0000545222162949,8.825889176933488e-05,0.2267951584384709,1.0321716916505668,0.11065793964486313,0.2213139772649272,0.22021771283758187,0.9950465648808344,0.99782243749466,0.27073211855459556,0.2707321185545931,0.943588181583351
4,4482,5,1.2675238502576043,1.6066167109718617,0.4741305461549068,1.021302688777589,1.0489782219900603,4.449155220308371,0.11111576225963962,0.5365118472797112,0.1292889009447834,0.5366337131325272,1.0002271447563233,0.002548271231945429,0.6104313260412468,1.1377779058120154,0.11032230350295133,0.5516064444786752,0.5459935618330012,0.98982447956898,0.9828572178231328,0.33638416588742204,0.33614767364397297,0.8743619614501347
4,4482,10,1.6049404208512803,2.575833754482285,0.9461732698560895,1.021302688777589,1.0489782219900603,4.449155220308371,0.11111576225963962,1.0824032458620858,0.2585679804640806,1.0770453709678045,0.9950500195608568,0.026161067301744927,1.4245877197185326,1.3161340056624744,0.11304920613401712,1.129950981268804,1.1472192377007653,1.015282305797522,0.9388313371787568,0.4164896012450015,0.4174897483384939,0.798959526726109
4,4482,20,2.3501881491536185,5.523384336422111,1.708990776841568,1.021302688777589,1.0489782219900603,4.449155220308371,0.11111576225963962,2.2444324445787407,0.48949652178602815,2.070603740483384,0.9225511534039584,0.2707769221358496,3.5299107044101787,1.572740900683562,0.1244876081849834,2.478232617827164,2.5444166087380964,1.0267061253390166,0.8137832984474581,0.3296124522147852,0.3190110815842583,0.7228308603066178
4,4482,40,3.2735997545405056,10.716455352927658,2.371780443587301,1.021302688777589,1.0489782219900603,4.449155220308371,0.11111576225963962,3.5899730066448052,0.7295954151263015,3.445107736880621,0.9596472537548196,1.078597417492039,12.933850507745927,3.6027709634045193,0.16079027327116052,6.250480431484375,6.60746665022382,1.05711340474586,0.5213961597163599,0.24432872604562889,0.2544866177840272,0.5161358723296561
4,4482,80,6.898802457538296,47.59347534813643,3.8626956793239358,1.021302688777589,1.0489782219900603,4.449155220308371,0.11111576225963962,5.373686398880886,1.1573919687475525,9.020357965523255,1.678616371696312,6.467505096660607,52.56413612559929,9.78176473724745,0.16324417603231156,12.812421841494665,18.921266327116182,1.4767907708000407,0.47673119809090814,0.14449347813219426,0.14296736747770117,0.40712693622997065
4,4482,160,61.21705985062206,3747.528416754643,8.228851812804479,1.021302688777589,1.0489782219900603,4.449155220308371,0.11111576225963962,13.108015995242512,2.7740604999568133,35.16536152011921,2.68273715357704,33.80001791255258,279.9064513370558,21.353838097134332,0.15377826699222572,24.193508324302904,84.39368401737651,3.4882780490583594,0.41668238482015696,0.1888216191768869,0.17784786674980294,0.3569638813472098
4,4541,1,1.0597011768985403,1.1229665843201513,0.11597391958799581,1.022276062760079,1.0597011768985387,4.448889941814627,0.15980660074261582,0.1598066007426158,0.031872871021649096,0.1598066007426158,0.9999999999999938,0.0,0.1598066007426158,0.9999999999999938,0.1598066007426158,0.1598066007426158,0.1598066007426158,0.9999999999999938,0.9999999999999938,nan,nan,nan
4,4541,2,1.1228449619482066,1.2607808085724694,0.23173121837846175,1.022276062760079,1.0597011768985387,4.448889941814627,0.15980660074261582,0.31776150389129115,0.06343863143279231,0.31785343915458936,1.000289321589215,0.0002409780507943563,0.33015160408251965,1.0389918226075183,0.16033926583102456,0.3206767679382587,0.31843609384151533,0.9930126709485366,0.998170261794453,0.2915076980107972,0.29150769801079535,0.9307927055886626
4,4541,5,1.3307004498318895,1.770763687182793,0.5714109152181035,1.022276062760079,1.0597011768985387,4.448889941814627,0.15980660074261582,0.7716609622044034,0.1550249608508679,0.7748402681562331,1.0041200813667526,0.006262935191544933,0.9025105858693292,1.169568800384986,0.1607487575751077,0.8037391133776973,0.785781645377346,0.9776575910000368,0.9860758045374557,0.3091121833822136,0.30917925245766376,0.8461087820752893
4,4541,10,1.7194690812093243,2.956573921234838,1.084031138920631,1.022276062760079,1.0597011768985387,4.448889941814627,0.15980660074261582,1.4325917455246469,0.29317751318957636,1.459830756116734,1.0190137983673155,0.04577309551677104,2.0500582856372382,1.4310136101520394,0.15826444003342013,1.5823188345321484,1.5355577644917209,0.9704477574178313,0.9506843636064359,0.26720790957436535,0.26706768354364807,0.742949098068108
4,4541,20,2.660605983872997,7.078824201420799,1.9571078206682901,1.022276062760079,1.0597011768985387,4.448889941814627,0.15980660074261582,2.351056952936729,0.5041050545845904,2.474090213316367,1.0523310420983019,0.2840093538449617,5.24689739298553,2.2317185410721656,0.15115546360504262,3.0190231058050303,2.8762511137670628,0.9527092085637092,0.8601787936645138,0.1285268687799225,0.1289296055608452,0.5740920782555685
4,4541,40,4.9641062710195145,24.64235106997527,3.20446655091437,1.022276062760079,1.0597011768985387,4.448889941814627,0.15980660074261582,3.1150940218202265,0.6879338511235652,3.2615286375583272,1.0470080885881365,1.3189684439156963,15.996952087708655,5.135303132314843,0.1557460673961558,6.220184887207552,5.949252506966268,0.9564430342258016,0.5482249465355934,0.09556497975696457,0.09766410688147671,0.4432214153938551
4,4541,80,8.723529996767239,76.09997560449781,4.332047944295944,1.022276062760079,1.0597011768985387,4.448889941814627,0.15980660074261582,4.752804489073573,0.9987162868210178,8.275527472958323,1.7411882798847056,6.2068437441012945,65.73596182118185,13.830983784901118,0.15027539120110833,11.94569637454711,21.850233264576715,1.829130138543732,0.37873863279869374,0.26114034383679996,0.2678253870396207,0.43256630133714014
4,4541,160,65.61503047580325,4305.332224340589,8.36760958562422,1.022276062760079,1.0597011768985387,4.448889941814627,0.15980660074261582,17.8396846391492,3.963905166089516,23.570359795085903,1.3212318643436516,25.016337683531173,399.6884879120904,22.40445927138049,0.15747977885015482,24.690426457017587,74.44864832983001,3.0152840194734667,0.31659889499487065,0.176877425453998,0.19315381729381892,0.3046931686085979
4,4600,1,1.0548148987359967,1.112634470595431,0.10673060019910402,1.0319827734273261,1.0548148987359955,4.456080782390382,0.14059238527304274,0.14059238527304288,0.028428975272714135,0.14059238527304288,0.9999999999999929,1.2177709378935645e-16,0.14059238527304288,0.9999999999999929,0.14059238527304288,0.14059238527304288,0.14059238527304288,0.9999999999999929,0.9999999999999929,nan,nan,nan
4,4600,2,1.1120699924362227,1.2366996680771005,0.21244627337180622,1.0319827734273261,1.0548148987359955,4.456080782390382,0.14059238527304274,0.2861754639699926,0.05780888064355226,0.2862453746955932,1.0002442932200746,0.00019453416741619146,0.2933517407717694,1.025076492240887,0.14283136908240537,0.2856281780662182,0.28655748385127494,1.0032535507923181,0.9989108322997254,0.4571924849056504,0.4571924849056471,0.9541906516925944
4,4600,5,1.2996786695760831,1.6891646441510575,0.5242341133299863,1.0319827734273261,1.0548148987359955,4.456080782390382,0.14059238527304274,0.7557890301379807,0.15263661841579837,0.7575212848814875,1.0022919818552931,0.005737094140679767,0.830796720422499,1.099244216697381,0.14934848686356683,0.7461397866997295,0.7632166265030653,1.0228869175826527,0.992537712853985,0.4734040846129773,0.4743711358099583,0.9007763633300002
4,4600,10,1.6782949873436706,2.8166740645428914,1.0355567791624556,1.0319827734273261,1.0548148987359955,4.456080782390382,0.14059238527304274,1.644366665206454,0.33464893676118024,1.6563378693987807,1.0072801306701402,0.055682179366481545,2.0250376522280598,1.231500063262235,0.1580836647921639,1.5777749674412131,1.6967725493759223,1.0754211369747453,0.9761696522070594,0.4959202044981433,0.4995133031907356,0.8291970335564217
4,4600,20,2.7545841823089408,7.587734017426616,2.0265329984044436,1.0319827734273261,1.0548148987359955,4.456080782390382,0.14059238527304274,3.6376825206608356,0.762238152038364,3.66968534158544,1.008797584930196,0.533415361155517,5.57095898737294,1.5314582720541803,0.16146362642090306,3.2241320627740624,3.932594637629702,1.2197374552474358,0.9331460981183847,0.4644122031033019,0.46741271728135325,0.7256858395944902
4,4600,40,5.687094537195735,32.343044275001574,3.476398983144834,1.0319827734273261,1.0548148987359955,4.456080782390382,0.14059238527304274,7.361871526117887,1.5708326775413377,5.813964516375134,0.7897400132220174,4.224177038113687,15.089806040982698,2.049724175088934,0.14479958856963832,5.735588908427284,7.437528832574139,1.2967332476785771,0.7817064844053737,0.2921633978645976,0.2680550392708643,0.5648631142835566
4,4600,80,29.393581466648545,863.9826314365048,6.761552666097952,1.0319827734273261,1.0548148987359955,4.456080782390382,0.14059238527304274,12.199723023568447,2.5701743793428116,8.058164239186858,0.6605202612894916,12.525515894441966,71.65883056839955,5.873807989735751,0.17100817470938007,13.348866741636346,21.987598547980795,1.6471509509791902,0.36648678215597447,0.2220990339991497,0.26047781334553005,0.4034652809413789
4,4600,160,235.3532222514783,55391.13922415373,10.922174918141042,1.0319827734273261,1.0548148987359955,4.456080782390382,0.14059238527304274,34.32596493970118,8.704836543419102,22.53493056983052,0.6564980943555871,39.313154632739305,395.4537863415884,11.520543910018658,0.16408870520743166,25.75764276114309,98.603506593196,3.828126180162152,0.22854086379302777,0.20135796879564383,0.21946702714693733,0.3740409943718704
4,4659,1,1.0603625159847652,1.1243686653055414,0.11722169173728779,1.0234195170534854,1.0603625159847654,4.436292679240967,0.22964670908318713,0.2296467090831872,0.04485312432153164,0.2296467090831872,0.9999999999999957,0.0,0.2296467090831872,0.9999999999999957,0.2296467090831872,0.2296467090831872,0.2296467090831872,0.9999999999999957,0.9999999999999957,nan,nan,nan
4,4659,2,1.1240081891263467,1.263394409223089,0.23380207428911087,1.0234195170534854,1.0603625159847654,4.436292679240967,0.22964670908318713,0.4584979444040432,0.08974304723462993,0.4585500169009105,1.0001135719309147,0.00043553879658075954,0.4728364795557218,1.0312728450076583,0.2293907474264123,0.45878120892325525,0.4595977852804846,1.0017798818725485,0.9977202492850664,0.5093151732762948,0.5093151732762926,0.9456767060707352
4,4659,5,1.3329275494698514,1.776695852135703,0.5747553764679865,1.0234195170534854,1.0603625159847654,4.436292679240967,0.22964670908318713,1.1352474350530974,0.22462733761364187,1.1375833413384173,1.00205761864171,0.013033407839052423,1.291238969978219,1.1374075202537888,0.22813096976982958,1.1406369755622001,1.1569891926994997,1.0143360398511005,0.9832272838125604,0.46800599856036285,0.4681266572193312,0.8768765302752672
4,4659,10,1.7302505971164377,2.9937671288217893,1.0965325036878317,1.0234195170534854,1.0603625159847654,4.436292679240967,0.22964670908318713,2.2172757627378625,0.45047085084983246,2.2433401366440173,1.011755134090299,0.12060234601991517,2.9572612622957055,1.3337363407806873,0.2233704325187345,2.2329187914231845,2.3714079678856335,1.0620215911991049,0.9459950236416709,0.4157938171010162,0.4171283700489171,0.7980726334948072
4,4659,20,2.7129846617546285,7.360285774915876,1.9960987601005633,1.0234195170534854,1.0603625159847654,4.436292679240967,0.22964670908318713,4.139711932624645,0.8715781214469538,4.19640136495864,1.013694052450179,0.8215486263055625,6.913715209085816,1.6700957268546959,0.20177642074205032,3.9980196227819382,4.7994467700518015,1.200456031456946,0.8743510587811658,0.39875697104124685,0.41272100249108834,0.7168558102850676
4,4659,40,6.280378772839633,39.44315753033465,3.6748605856154413,1.0234195170534854,1.0603625159847654,4.436292679240967,0.22964670908318713,5.648359626182785,1.237201523653241,6.09854621690597,1.0797021826720026,3.933618084764522,17.560700425061857,3.1089912093521463,0.1703242675170151,6.628049507172253,8.868836596194372,1.3380763958683994,0.6876376795038553,0.23339049805838114,0.249406670934293,0.5617427436592408
4,4659,80,21.515760444838328,462.9279475196696,6.137571421068203,1.0234195170534854,1.0603625159847654,4.436292679240967,0.22964670908318713,9.17755560408385,2.066418104316753,10.697978702006054,1.16566754411661,12.237222394605038,63.72042093107571,6.943071083407137,0.1659516127099528,13.024758223298218,26.592635039486154,2.041698938558276,0.40229103607525646,0.2223318187662306,0.2378885778850558,0.47521826904301206
4,4659,160,57.60487847725768,3318.322024379625,8.107214519802167,1.0234195170534854,1.0603625159847654,4.436292679240967,0.22964670908318713,9.946211020941064,2.2108492821773305,40.01067423460435,4.022705143734093,38.35465383938875,264.5615074162106,26.59922525866327,0.15675699210616875,24.68880274425724,92.15015603303809,3.7324675881447003,0.4341899781510901,0.19728068984288163,0.2141462069254345,0.3987355043442694
4,4718,1,1.0683807774394336,1.1414374856020886,0.1322884203562821,1.0254607482341052,1.0683807774394334,4.457046549549989,0.14832704108086978,0.14832704108086978,0.033764469421011606,0.14832704108086978,0.9999999999999932,0.0,0.14832704108086978,0.9999999999999932,0.14832704108086978,0.14832704108086978,0.14832704108086978,0.9999999999999932,0.9999999999999932,nan,nan,nan
4,4718,2,1.1404133711313562,1.3005426570551843,0.2627816058724386,1.0254607482341052,1.0683807774394334,4.457046549549989,0.14832704108086978,0.30093320657192557,0.068091359110082,0.3009653099280645,1.0001066793409195,0.00018701132730523205,0.3116006510478731,1.0354478809349905,0.15079028106310677,0.30154096541666714,0.3016825911937745,1.0004696734220198,0.997622397557404,0.43818452652420115,0.43818452652419815,0.9373807385253423
4,4718,5,1.3744517537274314,1.8891176233244118,0.6361098540897844,1.0254607482341052,1.0683807774394334,4.457046549549989,0.14832704108086978,0.780983316842805,0.17376460651202322,0.7826793655352976,1.0021716836402448,0.005756762011541244,0.8960178225832567,1.1472944469614126,0.1578299074175838,0.7884959766602059,0.7952170408775463,1.0085239042636687,0.9842336435240195,0.4135873803648519,0.41255610849207236,0.8639078138654287
4,4718,10,1.8035147379075553,3.252665409849758,1.179474786329609,1.0254607482341052,1.0683807774394334,4.457046549549989,0.14832704108086978,1.625437947137261,0.35581188831671107,1.6476422215569437,1.01366048729131,0.05849787813107231,2.181886069596936,1.342337351874734,0.16538315307505985,1.6514696219700264,1.7400221468247377,1.0536204382306933,0.9469087646749936,0.399284820800787,0.3965680843725671,0.7896442169074958
4,4718,20,2.9203967875021517,8.528717396452889,2.1434389863587606,1.0254607482341052,1.0683807774394334,4.457046549549989,0.14832704108086978,3.380964930458092,0.7572072692044954,3.434425310926664,1.015812166517009,0.6117477903294786,6.145851713781369,1.8177803793275833,0.17748036675489762,3.5372690760244274,4.222825926356281,1.1938096411659915,0.8133002332611188,0.31222345090884984,0.3065553653733881,0.6986986448012708
4,4718,40,9.952868496901248,99.0595913166093,4.595721601536896,1.0254607482341052,1.0683807774394334,4.457046549549989,0.14832704108086978,6.563395455765738,1.6554061455337503,6.875059655294719,1.0474852081715103,5.154167649637147,17.376307092853242,2.647456977103017,0.17525911753962373,6.973345758508588,10.101501141505281,1.448587448740778,0.6805978199662142,0.23338715192972445,0.2352149230721033,0.6159665006288916
4,4718,80,27.613080557851028,762.4822178943704,6.636579187415364,1.0254607482341052,1.0683807774394334,4.457046549549989,0.14832704108086978,12.254098721917618,2.7990616526683896,13.407775034885038,1.0941461578813592,18.580057353251807,49.03213299983488,4.001284314132075,0.15731309224033604,12.438063544426917,25.175037854172356,2.0240319374676656,0.5325821201362331,0.31679083522423956,0.32326888813019,0.5231724767863007
4,4718,160,231.86917651626803,53763.31501833226,10.892346636583358,1.0254607482341052,1.0683807774394334,4.457046549549989,0.14832704108086978,33.31234223008567,6.997507610981556,51.34489599564305,1.5413174985117524,65.75516803579117,411.3343879397614,12.347807461231874,0.16469141857154077,26.006092989960255,125.25876915329054,4.816516237238986,0.4099105902342664,0.20770047256064952,0.20312658286224486,0.37141443005287345
4,4777,1,1.0558801505683668,1.114882892364277,0.10874937012641545,1.0200206323405234,1.0558801505683666,4.4460489420719425,0.1299859041941242,0.12998590419412423,0.031581794962757787,0.12998590419412412,0.9999999999999915,3.3422138886441676e-16,0.12998590419412412,0.9999999999999915,0.12998590419412412,0.12998590419412412,0.12998590419412412,0.9999999999999923,0.9999999999999923,nan,nan,nan
4,4777,2,1.115739849759805,1.2448754123420323,0.21903545450128736,1.0200206323405234,1.0558801505683666,4.4460489420719425,0.1299859041941242,0.25658429072768085,0.06208826493258292,0.2566279483750152,1.0001701493384865,0.00019006207163989571,0.26471610161471315,1.0316925516522044,0.1286812485810083,0.25734913351707467,0.2568882816308276,0.9982092347467824,0.9989865896016715,0.35703116534736135,0.35703116534735857,0.9430094190731027
4,4777,5,1.3196615359741135,1.7415065695295564,0.5547505831564857,1.0200206323405234,1.0558801505683666,4.4460489420719425,0.1299859041941242,0.6212557510784253,0.14860629596803912,0.6221173681510457,1.001386895929935,0.005319735442095255,0.7035985974915433,1.132542590181547,0.12517250431962207,0.6256477416383319,0.6280256953429233,1.0038007868427103,0.9905922206118454,0.3783842335239592,0.3780327279763888,0.8746649048850015
4,4777,10,1.7379046850605353,3.020312694355358,1.1053603672040315,1.0200206323405234,1.0558801505683666,4.4460489420719425,0.1299859041941242,1.2145435802535631,0.2857019069243383,1.2164358746531925,1.0015580292303987,0.04730434663413695,1.6013670317489543,1.3184928542577548,0.12216191982148646,1.2210155248953982,1.2747069314474642,1.0439727468302784,0.9542867028046169,0.40162496783752455,0.4005282360529289,0.7958033466807901
4,4777,20,2.738096378093862,7.497171775730726,2.0145258528542374,1.0200206323405234,1.0558801505683666,4.4460489420719425,0.1299859041941242,2.481315992526365,0.5683294462925474,2.4612227549935026,0.9919021851334601,0.357398143937266,4.402859440105356,1.7744049743630435,0.12977173131966177,2.587309732381418,2.942281703991619,1.1371973239877529,0.8365013967406679,0.3594114964438506,0.35412996339087915,0.6843299473768168
4,4777,40,4.895969302107832,23.97051540718225,3.176824550392106,1.0200206323405234,1.0558801505683666,4.4460489420719425,0.1299859041941242,4.189986380775666,0.9277809158340874,4.777862176116038,1.1403049418102262,2.5693423672236326,14.054537021221519,3.3543156812408745,0.1363972048937111,5.438753977975837,6.670437235245653,1.226464234686382,0.7162742122616018,0.06657989507065239,0.06336079584009235,0.5101921846812717
4,4777,80,13.243114348969874,175.38007765989175,5.166955491160393,1.0200206323405234,1.0558801505683666,4.4460489420719425,0.1299859041941242,4.550942997954674,0.9240295012564672,15.188600106269972,3.3374621728059806,13.78220004407647,70.41684171143497,15.473022128179222,0.15571529576154808,12.27915960674552,28.62544495130175,2.3312218317918467,0.5305978695565836,0.2608071622482518,0.26943130660345166,0.45904273831529985
4,4777,160,56.777453911468434,3223.6792726689223,8.078278617495842,1.0200206323405234,1.0558801505683666,4.4460489420719425,0.1299859041941242,8.035970858962356,1.7272099039986086,32.95995126300387,4.101551864918014,35.060104211209755,395.92672075843325,49.26930768008747,0.19945927351443885,30.860441985798186,129.3192982197391,4.190455155478692,0.25487264249608277,0.20005802668838515,0.20207755194919103,0.3730337392356908
4,4836,1,1.0644489309531,1.1330515266071974,0.12491445904107551,1.0288138401589073,1.0644489309531002,4.44149436023925,0.17184847740318226,0.17184847740318226,0.03894400331497285,0.17184847740318226,0.9999999999999942,0.0,0.17184847740318226,0.9999999999999942,0.17184847740318226,0.17184847740318226,0.17184847740318226,0.9999999999999942,0.9999999999999942,nan,nan,nan
4,4836,2,1.1312619598128177,1.2797536217195373,0.2466675763726781,1.0288138401589073,1.0644489309531002,4.44149436023925,0.17184847740318226,0.34380910887492805,0.07757645716540953,0.3438733665961048,1.0001868994145793,0.0002800138297424594,0.3557877586385696,1.0348409901146574,0.17245808158061657,0.344914015911405,0.34437398384509693,0.9984342994445091,0.9985462977098226,0.43465108931044527,0.4346510893104428,0.9375348286304178
4,4836,5,1.3409377672486822,1.798114095633881,0.5867383910071329,1.0288138401589073,1.0644489309531002,4.44149436023925,0.17184847740318226,0.8611312769281694,0.191176783482691,0.8630514646658111,1.0022298432179706,0.008748777921825686,0.9822090806345293,1.1406031890262631,0.17396525866703602,0.8697972157541958,0.8740792062110103,1.004922975584718,0.9873835901062059,0.49330050959183624,0.4935750827939488,0.8692115825860357
4,4836,10,1.703990878052445,2.9035849124859427,1.065946150274376,1.0288138401589073,1.0644489309531002,4.44149436023925,0.17184847740318226,1.7367470797518425,0.3732298227113415,1.7569219807289511,1.0116164876350275,0.08542855429682301,2.3353931586046626,1.3446938738704297,0.17854706178578722,1.7846089771876301,1.8618287756420375,1.043269870005976,0.943653897562674,0.5273584302457857,0.5288336805631129,0.7908920345191195
4,4836,20,2.5479355914299977,6.491975778075732,1.8705669186034455,1.0288138401589073,1.0644489309531002,4.44149436023925,0.17184847740318226,3.5689758732020516,0.7270043813233957,3.861665929998536,1.0820095364034739,0.7735897509279044,6.742008226471061,1.889059625506012,0.19097623867253224,3.8105056777726705,4.552699063142897,1.1947755621254066,0.8482146253112289,0.43522096104916486,0.43846929805055207,0.6959469944945845
4,4836,40,5.9331172144302675,35.201879880168775,3.5610994868646313,1.0288138401589073,1.0644489309531002,4.44149436023925,0.17184847740318226,5.614056023167159,1.1704020204387013,6.675166250368461,1.1890095543796655,3.791116754507319,20.041284983086463,3.56984057522465,0.19324492149520403,7.702347211884868,10.054962311863454,1.305441320062598,0.6638678538349859,0.16859024205779555,0.16684471169028148,0.5564730495240401
4,4836,80,22.547996925640476,508.41216535869233,6.231292467743985,1.0288138401589073,1.0644489309531002,4.44149436023925,0.17184847740318226,12.353256282186798,2.445000852290674,13.536279509691454,1.0957661041332523,13.56706082137565,78.64735273623457,6.366528058649831,0.21407703219086477,16.945503374673997,31.035096294998144,1.8314649974566015,0.43616038374828775,0.1615419520461997,0.1572398208369672,0.4406408703838983
4,4836,160,252.2243500229315,63617.12274449027,11.06063793863582,1.0288138401589073,1.0644489309531002,4.44149436023925,0.17184847740318226,33.469040916363355,8.508675257009275,55.43568753680562,1.6563273407007773,73.02799715442025,413.7933152432994,12.363464978794527,0.22107894741906808,34.96048105612054,128.47480632236636,3.674858080932334,0.43149072665427896,0.2194688960599523,0.2211339123841751,0.3832411048420647
4,4895,1,1.071621394788947,1.1483724137694082,0.13834564752850603,1.029722666479157,1.0716213947889484,4.459683421921623,0.2275033316128737,0.22750333161287387,0.0448510423090301,0.22750333161287387,0.9999999999999956,0.0,0.22750333161287387,0.9999999999999956,0.2275033316128739,0.22750333161287387,0.22750333161287387,0.9999999999999956,0.9999999999999956,nan,nan,nan
4,4895,2,1.1479898288473982,1.3178806471370785,0.2760248759381993,1.029722666479157,1.0716213947889484,4.459683421921623,0.2275033316128737,0.45022976290744915,0.08846084645395899,0.4500650980447382,0.9996342648214801,0.0004759645499343091,0.46830220095319186,1.0401404783394044,0.22612836961924385,0.4522483275490625,0.45233324006178766,1.0001877563885848,0.9949856835267278,0.4319509030687277,0.4319509030687258,0.934434454976237
4,4895,5,1.4055610433387868,1.975601846551619,0.6808730843627879,1.029722666479157,1.0716213947889484,4.459683421921623,0.2275033316128737,1.1048880722044672,0.21645240847689382,1.1011446552412008,0.9966119491580729,0.013496057661992817,1.31207668420027,1.187520000629946,0.2297536404057953,1.148527545620798,1.1398791468779816,0.9924700119071652,0.9660187733560422,0.40002143516308486,0.3998972633652449,0.8432383411616415
4,4895,10,1.9279910834629692,3.717149617912714,1.3129571428355777,1.029722666479157,1.0716213947889484,4.459683421921623,0.2275033316128737,2.18687981041521,0.43379316976217935,2.1704420834228895,0.9924834794696832,0.10792858639001796,3.1291171932278954,1.4308592444473605,0.2366279499739759,2.3649472617811407,2.3596676232691456,0.9977675449269766,0.9198083925124595,0.30491963801382393,0.3031782529214394,0.7459192699045157
4,4895,20,3.131415071947677,9.805760352821077,2.2829700040991905,1.029722666479157,1.0716213947889484,4.459683421921623,0.2275033316128737,4.154446168177564,0.8246579674099948,3.7672858158916105,0.9068081913657842,1.1336046392034564,7.877756657417689,1.8962230676522238,0.22404573455268553,4.468852513794885,4.7928297211002215,1.0724967329544333,0.7860253827308531,0.15437394757809444,0.15633174569338434,0.6377545510917177
4,4895,40,5.657319926643999,32.00526875240326,3.4659005377592496,1.029722666479157,1.0716213947889484,4.459683421921623,0.2275033316128737,6.916358320122857,1.4674821597184426,6.0345090376610315,0.8724980341321932,4.231438843160254,27.319723042312138,3.9500155685726313,0.24944246370499212,9.905794542852298,11.585170448073107,1.1695346999128495,0.5208821971768844,0.17236987197181824,0.16855616990609404,0.4859889719868225
4,4895,80,13.686086116186717,187.3089531796788,5.23275940958725,1.029722666479157,1.0716213947889484,4.459683421921623,0.2275033316128737,9.651447938320834,2.1582908411929966,8.500482994585072,0.8807469147540147,11.12360831414853,88.41130334700875,9.160418614079019,0.2347043463655778,18.64574426663622,31.141909426065318,1.670188595356267,0.2729595953249512,0.19594592132829222,0.2029965279782185,0.43677041693007307
4,4895,160,169.82719933291025,28841.277633260033,10.26956289115481,1.029722666479157,1.0716213947889484,4.459683421921623,0.2275033316128737,27.949090739986268,6.361304491018225,32.51661024140831,1.1634228298843143,46.68265453753387,701.7398754044086,25.107789084545846,0.2001901691941631,31.089555817478693,194.955457474712,6.2707701139013095,0.16678994608615197,0.18533090465719215,0.18551586046825969,0.36384841050246985
4,4954,1,1.0448745508243567,1.0917628269604012,0.08779366230503531,1.0270729978966262,1.0448745508243562,4.447483932043516,0.20200941731161667,0.20200941731161667,0.04367583252454309,0.20200941731161667,0.999999999999995,0.0,0.20200941731161667,0.999999999999995,0.20200941731161667,0.20200941731161667,0.20200941731161667,0.999999999999995,0.999999999999995,nan,nan,nan
4,4954,2,1.089903796278422,1.1878902851421158,0.17217886410171507,1.0270729978966262,1.0448745508243562,4.447483932043516,0.20200941731161667,0.40357947647431786,0.08680159453204822,0.40350887161234034,0.9998250533882562,0.00034480399588764354,0.41610304958395944,1.0310312437566123,0.2036499083148674,0.4072867069242986,0.4044032231149851,0.9929202604448114,0.9977884659381375,0.13203158395958964,0.13203158395958897,0.9445047584765339
4,4954,5,1.240354772480602,1.5384799616154061,0.4307948910707679,1.0270729978966262,1.0448745508243562,4.447483932043516,0.20200941731161667,1.005576993279368,0.21318765049702762,1.0044012265228723,0.9988307541199185,0.00977855737013973,1.143188923683244,1.136848725978801,0.20964193063344144,1.0478283636373773,1.0208005742978616,0.9742059002433434,0.9839348172523606,0.023193738125636958,0.02289699922225618,0.8691994026881112
4,4954,10,1.565243127731783,2.4499860489115752,0.8960823302186168,1.0270729978966262,1.0448745508243562,4.447483932043516,0.20200941731161667,1.9936879175128959,0.41848740723648387,2.0091491100636185,1.0077550716011807,0.10062618541240964,2.6757374407924233,1.3421044574169738,0.21865645406244144,2.1842767556361506,2.11367824716265,0.9676787713409783,0.9505463344577871,0.039827847816801557,0.040525554368428474,0.7777531691934144
4,4954,20,2.475644460908509,6.128815496826983,1.8130015007427607,1.0270729978966262,1.0448745508243562,4.447483932043516,0.20200941731161667,3.8163166555221735,0.8459472828978578,4.143987897908023,1.0858606011929621,0.9437170391763489,7.101368790373615,1.860791289448689,0.22696897763606477,4.534080334320167,4.787259202909177,1.0558390786931149,0.8656284780631379,0.2578395073691059,0.25923133284074923,0.6868486351535497
4,4954,40,3.492377823412841,12.196702861465813,2.501165657956237,1.0270729978966262,1.0448745508243562,4.447483932043516,0.20200941731161667,6.850029577272687,1.723234349587571,8.515219377161687,1.2430923518073316,5.085688338040746,19.516956395071137,2.8491784122838397,0.21495908080345544,8.544119157756523,11.226523439260157,1.3139474335477273,0.758491212638741,0.21748171200079114,0.22176610865331736,0.6045214497831478
4,4954,80,12.19717146537987,148.77099175587693,5.002408155517013,1.0270729978966262,1.0448745508243562,4.447483932043516,0.20200941731161667,8.849360216011611,2.0515010826152213,16.006407875983417,1.8087644174572282,14.389065073747188,78.81515080252836,8.90631061214165,0.18456345393207213,14.443354347015807,29.866695269573366,2.067850345009657,0.5359283218819965,0.19112223126471517,0.1969534888551041,0.4448040605768806
4,4954,160,111.53745230322447,12440.603266294074,9.428720859192458,1.0270729978966262,1.0448745508243562,4.447483932043516,0.20200941731161667,28.63976825423355,5.456563784064136,52.228801574874794,1.8236460962687537,59.32809345088704,493.96359590007125,17.24747182013434,0.18746004266160254,29.00679577644148,130.3819814289122,4.494877077557282,0.4005829716842534,0.1486997159577191,0.1420889911254277,0.34082792718871674
4,5013,1,1.0596587439161638,1.122876653557982,0.11589383317706504,1.036116976397385,1.0596587439161633,4.45894863638433,0.14558161945705422,0.1455816194570542,0.03916819431374233,0.1455816194570542,0.9999999999999931,0.0,0.1455816194570542,0.9999999999999931,0.1455816194570542,0.1455816194570542,0.1455816194570542,0.9999999999999931,0.9999999999999931,nan,nan,nan
4,5013,2,1.1217802059791873,1.2583908305267077,0.22983378612278638,1.036116976397385,1.0596587439161633,4.45894863638433,0.14558161945705422,0.2953520346646965,0.07917689732998014,0.29542806000889327,1.0002574058590186,0.00023104836688176572,0.30291119022672913,1.0255937141947007,0.14712092499006504,0.29422591035356377,0.2956656871218625,1.0048934397605145,0.9991962979699018,0.3617197589725544,0.3617197589725519,0.9530326781939326
4,5013,5,1.3202814425735028,1.7431430876039695,0.5556898558844506,1.036116976397385,1.0596587439161633,4.45894863638433,0.14558161945705422,0.7725360827033491,0.20389515735321415,0.7746627917436898,1.002752892826569,0.0073155681076803505,0.8502769885531111,1.1006307764651209,0.15145638226860014,0.7570176715323704,0.7795671589639817,1.0297872669021915,0.9937088586096795,0.3256710943230156,0.32513999344545547,0.8998233399026453
4,5013,10,1.6838822248780583,2.83545934726028,1.0422039513070211,1.036116976397385,1.0596587439161633,4.45894863638433,0.14558161945705422,1.6551207413636932,0.4205679971453135,1.6722696077684762,1.010361096913481,0.07190699147817392,2.028551266351859,1.225621319131368,0.1570009077389001,1.5687343923464403,1.7162216895790419,1.0940167423830085,0.974390207234039,0.15396234268678097,0.1542614068505905,0.8393537974631068
4,5013,20,2.724800430179764,7.424537384307826,2.00479037760399,1.036116976397385,1.0596587439161633,4.45894863638433,0.14558161945705422,3.444398856242214,0.8038432675713629,3.470919090815214,1.0076995248459502,0.6028049843703127,5.503674808549623,1.5978622216110145,0.1584499777732492,3.1667448279840427,3.844834223919995,1.2141282082294027,0.9027486982979575,0.34706301016865737,0.34959732061753984,0.7161057557335495
4,5013,40,5.033285604775429,25.333963979239556,3.232145945225724,1.036116976397385,1.0596587439161633,4.45894863638433,0.14558161945705422,4.718190506133786,1.0716313415558258,4.12568762163847,0.8744215851977477,2.8581359577309455,18.33862317471024,3.8867915890359845,0.14590804600845933,5.8075261834006495,8.023108858719947,1.3815019692295114,0.5142255569864852,0.1273017602104243,0.11965924223100627,0.5362132031975462
4,5013,80,14.366372528039996,206.3926596144223,5.329780469091385,1.036116976397385,1.0596587439161633,4.45894863638433,0.14558161945705422,6.045348472689635,1.1826425040892405,5.70030873909387,0.9429247569177341,7.042051952209017,61.70891840562701,10.20766936503366,0.15734866965668887,12.378524475362045,23.441630854387714,1.8937338534205301,0.24317031415188028,0.18810156155705868,0.17554452385368133,0.4473683353023767
4,5013,160,92.31247541226652,8521.59311674031,9.050358587876646,1.036116976397385,1.0596587439161633,4.45894863638433,0.14558161945705422,10.336913253071009,1.9912848107809096,22.326931057010256,2.1599224556109253,18.6331207012647,389.6624674420992,37.696211422334784,0.20930630361328062,32.340790915189494,102.99229611564846,3.1845942291805884,0.2167825351902019,0.16176919960398278,0.15986316858426158,0.332132532614835
4,5072,1,1.0539805100561825,1.1108749155782907,0.10514791708081184,1.0219448953463026,1.0539805100561828,4.456872315781667,0.1260213988973564,0.1260213988973564,0.02755194088899104,0.1260213988973564,0.9999999999999921,0.0,0.1260213988973564,0.9999999999999921,0.12602139889735636,0.1260213988973564,0.1260213988973564,0.9999999999999921,0.9999999999999921,nan,nan,nan
4,5072,2,1.1118787558473626,1.236274367704679,0.21210231474509944,1.0219448953463026,1.0539805100561828,4.456872315781667,0.1260213988973564,0.25476653144830474,0.05552217079256496,0.2547073676304288,0.9997677724089556,0.00020659198229335923,0.26138057950607874,1.0259612124880502,0.1272088298334792,0.25440667762961416,0.2550163979366089,1.0023966364117274,0.9987881943722774,0.4125973757533412,0.41259737575333794,0.9521473199997265
4,5072,5,1.3101801725784017,1.7165720846175705,0.5403293281503967,1.0219448953463026,1.0539805100561828,4.456872315781667,0.1260213988973564,0.6635055713536211,0.1432246824912396,0.6618387184070555,0.997487808665772,0.00597749926677497,0.7367534149792112,1.1103952201579192,0.13202910782505897,0.6597497229173264,0.667435349706965,1.011649306581976,0.9916147214822114,0.4619739663474797,0.462968019279651,0.885751239996815
4,5072,10,1.721153259944967,2.962368544219187,1.0859891322173814,1.0219448953463026,1.0539805100561828,4.456872315781667,0.1260213988973564,1.4114186782969027,0.2975564910611774,1.3869802848065935,0.9826852273771812,0.06054504701629,1.809633840008663,1.2821382257688891,0.1432867530372684,1.4272661158488922,1.4641351930629587,1.0258319571975105,0.9473034261986704,0.41364724749639536,0.41373773315130175,0.7949429533308153
4,5072,20,2.7203972360477064,7.400561121896001,2.0015558246186242,1.0219448953463026,1.0539805100561828,4.456872315781667,0.1260213988973564,2.7522281066985124,0.5412225317918273,2.626376367608811,0.9542727803762349,0.4038826381994454,5.590566521260679,2.031287489454116,0.18101940380812834,3.5368218169519725,3.4816090491694687,0.9843891576562127,0.7543570603469472,0.12665789393106194,0.12546509357593055,0.6105626466109099
4,5072,40,5.299436089388796,28.084022865516413,3.335200833337708,1.0219448953463026,1.0539805100561828,4.456872315781667,0.1260213988973564,5.535255718902688,1.0515895179794648,5.058315756812275,0.9138359659768416,2.057878458491801,20.218547637609905,3.652685379749364,0.22458586119332222,8.754759142798203,9.003894525326777,1.0284571372512876,0.5617919826341695,0.11737467735891222,0.13111119344045394,0.4773940515087563
4,5072,80,13.672172880904338,186.928311285336,5.230725181242044,1.0219448953463026,1.0539805100561828,4.456872315781667,0.1260213988973564,10.03211495504331,2.0116976216780516,9.114181349913295,0.9085004897528057,11.973395719366476,88.75933355392948,8.847519586017969,0.23167362461234586,18.254993579421402,28.270465765053267,1.5486428763755997,0.3223923307687365,0.20555525902475136,0.2088890422597437,0.412567804867109
4,5072,160,296.49762976353645,87910.84445539514,11.384078448707347,1.0219448953463026,1.0539805100561828,4.456872315781667,0.1260213988973564,27.374939485797555,6.515934397234136,24.23205128332024,0.8851910447470438,39.78873618806101,737.8866023335928,26.954821314451387,0.21561323118908343,33.56857706105587,117.48248446579295,3.499775526740711,0.20626097067581012,0.13442982830510847,0.12784118275755868,0.2873592290090389
4,5131,1,1.0584898523315895,1.1204007674889502,0.11368644941692545,1.0247463312522551,1.0584898523315898,4.45282099260382,0.2272453073322705,0.2272453073322706,0.04604182046447072,0.22724530733227058,0.9999999999999954,5.468975410105057e-16,0.22724530733227058,0.9999999999999954,0.22724530733227058,0.22724530733227058,0.22724530733227058,0.9999999999999956,0.9999999999999956,nan,nan,nan
4,5131,2,1.1194645453000762,1.2532008681839064,0.2257009728692843,1.0247463312522551,1.0584898523315898,4.45282099260382,0.2272453073322705,0.4566824173473572,0.09294916100915247,0.45662056717920385,0.9998645663467545,0.0006090664456745826,0.47287153907794083,1.0354494088575101,0.2299403919565508,0.4598495592317712,0.45723146263653647,0.9943066236714252,0.9986639251511455,0.06809843263121845,0.06809843263121815,0.9349055103377895
4,5131,5,1.3157242113801544,1.731130200411929,0.5487744902411782,1.0247463312522551,1.0584898523315898,4.45282099260382,0.2272453073322705,1.1610070044437353,0.23930816310820546,1.1615243050052844,1.0004455619643706,0.020640646138004447,1.3281769142660433,1.1439869950676151,0.23867434335817708,1.1926932906816057,1.171753014243142,0.982442865569825,0.99127059276697,0.17032463758152772,0.17245402624760475,0.8569691910853199
4,5131,10,1.6831055392990828,2.832844256419256,1.0412812445469726,1.0247463312522551,1.0584898523315898,4.45282099260382,0.2272453073322705,2.367611745845554,0.49324169814614205,2.4212125269883678,1.0226391768991965,0.1978029603058708,3.159026590396676,1.3342671558965762,0.24596141439710292,2.457813766190791,2.4975004192303905,1.0161471359569716,0.9694543025279925,0.43614366807483024,0.43949537411514084,0.7822504986182486
4,5131,20,2.7635869826149584,7.63741301047885,2.0330589346428463,1.0247463312522551,1.0584898523315898,4.45282099260382,0.2272453073322705,4.491637713672325,0.9045145497647326,5.004432802761632,1.1141666184537509,1.1779291259749463,7.925296448610129,1.7644558519236568,0.22994036337898055,4.5797645956031126,5.8280393943142235,1.2725630919784696,0.8586820479703526,0.5204356524731688,0.5296270252734319,0.7520363170135586
4,5131,40,5.784047243746696,33.45520251789375,3.5102073056582084,1.0247463312522551,1.0584898523315898,4.45282099260382,0.2272453073322705,7.957330504739896,1.5326717032843364,6.942244218205488,0.872433816098281,3.5981715358486848,23.212654748940178,2.917140960164119,0.2481726501910495,9.85768943390147,13.959573336667805,1.4161100763287984,0.4973106305455767,0.21744506030326397,0.2201229291500541,0.6119375808852692
4,5131,80,23.42590913704253,548.7732188969727,6.307685275834964,1.0247463312522551,1.0584898523315898,4.45282099260382,0.2272453073322705,13.404897243498114,3.132413629010373,12.637154877990184,0.9427267250496593,17.754122362580816,124.30132581644268,9.272829441250177,0.22020284749509889,17.329590025573356,33.983770473766214,1.9610256459394715,0.37185852840388745,0.097463104120682,0.10270356453802887,0.35800634858182684
4,5131,160,286.47738405043856,82069.29157238247,11.315319188594087,1.0247463312522551,1.0584898523315898,4.45282099260382,0.2272453073322705,28.442945416218397,6.6029524232032335,29.689843356613483,1.043838566018697,46.46103626738019,714.0101876514738,25.103243605858744,0.1802174162845791,27.55234497369281,135.9708591887645,4.935001333592132,0.21835445869615278,0.18422312606824998,0.17771214589347697,0.3015931748120806
4,5190,1,1.077242919927749,1.1604523085344625,0.14880985026917543,1.0421611128954733,1.077242919927749,4.4619529248131276,0.20492711960384044,0.20492711960384044,0.04166915548324372,0.20492711960384044,0.9999999999999951,0.0,0.20492711960384044,0.9999999999999951,0.20492711960384044,0.20492711960384044,0.20492711960384044,0.9999999999999951,0.9999999999999951,nan,nan,nan
4,5190,2,1.159758308050693,1.3450393330926063,0.29642325656123014,1.0421611128954733,1.077242919927749,4.4619529248131276,0.20492711960384044,0.41577433984551837,0.08486774484366028,0.41576787722809677,0.9999844564303199,0.0005408095280350135,0.4320198773795323,1.0390729681395177,0.2081250732624777,0.4162017463148979,0.4163330684387535,1.0003155251630185,0.9986424541947215,0.24488865273153793,0.24488865273153673,0.9289370489590374
4,5190,5,1.4370035800177519,2.064979288983835,0.7251201968149202,1.0421611128954733,1.077242919927749,4.4619529248131276,0.20492711960384044,1.0702147691606363,0.22162606749001004,1.0699104808704918,0.9997156754897111,0.017485950678020418,1.2447956462002447,1.1631269555142936,0.2146479016919159,1.072842055045904,1.079005081752895,1.0057445797151625,0.9915713085728665,0.21755667999337652,0.217133509568888,0.8416491722658825
4,5190,10,1.9710404042410623,3.8850002751507704,1.3571230546434874,1.0421611128954733,1.077242919927749,4.4619529248131276,0.20492711960384044,2.1384745654958435,0.4584723845129584,2.1396116665358718,1.0005317346572058,0.15518114985549658,2.9543731375494544,1.3815329792638562,0.21332296580212518,2.13224573674202,2.2051856721233793,1.0342080343388595,0.9702637259000658,0.16008156026442655,0.15995215085916784,0.747253539084077
4,5190,20,3.0522327151429223,9.316124547388736,2.2317467211243054,1.0421611128954733,1.077242919927749,4.4619529248131276,0.20492711960384044,3.801863585419462,0.8830029026660451,3.7131210592240182,0.9766581508774326,1.0431146045042727,7.095153462607003,1.8662304165298422,0.19283448214886592,3.8247853164206926,4.291923298577435,1.1221344320035975,0.865141523021797,0.055511827811042025,0.05576558524764179,0.6508321989025138
4,5190,40,7.268271652270815,52.827772811203516,3.9670370526347836,1.0421611128954733,1.077242919927749,4.4619529248131276,0.20492711960384044,6.108416861028628,1.4560858823381633,5.865029425085342,0.9601553984476591,4.005445026736463,16.09144340987053,2.634306691236656,0.16640075902754903,6.51896539606183,8.992691664695602,1.3794660837022044,0.6521995464506865,0.20063550008987505,0.19500507815565243,0.5856921857858811
4,5190,80,28.642615109697463,820.3994003222695,6.709791295240217,1.0421611128954733,1.077242919927749,4.4619529248131276,0.20492711960384044,10.269864397099626,2.5435528876700646,7.9327481799805515,0.7724296907192743,8.605797170951217,53.482250976531695,5.2076881357494775,0.1443027321941361,11.242065997856999,22.434483080191143,1.9955836484564025,0.35359620953267645,0.30817458466732445,0.29905576618220464,0.49079930430793717
4,5190,160,112.94554564688394,12756.696281472345,9.453811611264936,1.0421611128954733,1.077242919927749,4.4619529248131276,0.20492711960384044,13.822933060232513,3.0288881276895836,16.77860806960284,1.2138240123489832,22.604942831676922,324.9874338408635,23.510743517656657,0.13027935478345648,20.22113772533559,112.58712609489903,5.567793841482801,0.14902776766377576,0.23486331812875988,0.24942172173129473,0.3781237444558547
4,5249,1,1.0498719835618178,1.1022311818680257,0.09733647263843467,1.0203492116106108,1.049871983561819,4.456814050103055,0.12311669714989067,0.12311669714989074,0.02997664208296627,0.12311669714989074,0.9999999999999919,0.0,0.12311669714989074,0.9999999999999919,0.12311669714989074,0.12311669714989074,0.12311669714989074,0.9999999999999919,0.9999999999999919,nan,nan,nan
4,5249,2,1.1018605326350257,1.2140966333787426,0.19400028862822816,1.0203492116106108,1.049871983561819,4.456814050103055,0.12311669714989067,0.24451096581269344,0.059668919045071045,0.24455497022697986,1.0001799690829374,0.00022602107975271447,0.25219302808185884,1.0314180684847043,0.12306346032354004,0.24612689760704434,0.24477352365920335,0.9945013163494113,0.9991071198021859,0.3336145361961478,0.33361453619614506,0.9425658614300484
4,5249,5,1.2712378282404775,1.6160456159495658,0.4799821873920728,1.0203492116106108,1.049871983561819,4.456814050103055,0.12311669714989067,0.5960818165520942,0.1463890162033638,0.5969008379075278,1.0013740082865974,0.006141333662095194,0.6755706414394129,1.1333522054859908,0.12270749787777044,0.6135348528936683,0.6018004714452204,0.9808741404125538,0.9918583753749358,0.31737106420302674,0.3173867354089643,0.869588572210152
4,5249,10,1.6018186336109757,2.5658229349833332,0.942279259519216,1.0203492116106108,1.049871983561819,4.456814050103055,0.12311669714989067,1.1376509289050147,0.2816657150745721,1.1385283243855389,1.0007712343551352,0.0468245185066495,1.5160705324925816,1.332632439329868,0.1217863621811282,1.2178174046222423,1.1842493727848589,0.9724359072961377,0.9613923811571846,0.2252351514437389,0.2257825228736914,0.7737744315865519
4,5249,20,2.4912395720913745,6.206274605554015,1.8255608134446168,1.0203492116106108,1.049871983561819,4.456814050103055,0.12311669714989067,2.1642796561380226,0.5367139331014965,2.1615700064206727,0.9987480131277554,0.3784082630031644,4.199743688347017,1.9404810632656917,0.11983759399903249,2.396355248073724,2.5085953769090183,1.0468378504921239,0.8616654667856656,0.1384199183692179,0.13786574446810354,0.6189268203389361
4,5249,40,5.744520989201856,32.99952139538067,3.4964930581910254,1.0203492116106108,1.049871983561819,4.456814050103055,0.12311669714989067,3.971616802925778,0.926435934402115,4.6023591420929515,1.1588124863160318,3.4211022689740864,17.48024188814242,4.401291150562465,0.1302768615691865,5.187522771407181,6.350458677644916,1.2241794315868173,0.7247286181538855,0.058452560732506584,0.060437055389437035,0.4407705837646
4,5249,80,24.83442289821858,616.7485606875633,6.424461421701941,1.0203492116106108,1.049871983561819,4.456814050103055,0.12311669714989067,4.450230746602866,1.004072394573681,7.107586330253335,1.5971275951654844,6.351686699984837,50.61303035201919,11.37312495327466,0.11610095668603358,9.102207852713256,15.736813559796172,1.7289007034820913,0.45165346232553283,0.17918756937207497,0.17787959940315687,0.4363311726953581
4,5249,160,65.50177841015153,4290.482974892593,8.36415458714528,1.0203492116106108,1.049871983561819,4.456814050103055,0.12311669714989067,25.94423879445923,5.90979633034852,17.649746052740856,0.6802953901468951,27.87503243825229,229.6643628049764,8.852229761854666,0.12341219383143746,19.45359048328884,60.505186376703094,3.1102323465006982,0.2917063331208366,0.18969394903840406,0.19179797569188198,0.36336099338332356
4,5308,1,1.0521481074252959,1.107015639958632,0.10166778186394379,1.0161308744147273,1.0521481074252956,4.449990506854596,0.08687530574274269,0.08687530574274263,0.02052332778615557,0.08687530574274263,0.9999999999999885,0.0,0.08687530574274263,0.9999999999999885,0.08687530574274263,0.08687530574274263,0.08687530574274263,0.9999999999999885,0.9999999999999885,nan,nan,nan
4,5308,2,1.1056565877686337,1.2224764900761784,0.20087871116044062,1.0161308744147273,1.0521481074252956,4.449990506854596,0.08687530574274269,0.17146056053339406,0.040567579234090254,0.1714629118383606,1.0000137133866718,3.631411777173373e-05,0.17577265622285018,1.0251491986031112,0.08567467976295229,0.17133229335817823,0.17170993333323625,1.0022041377469193,0.9985614024181276,0.03922984785960499,0.03922984785960454,0.9555090276228448
4,5308,5,1.270696211609797,1.6146688621994902,0.47912989676550916,1.0161308744147273,1.0521481074252956,4.449990506854596,0.08687530574274269,0.4102788868675308,0.09729774980699929,0.4104200145144837,1.0003439797939138,0.001032482227400394,0.45269258881709995,1.103377734773036,0.08199433681101638,0.40959065076353685,0.4156918771427174,1.0148959122182255,0.9873178598906691,0.05423672532564705,0.053055710536978655,0.9052182938702495
4,5308,10,1.5406854580802345,2.373711680739902,0.8644548400924812,1.0161308744147273,1.0521481074252956,4.449990506854596,0.08687530574274269,0.7572137862342184,0.17860922989362443,0.7598162222592535,1.0034368576911106,0.009737201093107717,0.9524930803868565,1.2578918895861648,0.0770993482347815,0.768863720097317,0.811441093771922,1.0553770096854287,0.9363787810243931,0.2650711484356012,0.25629428757471334,0.853324131033069
4,5308,20,2.2122007059320024,4.89383196332605,1.5879756291890932,1.0161308744147273,1.0521481074252956,4.449990506854596,0.08687530574274269,1.3188766702616113,0.2990730527737428,1.3444674702503816,1.01940348219496,0.08524905223534206,2.589726736765603,1.9635852200281203,0.08417620246553592,1.6664603936197095,1.7883339401285905,1.0731331791475458,0.7517988895036609,0.17004393147477323,0.16220874927900014,0.6843350936057404
4,5308,40,4.534063717496567,20.557733794318786,3.0232372105001195,1.0161308744147273,1.0521481074252956,4.449990506854596,0.08687530574274269,1.9681202156529667,0.42663790787698386,2.0126144602602216,1.0226074831473095,0.5454110459030489,9.789894490914666,4.974236031444171,0.10029517704521025,3.9483948287848136,3.9983111634286983,1.0126421841807667,0.5033661408519117,0.11128597864718917,0.10993815080928594,0.445254276869816
4,5308,80,10.777859779290791,116.16226142205414,4.754988019052051,1.0161308744147273,1.0521481074252956,4.449990506854596,0.08687530574274269,5.789292057558438,1.2932258912240675,5.6360386662979405,0.9735281292191138,3.2525185117184128,33.18791345467871,5.732637622133594,0.11921550688390042,9.332552293492121,12.224204242680788,1.3098457804736978,0.46105566909784773,0.16525790534795706,0.16518870941343597,0.4233294467722981
4,5308,160,100.4976197793935,10099.771581323545,9.220268086863072,1.0161308744147273,1.0521481074252956,4.449990506854596,0.08687530574274269,8.841360791263405,1.9213372057492293,25.060475181074853,2.8344590581393727,22.18750150256836,263.434116705386,29.795652832728926,0.12778629230088961,20.107781577134208,63.67789037644713,3.1668282317557686,0.39355065051501925,0.1662501709136228,0.16364470106687845,0.32058329905451705
4,5367,1,1.0486429154926329,1.0996519642128892,0.09499373357039566,1.0159705964974317,1.0486429154926338,4.445067387958316,0.1367203754516601,0.13672037545165996,0.03384923311585449,0.13672037545165996,0.9999999999999927,0.0,0.13672037545165996,0.9999999999999927,0.13672037545165996,0.13672037545165996,0.13672037545165996,0.9999999999999927,0.9999999999999927,nan,nan,nan
4,5367,2,1.0988721213719714,1.2075199391285367,0.1885686191441052,1.0159705964974317,1.0486429154926338,4.445067387958316,0.1367203754516601,0.27446298806134517,0.06796199244111532,0.27440604535124313,0.9997925304591878,0.00017186443066797522,0.28306324768303076,1.031334861149884,0.13825460269241982,0.2764923657345305,0.27491565856192957,0.9942974657965211,0.998146292527122,0.13684753695833055,0.13684753695832955,0.9431396634454259
4,5367,5,1.2581807466996644,1.583018791365725,0.4593336515585038,1.0159705964974317,1.0486429154926338,4.445067387958316,0.1367203754516601,0.6898889409889432,0.16977878680478964,0.6884850779382891,0.9979650883392294,0.0049251068616337716,0.7827186329581426,1.134557443167778,0.14283934308483698,0.7138816113450742,0.6981762701861007,0.9780000760498888,0.9861192758023279,0.12682574369150648,0.1276324074504062,0.8681012253355925
4,5367,10,1.5422799524857826,2.378627451839548,0.8665236204197003,1.0159705964974317,1.0486429154926338,4.445067387958316,0.1367203754516601,1.3611442319737497,0.3260949567926992,1.3555098267728958,0.9958605377237026,0.04544676747102288,1.8255407697955959,1.3411809908994279,0.14853081930461623,1.483897167960121,1.424363508058485,0.9598801984483356,0.9516600355906034,0.1326145045595701,0.13602338257675478,0.767039675275328
4,5367,20,2.089947896930293,4.367882211883355,1.4742782719350904,1.0159705964974317,1.0486429154926338,4.445067387958316,0.1367203754516601,2.443947425057028,0.5486864583299891,2.454799083755953,1.0044402177345,0.394416836942158,4.746158009014554,1.9420049549158382,0.148794902597943,2.973994548297075,2.8865042791278355,0.9705815637021467,0.8504401332457666,0.1985194812066423,0.20039398624088745,0.6306165974561277
4,5367,40,3.0082607747863754,9.049632889118325,2.202724192150757,1.0159705964974317,1.0486429154926338,4.445067387958316,0.1367203754516601,3.5197410529294806,0.793157246370277,3.902286790478523,1.108685761763823,2.1440665841432773,12.925957830274298,3.6724172704455116,0.14254165673212857,5.684484254601488,6.261465189269987,1.101501017300108,0.6232226280145595,0.13138764186537502,0.12935698432636955,0.5465145202120626
4,5367,80,7.10143306355952,50.43035155621636,3.9205932072365814,1.0159705964974317,1.0486429154926338,4.445067387958316,0.1367203754516601,5.693621497011887,1.2351042234394136,7.688244756194892,1.3503259323138739,5.68295861748733,49.89568826259854,8.763436116851931,0.1421734971879202,11.317964467612779,17.891952257334374,1.5808454169063317,0.4297040728489135,0.12808205318924692,0.12160822504071665,0.43441313421582667
4,5367,160,32.45453260596493,1053.2966866716406,6.959680226173104,1.0159705964974317,1.0486429154926338,4.445067387958316,0.1367203754516601,12.411160450276203,2.6104077177001166,19.205194826411677,1.547413306221843,20.680579709367873,224.46702137526574,18.08590117536272,0.14941961151375285,23.522885768664608,68.9600063534915,2.931613367155604,0.2784975791325359,0.16661628177940926,0.16432383247360863,0.34454646937048056
4,5426,1,1.061343770562246,1.1264505993112854,0.11907162667628132,1.0283783168567722,1.0613437705622462,4.451026865405664,0.12179820875119533,0.12179820875119533,0.029444603583394686,0.12179820875119533,0.9999999999999918,0.0,0.12179820875119533,0.9999999999999918,0.12179820875119533,0.12179820875119533,0.12179820875119533,0.9999999999999918,0.9999999999999918,nan,nan,nan
4,5426,2,1.1261752467900048,1.2682706864825282,0.23765430837640758,1.0283783168567722,1.0613437705622462,4.451026865405664,0.12179820875119533,0.24336353544690353,0.05866597173180673,0.24338188269529823,1.00007539029362,0.0001655660644674818,0.2515460736413517,1.0336226961012094,0.12201644466467176,0.24403249969368848,0.24397497900542567,0.9997642908697161,0.9975690281333511,0.11953256510571468,0.11953256510571371,0.941450852521633
4,5426,5,1.3392624208666637,1.7936238319456366,0.584238060460707,1.0283783168567722,1.0613437705622462,4.451026865405664,0.12179820875119533,0.6168438814910476,0.14681102852810166,0.6173452641787336,1.0008128194227575,0.004346471565448198,0.7090280337503664,1.1494448676972984,0.1257950410160543,0.628654732231329,0.6291295515489115,1.0007552942708253,0.9812689018642249,0.16144501173886613,0.1617816471669561,0.8639945988753822
4,5426,10,1.736497075475581,3.015422093135246,1.103739818103515,1.0283783168567722,1.0613437705622462,4.451026865405664,0.12179820875119533,1.3088096426979914,0.3018819100536695,1.3187878025214481,1.0076238434512803,0.04501092253904422,1.7739356745085477,1.3553809634621425,0.13789323894262065,1.3728104259981662,1.3938277772772745,1.0153097258595087,0.9461626637242001,0.22895395456888798,0.23116517032839484,0.771076459642948
4,5426,20,2.668860490748166,7.122816319076542,1.963303197646534,1.0283783168567722,1.0613437705622462,4.451026865405664,0.12179820875119533,2.902680513006748,0.6316774667983346,3.0934562034645907,1.065723971206265,0.5329617084797961,5.021242507097084,1.7298639945378687,0.1515498489452419,3.013346566081975,3.4161362088017206,1.1336685422292667,0.9055424065042426,0.08518462638418767,0.07798141126514174,0.692336416079596
4,5426,40,6.9110328762626825,47.76237541678365,3.8662382043798473,1.0283783168567722,1.0613437705622462,4.451026865405664,0.12179820875119533,5.0162423584936064,1.0872519344630303,5.763700603642906,1.1490076020517006,2.7629911085082943,16.160854418291517,3.2217052652824116,0.1392934468706892,5.500492641103565,7.887391143857135,1.4339426772280317,0.7307486719651016,0.17950341615337226,0.169350307714737,0.5489606949764687
4,5426,80,37.99225899350547,1443.4117434295974,7.274764856554638,1.0283783168567722,1.0613437705622462,4.451026865405664,0.12179820875119533,9.850129287798682,2.084768342388564,7.244555203213992,0.7354781842496011,9.940098920310437,64.97993450937007,6.596861077738386,0.1574952187128012,12.31414808123056,20.33074231191288,1.6510068076005477,0.35633500695983034,0.18829748291800516,0.18496711213314682,0.39094692749280013
4,5426,160,260.51563324844716,67868.39516683943,11.125325743725584,1.0283783168567722,1.0613437705622462,4.451026865405664,0.12179820875119533,23.981964974590316,5.464238371831978,19.904999987864006,0.8299987098202342,26.738851147317895,274.6879406604731,11.453938030162,0.14649225805483065,22.967565433099452,82.78314856278186,3.6043501782509275,0.24044748639595734,0.16147971881711728,0.1646429105676969,0.4172491907583417
4,5485,1,1.0499792101655203,1.10245634177981,0.09754072826210188,1.037025934863484,1.04997921016552,4.451204414197429,0.2139397036087988,0.2139397036087989,0.044845908792280696,0.2139397036087989,0.9999999999999953,2.309724214262959e-16,0.2139397036087989,0.9999999999999953,0.2139397036087989,0.2139397036087989,0.2139397036087989,0.9999999999999953,0.9999999999999953,nan,nan,nan
4,5485,2,1.1016820118386634,1.213703255208885,0.19367622718053681,1.037025934863484,1.04997921016552,4.451204414197429,0.2139397036087988,0.43095459419595267,0.08980821113200259,0.4309184708201198,0.9999161782324162,0.0004944011348876232,0.4411425470224669,1.0236404321098405,0.21516871168994015,0.4303304432452178,0.43166260826359826,1.0030956792374095,0.9982761132670889,0.15345976189124727,0.15345976189124658,0.9578204114613179
4,5485,5,1.2722626196529891,1.6186521733662864,0.4815938111978605,1.037025934863484,1.04997921016552,4.451204414197429,0.2139397036087988,1.0826047084719066,0.22235569077991696,1.0815662966868556,0.9990408209229776,0.01208569957462369,1.1982978973141098,1.1068655880921696,0.21604584376966088,1.0802082892606453,1.0960324543643445,1.0146491794786439,0.9868013418581845,0.22954606687034382,0.22972252077455604,0.8980541825805006
4,5485,10,1.6310477406318924,2.660316732220401,0.9784451879683771,1.037025934863484,1.04997921016552,4.451204414197429,0.2139397036087988,2.051705403798652,0.41914923222451206,2.049124363778157,0.9987420026209819,0.07413193190682064,2.640878444802135,1.2871625916238516,0.20766020690960835,2.0736242153129423,2.1629570807926934,1.043080547005605,0.9473717171619424,0.2091090988339218,0.20993475535501033,0.8179446806613869
4,5485,20,2.687956526987917,7.225110290976945,1.9775624990691045,1.037025934863484,1.04997921016552,4.451204414197429,0.2139397036087988,3.0617354241553225,0.6469846925124121,3.126557835013251,1.02117178719837,0.4840024396110994,6.5258777489651685,2.131430984362582,0.1772599094484227,3.4613234136498523,3.8806461460365496,1.1211452043842773,0.8056797031614238,0.18696156459855218,0.19262817752610206,0.635659151402137
4,5485,40,5.854897474668756,34.27982443888258,3.534556972330309,1.037025934863484,1.04997921016552,4.451204414197429,0.2139397036087988,4.403539682264012,0.9192587397724337,4.880697382316321,1.1083577609108737,2.025323170464408,17.68302650750977,4.015639186523309,0.16193822835488023,6.328008006755838,7.7848160661364,1.2302159001419182,0.6269508927188576,0.13640199188103347,0.1423110432284986,0.49100713972560867
4,5485,80,15.560550250754147,242.13072410624497,5.489477762567981,1.037025934863484,1.04997921016552,4.451204414197429,0.2139397036087988,9.737388843272177,2.347509727071126,9.44298549658666,0.9697656783123199,8.417617951027967,55.17808095268252,5.666619854747459,0.15008649545958055,11.810881582002951,21.504979550141353,1.8207768320114188,0.43910692751738006,0.2173515746287444,0.20936181642365376,0.4777463349387887
4,5485,160,189.41032567290327,35876.271471515276,10.487831394148591,1.037025934863484,1.04997921016552,4.451204414197429,0.2139397036087988,29.151531974972453,6.558234632014559,16.933383173357644,0.5808745553371092,29.946775432118898,247.35762340011405,8.485235822682618,0.13808279758193756,21.67308084167651,78.28277548787874,3.6119818894111235,0.21631045996803727,0.17502538225362904,0.17874225300777952,0.3852627659618046
4,5544,1,1.0551543855515761,1.1133507773487241,0.1073741864750503,1.0218073107967638,1.0551543855515753,4.443684165757698,0.134462750162428,0.13446275016242806,0.031175848174376585,0.13446275016242806,0.9999999999999926,0.0,0.13446275016242806,0.9999999999999926,0.13446275016242806,0.13446275016242806,0.13446275016242806,0.9999999999999926,0.9999999999999926,nan,nan,nan
4,5544,2,1.1120662649258182,1.23669137758606,0.21243956962711924,1.0218073107967638,1.0551543855515753,4.443684165757698,0.134462750162428,0.2659999965130946,0.06196591169884797,0.265994993901499,0.99998119318924,0.00021449289253379575,0.2746042920009635,1.032346975942326,0.13368891298489,0.2673733205807338,0.26659249849969635,0.9970796559681327,0.9977587343921493,0.26168159560856113,0.2616815956085592,0.9434569618767941
4,5544,5,1.2913299548719022,1.667533052349469,0.5113453201101303,1.0218073107967638,1.0551543855515753,4.443684165757698,0.134462750162428,0.6469273818023165,0.15264333847004255,0.6464339907578557,0.9992373316413239,0.005715001628855222,0.7319719464378762,1.1314592132406385,0.13211466574039712,0.6605346331763707,0.6588272987642914,0.9974152234775788,0.9811888365438381,0.3275538610296689,0.3275934372413047,0.8815571319290916
4,5544,10,1.6054827317190785,2.577574801848155,0.9468489575734824,1.0218073107967638,1.0551543855515753,4.443684165757698,0.134462750162428,1.2541413561939778,0.3004204012009936,1.2453793369918469,0.9930135314022953,0.04518193740442983,1.6301548537059,1.299817477236404,0.13177184328082792,1.3176670339277943,1.3442575032624462,1.0201799609840645,0.9264440287440256,0.3801082290022784,0.38018894326097247,0.8185234266962388
4,5544,20,2.2820546365697463,5.207773364289476,1.6501523871178845,1.0218073107967638,1.0551543855515753,4.443684165757698,0.134462750162428,2.3595658777199695,0.5690308886807017,2.2805097989272087,0.9664954983714407,0.33764647676685583,3.869345703473081,1.6398549156898297,0.13162546741908077,2.6324304580097735,2.900814576498955,1.101952975689276,0.7861618654990338,0.29857808579385825,0.2988438659912987,0.7608123456157833
4,5544,40,5.313841182613838,28.23690811404283,3.3406299205843646,1.0218073107967638,1.0551543855515753,4.443684165757698,0.134462750162428,3.8474976769266616,0.8837351376966187,3.4227974515536603,0.8896165089533601,1.3889587325076342,10.82527550740254,2.8135885753281724,0.12617604935039387,5.005929679789149,6.098725810768165,1.2183003359777607,0.5612315683237022,0.11078694328430935,0.11568462861613893,0.6152170553233866
4,5544,80,20.576617072738017,423.3971701580936,6.048310675065046,1.0218073107967638,1.0551543855515753,4.443684165757698,0.134462750162428,7.291246593982377,1.7578855539761102,6.440712698075738,0.8833486311368753,4.967495757428164,36.700538297473656,5.033506660954712,0.12042622848379103,9.552826256673743,15.222059376062207,1.5934613450577364,0.4231170394857496,0.14094578007181377,0.13999553093974196,0.4645154571511312
4,5544,160,449.3258352937466,201893.7062624231,12.215496631266383,1.0218073107967638,1.0551543855515753,4.443684165757698,0.134462750162428,18.156284911356973,3.4996177399427815,31.59260542287586,1.7400368840386673,35.279080083911445,301.23813572807205,16.5913972598901,0.14055880732835174,21.969233085066552,89.71956864286919,4.083873492327573,0.3521261403811576,0.23775849224863974,0.23932459650099847,0.37312090235665224
4,5603,1,1.0580505652921188,1.1194709987149722,0.11285625115164197,1.033305118875168,1.0580505652921184,4.4500965091031865,0.10749442888187345,0.10749442888187345,0.02495873266103275,0.10749442888187345,0.9999999999999907,0.0,0.10749442888187345,0.9999999999999907,0.10749442888187345,0.10749442888187345,0.10749442888187345,0.9999999999999907,0.9999999999999907,nan,nan,nan
4,5603,2,1.1196291789877957,1.2535694984408854,0.22599508059015425,1.033305118875168,1.0580505652921184,4.4500965091031865,0.10749442888187345,0.21568585796106743,0.05025812584737108,0.2156827074839206,0.999985393214105,0.00013552559017129603,0.22352867144701316,1.0363622054783044,0.10864005166125135,0.21726814800115343,0.2161837815442541,0.9950090868501601,0.9976821847746616,0.1779218363593275,0.17792183635932585,0.9354323503947494
4,5603,5,1.323958868875494,1.7528670864740774,0.5612527824565136,1.033305118875168,1.0580505652921184,4.4500965091031865,0.10749442888187345,0.5438228854672116,0.12800745288229462,0.5437202277212976,0.999811229448671,0.003915850605979188,0.6288841936367138,1.1564136237047522,0.11249900449172344,0.5622073774224018,0.5528107451704315,0.9832861811684991,0.9835558235281184,0.10077918480301837,0.09973964424726392,0.8533638825569133
4,5603,10,1.7122646291026695,2.9318501600761024,1.0756336776967057,1.033305118875168,1.0580505652921184,4.4500965091031865,0.10749442888187345,1.0957138000558195,0.2613735952017009,1.0929573450101047,0.9974843293517198,0.032903624288061414,1.5000754384374007,1.3690394684825362,0.11795957316187285,1.1780157465623884,1.1580697025126727,0.9830681006532196,0.9437750962992173,0.07869633103253731,0.07963030657953954,0.7599272346970847
4,5603,20,2.485257481839307,6.176504751038253,1.8207525372064899,1.033305118875168,1.0580505652921184,4.4500965091031865,0.10749442888187345,2.12380753420789,0.5120575763878153,2.0927900729283686,0.9853953520834972,0.23179666679047717,4.159869350844018,1.9586847131114968,0.12346672344459211,2.4652383648832243,2.5768509380210878,1.0452745562975811,0.812150226483625,0.10777164773331427,0.10718895810473862,0.6371629157112167
4,5603,40,4.083418085925168,16.674303264460764,2.8138688076880096,1.033305118875168,1.0580505652921184,4.4500965091031865,0.10749442888187345,3.265701555688712,0.7412642652467553,3.7089444291249745,1.1357266932932533,1.708663614781285,13.545288540505844,4.147742318005308,0.1344587882665515,5.35056149299986,6.8853825885678,1.286852342053436,0.5386693304861737,0.20005282605968805,0.1964146731983387,0.5447266509445332
4,5603,80,7.905622552978821,62.49886795016737,4.135148443780995,1.033305118875168,1.0580505652921184,4.4500965091031865,0.10749442888187345,4.648666331246394,1.1096611335980238,7.9711015664574605,1.7147071866352381,6.250389765227486,58.14911223414379,12.508773073965264,0.1363778109364855,10.866094128536638,23.555671362703535,2.1678140354813795,0.3383941575563992,0.22450360568447258,0.22410130452152097,0.4703013597187644
4,5603,160,94.5206345045579,8934.150347144223,9.0976363304188,1.033305118875168,1.0580505652921184,4.4500965091031865,0.10749442888187345,7.9322728851468955,1.7057252762416557,40.955587441971865,5.163159164463543,38.470006329745814,384.9296212537314,48.527027098942646,0.15129649324997077,23.775424783774593,109.73979003885911,4.615681571912458,0.3732063586732706,0.17927726764450472,0.17685912743283227,0.31793649129015683
4,5662,1,1.0612639013087375,1.1262810682210418,0.1189211151058115,1.0295593969174797,1.061263901308739,4.450639299474953,0.13693501403211925,0.13693501403211922,0.03075881993014763,0.13693501403211922,0.9999999999999927,0.0,0.13693501403211922,0.9999999999999927,0.13693501403211922,0.13693501403211922,0.13693501403211922,0.9999999999999927,0.9999999999999927,nan,nan,nan
4,5662,2,1.125995959578917,1.2678669009880463,0.23733588283049992,1.0295593969174797,1.061263901308739,4.450639299474953,0.13693501403211925,0.2751075577377263,0.06210140777058385,0.2751248739340357,1.0000629433682258,0.00015344407821374012,0.2824223603036454,1.0265888826394645,0.1370072320865826,0.27401442612626536,0.27536716274549755,1.0049367350411247,0.9991201245310182,0.24814575874736938,0.24814575874736758,0.9514582740679074
4,5662,5,1.339914803392142,1.7953716803494024,0.5852120647669024,1.0295593969174797,1.061263901308739,4.450639299474953,0.13693501403211925,0.6934704782177573,0.15919051819924832,0.6940825890266288,1.0008826775300423,0.004631348495743979,0.7735758014870215,1.115513674749553,0.1369169118143705,0.6845839872018542,0.6985597789499207,1.0204150140951875,0.993590827788535,0.19373456836660216,0.1937348256865905,0.8854332045125752
4,5662,10,1.7506560549630177,3.0647966227786765,1.119981212465127,1.0295593969174797,1.061263901308739,4.450639299474953,0.13693501403211925,1.380537739535068,0.32627232364180914,1.3875943684243413,1.0051115074127916,0.04421612901900818,1.7848883154193749,1.2928935329362898,0.1357934728130754,1.3578623919750534,1.4234479754829052,1.0483006112367943,0.9748121408888148,0.11372701753902373,0.11383385210950572,0.7962894403842894
4,5662,20,2.6919575701053913,7.246635559247722,1.980537300363632,1.0295593969174797,1.061263901308739,4.450639299474953,0.13693501403211925,2.559256031921968,0.6135731423626009,2.6191604824904777,1.0234069783645372,0.3646630768466044,4.351350694691917,1.7002404763012742,0.13132961848929606,2.624661753128625,2.997329560734183,1.1419869844795556,0.8738313319970477,0.0647780083071213,0.06325930627123273,0.7223147155861968
4,5662,40,3.7745857432337084,14.247497533023168,2.6565812795754438,1.0295593969174797,1.061263901308739,4.450639299474953,0.13693501403211925,4.181196591827338,0.816125529961148,4.645367089002121,1.1110137940134315,1.8773760647755378,15.964126994002498,3.81807615198155,0.16603892891154096,6.468853859946417,9.007166150699973,1.392389802847483,0.5157412455016293,0.25846302823753925,0.24267446420649993,0.573220630466748
4,5662,80,7.8623401239741675,61.81639222505413,4.124168575652148,1.0295593969174797,1.061263901308739,4.450639299474953,0.13693501403211925,6.30167836671439,1.429540563993021,8.958056507524939,1.421535023882145,5.936274804977247,69.92996248287587,11.097037711770172,0.16471955453022172,12.895574977335764,20.983711824362658,1.6272024986277818,0.42690523881119985,0.1255914846972488,0.1183439534940278,0.4066649243156702
4,5662,160,42.70478004879355,1823.6982390158357,7.508621717811658,1.0295593969174797,1.061263901308739,4.450639299474953,0.13693501403211925,7.385944434424201,1.732942141931461,22.896378985803135,3.09999339814802,24.7716258352056,341.1969236038394,46.19543602489052,0.15756907195264327,24.80225003847086,80.62217540674197,3.25059925134569,0.2839960453844122,0.17457942545021674,0.17180542425073403,0.32387859410407216
4,5721,1,1.0509370437388894,1.1044686699026363,0.09936437761119479,1.0193066568680895,1.0509370437388896,4.454622092555448,0.14948443083935767,0.14948443083935775,0.03196992356737432,0.14948443083935775,0.9999999999999933,0.0,0.14948443083935775,0.9999999999999933,0.14948443083935775,0.14948443083935775,0.14948443083935775,0.9999999999999933,0.9999999999999933,nan,nan,nan
4,5721,2,1.103276595601235,1.2172192464014508,0.19656895094446644,1.0193066568680895,1.0509370437388896,4.454622092555448,0.14948443083935767,0.29536980873967084,0.06383031401418435,0.2953703839798785,1.000001947525406,0.00017982006305631277,0.30372309017635707,1.0282807558170155,0.1480883703516637,0.29616345389124576,0.2958243402653601,0.9988549781499672,0.9984654532312137,0.11384316025824767,0.11384316025824692,0.9497036083207356
4,5721,5,1.2658162625395815,1.6022908105096747,0.4714343618281292,1.0193066568680895,1.0509370437388896,4.454622092555448,0.14948443083935767,0.7134892245746615,0.15847533154714277,0.7131924854742677,0.9995841014970175,0.00543058791313042,0.8002345218834355,1.1215789872096318,0.14475769182016365,0.7236239477192135,0.7226627604853503,0.9986717033938778,0.98689530507325,0.1817075106765283,0.18109491241701792,0.8858317058100726
4,5721,10,1.5369853218582727,2.362323879607778,0.8596458292927291,1.0193066568680895,1.0509370437388896,4.454622092555448,0.14948443083935767,1.361525365685281,0.3110116466324217,1.3555818520568341,0.9956346655168951,0.04980386220765148,1.7672306458552824,1.2979784955866767,0.14152129856697226,1.414654960099555,1.4351419133666858,1.014481943544515,0.9445629309764819,0.27389777263804393,0.27254760549731505,0.8090930302090305
4,5721,20,2.0243393914025876,4.097949971584199,1.4104868417344294,1.0193066568680895,1.0509370437388896,4.454622092555448,0.14948443083935767,2.5228379419053466,0.573899196370775,2.4565376532186516,0.9737199573601532,0.2979617058688194,4.317800901972302,1.7114856369693439,0.13701035309622642,2.7377201958975332,3.011452651425415,1.0999855485370889,0.8157317871346556,0.23657832826201347,0.23622645752320495,0.7182664253139831
4,5721,40,3.791533272272566,14.375724554749914,2.6655409892218747,1.0193066568680895,1.0509370437388896,4.454622092555448,0.14948443083935767,4.191645961255199,0.9029670811466679,4.38944479278836,1.0471888211364895,1.888430794541315,14.944877387579885,3.565395915046365,0.13392298976964123,5.350328123571691,6.896639077113359,1.2890123592101121,0.6364614334183188,0.20086910593300272,0.20036540603785766,0.49781392827445203
4,5721,80,9.048219220998847,81.87027107125299,4.405135934379003,1.0193066568680895,1.0509370437388896,4.454622092555448,0.14948443083935767,6.464439704986806,1.3554990304517727,5.328223055972176,0.8242358656175369,7.217182389068572,51.928685894371206,8.032975519024843,0.14729321724394748,11.688678912747257,16.64444784835547,1.4239802438412115,0.3201201448384858,0.12034758844102424,0.12333159384793191,0.38296558561907074
4,5721,160,32.68610407991811,1068.3813999232393,6.973900071802382,1.0193066568680895,1.0509370437388896,4.454622092555448,0.14948443083935767,7.8440540612782,1.5490580435860672,23.496209670383006,2.995416590302574,24.525509228931643,196.80925037710898,25.09024655358362,0.14158782536577025,22.478787037379394,67.42740679402758,2.9996016547469524,0.3484667553975129,0.24107198769955154,0.24020037786011136,0.369174181614448
4,5780,1,1.05439852608835,1.1117562518172848,0.1059409737949576,1.023148807334305,1.054398526088352,4.444248032732531,0.15287685984337473,0.15287685984337473,0.03407617673459844,0.15287685984337465,0.9999999999999929,3.554447978966673e-16,0.15287685984337465,0.9999999999999929,0.15287685984337465,0.15287685984337465,0.15287685984337465,0.9999999999999934,0.9999999999999934,nan,nan,nan
4,5780,2,1.1116029572267752,1.2356611345153117,0.21160615843244757,1.023148807334305,1.054398526088352,4.444248032732531,0.15287685984337473,0.30736694159066164,0.0686891229259234,0.30729292016836324,0.9997591757203416,0.0003665338359883236,0.3167759942184808,1.030611791167668,0.15422911018136595,0.30844646670506537,0.3075380000804856,0.9970547024438784,0.9992030906357614,0.1479903806602744,0.14799038066027342,0.9426946147143087
4,5780,5,1.3017953618368439,1.6946711640999192,0.5274887185304304,1.023148807334305,1.054398526088352,4.444248032732531,0.15287685984337473,0.7858857558538779,0.17648429064778534,0.7831103218775926,0.9964684002024304,0.013209992786080224,0.8808383409814635,1.1208223770698287,0.1584623994914418,0.7920646842988559,0.7881140761112868,0.9950122657077344,0.9936509772057558,0.16531557013064085,0.16549942187239686,0.872752780050166
4,5780,10,1.6851637924827634,2.83977700749489,1.043725530602662,1.023148807334305,1.054398526088352,4.444248032732531,0.15287685984337473,1.6464440722807112,0.3675218950492108,1.6112982006125172,0.9786534676398028,0.1463940175495647,2.072431771212451,1.2587319582265832,0.1653512281852049,1.6517115581081283,1.6569135082479716,1.0031494301255603,0.9724697110571032,0.1517873209872088,0.15118675085264852,0.7893520283467279
4,5780,20,2.6494124263097634,7.019386204684587,1.9486757789849214,1.023148807334305,1.054398526088352,4.444248032732531,0.15287685984337473,3.441223974499738,0.725644991494501,3.1257690903556212,0.9083306153619436,1.0655672060223005,5.177548807975127,1.5045660632210962,0.17442826890586274,3.482151927447447,3.5728475215043334,1.0260458463463336,0.874867755072718,0.17617412811141045,0.17397238959541136,0.6913216233481877
4,5780,40,4.860076192676428,23.620340598620203,3.1621082305898986,1.023148807334305,1.054398526088352,4.444248032732531,0.15287685984337473,5.0932541403167315,1.1655698276528572,5.118647258015778,1.0049856372761847,3.5631317579637583,17.562074081485736,3.448104806408425,0.16295950207516083,6.474226414689761,8.228908723836568,1.2710257869829054,0.6220323289270011,0.2753101742462426,0.26526326692323454,0.5284315075182842
4,5780,80,10.73669618882303,115.27664505108699,4.747334848657498,1.023148807334305,1.054398526088352,4.444248032732531,0.15287685984337473,8.367622174394379,1.8968380260662157,8.282078392328149,0.989776811107939,8.909515747854973,44.89316296543173,5.365103972166494,0.1464174677157313,11.565649644074893,18.922756395360544,1.6361170342951474,0.43767822294423964,0.23870532097007438,0.23586835436992395,0.47182078248788184
4,5780,160,139.07706930551595,19342.431206611287,9.870056469824874,1.023148807334305,1.054398526088352,4.444248032732531,0.15287685984337473,37.659818333330364,9.260860522808139,23.541576221649304,0.6251112528818048,47.41747375553278,260.05383911289556,6.905339712771213,0.15099934001324036,23.879183186457215,70.41241655213463,2.9486945178287405,0.3343384217500715,0.14106009239222214,0.13758290587197564,0.30986412908354016
4,5839,1,1.0480795040633861,1.0984706468377534,0.09391889135465492,1.0145507779880445,1.0480795040633863,4.451526051223053,0.1208701723565819,0.12087017235658187,0.03188046571587918,0.12087017235658186,0.9999999999999917,5.495323605393213e-16,0.12087017235658186,0.9999999999999917,0.12087017235658189,0.12087017235658186,0.12087017235658186,0.9999999999999918,0.9999999999999918,nan,nan,nan
4,5839,2,1.0973883718481467,1.2042612386675264,0.18586629898830048,1.0145507779880445,1.0480795040633863,4.451526051223053,0.1208701723565819,0.2368853169294314,0.06237939105136865,0.23694382311372134,1.000246981049933,0.00014549728191724502,0.24476817294897923,1.0332770984783963,0.11950735845921491,0.2389989956229158,0.23724890835783985,0.9926774283694557,0.9987140710310062,0.16049807471612654,0.1604980747161252,0.9406245798799312
4,5839,5,1.2536557646150939,1.5716527761526558,0.452127789299351,1.0145507779880445,1.0480795040633863,4.451526051223053,0.1208701723565819,0.5622171211039465,0.14665377454029366,0.5641208709198715,1.0033861469963523,0.004421643877462458,0.6399967241770762,1.1383444227390367,0.11600977250903612,0.5798207507158493,0.5703614452001167,0.9836858106508691,0.9890585621928625,0.3141069711765636,0.3137109705087893,0.8719827283299664
4,5839,10,1.554000434179372,2.4149173494296767,0.8816650626802439,1.0145507779880445,1.0480795040633863,4.451526051223053,0.1208701723565819,1.0738882324722252,0.2719139735434467,1.0925693337434248,1.017395759359605,0.042175258045057604,1.4435066330133173,1.3441870293058178,0.11346797535931911,1.1341460885711174,1.1432292334698608,1.0080087962126518,0.955687015129348,0.35453397713425616,0.3553578604646598,0.7874074695401894
4,5839,20,2.3220395065923465,5.391867470175628,1.6848917943345751,1.0145507779880445,1.0480795040633863,4.451526051223053,0.1208701723565819,2.171870745852147,0.49811889972946327,2.290017447608619,1.0543985879372004,0.31019782106562294,4.078314871711512,1.8777889427813799,0.1183283945103855,2.362968792053617,2.6119081454740054,1.1053502501842347,0.8767603300203457,0.24177971453667624,0.2372914711633684,0.6559041867437264
4,5839,40,3.924815970698767,15.404180403852104,2.734638927377988,1.0145507779880445,1.0480795040633863,4.451526051223053,0.1208701723565819,3.707748218275482,0.727135134503388,4.153456457280622,1.120209952986625,1.476167216594459,14.711285513723665,3.967714269596778,0.1276504384205232,5.086458380416782,6.764839329441468,1.3299704477061227,0.6139771035217694,0.2277199390206534,0.22690327905311114,0.4955399654011796
4,5839,80,7.027500888375775,49.3857687361223,3.8996623004254793,1.0145507779880445,1.0480795040633863,4.451526051223053,0.1208701723565819,5.266945511933343,1.0715738515327844,5.59438680314775,1.0621691055038487,2.724648319283213,40.26889426225982,7.645587783473817,0.14482360238063086,11.41159321906245,16.587329428367973,1.4535507102250835,0.3372686861563213,0.17584170650734568,0.16299808342413172,0.4355682300560596
4,5839,160,94.33428158262089,8898.956681709207,9.09368932207439,1.0145507779880445,1.0480795040633863,4.451526051223053,0.1208701723565819,11.027686386508341,2.0999524061081307,19.551395641695994,1.7729372196887876,18.324888100775787,307.0395888591156,27.84261159573404,0.14724825208108344,23.028971129134348,69.05749986791936,2.998722760156381,0.2831176292088528,0.17180683241907063,0.17864472727342554,0.3202608231637314
